game_name,game_link
Super Mario Odyssey,https://opencritic.com/game/4504/super-mario-odyssey
Baldur's Gate 3,https://opencritic.com/game/9136/baldurs-gate-3
The Legend of Zelda: Breath of the Wild,https://opencritic.com/game/1548/the-legend-of-zelda-breath-of-the-wild
Red Dead Redemption 2,https://opencritic.com/game/3717/red-dead-redemption-2
The Legend of Zelda: Tears of the Kingdom,https://opencritic.com/game/14343/the-legend-of-zelda-tears-of-the-kingdom
Grand Theft Auto IV,https://opencritic.com/game/16209/grand-theft-auto-iv
Elden Ring,https://opencritic.com/game/12090/elden-ring
Astro Bot,https://opencritic.com/game/17118/astro-bot
The Legend of Zelda: Tears of the Kingdom Nintendo Switch 2 Edition,https://opencritic.com/game/19282/the-legend-of-zelda-tears-of-the-kingdom-nintendo-switch-2-edition
The Last of Us Remastered,https://opencritic.com/game/234/the-last-of-us-remastered
God of War,https://opencritic.com/game/5434/god-of-war
Hades II,https://opencritic.com/game/16683/hades-ii
Persona 5 Royal,https://opencritic.com/game/8785/persona-5-royal
Metroid Prime Remastered,https://opencritic.com/game/14280/metroid-prime-remastered
Persona 5,https://opencritic.com/game/1537/persona-5
Hades,https://opencritic.com/game/10181/hades
Elden Ring: Shadow of the Erdtree,https://opencritic.com/game/16525/elden-ring-shadow-of-the-erdtree
Divinity: Original Sin 2,https://opencritic.com/game/3828/divinity-original-sin-2
Journey,https://opencritic.com/game/1436/journey
The House in Fata Morgana,https://opencritic.com/game/2847/the-house-in-fata-morgana
Dead Cells: The Queen & the Sea,https://opencritic.com/game/12550/dead-cells-the-queen-the-sea
Undertale,https://opencritic.com/game/1907/undertale
Super Mario 3D World,https://opencritic.com/game/753/super-mario-3d-world
Half-Life: Alyx,https://opencritic.com/game/8996/half-life-alyx
Uncharted 4: A Thief's End,https://opencritic.com/game/1538/uncharted-4-a-thiefs-end
Metaphor: ReFantazio,https://opencritic.com/game/17289/metaphor-refantazio
The Witcher 3: Wild Hunt,https://opencritic.com/game/463/the-witcher-3-wild-hunt
Final Fantasy XIV: Endwalker,https://opencritic.com/game/11626/final-fantasy-xiv-endwalker
The Last of Us Part II,https://opencritic.com/game/8351/the-last-of-us-part-ii
Vampire Survivors: Ode to Castlevania,https://opencritic.com/game/17574/vampire-survivors-ode-to-castlevania
Metal Gear Solid V: The Phantom Pain,https://opencritic.com/game/1887/metal-gear-solid-v-the-phantom-pain
The Witcher 3: Wild Hunt - Blood and Wine,https://opencritic.com/game/2704/the-witcher-3-wild-hunt-blood-and-wine
Grand Theft Auto V,https://opencritic.com/game/163/grand-theft-auto-v
Clair Obscur: Expedition 33,https://opencritic.com/game/18026/clair-obscur-expedition-33
Tsukihime -A piece of blue glass moon-,https://opencritic.com/game/16918/tsukihime-a-piece-of-blue-glass-moon-
God of War Ragnarök,https://opencritic.com/game/12919/god-of-war-ragnar-k
Resident Evil 2,https://opencritic.com/game/6848/resident-evil-2
Demon's Souls (2020),https://opencritic.com/game/10255/demons-souls-2020-
Super Smash Bros. Ultimate,https://opencritic.com/game/6223/super-smash-bros-ultimate
Schrödinger's Call,https://opencritic.com/game/20596/schr-dingers-call
Super Smash Bros. for Wii U,https://opencritic.com/game/724/super-smash-bros-for-wii-u
Resident Evil 4 (2023),https://opencritic.com/game/14200/resident-evil-4-2023-
Forza Horizon 4,https://opencritic.com/game/1573/forza-horizon-4
Dragon Quest XI S: Echoes of an Elusive Age - Definitive Edition,https://opencritic.com/game/8342/dragon-quest-xi-s-echoes-of-an-elusive-age-definitive-edition
Forza Horizon 5,https://opencritic.com/game/11624/forza-horizon-5
Disco Elysium,https://opencritic.com/game/8419/disco-elysium
Microsoft Flight Simulator,https://opencritic.com/game/9793/microsoft-flight-simulator
Portal: Companion Collection,https://opencritic.com/game/13325/portal-companion-collection
Balatro,https://opencritic.com/game/16300/balatro
Shadow of the Colossus,https://opencritic.com/game/5118/shadow-of-the-colossus
NieR: Automata Become as Gods Edition,https://opencritic.com/game/6310/nier-automata-become-as-gods-edition
Divinity: Original Sin 2 - Definitive Edition,https://opencritic.com/game/6529/divinity-original-sin-2-definitive-edition
Celeste,https://opencritic.com/game/5403/celeste
Mario Kart 8 Deluxe,https://opencritic.com/game/4061/mario-kart-8-deluxe
Mina the Hollower,https://opencritic.com/game/19213/mina-the-hollower
The Séance of Blake Manor,https://opencritic.com/game/19582/the-s-ance-of-blake-manor
Street Fighter 6,https://opencritic.com/game/14352/street-fighter-6
Donkey Kong Bananza,https://opencritic.com/game/18340/donkey-kong-bananza
NieR: Automata Game of the YoRHa Edition,https://opencritic.com/game/7334/nier-automata-game-of-the-yorha-edition
Pizza Tower,https://opencritic.com/game/14233/pizza-tower
Final Fantasy VII Rebirth,https://opencritic.com/game/15136/final-fantasy-vii-rebirth
Asgard's Wrath 2,https://opencritic.com/game/15979/asgards-wrath-2
Inside,https://opencritic.com/game/2848/inside
Hollow Knight: Silksong,https://opencritic.com/game/7425/hollow-knight-silksong
Destiny 2: The Final Shape,https://opencritic.com/game/16054/destiny-2-the-final-shape
Satisfactory,https://opencritic.com/game/17273/satisfactory
Bloodborne,https://opencritic.com/game/76/bloodborne
Forza Horizon 3,https://opencritic.com/game/2842/forza-horizon-3
Dota 2,https://opencritic.com/game/9753/dota-2
Bayonetta 2,https://opencritic.com/game/1462/bayonetta-2
Forza Horizon 6,https://opencritic.com/game/19996/forza-horizon-6
Sektori,https://opencritic.com/game/19693/sektori
Split Fiction,https://opencritic.com/game/18192/split-fiction
Super Mario Bros. Wonder,https://opencritic.com/game/15123/super-mario-bros-wonder
Fate/Stay Night Remastered,https://opencritic.com/game/17177/fate-stay-night-remastered
Ori and the Will of the Wisps,https://opencritic.com/game/7403/ori-and-the-will-of-the-wisps
Overwatch,https://opencritic.com/game/1673/overwatch
The Stanley Parable: Ultra Deluxe,https://opencritic.com/game/13083/the-stanley-parable-ultra-deluxe
UFO 50,https://opencritic.com/game/17307/ufo-50
Xenoblade Chronicles 3: Future Redeemed,https://opencritic.com/game/14872/xenoblade-chronicles-3-future-redeemed
Rayman Legends,https://opencritic.com/game/288/rayman-legends
Trails in the Sky 1st Chapter,https://opencritic.com/game/19302/trails-in-the-sky-1st-chapter
Stardew Valley,https://opencritic.com/game/2242/stardew-valley
Tekken 8,https://opencritic.com/game/15734/tekken-8
Tents and Trees,https://opencritic.com/game/14434/tents-and-trees
Slay the Princess,https://opencritic.com/game/15687/slay-the-princess
The Crimson Diamond,https://opencritic.com/game/17169/the-crimson-diamond
Öoo,https://opencritic.com/game/19080/-oo
Lost and Found Co.,https://opencritic.com/game/19984/lost-and-found-co-
The Legend of Zelda: A Link Between Worlds,https://opencritic.com/game/2405/the-legend-of-zelda-a-link-between-worlds
Ori and the Blind Forest,https://opencritic.com/game/829/ori-and-the-blind-forest
1000xRESIST,https://opencritic.com/game/16723/1000xresist
Crusader Kings III,https://opencritic.com/game/9593/crusader-kings-iii
Dreams,https://opencritic.com/game/8786/dreams
Caves of Qud,https://opencritic.com/game/17907/caves-of-qud
Animal Crossing: New Horizons,https://opencritic.com/game/7409/animal-crossing-new-horizons
Final Fantasy XIV: Shadowbringers,https://opencritic.com/game/7836/final-fantasy-xiv-shadowbringers
Dwarf Fortress,https://opencritic.com/game/14083/dwarf-fortress
Sekiro: Shadows Die Twice,https://opencritic.com/game/6630/sekiro-shadows-die-twice
Minecraft,https://opencritic.com/game/194/minecraft
Monster Hunter World: Iceborne,https://opencritic.com/game/7898/monster-hunter-world-iceborne
Like A Dragon: Infinite Wealth,https://opencritic.com/game/15906/like-a-dragon-infinite-wealth
The Legend of Zelda: Majora's Mask 3D,https://opencritic.com/game/2284/the-legend-of-zelda-majoras-mask-3d
Dark Souls III,https://opencritic.com/game/1520/dark-souls-iii
Monster Hunter World,https://opencritic.com/game/4903/monster-hunter-world
Castlevania Dominus Collection,https://opencritic.com/game/17221/castlevania-dominus-collection
Tetris Effect,https://opencritic.com/game/6863/tetris-effect
Dave the Diver,https://opencritic.com/game/15151/dave-the-diver
Death Stranding 2: On the Beach,https://opencritic.com/game/18226/death-stranding-2-on-the-beach
Mark of the Ninja: Remastered,https://opencritic.com/game/6731/mark-of-the-ninja-remastered
Hollow Knight,https://opencritic.com/game/4002/hollow-knight
Paradigm,https://opencritic.com/game/4173/paradigm
Monster Hunter Wilds,https://opencritic.com/game/17483/monster-hunter-wilds
Pokémon Pokopia,https://opencritic.com/game/19667/pok-mon-pokopia
Nier: Automata,https://opencritic.com/game/3540/nier-automata
Path of the Midnight Sun,https://opencritic.com/game/14188/path-of-the-midnight-sun
The Talos Principle 2: Road to Elysium,https://opencritic.com/game/16982/the-talos-principle-2-road-to-elysium
Super Mario 3D World + Bowser's Fury,https://opencritic.com/game/10643/super-mario-3d-world-bowsers-fury
Horizon Zero Dawn,https://opencritic.com/game/2862/horizon-zero-dawn
Diablo III: Ultimate Evil Edition,https://opencritic.com/game/224/diablo-iii-ultimate-evil-edition
Neon White,https://opencritic.com/game/13251/neon-white
Blue Prince,https://opencritic.com/game/18352/blue-prince
Cobalt Core,https://opencritic.com/game/15820/cobalt-core
Rogue Legacy 2,https://opencritic.com/game/13069/rogue-legacy-2
Slay The Spire,https://opencritic.com/game/7207/slay-the-spire
Return of the Obra Dinn,https://opencritic.com/game/1726/return-of-the-obra-dinn
The Witcher 3: Wild Hunt - Hearts of Stone,https://opencritic.com/game/1827/the-witcher-3-wild-hunt-hearts-of-stone
Pillars of Eternity,https://opencritic.com/game/496/pillars-of-eternity
Resident Evil Requiem,https://opencritic.com/game/18716/resident-evil-requiem
Sid Meier's Civilization VI,https://opencritic.com/game/2719/sid-meiers-civilization-vi
Bustafellows,https://opencritic.com/game/11693/bustafellows
Against The Storm,https://opencritic.com/game/13940/against-the-storm
The Talos Principle 2,https://opencritic.com/game/15695/the-talos-principle-2
Animal Well,https://opencritic.com/game/16663/animal-well
Kentucky Route Zero,https://opencritic.com/game/3014/kentucky-route-zero
Doom Eternal,https://opencritic.com/game/7410/doom-eternal
Tetris Effect: Connected,https://opencritic.com/game/10254/tetris-effect-connected
Quake II,https://opencritic.com/game/15352/quake-ii
NORCO,https://opencritic.com/game/12947/norco
Kingdom Come: Deliverance II,https://opencritic.com/game/17486/kingdom-come-deliverance-ii
Hearthstone: Murder at Castle Nathria,https://opencritic.com/game/13539/hearthstone-murder-at-castle-nathria
HYPER DEMON,https://opencritic.com/game/13711/hyper-demon
Ugly,https://opencritic.com/game/15494/ugly
News Tower,https://opencritic.com/game/16802/news-tower
Disco Elysium: The Final Cut,https://opencritic.com/game/11148/disco-elysium-the-final-cut
Dead Space (2023),https://opencritic.com/game/13897/dead-space-2023-
Tony Hawk's Pro Skater 1 + 2,https://opencritic.com/game/9440/tony-hawks-pro-skater-1-2
Slay the Princess - The Pristine Cut,https://opencritic.com/game/17510/slay-the-princess-the-pristine-cut
Shovel Knight,https://opencritic.com/game/33/shovel-knight
Keep Driving,https://opencritic.com/game/18083/keep-driving
Deltarune Chapters 3 & 4,https://opencritic.com/game/18695/deltarune-chapters-3-4
Bayonetta 1+2,https://opencritic.com/game/5509/bayonetta-1-2
The Last of Us Part II Remastered,https://opencritic.com/game/15907/the-last-of-us-part-ii-remastered
Mario Kart 8 DLC Pack 2,https://opencritic.com/game/1059/mario-kart-8-dlc-pack-2
Lone Echo,https://opencritic.com/game/4630/lone-echo
Tales from the Borderlands: Episode Five - The Vault of the Traveler,https://opencritic.com/game/1947/tales-from-the-borderlands-episode-five-the-vault-of-the-traveler
DUSK,https://opencritic.com/game/4927/dusk
Alan Wake 2,https://opencritic.com/game/15022/alan-wake-2
Freshly Frosted,https://opencritic.com/game/13232/freshly-frosted
Rhythm Doctor,https://opencritic.com/game/19848/rhythm-doctor
Dead Cells,https://opencritic.com/game/6386/dead-cells
Shovel Knight: Treasure Trove,https://opencritic.com/game/4034/shovel-knight-treasure-trove
Guacamelee! Super Turbo Championship Edition,https://opencritic.com/game/241/guacamelee-super-turbo-championship-edition
Cyberpunk 2077: Phantom Liberty,https://opencritic.com/game/15196/cyberpunk-2077-phantom-liberty
Mission: It's Complicated,https://opencritic.com/game/9050/mission-its-complicated
Swarm,https://opencritic.com/game/11193/swarm
Warstride Challenges,https://opencritic.com/game/15467/warstride-challenges
Spiritfall,https://opencritic.com/game/16340/spiritfall
Horizon Forbidden West Complete Edition,https://opencritic.com/game/16493/horizon-forbidden-west-complete-edition
Hermit and Pig,https://opencritic.com/game/20039/hermit-and-pig
Pillars of Eternity II: Deadfire,https://opencritic.com/game/5765/pillars-of-eternity-ii-deadfire
Astro Bot Rescue Mission,https://opencritic.com/game/6684/astro-bot-rescue-mission
Shin Megami Tensei V: Vengeance,https://opencritic.com/game/16834/shin-megami-tensei-v-vengeance
Hi-Fi Rush,https://opencritic.com/game/14227/hi-fi-rush
Mortal Kombat 11 Ultimate,https://opencritic.com/game/10557/mortal-kombat-11-ultimate
Sea of Stars,https://opencritic.com/game/15003/sea-of-stars
Xenoblade Chronicles: Definitive Edition,https://opencritic.com/game/9261/xenoblade-chronicles-definitive-edition
Braid: Anniversary Edition,https://opencritic.com/game/16708/braid-anniversary-edition
Arco,https://opencritic.com/game/17136/arco
Chained Echoes,https://opencritic.com/game/14102/chained-echoes
Super Mario Maker,https://opencritic.com/game/1521/super-mario-maker
Fire Emblem: Three Houses,https://opencritic.com/game/7401/fire-emblem-three-houses
Psychonauts 2,https://opencritic.com/game/7404/psychonauts-2
Radiant Silvergun,https://opencritic.com/game/13670/radiant-silvergun
World of Warcraft: Legion,https://opencritic.com/game/2859/world-of-warcraft-legion
Stephen's Sausage Roll,https://opencritic.com/game/2549/stephens-sausage-roll
Until You Fall,https://opencritic.com/game/10266/until-you-fall
Shujinkou,https://opencritic.com/game/18105/shujinkou
Mewgenics,https://opencritic.com/game/20055/mewgenics
Psychonauts,https://opencritic.com/game/11382/psychonauts
Forza Motorsport 6,https://opencritic.com/game/1525/forza-motorsport-6
Solium Infernum,https://opencritic.com/game/16336/solium-infernum
Sonic Mania Plus,https://opencritic.com/game/6017/sonic-mania-plus
Odin Sphere Leifthrasir,https://opencritic.com/game/1643/odin-sphere-leifthrasir
Ori and the Blind Forest: Definitive Edition,https://opencritic.com/game/1658/ori-and-the-blind-forest-definitive-edition
What Remains of Edith Finch,https://opencritic.com/game/4132/what-remains-of-edith-finch
Grapple Dogs: Cosmic Canines,https://opencritic.com/game/17285/grapple-dogs-cosmic-canines
TowerFall,https://opencritic.com/game/6657/towerfall
Pipistrello and the Cursed Yoyo,https://opencritic.com/game/18270/pipistrello-and-the-cursed-yoyo
Esoteric Ebb,https://opencritic.com/game/20180/esoteric-ebb
Paper Mario: The Thousand-Year Door,https://opencritic.com/game/15500/paper-mario-the-thousand-year-door
Gotta Protectors,https://opencritic.com/game/3338/gotta-protectors
Land of the Vikings,https://opencritic.com/game/13998/land-of-the-vikings
I Expect You To Die 3: Cog in the Machine,https://opencritic.com/game/15372/i-expect-you-to-die-3-cog-in-the-machine
God of War Ragnarok: Valhalla,https://opencritic.com/game/15981/god-of-war-ragnarok-valhalla
Timemelters,https://opencritic.com/game/16465/timemelters
Athenian Rhapsody,https://opencritic.com/game/16715/athenian-rhapsody
"Warhammer 40,000: Rogue Trader - Void Shadows",https://opencritic.com/game/17452/warhammer-40-000-rogue-trader-void-shadows
Ikaruga,https://opencritic.com/game/6133/ikaruga
Ratchet & Clank: Rift Apart,https://opencritic.com/game/10994/ratchet-clank-rift-apart
Path of Exile 2,https://opencritic.com/game/17827/path-of-exile-2
Dragon Quest XI: Echoes of an Elusive Age,https://opencritic.com/game/6213/dragon-quest-xi-echoes-of-an-elusive-age
Cuphead: The Delicious Last Course,https://opencritic.com/game/13323/cuphead-the-delicious-last-course
Into The Breach,https://opencritic.com/game/5606/into-the-breach
Final Fantasy VII Remake,https://opencritic.com/game/8586/final-fantasy-vii-remake
Monster Train 2,https://opencritic.com/game/18503/monster-train-2
Mario Kart 8,https://opencritic.com/game/1064/mario-kart-8
The Talos Principle: Reawakened,https://opencritic.com/game/18380/the-talos-principle-reawakened
Devil May Cry 5,https://opencritic.com/game/6629/devil-may-cry-5
Immortality,https://opencritic.com/game/13590/immortality
Horizon Forbidden West,https://opencritic.com/game/12361/horizon-forbidden-west
Xenoblade Chronicles 3,https://opencritic.com/game/13148/xenoblade-chronicles-3
XCOM 2: War of the Chosen,https://opencritic.com/game/4495/xcom-2-war-of-the-chosen
Diablo IV,https://opencritic.com/game/14353/diablo-iv
Super Mario Maker 2,https://opencritic.com/game/7760/super-mario-maker-2
Persona 4 Golden,https://opencritic.com/game/9636/persona-4-golden
Hollow Knight: Voidheart Edition,https://opencritic.com/game/6664/hollow-knight-voidheart-edition
Dark Souls II,https://opencritic.com/game/532/dark-souls-ii
Super TIME Force Ultra,https://opencritic.com/game/958/super-time-force-ultra
Out of the Park Baseball 15,https://opencritic.com/game/1238/out-of-the-park-baseball-15
Just Shapes & Beats,https://opencritic.com/game/6188/just-shapes-beats
Jimmy and the Pulsating Mass,https://opencritic.com/game/6479/jimmy-and-the-pulsating-mass
Asgard's Wrath,https://opencritic.com/game/8410/asgards-wrath
Street Fighter 6: Years 1-2 Fighters Edition,https://opencritic.com/game/18681/street-fighter-6-years-1-2-fighters-edition
Death's Door,https://opencritic.com/game/11687/deaths-door
007 First Light,https://opencritic.com/game/19224/007-first-light
Overcooked! All You Can Eat,https://opencritic.com/game/10515/overcooked-all-you-can-eat
Unicorn Overlord,https://opencritic.com/game/16408/unicorn-overlord
Marvel's Spider-Man,https://opencritic.com/game/6012/marvels-spider-man
Sid Meier's Civilization VI - Console Edition,https://opencritic.com/game/6941/sid-meiers-civilization-vi-console-edition
Synth Riders,https://opencritic.com/game/8545/synth-riders
Devil May Cry 5: Special Edition,https://opencritic.com/game/10497/devil-may-cry-5-special-edition
Overboard!,https://opencritic.com/game/11497/overboard-
The Binding of Isaac: Afterbirth,https://opencritic.com/game/1983/the-binding-of-isaac-afterbirth
Cuphead,https://opencritic.com/game/1792/cuphead
Owlboy,https://opencritic.com/game/3270/owlboy
Legends of Runeterra,https://opencritic.com/game/9263/legends-of-runeterra
Pistol Whip,https://opencritic.com/game/8550/pistol-whip
Destiny 2: The Witch Queen,https://opencritic.com/game/12451/destiny-2-the-witch-queen
Nier: Automata - The End of YoRHa Edition,https://opencritic.com/game/13841/nier-automata-the-end-of-yorha-edition
Forza Horizon 2,https://opencritic.com/game/485/forza-horizon-2
Vampire Survivors,https://opencritic.com/game/12685/vampire-survivors
Rez Infinite,https://opencritic.com/game/3379/rez-infinite
Vernal Edge,https://opencritic.com/game/14467/vernal-edge
StarVaders,https://opencritic.com/game/18471/starvaders
Battle Suit Aces,https://opencritic.com/game/19418/battle-suit-aces
Final Fantasy Tactics - The Ivalice Chronicles,https://opencritic.com/game/19362/final-fantasy-tactics-the-ivalice-chronicles
The Legend of Zelda: Breath of the Wild Nintendo Switch 2 Edition,https://opencritic.com/game/19281/the-legend-of-zelda-breath-of-the-wild-nintendo-switch-2-edition
Rivals of Aether,https://opencritic.com/game/1684/rivals-of-aether
Dark Deity 2,https://opencritic.com/game/18280/dark-deity-2
SteamWorld Dig 2,https://opencritic.com/game/4823/steamworld-dig-2
Dragon Age: Inquisition,https://opencritic.com/game/156/dragon-age-inquisition
Turbo Overkill,https://opencritic.com/game/13051/turbo-overkill
Nioh,https://opencritic.com/game/3539/nioh
Bastion,https://opencritic.com/game/48/bastion
Pikmin 4,https://opencritic.com/game/14514/pikmin-4
Chicory: A Colorful Tale,https://opencritic.com/game/11524/chicory-a-colorful-tale
Out of the Park Baseball 16,https://opencritic.com/game/2159/out-of-the-park-baseball-16
Robo Recall,https://opencritic.com/game/4006/robo-recall
Jack Jeanne,https://opencritic.com/game/15043/jack-jeanne
Cross Blitz,https://opencritic.com/game/16152/cross-blitz
Cave Story+,https://opencritic.com/game/4442/cave-story-
Spelunky 2,https://opencritic.com/game/10111/spelunky-2
The Case of the Golden Idol,https://opencritic.com/game/13826/the-case-of-the-golden-idol
Walkabout Mini Golf,https://opencritic.com/game/10414/walkabout-mini-golf
Spin Rhythm XD,https://opencritic.com/game/14481/spin-rhythm-xd
Marvel's Spider-Man 2,https://opencritic.com/game/15052/marvels-spider-man-2
Deathloop,https://opencritic.com/game/10993/deathloop
It Takes Two,https://opencritic.com/game/10974/it-takes-two
MULLET MADJACK,https://opencritic.com/game/16689/mullet-madjack
Fez,https://opencritic.com/game/276/fez
NBA 2K17,https://opencritic.com/game/3127/nba-2k17
TRI: Of Friendship and Madness,https://opencritic.com/game/943/tri-of-friendship-and-madness
Divinity: Original Sin - Enhanced Edition,https://opencritic.com/game/1534/divinity-original-sin-enhanced-edition
Final Fantasy XIV: Stormblood,https://opencritic.com/game/3939/final-fantasy-xiv-stormblood
Hyper Light Drifter - Special Edition,https://opencritic.com/game/6546/hyper-light-drifter-special-edition
Cthulhu Saves Christmas,https://opencritic.com/game/8763/cthulhu-saves-christmas
Moving Out: Movers in Paradise,https://opencritic.com/game/11030/moving-out-movers-in-paradise
Two Point Campus: Space Academy,https://opencritic.com/game/14070/two-point-campus-space-academy
Dawnfolk,https://opencritic.com/game/18221/dawnfolk
TetherGeist,https://opencritic.com/game/20541/tethergeist
F1 2020,https://opencritic.com/game/9487/f1-2020
Lorelei and the Laser Eyes,https://opencritic.com/game/16721/lorelei-and-the-laser-eyes
There Is No Game: Wrong Dimension,https://opencritic.com/game/9946/there-is-no-game-wrong-dimension
Red Matter 2,https://opencritic.com/game/13561/red-matter-2
Return to Monkey Island,https://opencritic.com/game/13681/return-to-monkey-island
Monster Hunter Rise,https://opencritic.com/game/10841/monster-hunter-rise
Shinobi: Art of Vengeance,https://opencritic.com/game/18112/shinobi-art-of-vengeance
Uncharted: Legacy of Thieves Collection,https://opencritic.com/game/12559/uncharted-legacy-of-thieves-collection
Patrick's Parabox,https://opencritic.com/game/12940/patricks-parabox
Persona 3 Reload,https://opencritic.com/game/16094/persona-3-reload
Metroid Dread,https://opencritic.com/game/11621/metroid-dread
The BIT.TRIP,https://opencritic.com/game/2084/the-bit-trip
Videoverse,https://opencritic.com/game/15333/videoverse
Sea of Stars: Throes of the Watchmaker,https://opencritic.com/game/18581/sea-of-stars-throes-of-the-watchmaker
Schrödinger's Cat Burglar,https://opencritic.com/game/20651/schr-dingers-cat-burglar
Injustice 2,https://opencritic.com/game/3716/injustice-2
Dragon's Dogma 2,https://opencritic.com/game/16051/dragons-dogma-2
ARC Raiders,https://opencritic.com/game/19023/arc-raiders
Mass Effect Legendary Edition,https://opencritic.com/game/11290/mass-effect-legendary-edition
flower,https://opencritic.com/game/312/flower
Diablo III: Eternal Collection,https://opencritic.com/game/6757/diablo-iii-eternal-collection
Citizen Sleeper 2: Starward Vector,https://opencritic.com/game/18052/citizen-sleeper-2-starward-vector
Ghost of Yotei,https://opencritic.com/game/18449/ghost-of-yotei
Out of the Park Baseball 17,https://opencritic.com/game/2476/out-of-the-park-baseball-17
Okami HD,https://opencritic.com/game/5112/okami-hd
Cocoon,https://opencritic.com/game/15580/cocoon
Steins;Gate,https://opencritic.com/game/3335/steins-gate
SteamWorld Heist: Ultimate Edition,https://opencritic.com/game/5345/steamworld-heist-ultimate-edition
Street Fighter V: Arcade Edition,https://opencritic.com/game/5407/street-fighter-v-arcade-edition
Final Fantasy XVI,https://opencritic.com/game/14516/final-fantasy-xvi
Gran Turismo 7,https://opencritic.com/game/12715/gran-turismo-7
Crypt of the NecroDancer,https://opencritic.com/game/897/crypt-of-the-necrodancer
Mario Kart 8 DLC Pack 1,https://opencritic.com/game/1061/mario-kart-8-dlc-pack-1
Marvel's Spider-Man: Remastered,https://opencritic.com/game/10528/marvels-spider-man-remastered
Super Mario Galaxy + Super Mario Galaxy 2,https://opencritic.com/game/19299/super-mario-galaxy-super-mario-galaxy-2
Quake,https://opencritic.com/game/11847/quake
Dispatch,https://opencritic.com/game/19505/dispatch
Opus: Prism Peak,https://opencritic.com/game/20251/opus-prism-peak
Ghost of Tsushima Director's Cut,https://opencritic.com/game/11839/ghost-of-tsushima-directors-cut
Tales from the Borderlands - Season One,https://opencritic.com/game/1993/tales-from-the-borderlands-season-one
Minecraft: Nintendo Switch Edition,https://opencritic.com/game/4316/minecraft-nintendo-switch-edition
Hearthstone: Heroes of Warcraft,https://opencritic.com/game/1298/hearthstone-heroes-of-warcraft
Astral Chain,https://opencritic.com/game/7870/astral-chain
Dead Cells: Return to Castlevania,https://opencritic.com/game/14387/dead-cells-return-to-castlevania
The Nioh Collection,https://opencritic.com/game/10642/the-nioh-collection
Battlefield 1,https://opencritic.com/game/2835/battlefield-1
Sonic Mania,https://opencritic.com/game/4493/sonic-mania
StarCraft II: Legacy of the Void,https://opencritic.com/game/1828/starcraft-ii-legacy-of-the-void
Toki Tori,https://opencritic.com/game/5814/toki-tori
Rolling Gunner,https://opencritic.com/game/7922/rolling-gunner
Euro Truck Simulator 2 - Road to the Black Sea,https://opencritic.com/game/8753/euro-truck-simulator-2-road-to-the-black-sea
Not For Broadcast,https://opencritic.com/game/12628/not-for-broadcast
Astrea: Six-Sided Oracles,https://opencritic.com/game/15523/astrea-six-sided-oracles
Sword of the Sea,https://opencritic.com/game/19001/sword-of-the-sea
Silent Hill 2,https://opencritic.com/game/16791/silent-hill-2
Titanfall 2,https://opencritic.com/game/2834/titanfall-2
Halo: The Master Chief Collection,https://opencritic.com/game/838/halo-the-master-chief-collection
XCOM 2,https://opencritic.com/game/1776/xcom-2
Diablo III: Reaper of Souls,https://opencritic.com/game/536/diablo-iii-reaper-of-souls
Dishonored 2,https://opencritic.com/game/2843/dishonored-2
Shogun Showdown,https://opencritic.com/game/17254/shogun-showdown
A Short Hike,https://opencritic.com/game/8025/a-short-hike
Simogo Legacy Collection,https://opencritic.com/game/19795/simogo-legacy-collection
Neva,https://opencritic.com/game/17456/neva
Homeworld Remastered Collection,https://opencritic.com/game/1398/homeworld-remastered-collection
Unavowed,https://opencritic.com/game/6439/unavowed
Doom,https://opencritic.com/game/8142/doom
I Was a Teenage Exocolonist,https://opencritic.com/game/13592/i-was-a-teenage-exocolonist
Fallout 4,https://opencritic.com/game/1508/fallout-4
The Legend of Zelda: Link's Awakening,https://opencritic.com/game/7871/the-legend-of-zelda-links-awakening
Griftlands,https://opencritic.com/game/9678/griftlands
Doki Doki Literature Club Plus!,https://opencritic.com/game/11608/doki-doki-literature-club-plus-
Europa Universalis V,https://opencritic.com/game/19179/europa-universalis-v
Amid Evil,https://opencritic.com/game/7923/amid-evil
Ni no Kuni 2: Revenant Kingdom,https://opencritic.com/game/5039/ni-no-kuni-2-revenant-kingdom
Tales of Arise,https://opencritic.com/game/11930/tales-of-arise
Prince of Persia: The Lost Crown,https://opencritic.com/game/15867/prince-of-persia-the-lost-crown
Mixtape,https://opencritic.com/game/20188/mixtape
The Binding of Isaac: Rebirth,https://opencritic.com/game/171/the-binding-of-isaac-rebirth
Pokémon Sun and Moon,https://opencritic.com/game/2852/pok-mon-sun-and-moon
OlliOlli World: VOID Riders,https://opencritic.com/game/13246/olliolli-world-void-riders
Mario Kart World,https://opencritic.com/game/18333/mario-kart-world
Xenoblade Chronicles X: Definitive Edition,https://opencritic.com/game/17762/xenoblade-chronicles-x-definitive-edition
The Talos Principle,https://opencritic.com/game/613/the-talos-principle
Wolfenstein 2: The New Colossus,https://opencritic.com/game/4490/wolfenstein-2-the-new-colossus
The Legend of Heroes: Trails in the Sky,https://opencritic.com/game/522/the-legend-of-heroes-trails-in-the-sky
Company of Heroes 2: The British Forces,https://opencritic.com/game/1645/company-of-heroes-2-the-british-forces
Hearthstone: The Grand Tournament,https://opencritic.com/game/1876/hearthstone-the-grand-tournament
Steve Jackson's Sorcery! - The Complete Collection,https://opencritic.com/game/3866/steve-jacksons-sorcery-the-complete-collection
Go! Go! Kokopolo 3D,https://opencritic.com/game/4241/go-go-kokopolo-3d
Doki Doki Literature Club,https://opencritic.com/game/5068/doki-doki-literature-club
Far From Noise,https://opencritic.com/game/5170/far-from-noise
DJMAX RESPECT,https://opencritic.com/game/5443/djmax-respect
American Truck Simulator - Oregon,https://opencritic.com/game/6724/american-truck-simulator-oregon
Euro Truck Simulator 2 - Beyond the Baltic Sea,https://opencritic.com/game/6970/euro-truck-simulator-2-beyond-the-baltic-sea
Doom II,https://opencritic.com/game/8060/doom-ii
Retro Bowl,https://opencritic.com/game/12714/retro-bowl
Piofiore: Episodio 1926,https://opencritic.com/game/13700/piofiore-episodio-1926
Aces & Adventures,https://opencritic.com/game/14339/aces-adventures
Not for Broadcast VR,https://opencritic.com/game/14499/not-for-broadcast-vr
Vampire Survivors: Operation Guns,https://opencritic.com/game/16688/vampire-survivors-operation-guns
Tormenture,https://opencritic.com/game/17541/tormenture
3D Don't Die Mr Robot,https://opencritic.com/game/17808/3d-dont-die-mr-robot
Cast n Chill,https://opencritic.com/game/18729/cast-n-chill
Kingdom Come: Deliverance 2 - Mysteria Ecclesia,https://opencritic.com/game/19668/kingdom-come-deliverance-2-mysteria-ecclesia
Rhell: Warped Worlds & Troubled Times,https://opencritic.com/game/20265/rhell-warped-worlds-troubled-times
Dying Light: The Beast Restored Land,https://opencritic.com/game/20374/dying-light-the-beast-restored-land
Tearaway,https://opencritic.com/game/2432/tearaway
Halo Infinite,https://opencritic.com/game/12088/halo-infinite
Teenage Mutant Ninja Turtles: Shredder's Revenge,https://opencritic.com/game/13252/teenage-mutant-ninja-turtles-shredders-revenge
Rocket League,https://opencritic.com/game/1055/rocket-league
Saros,https://opencritic.com/game/19375/saros
Spiritfarer,https://opencritic.com/game/10030/spiritfarer
Dark Souls II: Scholar of the First Sin,https://opencritic.com/game/49/dark-souls-ii-scholar-of-the-first-sin
BattleBlock Theater,https://opencritic.com/game/978/battleblock-theater
Spelunky,https://opencritic.com/game/11875/spelunky
Mortal Kombat XL,https://opencritic.com/game/2386/mortal-kombat-xl
Final Fantasy VII Remake Intergrade,https://opencritic.com/game/11370/final-fantasy-vii-remake-intergrade
Trine 2: Complete Story,https://opencritic.com/game/315/trine-2-complete-story
Tactical Breach Wizards,https://opencritic.com/game/17182/tactical-breach-wizards
Super Mario Bros. Wonder - Nintendo Switch 2 Edition + Meetup in Bellabel Park,https://opencritic.com/game/20256/super-mario-bros-wonder-nintendo-switch-2-edition-meetup-in-bellabel-park
Yakuza 0,https://opencritic.com/game/3387/yakuza-0
Monster Hunter 4 Ultimate,https://opencritic.com/game/2262/monster-hunter-4-ultimate
Fire Emblem Fates: Conquest,https://opencritic.com/game/2313/fire-emblem-fates-conquest
Picross 3D Round 2,https://opencritic.com/game/3257/picross-3d-round-2
Lumines Arise,https://opencritic.com/game/19248/lumines-arise
Streets of Rage 4: Mr. X Nightmare,https://opencritic.com/game/11688/streets-of-rage-4-mr-x-nightmare
Rive: Ultimate Edition,https://opencritic.com/game/5202/rive-ultimate-edition
Gravity Circuit,https://opencritic.com/game/15215/gravity-circuit
Metroid: Samus Returns,https://opencritic.com/game/4498/metroid-samus-returns
Danganronpa: Trigger Happy Havoc (PC Edition),https://opencritic.com/game/2320/danganronpa-trigger-happy-havoc-pc-edition-
Total War: Warhammer III,https://opencritic.com/game/12560/total-war-warhammer-iii
Rise of the Tomb Raider,https://opencritic.com/game/1517/rise-of-the-tomb-raider
Nex Machina,https://opencritic.com/game/4463/nex-machina
Inscryption,https://opencritic.com/game/12163/inscryption
Football Manager 2022,https://opencritic.com/game/12284/football-manager-2022
Ni no Kuni: Wrath of the White Witch Remastered,https://opencritic.com/game/8270/ni-no-kuni-wrath-of-the-white-witch-remastered
AI: THE SOMNIUM FILES - nirvanA Initiative,https://opencritic.com/game/13265/ai-the-somnium-files-nirvana-initiative
Danganronpa 2: Goodbye Despair Anniversary Edition,https://opencritic.com/game/12413/danganronpa-2-goodbye-despair-anniversary-edition
Resident Evil 4: Separate Ways,https://opencritic.com/game/15544/resident-evil-4-separate-ways
StarCraft Remastered,https://opencritic.com/game/4617/starcraft-remastered
Atari 50: The Anniversary Celebration,https://opencritic.com/game/13967/atari-50-the-anniversary-celebration
Final Fantasy XIV Online: A Realm Reborn,https://opencritic.com/game/271/final-fantasy-xiv-online-a-realm-reborn
The Alters,https://opencritic.com/game/18397/the-alters
Cult of the Lamb: Woolhaven,https://opencritic.com/game/19962/cult-of-the-lamb-woolhaven
Yakuza 0 Director's Cut,https://opencritic.com/game/18341/yakuza-0-directors-cut
Pokemon X and Y,https://opencritic.com/game/2406/pokemon-x-and-y
Later Alligator,https://opencritic.com/game/8319/later-alligator
Disney Classic Games Collection,https://opencritic.com/game/12499/disney-classic-games-collection
Final Fantasy VI Pixel Remaster,https://opencritic.com/game/12797/final-fantasy-vi-pixel-remaster
Parking Garage Rally Circuit,https://opencritic.com/game/17329/parking-garage-rally-circuit
The Holy Gosh Darn,https://opencritic.com/game/17366/the-holy-gosh-darn
Pieced Together,https://opencritic.com/game/20203/pieced-together
13 Sentinels Aegis Rim,https://opencritic.com/game/10110/13-sentinels-aegis-rim
Core Keeper,https://opencritic.com/game/12920/core-keeper
Timberborn,https://opencritic.com/game/16318/timberborn
Pentiment,https://opencritic.com/game/13960/pentiment
F1 2017,https://opencritic.com/game/4668/f1-2017
Wax Heads,https://opencritic.com/game/20529/wax-heads
XCOM: Enemy Within,https://opencritic.com/game/1303/xcom-enemy-within
Total War: Warhammer II,https://opencritic.com/game/4520/total-war-warhammer-ii
Pragmata,https://opencritic.com/game/19920/pragmata
GRIS,https://opencritic.com/game/6890/gris
FIFA 14,https://opencritic.com/game/318/fifa-14
BALL x PIT,https://opencritic.com/game/19209/ball-x-pit
ZEN Pinball 2: The Walking Dead,https://opencritic.com/game/223/zen-pinball-2-the-walking-dead
Guacamelee! 2,https://opencritic.com/game/6512/guacamelee-2
Ratchet & Clank,https://opencritic.com/game/2048/ratchet-clank
Steins;Gate Elite,https://opencritic.com/game/7257/steins-gate-elite
Demon Tides,https://opencritic.com/game/20127/demon-tides
Absolum,https://opencritic.com/game/19143/absolum
Keep Talking and Nobody Explodes,https://opencritic.com/game/2519/keep-talking-and-nobody-explodes
NINJA GAIDEN: Ragebound,https://opencritic.com/game/18784/ninja-gaiden-ragebound
Bloodborne: The Old Hunters,https://opencritic.com/game/1890/bloodborne-the-old-hunters
Risk of Rain 2,https://opencritic.com/game/8251/risk-of-rain-2
Shovel Knight: Specter of Torment,https://opencritic.com/game/4008/shovel-knight-specter-of-torment
World of Warcraft: Warlords of Draenor,https://opencritic.com/game/506/world-of-warcraft-warlords-of-draenor
The Messenger,https://opencritic.com/game/6521/the-messenger
Hearthstone: The League of Explorers,https://opencritic.com/game/2024/hearthstone-the-league-of-explorers
Guilty Gear Xrd REV 2,https://opencritic.com/game/4152/guilty-gear-xrd-rev-2
Polybius,https://opencritic.com/game/4315/polybius
Echo Arena,https://opencritic.com/game/4628/echo-arena
Dynasty Warriors 8: Xtreme Legends Definitive Edition,https://opencritic.com/game/7076/dynasty-warriors-8-xtreme-legends-definitive-edition
Unity of Command 2,https://opencritic.com/game/8589/unity-of-command-2
This War Of Mine: Final Cut,https://opencritic.com/game/8751/this-war-of-mine-final-cut
To The Moon,https://opencritic.com/game/8836/to-the-moon
Dandara: Trials of Fear Edition,https://opencritic.com/game/9228/dandara-trials-of-fear-edition
Grindstone,https://opencritic.com/game/10698/grindstone
Deltarune: Chapter 1 & 2,https://opencritic.com/game/12005/deltarune-chapter-1-2
Will You Snail?,https://opencritic.com/game/12856/will-you-snail-
FAITH: The Unholy Trinity,https://opencritic.com/game/13890/faith-the-unholy-trinity
Frog Detective 3: Corruption at Cowboy County,https://opencritic.com/game/13908/frog-detective-3-corruption-at-cowboy-county
This Way Madness Lies,https://opencritic.com/game/13957/this-way-madness-lies
Ever 17: The Out of Infinity,https://opencritic.com/game/18166/ever-17-the-out-of-infinity
Silent Hill f,https://opencritic.com/game/18785/silent-hill-f
Stray Children,https://opencritic.com/game/19637/stray-children
Tombwater,https://opencritic.com/game/20326/tombwater
Doom: The Dark Ages,https://opencritic.com/game/18023/doom-the-dark-ages
Cairn,https://opencritic.com/game/19998/cairn
Rise of the Tomb Raider (PC),https://opencritic.com/game/2220/rise-of-the-tomb-raider-pc-
Super Bomberman Collection,https://opencritic.com/game/20054/super-bomberman-collection
Beat Saber,https://opencritic.com/game/6151/beat-saber
Theatrhythm Final Bar Line,https://opencritic.com/game/14292/theatrhythm-final-bar-line
Total War: Warhammer,https://opencritic.com/game/1710/total-war-warhammer
Yakuza: Like a Dragon,https://opencritic.com/game/8628/yakuza-like-a-dragon
Borderlands 2,https://opencritic.com/game/9755/borderlands-2
Injustice 2: Legendary Edition,https://opencritic.com/game/5831/injustice-2-legendary-edition
Ghost Trick: Phantom Detective,https://opencritic.com/game/15156/ghost-trick-phantom-detective
Cadence of Hyrule: Crypt of the NecroDancer Featuring The Legend of Zelda,https://opencritic.com/game/7886/cadence-of-hyrule-crypt-of-the-necrodancer-featuring-the-legend-of-zelda
Wasteland 3,https://opencritic.com/game/9140/wasteland-3
Path of Exile: The Fall of Oriath,https://opencritic.com/game/4720/path-of-exile-the-fall-of-oriath
RimWorld,https://opencritic.com/game/6905/rimworld
Omori,https://opencritic.com/game/10743/omori
OlliOlli World,https://opencritic.com/game/12617/olliolli-world
Earthion,https://opencritic.com/game/19019/earthion
SteamWorld Heist,https://opencritic.com/game/1571/steamworld-heist
Radiant Tale,https://opencritic.com/game/15277/radiant-tale
Shape of Dreams,https://opencritic.com/game/19269/shape-of-dreams
Kentucky Route Zero: The Complete Season,https://opencritic.com/game/8898/kentucky-route-zero-the-complete-season
Monster Hunter Rise: Sunbreak,https://opencritic.com/game/13169/monster-hunter-rise-sunbreak
Football Manager 2020,https://opencritic.com/game/8591/football-manager-2020
Indiana Jones and the Great Circle,https://opencritic.com/game/17732/indiana-jones-and-the-great-circle
The Witness,https://opencritic.com/game/1557/the-witness
DoDonPachi Resurrection,https://opencritic.com/game/3437/dodonpachi-resurrection
Expelled!,https://opencritic.com/game/18229/expelled-
The Wolf Among Us: Episode 5 - Cry Wolf,https://opencritic.com/game/1409/the-wolf-among-us-episode-5-cry-wolf
Atelier Ryza Secret Trilogy Deluxe Pack,https://opencritic.com/game/19673/atelier-ryza-secret-trilogy-deluxe-pack
Returnal,https://opencritic.com/game/11173/returnal
Night in the Woods,https://opencritic.com/game/1685/night-in-the-woods
Doom (2016),https://opencritic.com/game/1572/doom-2016-
Unsighted,https://opencritic.com/game/12036/unsighted
Marvel vs. Capcom Fighting Collection: Arcade Classics,https://opencritic.com/game/17261/marvel-vs-capcom-fighting-collection-arcade-classics
Zoe Begone!,https://opencritic.com/game/19315/zoe-begone-
Rayman Legends: Definitive Edition,https://opencritic.com/game/4826/rayman-legends-definitive-edition
Mario + Rabbids: Sparks of Hope,https://opencritic.com/game/13347/mario-rabbids-sparks-of-hope
Minishoot' Adventures,https://opencritic.com/game/16527/minishoot-adventures
Total War: WARHAMMER II - Curse of the Vampire Coast,https://opencritic.com/game/6851/total-war-warhammer-ii-curse-of-the-vampire-coast
No Man's Sky - Beyond,https://opencritic.com/game/8155/no-mans-sky-beyond
Humanity,https://opencritic.com/game/14927/humanity
Bionic Bay,https://opencritic.com/game/18384/bionic-bay
Nuclear Throne,https://opencritic.com/game/2060/nuclear-throne
Dragon Ball FighterZ,https://opencritic.com/game/5273/dragon-ball-fighterz
Resident Evil 7 Biohazard,https://opencritic.com/game/2886/resident-evil-7-biohazard
Thronefall,https://opencritic.com/game/15319/thronefall
Xenoblade Chronicles 3D,https://opencritic.com/game/2279/xenoblade-chronicles-3d
Rare Replay,https://opencritic.com/game/1843/rare-replay
Uncharted: The Nathan Drake Collection,https://opencritic.com/game/1543/uncharted-the-nathan-drake-collection
The Cosmic Wheel Sisterhood,https://opencritic.com/game/15365/the-cosmic-wheel-sisterhood
The Roottrees Are Dead,https://opencritic.com/game/17990/the-roottrees-are-dead
F1 2019,https://opencritic.com/game/7761/f1-2019
The Legend of Heroes: Trails in the Sky the 3rd,https://opencritic.com/game/4282/the-legend-of-heroes-trails-in-the-sky-the-3rd
Monster Boy and the Cursed Kingdom,https://opencritic.com/game/1752/monster-boy-and-the-cursed-kingdom
Guilty Gear -Strive-,https://opencritic.com/game/11447/guilty-gear-strive-
Lies of P: Overture,https://opencritic.com/game/18664/lies-of-p-overture
Radiant Historia: Perfect Chronology,https://opencritic.com/game/5503/radiant-historia-perfect-chronology
Death Stranding Director's Cut,https://opencritic.com/game/12011/death-stranding-directors-cut
Resident Evil 4 VR,https://opencritic.com/game/12198/resident-evil-4-vr
Yakuza Kiwami 2,https://opencritic.com/game/6429/yakuza-kiwami-2
MLB 19: The Show,https://opencritic.com/game/7383/mlb-19-the-show
Batman: Arkham Knight,https://opencritic.com/game/1383/batman-arkham-knight
Nine Sols,https://opencritic.com/game/16798/nine-sols
Valkyria Chronicles Remastered,https://opencritic.com/game/2453/valkyria-chronicles-remastered
Batman: Arkham Shadow,https://opencritic.com/game/17516/batman-arkham-shadow
Marvel Snap,https://opencritic.com/game/13791/marvel-snap
Transistor,https://opencritic.com/game/256/transistor
Killer Instinct: Season 3,https://opencritic.com/game/2559/killer-instinct-season-3
Dead Cells: Fatal Falls,https://opencritic.com/game/10846/dead-cells-fatal-falls
Hatsune Miku Logic Paint S,https://opencritic.com/game/11101/hatsune-miku-logic-paint-s
Let's! Revolution!,https://opencritic.com/game/15236/lets-revolution-
Nioh 3,https://opencritic.com/game/19372/nioh-3
Forza Motorsport 7,https://opencritic.com/game/4492/forza-motorsport-7
Shin Megami Tensei V,https://opencritic.com/game/12282/shin-megami-tensei-v
Moss,https://opencritic.com/game/5618/moss
Ender Magnolia: Bloom in the Mist,https://opencritic.com/game/16906/ender-magnolia-bloom-in-the-mist
Zero Escape: The Nonary Games,https://opencritic.com/game/4067/zero-escape-the-nonary-games
Fantasy Life i: The Girl Who Steals Time,https://opencritic.com/game/17787/fantasy-life-i-the-girl-who-steals-time
Frostpunk,https://opencritic.com/game/5948/frostpunk
Metro Exodus Enhanced Edition,https://opencritic.com/game/11338/metro-exodus-enhanced-edition
Sunless Skies,https://opencritic.com/game/7241/sunless-skies
Heretic + Hexen,https://opencritic.com/game/19079/heretic-hexen
Resogun,https://opencritic.com/game/310/resogun
Bayonetta,https://opencritic.com/game/731/bayonetta
Star Wars Pinball,https://opencritic.com/game/8264/star-wars-pinball
Disgaea 4 Complete+,https://opencritic.com/game/8488/disgaea-4-complete-
Ib,https://opencritic.com/game/13166/ib
Day of the Tentacle Remastered,https://opencritic.com/game/2455/day-of-the-tentacle-remastered
Forza Horizon 3 - Hot Wheels Expansion,https://opencritic.com/game/4252/forza-horizon-3-hot-wheels-expansion
Monster Hunter Generations,https://opencritic.com/game/2794/monster-hunter-generations
F1 2021,https://opencritic.com/game/11318/f1-2021
Dragon Quest I & II HD-2D Remake,https://opencritic.com/game/19041/dragon-quest-i-ii-hd-2d-remake
Final Fantasy XV: Windows Edition,https://opencritic.com/game/5716/final-fantasy-xv-windows-edition
Nioh 2 - The Complete Edition,https://opencritic.com/game/10893/nioh-2-the-complete-edition
Assassin's Creed IV: Black Flag,https://opencritic.com/game/316/assassins-creed-iv-black-flag
Azure Striker Gunvolt: Striker Pack,https://opencritic.com/game/4842/azure-striker-gunvolt-striker-pack
Field of Glory II,https://opencritic.com/game/5026/field-of-glory-ii
Total War: Warhammer 2 - Rise of the Tomb Kings,https://opencritic.com/game/5420/total-war-warhammer-2-rise-of-the-tomb-kings
Wargroove: Double Trouble,https://opencritic.com/game/9014/wargroove-double-trouble
Frostpunk 2,https://opencritic.com/game/11840/frostpunk-2
Final Fantasy XIV: Heavensward,https://opencritic.com/game/458/final-fantasy-xiv-heavensward
Bayonetta & Vanquish 10th Anniversary Bundle,https://opencritic.com/game/9006/bayonetta-vanquish-10th-anniversary-bundle
Mushihimesama,https://opencritic.com/game/1984/mushihimesama
Two Point Museum,https://opencritic.com/game/17484/two-point-museum
Hitman 3,https://opencritic.com/game/10039/hitman-3
Tunic,https://opencritic.com/game/12888/tunic
Pillars of Eternity: Complete Edition,https://opencritic.com/game/4770/pillars-of-eternity-complete-edition
Gnosia,https://opencritic.com/game/11021/gnosia
This War of Mine,https://opencritic.com/game/929/this-war-of-mine
Valkyria Chronicles,https://opencritic.com/game/1273/valkyria-chronicles
MLB 16: The Show,https://opencritic.com/game/2119/mlb-16-the-show
Final Fantasy IV Pixel Remaster,https://opencritic.com/game/11936/final-fantasy-iv-pixel-remaster
Desperados III,https://opencritic.com/game/9421/desperados-iii
MLB 17: The Show,https://opencritic.com/game/3879/mlb-17-the-show
The Legend of Zelda: Echoes of Wisdom,https://opencritic.com/game/16869/the-legend-of-zelda-echoes-of-wisdom
Monster Hunter Stories 3: Twisted Reflection,https://opencritic.com/game/19298/monster-hunter-stories-3-twisted-reflection
Metal Gear Solid Delta: Snake Eater,https://opencritic.com/game/18116/metal-gear-solid-delta-snake-eater
Starbound,https://opencritic.com/game/2974/starbound
Undernauts: Labyrinth of Yomi,https://opencritic.com/game/12213/undernauts-labyrinth-of-yomi
Gears 5,https://opencritic.com/game/7402/gears-5
Football Manager 2021,https://opencritic.com/game/10357/football-manager-2021
Roboquest,https://opencritic.com/game/15801/roboquest
Divinity: Original Sin,https://opencritic.com/game/525/divinity-original-sin
Pony Island,https://opencritic.com/game/2144/pony-island
Deep Rock Galactic,https://opencritic.com/game/9436/deep-rock-galactic
The Witcher 3: Wild Hunt - Complete Edition (Switch),https://opencritic.com/game/8396/the-witcher-3-wild-hunt-complete-edition-switch-
Velocity 2X,https://opencritic.com/game/218/velocity-2x
Forza Horizon 3 - Blizzard Mountain,https://opencritic.com/game/3612/forza-horizon-3-blizzard-mountain
Shovel Knight Pocket Dungeon,https://opencritic.com/game/12475/shovel-knight-pocket-dungeon
Fire Emblem Fates: Birthright,https://opencritic.com/game/2274/fire-emblem-fates-birthright
Hatsune Miku: Project Diva Future Tone,https://opencritic.com/game/2949/hatsune-miku-project-diva-future-tone
Football Manager 2019,https://opencritic.com/game/6805/football-manager-2019
Control: Ultimate Edition,https://opencritic.com/game/10096/control-ultimate-edition
Final Fantasy V Pixel Remaster,https://opencritic.com/game/12315/final-fantasy-v-pixel-remaster
Luigi's Mansion 3,https://opencritic.com/game/8013/luigis-mansion-3
Broken Sword - Shadow of the Templars: Reforged,https://opencritic.com/game/17322/broken-sword-shadow-of-the-templars-reforged
Wipeout: Omega Collection,https://opencritic.com/game/4404/wipeout-omega-collection
South Park: The Stick of Truth,https://opencritic.com/game/537/south-park-the-stick-of-truth
Shadow Gambit: The Cursed Crew,https://opencritic.com/game/15345/shadow-gambit-the-cursed-crew
Riven,https://opencritic.com/game/16911/riven
Rise of the Tomb Raider: 20 Year Celebration,https://opencritic.com/game/3414/rise-of-the-tomb-raider-20-year-celebration
Final Fantasy XII: The Zodiac Age,https://opencritic.com/game/4212/final-fantasy-xii-the-zodiac-age
Titanfall,https://opencritic.com/game/857/titanfall
Axiom Verge,https://opencritic.com/game/53/axiom-verge
Middle-earth: Shadow of Mordor,https://opencritic.com/game/201/middle-earth-shadow-of-mordor
Distant Worlds: Universe,https://opencritic.com/game/1288/distant-worlds-universe
Gorogoa,https://opencritic.com/game/1588/gorogoa
Clannad,https://opencritic.com/game/2096/clannad
Gone Home,https://opencritic.com/game/2127/gone-home
"Please, Don't Touch Anything (VR)",https://opencritic.com/game/2796/please-dont-touch-anything-vr-
Rez Infinite (VR),https://opencritic.com/game/3380/rez-infinite-vr-
Danmaku Unlimited 3,https://opencritic.com/game/4046/danmaku-unlimited-3
Statik,https://opencritic.com/game/4228/statik
Galactic Civilizations III: Crusade,https://opencritic.com/game/4287/galactic-civilizations-iii-crusade
Rakuen,https://opencritic.com/game/4321/rakuen
Hearthstone - Knights of the Frozen Throne,https://opencritic.com/game/4735/hearthstone-knights-of-the-frozen-throne
Finding Paradise,https://opencritic.com/game/5293/finding-paradise
​Red Matter,https://opencritic.com/game/6165/-red-matter
Assault Android Cactus+,https://opencritic.com/game/7434/assault-android-cactus-
The Swords of Ditto: Mormo's Curse,https://opencritic.com/game/7741/the-swords-of-ditto-mormos-curse
The King of Fighters 2002 Unlimited Match,https://opencritic.com/game/8853/the-king-of-fighters-2002-unlimited-match
Florence,https://opencritic.com/game/9015/florence
Levelhead,https://opencritic.com/game/9171/levelhead
Kingdom Hearts: All-In-One Package,https://opencritic.com/game/9207/kingdom-hearts-all-in-one-package
A Monster's Expedition,https://opencritic.com/game/10145/a-monsters-expedition
Welcome to Elk,https://opencritic.com/game/10173/welcome-to-elk
Valheim,https://opencritic.com/game/12081/valheim
Horizon Chase Turbo: Senna Forever,https://opencritic.com/game/12318/horizon-chase-turbo-senna-forever
Wanderer,https://opencritic.com/game/12704/wanderer
Floppy Knights,https://opencritic.com/game/13164/floppy-knights
SpiderHeck,https://opencritic.com/game/13713/spiderheck
Swarm 2,https://opencritic.com/game/16404/swarm-2
Wizard of Legend 2,https://opencritic.com/game/18710/wizard-of-legend-2
Modulus,https://opencritic.com/game/18867/modulus
XENOTILT: HOSTILE PINBALL ACTION,https://opencritic.com/game/19516/xenotilt-hostile-pinball-action
Undusted: Letters from the Past,https://opencritic.com/game/19540/undusted-letters-from-the-past
Pioneers of Pagonia,https://opencritic.com/game/19842/pioneers-of-pagonia
TerraTech Legion,https://opencritic.com/game/20486/terratech-legion
Phonopolis,https://opencritic.com/game/20640/phonopolis
Nioh 2,https://opencritic.com/game/8782/nioh-2
Armored Core VI: Fires of Rubicon,https://opencritic.com/game/15125/armored-core-vi-fires-of-rubicon
Octopath Traveler II,https://opencritic.com/game/13900/octopath-traveler-ii
Marvel's Spider-Man: Miles Morales,https://opencritic.com/game/10480/marvels-spider-man-miles-morales
A Space for the Unbound,https://opencritic.com/game/14202/a-space-for-the-unbound
The Walking Dead: The Telltale Definitive Series,https://opencritic.com/game/8244/the-walking-dead-the-telltale-definitive-series
Tomb Raider,https://opencritic.com/game/291/tomb-raider
Metro: 2033 Redux,https://opencritic.com/game/957/metro-2033-redux
DiRT Rally,https://opencritic.com/game/2050/dirt-rally
Battlerite,https://opencritic.com/game/5166/battlerite
The Legend of Zelda: Twilight Princess HD,https://opencritic.com/game/2125/the-legend-of-zelda-twilight-princess-hd
Assassin's Creed Origins: The Curse of the Pharaohs,https://opencritic.com/game/5691/assassins-creed-origins-the-curse-of-the-pharaohs
Uncharted: The Lost Legacy,https://opencritic.com/game/4216/uncharted-the-lost-legacy
Dragon Quest VIII: Journey of the Cursed King,https://opencritic.com/game/3777/dragon-quest-viii-journey-of-the-cursed-king
Inazuma Eleven: Victory Road,https://opencritic.com/game/17803/inazuma-eleven-victory-road
Kirby and the Forgotten Land,https://opencritic.com/game/12682/kirby-and-the-forgotten-land
Star Ocean: The Second Story R,https://opencritic.com/game/15765/star-ocean-the-second-story-r
Monolith,https://opencritic.com/game/4469/monolith
Shin Megami Tensei IV: Apocalypse,https://opencritic.com/game/3276/shin-megami-tensei-iv-apocalypse
The Drifter,https://opencritic.com/game/18914/the-drifter
Persona Q: Shadow of the Labyrinth,https://opencritic.com/game/2345/persona-q-shadow-of-the-labyrinth
ENDER LILIES: Quietus of the Knights,https://opencritic.com/game/10886/ender-lilies-quietus-of-the-knights
Total War: THREE KINGDOMS,https://opencritic.com/game/7088/total-war-three-kingdoms
Dungeons of Dreadrock 2 - The Dead King's Secret,https://opencritic.com/game/17703/dungeons-of-dreadrock-2-the-dead-kings-secret
Titanium Court,https://opencritic.com/game/20441/titanium-court
West of Loathing,https://opencritic.com/game/4658/west-of-loathing
The Rise of the Golden Idol,https://opencritic.com/game/17640/the-rise-of-the-golden-idol
The Hundred Line -Last Defense Academy-,https://opencritic.com/game/18428/the-hundred-line-last-defense-academy-
Dragon Quest III HD-2D Remake,https://opencritic.com/game/17648/dragon-quest-iii-hd-2d-remake
Art Academy: Home Studio,https://opencritic.com/game/1454/art-academy-home-studio
Pikmin 3 Deluxe,https://opencritic.com/game/10251/pikmin-3-deluxe
The Great Ace Attorney Chronicles,https://opencritic.com/game/11723/the-great-ace-attorney-chronicles
Command & Conquer Remastered Collection,https://opencritic.com/game/9589/command-conquer-remastered-collection
Moss: Book II,https://opencritic.com/game/12965/moss-book-ii
OneShot,https://opencritic.com/game/3647/oneshot
Silicon Dreams,https://opencritic.com/game/11250/silicon-dreams
Shadow Gambit: The Cursed Crew - Yuri's Wish & Zagan's Ritual,https://opencritic.com/game/15946/shadow-gambit-the-cursed-crew-yuris-wish-zagans-ritual
Her Story,https://opencritic.com/game/585/her-story
World of Warcraft: The War Within,https://opencritic.com/game/17219/world-of-warcraft-the-war-within
Age of Empires II: Definitive Edition,https://opencritic.com/game/8450/age-of-empires-ii-definitive-edition
Crash Bandicoot 4: It's About Time,https://opencritic.com/game/9900/crash-bandicoot-4-its-about-time
Bug Fables: The Everlasting Sapling,https://opencritic.com/game/9458/bug-fables-the-everlasting-sapling
Outer Wilds,https://opencritic.com/game/7815/outer-wilds
Assassin's Creed Origins,https://opencritic.com/game/4503/assassins-creed-origins
Danganronpa Decadence,https://opencritic.com/game/12408/danganronpa-decadence
Cassette Beasts,https://opencritic.com/game/14846/cassette-beasts
F1 23,https://opencritic.com/game/15073/f1-23
Danganronpa 2: Goodbye Despair (PC Edition),https://opencritic.com/game/2606/danganronpa-2-goodbye-despair-pc-edition-
428: Shibuya Scramble,https://opencritic.com/game/6543/428-shibuya-scramble
Gears of War 4,https://opencritic.com/game/2570/gears-of-war-4
BlazBlue: Central Fiction,https://opencritic.com/game/3538/blazblue-central-fiction
Bayonetta 3,https://opencritic.com/game/13466/bayonetta-3
Cupid Parasite,https://opencritic.com/game/12260/cupid-parasite
Betrayal At Club Low,https://opencritic.com/game/13648/betrayal-at-club-low
Xenonauts 2,https://opencritic.com/game/15212/xenonauts-2
LEGO Bricktales VR,https://opencritic.com/game/15948/lego-bricktales-vr
Mario + Rabbids: Kingdom Battle,https://opencritic.com/game/4494/mario-rabbids-kingdom-battle
The Swapper,https://opencritic.com/game/232/the-swapper
Lost in Play,https://opencritic.com/game/13531/lost-in-play
Dragon Quest Builders 2,https://opencritic.com/game/7925/dragon-quest-builders-2
The Elder Scrolls V: Skyrim - Nintendo Switch Edition,https://opencritic.com/game/5168/the-elder-scrolls-v-skyrim-nintendo-switch-edition
World of Goo,https://opencritic.com/game/4262/world-of-goo
Black Mesa,https://opencritic.com/game/9106/black-mesa
30XX,https://opencritic.com/game/11098/30xx
Deep Rock Galactic: Survivor,https://opencritic.com/game/19313/deep-rock-galactic-survivor
Horizon Zero Dawn Remastered,https://opencritic.com/game/17569/horizon-zero-dawn-remastered
Destiny: The Taken King,https://opencritic.com/game/1506/destiny-the-taken-king
Disgaea 5 Complete,https://opencritic.com/game/4232/disgaea-5-complete
Planet Coaster,https://opencritic.com/game/1791/planet-coaster
Shovel Knight: King of Cards,https://opencritic.com/game/8708/shovel-knight-king-of-cards
Bravely Default,https://opencritic.com/game/2369/bravely-default
What the Golf?,https://opencritic.com/game/8322/what-the-golf-
BlazBlue: Central Fiction Special Edition,https://opencritic.com/game/7222/blazblue-central-fiction-special-edition
Robotics;Notes Elite,https://opencritic.com/game/10291/robotics-notes-elite
Strange Horticulture,https://opencritic.com/game/12629/strange-horticulture
Sam & Max: The Devil's Playhouse,https://opencritic.com/game/17134/sam-max-the-devils-playhouse
OlliOlli2: Welcome to Olliwood,https://opencritic.com/game/94/olliolli2-welcome-to-olliwood
Dreamscaper,https://opencritic.com/game/10004/dreamscaper
Thronebreaker: The Witcher Tales,https://opencritic.com/game/6768/thronebreaker-the-witcher-tales
Devil May Cry 3: Special Edition,https://opencritic.com/game/9028/devil-may-cry-3-special-edition
Yakuza 6: The Song of Life,https://opencritic.com/game/4941/yakuza-6-the-song-of-life
Ghost of Tsushima,https://opencritic.com/game/9592/ghost-of-tsushima
Xenoblade Chronicles X,https://opencritic.com/game/1565/xenoblade-chronicles-x
One Finger Death Punch 2,https://opencritic.com/game/7586/one-finger-death-punch-2
Katana Zero,https://opencritic.com/game/7596/katana-zero
Bang-On Balls: Chronicles,https://opencritic.com/game/15541/bang-on-balls-chronicles
Blood: Refreshed Supply,https://opencritic.com/game/19415/blood-refreshed-supply
Enter the Gungeon,https://opencritic.com/game/1678/enter-the-gungeon
Risk of Rain Returns,https://opencritic.com/game/15817/risk-of-rain-returns
Halo 5: Guardians,https://opencritic.com/game/1513/halo-5-guardians
Kirby and the Forgotten Land - Nintendo Switch 2 Edition + Star-Crossed World,https://opencritic.com/game/19162/kirby-and-the-forgotten-land-nintendo-switch-2-edition-star-crossed-world
Duskers,https://opencritic.com/game/2769/duskers
Sayonara Wild Hearts,https://opencritic.com/game/8281/sayonara-wild-hearts
Blasphemous 2,https://opencritic.com/game/15371/blasphemous-2
Streets of Rage 4,https://opencritic.com/game/9380/streets-of-rage-4
Yakuza Remastered Collection,https://opencritic.com/game/8985/yakuza-remastered-collection
Two Point Hospital,https://opencritic.com/game/6530/two-point-hospital
Assassin's Creed Odyssey,https://opencritic.com/game/6222/assassins-creed-odyssey
Huntdown,https://opencritic.com/game/9426/huntdown
VA-11 Hall-A: Cyberpunk Bartender Action,https://opencritic.com/game/2887/va-11-hall-a-cyberpunk-bartender-action
Hotline Miami Collection,https://opencritic.com/game/8179/hotline-miami-collection
F-Zero 99,https://opencritic.com/game/15499/f-zero-99
Cult of the Lamb,https://opencritic.com/game/13509/cult-of-the-lamb
Donkey Kong Country: Tropical Freeze,https://opencritic.com/game/750/donkey-kong-country-tropical-freeze
Thank Goodness You're Here,https://opencritic.com/game/17040/thank-goodness-youre-here
Guilty Gear Xrd Revelator,https://opencritic.com/game/2299/guilty-gear-xrd-revelator
Forza Horizon 5: Hot Wheels,https://opencritic.com/game/13430/forza-horizon-5-hot-wheels
Wizordum,https://opencritic.com/game/18465/wizordum
Dark Souls Remastered,https://opencritic.com/game/5508/dark-souls-remastered
Hitman - The Complete First Season,https://opencritic.com/game/3533/hitman-the-complete-first-season
The Making of Karateka,https://opencritic.com/game/15422/the-making-of-karateka
Tactics Ogre: Reborn,https://opencritic.com/game/13974/tactics-ogre-reborn
Rogue Legacy,https://opencritic.com/game/233/rogue-legacy
Despelote,https://opencritic.com/game/18474/despelote
Ashes of the Singularity: Escalation,https://opencritic.com/game/3572/ashes-of-the-singularity-escalation
Heroes of the Storm,https://opencritic.com/game/884/heroes-of-the-storm
Loop Hero,https://opencritic.com/game/11017/loop-hero
Thumper,https://opencritic.com/game/3413/thumper
Mouthwashing,https://opencritic.com/game/17350/mouthwashing
Valkyria Chronicles 4,https://opencritic.com/game/6114/valkyria-chronicles-4
Resogun: Heroes,https://opencritic.com/game/244/resogun-heroes
The Journey Down Trilogy,https://opencritic.com/game/4930/the-journey-down-trilogy
Wylde Flowers,https://opencritic.com/game/13479/wylde-flowers
Skate Story,https://opencritic.com/game/17790/skate-story
Super Smash Bros. for Nintendo 3DS,https://opencritic.com/game/2349/super-smash-bros-for-nintendo-3ds
Pyre,https://opencritic.com/game/4460/pyre
NBA 2K16,https://opencritic.com/game/1541/nba-2k16
Symphony of War: The Nephilim Saga,https://opencritic.com/game/13243/symphony-of-war-the-nephilim-saga
Roots of Pacha,https://opencritic.com/game/14834/roots-of-pacha
Kingdom Hearts III,https://opencritic.com/game/1532/kingdom-hearts-iii
Octopath Traveler,https://opencritic.com/game/6231/octopath-traveler
Starfield,https://opencritic.com/game/14907/starfield
League of Legends,https://opencritic.com/game/9751/league-of-legends
Tadpole Treble,https://opencritic.com/game/2703/tadpole-treble
Fortnite: Battle Royale,https://opencritic.com/game/6228/fortnite-battle-royale
Wandersong,https://opencritic.com/game/6658/wandersong
BioShock: The Collection,https://opencritic.com/game/2975/bioshock-the-collection
Resident Evil Village,https://opencritic.com/game/10995/resident-evil-village
Sumire,https://opencritic.com/game/11444/sumire
The Wolf Among Us: Episode 3 - A Crooked Mile,https://opencritic.com/game/1419/the-wolf-among-us-episode-3-a-crooked-mile
Iconoclasts,https://opencritic.com/game/5388/iconoclasts
Jurassic World Evolution 3,https://opencritic.com/game/18717/jurassic-world-evolution-3
Tales From The Borderlands: Episode One - Zer0 Sum,https://opencritic.com/game/365/tales-from-the-borderlands-episode-one-zer0-sum
Star Wars Jedi: Survivor,https://opencritic.com/game/14199/star-wars-jedi-survivor
Star Wars Pinball: Heroes Within,https://opencritic.com/game/266/star-wars-pinball-heroes-within
ZEN Pinball 2,https://opencritic.com/game/293/zen-pinball-2
Minecraft: Xbox One Edition,https://opencritic.com/game/480/minecraft-xbox-one-edition
Marvel Heroes 2015,https://opencritic.com/game/527/marvel-heroes-2015
Darkest Dungeon,https://opencritic.com/game/1567/darkest-dungeon
Else Heart.Break(),https://opencritic.com/game/1913/else-heart-break-
Mutant Mudds Collection,https://opencritic.com/game/5285/mutant-mudds-collection
Knockout League,https://opencritic.com/game/5556/knockout-league
Galactic Civilizations III: Intrigue,https://opencritic.com/game/5889/galactic-civilizations-iii-intrigue
The Elder Scrolls Online: Murkmire,https://opencritic.com/game/6802/the-elder-scrolls-online-murkmire
Embracelet,https://opencritic.com/game/10220/embracelet
Scarlet Hollow,https://opencritic.com/game/11829/scarlet-hollow
Arcade Spirits: The New Challengers,https://opencritic.com/game/13185/arcade-spirits-the-new-challengers
Hearthstone: March of the Lich King,https://opencritic.com/game/14149/hearthstone-march-of-the-lich-king
Fuga: Melodies of Steel 2,https://opencritic.com/game/14976/fuga-melodies-of-steel-2
Subpar Pool,https://opencritic.com/game/15655/subpar-pool
Astral Ascent,https://opencritic.com/game/15829/astral-ascent
Lil Guardsman,https://opencritic.com/game/16104/lil-guardsman
Threshold,https://opencritic.com/game/17698/threshold
Look Outside,https://opencritic.com/game/18274/look-outside
Many Nights a Whisper,https://opencritic.com/game/18473/many-nights-a-whisper
Capcom Fighting Collection 2,https://opencritic.com/game/18533/capcom-fighting-collection-2
Soulstone Survivors,https://opencritic.com/game/18793/soulstone-survivors
Two Point Museum: Fantasy Finds,https://opencritic.com/game/19045/two-point-museum-fantasy-finds
Monsters Are Coming! Rock and Road,https://opencritic.com/game/19705/monsters-are-coming-rock-and-road
World of Warcraft: Midnight,https://opencritic.com/game/20190/world-of-warcraft-midnight
N++,https://opencritic.com/game/1495/n-
The Legend of Heroes: Trails Through Daybreak,https://opencritic.com/game/16923/the-legend-of-heroes-trails-through-daybreak
Mega Man X Legacy Collection 1+2,https://opencritic.com/game/6547/mega-man-x-legacy-collection-1-2
Baba Is You,https://opencritic.com/game/7457/baba-is-you
LEGO Batman: Legacy of the Dark Knight,https://opencritic.com/game/19919/lego-batman-legacy-of-the-dark-knight
Pixel Ripped 1995,https://opencritic.com/game/9359/pixel-ripped-1995
Disgaea 7: Vows of the Virtueless,https://opencritic.com/game/15556/disgaea-7-vows-of-the-virtueless
Duck Game,https://opencritic.com/game/7666/duck-game
MLB The Show 20,https://opencritic.com/game/8783/mlb-the-show-20
Astro's Playroom,https://opencritic.com/game/10482/astros-playroom
SEGA AGES Sonic the Hedgehog 2,https://opencritic.com/game/9040/sega-ages-sonic-the-hedgehog-2
Jack Move,https://opencritic.com/game/13646/jack-move
Theatrhythm Final Fantasy: Curtain Call,https://opencritic.com/game/2350/theatrhythm-final-fantasy-curtain-call
World of Warcraft: Dragonflight,https://opencritic.com/game/14061/world-of-warcraft-dragonflight
Batman: The Enemy Within - Episode 5,https://opencritic.com/game/5805/batman-the-enemy-within-episode-5
CrossCode,https://opencritic.com/game/6635/crosscode
ANTONBLAST,https://opencritic.com/game/17721/antonblast
The Walking Dead: Season Two Episode 2 - A House Divided,https://opencritic.com/game/1000/the-walking-dead-season-two-episode-2-a-house-divided
Valkyrie Profile: Lenneth,https://opencritic.com/game/14146/valkyrie-profile-lenneth
DiRT 4,https://opencritic.com/game/3871/dirt-4
Legend of Grimrock II,https://opencritic.com/game/510/legend-of-grimrock-ii
Orcs Must Die: Unchained,https://opencritic.com/game/1682/orcs-must-die-unchained
Aaero: Complete Edition,https://opencritic.com/game/7065/aaero-complete-edition
Hyper Light Drifter,https://opencritic.com/game/1558/hyper-light-drifter
Super Mario RPG,https://opencritic.com/game/15131/super-mario-rpg
Bravely Default: Flying Fairy HD Remaster,https://opencritic.com/game/18342/bravely-default-flying-fairy-hd-remaster
Metal Gear Rising: Revengeance,https://opencritic.com/game/1014/metal-gear-rising-revengeance
Astalon: Tears of the Earth,https://opencritic.com/game/11484/astalon-tears-of-the-earth
Jusant,https://opencritic.com/game/15742/jusant
Borderlands Legendary Collection,https://opencritic.com/game/9583/borderlands-legendary-collection
Nioh: Complete Edition,https://opencritic.com/game/5030/nioh-complete-edition
Wargroove 2,https://opencritic.com/game/15575/wargroove-2
Vampire Crawlers: The Turbo Wildcard from Vampire Survivors,https://opencritic.com/game/20437/vampire-crawlers-the-turbo-wildcard-from-vampire-survivors
Wildermyth,https://opencritic.com/game/11539/wildermyth
Hogwarts Legacy,https://opencritic.com/game/13898/hogwarts-legacy
Order of Battle: Pacific,https://opencritic.com/game/1254/order-of-battle-pacific
XCOM: Enemy Unknown Plus,https://opencritic.com/game/2527/xcom-enemy-unknown-plus
Slayaway Camp,https://opencritic.com/game/3467/slayaway-camp
Emily is Away Too,https://opencritic.com/game/4391/emily-is-away-too
Hitman: Definitive Edition,https://opencritic.com/game/6142/hitman-definitive-edition
Gwent,https://opencritic.com/game/6813/gwent
Stay Out of the House,https://opencritic.com/game/13925/stay-out-of-the-house
BlazBlue Entropy Effect,https://opencritic.com/game/16205/blazblue-entropy-effect
The Hungry Lamb: Traveling in the Late Ming Dynasty,https://opencritic.com/game/16623/the-hungry-lamb-traveling-in-the-late-ming-dynasty
The Lullaby of Life,https://opencritic.com/game/16639/the-lullaby-of-life
Farewell North,https://opencritic.com/game/17129/farewell-north
Hidden in my Paradise,https://opencritic.com/game/17421/hidden-in-my-paradise
Citizen Sleeper,https://opencritic.com/game/13101/citizen-sleeper
Outer Wilds: Echoes of the Eye,https://opencritic.com/game/12034/outer-wilds-echoes-of-the-eye
Call of Duty: Black Ops 4,https://opencritic.com/game/6018/call-of-duty-black-ops-4
Strange Antiquities,https://opencritic.com/game/19072/strange-antiquities
Horizon Zero Dawn: The Frozen Wilds,https://opencritic.com/game/4708/horizon-zero-dawn-the-frozen-wilds
Subnautica,https://opencritic.com/game/5437/subnautica
Final Fantasy IX (Steam),https://opencritic.com/game/2654/final-fantasy-ix-steam-
Candle,https://opencritic.com/game/3619/candle
Assassin's Creed Valhalla - Discovery Tour: Viking Age,https://opencritic.com/game/12192/assassins-creed-valhalla-discovery-tour-viking-age
The Legend of Heroes: Kuro no Kiseki,https://opencritic.com/game/12700/the-legend-of-heroes-kuro-no-kiseki
This Bed We Made,https://opencritic.com/game/15739/this-bed-we-made
Gal Guardians: Servants of the Dark,https://opencritic.com/game/18294/gal-guardians-servants-of-the-dark
The Banner Saga 3,https://opencritic.com/game/5916/the-banner-saga-3
Fire Emblem Fates: Revelation,https://opencritic.com/game/2314/fire-emblem-fates-revelation
Ys X: Proud Nordics,https://opencritic.com/game/20046/ys-x-proud-nordics
Mortal Kombat 1,https://opencritic.com/game/15004/mortal-kombat-1
Fire Emblem Echoes: Shadows of Valentia,https://opencritic.com/game/4150/fire-emblem-echoes-shadows-of-valentia
ZEN Pinball 2: Star Wars: The Force Awakens,https://opencritic.com/game/2171/zen-pinball-2-star-wars-the-force-awakens
Planescape: Torment Enhanced Edition,https://opencritic.com/game/4188/planescape-torment-enhanced-edition
Destiny 2,https://opencritic.com/game/4139/destiny-2
Rocksmith 2014 Edition,https://opencritic.com/game/173/rocksmith-2014-edition
Far Cry 4,https://opencritic.com/game/159/far-cry-4
Ace Attorney Investigations Collection,https://opencritic.com/game/17233/ace-attorney-investigations-collection
Severed,https://opencritic.com/game/2585/severed
Ys VIII: Lacrimosa of DANA,https://opencritic.com/game/4757/ys-viii-lacrimosa-of-dana
EA Sports College Football 26,https://opencritic.com/game/18613/ea-sports-college-football-26
The King is Watching,https://opencritic.com/game/18948/the-king-is-watching
Mortal Kombat X,https://opencritic.com/game/43/mortal-kombat-x
SoulCalibur VI,https://opencritic.com/game/6694/soulcalibur-vi
Hardspace: Shipbreaker,https://opencritic.com/game/9668/hardspace-shipbreaker
If Found...,https://opencritic.com/game/9469/if-found-
Fell Seal: Arbiter's Mark,https://opencritic.com/game/7610/fell-seal-arbiters-mark
PowerWash Simulator 2,https://opencritic.com/game/19461/powerwash-simulator-2
Kirby: Planet Robobot,https://opencritic.com/game/2732/kirby-planet-robobot
Zen Pinball 2: Portal Pinball,https://opencritic.com/game/61/zen-pinball-2-portal-pinball
Aliens vs. Pinball,https://opencritic.com/game/2658/aliens-vs-pinball
Super One More Jump,https://opencritic.com/game/5447/super-one-more-jump
Halls of Torment,https://opencritic.com/game/17345/halls-of-torment
Geometry Wars 3: Dimensions,https://opencritic.com/game/154/geometry-wars-3-dimensions
TowerFall Ascension,https://opencritic.com/game/282/towerfall-ascension
The Forgotten City,https://opencritic.com/game/11732/the-forgotten-city
The Blackwell Epiphany,https://opencritic.com/game/652/the-blackwell-epiphany
8-Bit Adventures 2,https://opencritic.com/game/14097/8-bit-adventures-2
Gears of War: Ultimate Edition,https://opencritic.com/game/1502/gears-of-war-ultimate-edition
Forza Motorsport,https://opencritic.com/game/15504/forza-motorsport
Control,https://opencritic.com/game/7858/control
FIFA 18,https://opencritic.com/game/4501/fifa-18
The Excavation Of Hob's Barrow,https://opencritic.com/game/13743/the-excavation-of-hobs-barrow
DmC: Devil May Cry Definitive Edition,https://opencritic.com/game/88/dmc-devil-may-cry-definitive-edition
Endless Legend,https://opencritic.com/game/1277/endless-legend
Stray,https://opencritic.com/game/13386/stray
Danganronpa 1-2 Reload,https://opencritic.com/game/4027/danganronpa-1-2-reload
Hellblade: Senua's Sacrifice,https://opencritic.com/game/4516/hellblade-senuas-sacrifice
The Sims 4: Island Living,https://opencritic.com/game/7906/the-sims-4-island-living
Variable Barricade,https://opencritic.com/game/12776/variable-barricade
MOTHERGUNSHIP: FORGE,https://opencritic.com/game/13254/mothergunship-forge
Abiotic Factor,https://opencritic.com/game/18961/abiotic-factor
Steins;Gate 0,https://opencritic.com/game/3595/steins-gate-0
Collection of Mana,https://opencritic.com/game/7892/collection-of-mana
Lil Gator Game,https://opencritic.com/game/14120/lil-gator-game
Five Nights at Freddy's: Into the Pit,https://opencritic.com/game/17144/five-nights-at-freddys-into-the-pit
MLB The Show 25,https://opencritic.com/game/18055/mlb-the-show-25
Sonic Racing: CrossWorlds,https://opencritic.com/game/18727/sonic-racing-crossworlds
Closer the Distance,https://opencritic.com/game/17079/closer-the-distance
Devotion,https://opencritic.com/game/7333/devotion
Ring Fit Adventure,https://opencritic.com/game/8433/ring-fit-adventure
Super Meat Boy,https://opencritic.com/game/1582/super-meat-boy
Tokyo Mirage Sessions #FE,https://opencritic.com/game/2399/tokyo-mirage-sessions-fe
Main Assembly,https://opencritic.com/game/9650/main-assembly
Final Fantasy Pixel Remaster,https://opencritic.com/game/11746/final-fantasy-pixel-remaster
Football Manager 2023,https://opencritic.com/game/13944/football-manager-2023
Two Point Campus,https://opencritic.com/game/12707/two-point-campus
The Legend of Heroes: Trails of Cold Steel III,https://opencritic.com/game/8422/the-legend-of-heroes-trails-of-cold-steel-iii
Tales of Vesperia: Definitive Edition,https://opencritic.com/game/6860/tales-of-vesperia-definitive-edition
Dragon Quest VII Reimagined,https://opencritic.com/game/19296/dragon-quest-vii-reimagined
Monster Prom 2: Monster Camp,https://opencritic.com/game/10420/monster-prom-2-monster-camp
Dragon Quest Builders,https://opencritic.com/game/3369/dragon-quest-builders
Splatoon 2,https://opencritic.com/game/4214/splatoon-2
Call of Duty: Black Ops 6,https://opencritic.com/game/17124/call-of-duty-black-ops-6
Zenzizenzic,https://opencritic.com/game/1376/zenzizenzic
Eschatos,https://opencritic.com/game/1802/eschatos
Root,https://opencritic.com/game/1978/root
Driveclub Bikes,https://opencritic.com/game/1980/driveclub-bikes
The Gallery - Episode 1: Call of the Starseed (VR),https://opencritic.com/game/2645/the-gallery-episode-1-call-of-the-starseed-vr-
Highway Blossoms,https://opencritic.com/game/2929/highway-blossoms
Watch Dogs 2 - Human Conditions,https://opencritic.com/game/4013/watch-dogs-2-human-conditions
Tormentor X Punisher,https://opencritic.com/game/4453/tormentor-x-punisher
Code 7,https://opencritic.com/game/4998/code-7
Kind Words (lo fi chill beats to write to),https://opencritic.com/game/8274/kind-words-lo-fi-chill-beats-to-write-to-
The Walking Dead: Saints & Sinners,https://opencritic.com/game/8778/the-walking-dead-saints-sinners
Shoot 1UP DX,https://opencritic.com/game/10511/shoot-1up-dx
ForeVR Bowl,https://opencritic.com/game/11554/forevr-bowl
Lone Echo II,https://opencritic.com/game/12128/lone-echo-ii
Monomals,https://opencritic.com/game/12245/monomals
One Dreamer,https://opencritic.com/game/13654/one-dreamer
Rakuen Deluxe Edition,https://opencritic.com/game/14469/rakuen-deluxe-edition
HROT,https://opencritic.com/game/14944/hrot
Mega City Police,https://opencritic.com/game/15295/mega-city-police
Wo Long: Fallen Dynasty Complete Edition,https://opencritic.com/game/16291/wo-long-fallen-dynasty-complete-edition
ASTLIBRA Gaiden: The Cave of Phantom Mist,https://opencritic.com/game/16305/astlibra-gaiden-the-cave-of-phantom-mist
Just a To the Moon Series Beach Episode,https://opencritic.com/game/17568/just-a-to-the-moon-series-beach-episode
Chicken Police: Into the HIVE!,https://opencritic.com/game/17616/chicken-police-into-the-hive-
Haste,https://opencritic.com/game/18401/haste
Kaizen: A Factory Story,https://opencritic.com/game/18866/kaizen-a-factory-story
Escape Simulator 2,https://opencritic.com/game/19267/escape-simulator-2
Duskpunk,https://opencritic.com/game/19786/duskpunk
Forbidden Solitaire,https://opencritic.com/game/20495/forbidden-solitaire
Crash Team Racing: Nitro-Fueled,https://opencritic.com/game/7709/crash-team-racing-nitro-fueled
Anno 117: Pax Romana,https://opencritic.com/game/19134/anno-117-pax-romana
Puyo Puyo Tetris,https://opencritic.com/game/4146/puyo-puyo-tetris
Monster Train,https://opencritic.com/game/9508/monster-train
Battlefield 6,https://opencritic.com/game/19051/battlefield-6
Lara Croft Go,https://opencritic.com/game/3658/lara-croft-go
F1 2018,https://opencritic.com/game/6211/f1-2018
POPUCOM,https://opencritic.com/game/18624/popucom
Bloodstained: Ritual of the Night,https://opencritic.com/game/7710/bloodstained-ritual-of-the-night
Etrian Odyssey 2 Untold: The Fafnir Knight,https://opencritic.com/game/2271/etrian-odyssey-2-untold-the-fafnir-knight
Anomaly Agent,https://opencritic.com/game/16108/anomaly-agent
FIFA 17,https://opencritic.com/game/2836/fifa-17
Shantae: Half-Genie Hero - Ultimate Edition,https://opencritic.com/game/6028/shantae-half-genie-hero-ultimate-edition
Labyrinth of Galleria: The Moon Society,https://opencritic.com/game/14284/labyrinth-of-galleria-the-moon-society
PARANORMASIGHT: The Mermaid's Curse,https://opencritic.com/game/20116/paranormasight-the-mermaids-curse
Realm of Ink,https://opencritic.com/game/20775/realm-of-ink
Invisible Inc.,https://opencritic.com/game/1253/invisible-inc-
Pokemon Ultra Sun and Moon,https://opencritic.com/game/5056/pokemon-ultra-sun-and-moon
Castlevania Advance Collection,https://opencritic.com/game/12017/castlevania-advance-collection
ZERO PARADES: For Dead Spies,https://opencritic.com/game/20490/zero-parades-for-dead-spies
Dark Souls II: Crown of the Ivory King,https://opencritic.com/game/512/dark-souls-ii-crown-of-the-ivory-king
A Plague Tale: Requiem,https://opencritic.com/game/13346/a-plague-tale-requiem
Sunset Overdrive,https://opencritic.com/game/840/sunset-overdrive
Star Wars: Knights of the Old Republic,https://opencritic.com/game/12313/star-wars-knights-of-the-old-republic
The Legend of Heroes: Trails Beyond the Horizon,https://opencritic.com/game/18976/the-legend-of-heroes-trails-beyond-the-horizon
Shadow Tactics: Blades of the Shogun,https://opencritic.com/game/3310/shadow-tactics-blades-of-the-shogun
Devil Survivor 2: Record Breaker,https://opencritic.com/game/2272/devil-survivor-2-record-breaker
Guilty Gear Xrd -SIGN-,https://opencritic.com/game/136/guilty-gear-xrd-sign-
The Binding Of Isaac: Repentance,https://opencritic.com/game/11065/the-binding-of-isaac-repentance
Freedom Planet 2,https://opencritic.com/game/13705/freedom-planet-2
Coral Island,https://opencritic.com/game/13813/coral-island
Torchlight II,https://opencritic.com/game/8220/torchlight-ii
Hitman 2,https://opencritic.com/game/6215/hitman-2
Ni no Kuni II: Revenant Kingdom - Prince's Edition,https://opencritic.com/game/12225/ni-no-kuni-ii-revenant-kingdom-princes-edition
Slime-San: Superslime Edition,https://opencritic.com/game/6234/slime-san-superslime-edition
Crypt Custodian,https://opencritic.com/game/17208/crypt-custodian
Muv-Luv Alternative,https://opencritic.com/game/4881/muv-luv-alternative
V Rising,https://opencritic.com/game/13193/v-rising
WitchSpring R,https://opencritic.com/game/15566/witchspring-r
APE OUT,https://opencritic.com/game/7336/ape-out
Age of Empires IV,https://opencritic.com/game/11623/age-of-empires-iv
We Love Katamari REROLL+ Royal Reverie,https://opencritic.com/game/15039/we-love-katamari-reroll-royal-reverie
Wargroove,https://opencritic.com/game/7206/wargroove
Downwell,https://opencritic.com/game/1966/downwell
Tom Clancy's The Division 2,https://opencritic.com/game/7089/tom-clancys-the-division-2
Shadow Tactics: Blades of the Shogun - Aiko's Choice,https://opencritic.com/game/12437/shadow-tactics-blades-of-the-shogun-aikos-choice
"Snipperclips Plus: Cut it Out, Together!",https://opencritic.com/game/5242/snipperclips-plus-cut-it-out-together-
s.p.l.i.t,https://opencritic.com/game/18815/s-p-l-i-t
Hearts of Iron IV,https://opencritic.com/game/2813/hearts-of-iron-iv
Assassin's Creed Valhalla,https://opencritic.com/game/9439/assassins-creed-valhalla
Steel Division: Normandy 44,https://opencritic.com/game/4372/steel-division-normandy-44
The Legend of Heroes: Trails to Azure,https://opencritic.com/game/14398/the-legend-of-heroes-trails-to-azure
Year Walk,https://opencritic.com/game/662/year-walk
Pokémon Legends: Arceus,https://opencritic.com/game/12091/pok-mon-legends-arceus
Disgaea 4: A Promise Revisited,https://opencritic.com/game/2427/disgaea-4-a-promise-revisited
Mario & Luigi: Bowser's Inside Story + Bowser Jr.'s Journey,https://opencritic.com/game/6858/mario-luigi-bowsers-inside-story-bowser-jr-s-journey
Salt and Sanctuary,https://opencritic.com/game/1609/salt-and-sanctuary
Madden NFL 16,https://opencritic.com/game/1830/madden-nfl-16
Battle Garegga Rev.2016,https://opencritic.com/game/3747/battle-garegga-rev-2016
Everspace,https://opencritic.com/game/4380/everspace
Barbearian,https://opencritic.com/game/6490/barbearian
Eastshade,https://opencritic.com/game/7279/eastshade
SEGA AGES Virtua Racing,https://opencritic.com/game/7941/sega-ages-virtua-racing
Groove Coaster: Wai Wai Party!,https://opencritic.com/game/8616/groove-coaster-wai-wai-party-
Bug Academy,https://opencritic.com/game/8911/bug-academy
Okunoka Madness,https://opencritic.com/game/10132/okunoka-madness
Dorfromantik,https://opencritic.com/game/11335/dorfromantik
The Vale: Shadow of the Crown,https://opencritic.com/game/11842/the-vale-shadow-of-the-crown
Orcs Must Die!,https://opencritic.com/game/12642/orcs-must-die-
The Last Clockwinder,https://opencritic.com/game/13264/the-last-clockwinder
Railbound,https://opencritic.com/game/13632/railbound
GoldenEye 007,https://opencritic.com/game/14240/goldeneye-007
Helldivers II,https://opencritic.com/game/15908/helldivers-ii
Shiren the Wanderer: The Mystery Dungeon of Serpentcoil Island,https://opencritic.com/game/16212/shiren-the-wanderer-the-mystery-dungeon-of-serpentcoil-island
The Nameless: Slay Dragon,https://opencritic.com/game/17372/the-nameless-slay-dragon
Iwakura Aria,https://opencritic.com/game/19075/iwakura-aria
Little Rocket Lab,https://opencritic.com/game/19440/little-rocket-lab
Psyvariar 3,https://opencritic.com/game/20666/psyvariar-3
Cities: Skylines,https://opencritic.com/game/1260/cities-skylines
Before Your Eyes,https://opencritic.com/game/11176/before-your-eyes
Dirt Rally 2.0,https://opencritic.com/game/7087/dirt-rally-2-0
Granblue Fantasy Versus: Rising,https://opencritic.com/game/15972/granblue-fantasy-versus-rising
Consume Me,https://opencritic.com/game/18721/consume-me
Dark Souls Remastered - Nintendo Switch Edition,https://opencritic.com/game/6769/dark-souls-remastered-nintendo-switch-edition
KILL KNIGHT,https://opencritic.com/game/17405/kill-knight
Triangle Strategy,https://opencritic.com/game/12840/triangle-strategy
Warhammer: Vermintide 2,https://opencritic.com/game/5673/warhammer-vermintide-2
Metro Exodus,https://opencritic.com/game/6847/metro-exodus
Botany Manor,https://opencritic.com/game/16551/botany-manor
The Sims 4: Cats & Dogs,https://opencritic.com/game/5158/the-sims-4-cats-dogs
The Talos Principle: Road To Gehenna,https://opencritic.com/game/1498/the-talos-principle-road-to-gehenna
Death Howl,https://opencritic.com/game/19833/death-howl
Tearaway Unfolded,https://opencritic.com/game/1550/tearaway-unfolded
Galactic Civilizations III,https://opencritic.com/game/1252/galactic-civilizations-iii
Metro Redux,https://opencritic.com/game/220/metro-redux
The Legend of Heroes: Trails from Zero,https://opencritic.com/game/13380/the-legend-of-heroes-trails-from-zero
NieR Replicant ver.1.22474487139,https://opencritic.com/game/11154/nier-replicant-ver-1-22474487139
Lost Judgment,https://opencritic.com/game/11984/lost-judgment
Long Live The Queen,https://opencritic.com/game/13398/long-live-the-queen
Once Upon a Jester...,https://opencritic.com/game/13997/once-upon-a-jester-
Buckshot Roulette,https://opencritic.com/game/16544/buckshot-roulette
Pro Evolution Soccer 2017,https://opencritic.com/game/3213/pro-evolution-soccer-2017
Tony Hawk's Pro Skater 3 + 4,https://opencritic.com/game/18209/tony-hawks-pro-skater-3-4
Splatoon 2: Octo Expansion,https://opencritic.com/game/6219/splatoon-2-octo-expansion
Suikoden I & II HD Remaster: Gate Rune and Dunan Unification Wars,https://opencritic.com/game/18206/suikoden-i-ii-hd-remaster-gate-rune-and-dunan-unification-wars
The Outer Worlds,https://opencritic.com/game/7413/the-outer-worlds
System Shock: Enhanced Edition,https://opencritic.com/game/1917/system-shock-enhanced-edition
The Life and Suffering of Sir Brante,https://opencritic.com/game/11007/the-life-and-suffering-of-sir-brante
Backfirewall,https://opencritic.com/game/14245/backfirewall
Children of Morta,https://opencritic.com/game/8217/children-of-morta
Yoku's Island Express,https://opencritic.com/game/6156/yokus-island-express
Horizon Zero Dawn Complete Edition,https://opencritic.com/game/9902/horizon-zero-dawn-complete-edition
Diablo IV: Vessel of Hatred,https://opencritic.com/game/17122/diablo-iv-vessel-of-hatred
Phantom Brave,https://opencritic.com/game/3006/phantom-brave
Virtua Fighter 5 R.E.V.O. World Stage,https://opencritic.com/game/19496/virtua-fighter-5-r-e-v-o-world-stage
Child of Light,https://opencritic.com/game/264/child-of-light
Dragon Quest VII: Fragments of the Forgotten Past,https://opencritic.com/game/3271/dragon-quest-vii-fragments-of-the-forgotten-past
Assault Android Cactus,https://opencritic.com/game/1921/assault-android-cactus
Final Fantasy X / X-2 HD Remaster,https://opencritic.com/game/21/final-fantasy-x-x-2-hd-remaster
Viewfinder,https://opencritic.com/game/15228/viewfinder
In Stars and Time,https://opencritic.com/game/15879/in-stars-and-time
Death Stranding,https://opencritic.com/game/7816/death-stranding
ANONYMOUS;CODE,https://opencritic.com/game/15452/anonymous-code
BioShock Infinite: Burial at Sea - Episode Two,https://opencritic.com/game/992/bioshock-infinite-burial-at-sea-episode-two
Skylanders Swap Force,https://opencritic.com/game/308/skylanders-swap-force
Eliza,https://opencritic.com/game/8102/eliza
Saltsea Chronicles,https://opencritic.com/game/15639/saltsea-chronicles
ONE BTN BOSSES,https://opencritic.com/game/17090/one-btn-bosses
RollerCoaster Tycoon Classic,https://opencritic.com/game/17850/rollercoaster-tycoon-classic
MIO: Memories in Orbit,https://opencritic.com/game/19840/mio-memories-in-orbit
Hypnospace Outlaw,https://opencritic.com/game/7455/hypnospace-outlaw
SOMA,https://opencritic.com/game/1709/soma
Chess Ultra,https://opencritic.com/game/4478/chess-ultra
Tiny Terry's Turbo Trip,https://opencritic.com/game/16793/tiny-terrys-turbo-trip
Xenoblade Chronicles 2,https://opencritic.com/game/4952/xenoblade-chronicles-2
Bravely Second: End Layer,https://opencritic.com/game/2315/bravely-second-end-layer
The Legend of Heroes: Trials of Cold Steel - Decisive Edition,https://opencritic.com/game/7493/the-legend-of-heroes-trials-of-cold-steel-decisive-edition
Madden NFL 17,https://opencritic.com/game/2837/madden-nfl-17
FIFA 16,https://opencritic.com/game/1522/fifa-16
Splatoon 3,https://opencritic.com/game/13284/splatoon-3
Battle Chef Brigade,https://opencritic.com/game/5200/battle-chef-brigade
Tails of Iron,https://opencritic.com/game/11963/tails-of-iron
Little Goody Two Shoes,https://opencritic.com/game/15767/little-goody-two-shoes
Constance,https://opencritic.com/game/19641/constance
EVERSPACE 2,https://opencritic.com/game/10830/everspace-2
Age of Mythology: Retold,https://opencritic.com/game/17117/age-of-mythology-retold
Judgment,https://opencritic.com/game/7759/judgment
ArcheAge,https://opencritic.com/game/516/archeage
ACA NEOGEO BLAZING STAR,https://opencritic.com/game/4326/aca-neogeo-blazing-star
Railway Empire – Complete Collection,https://opencritic.com/game/9941/railway-empire-complete-collection
Crimson Spires,https://opencritic.com/game/10554/crimson-spires
Infernax,https://opencritic.com/game/12755/infernax
Unsouled,https://opencritic.com/game/13075/unsouled
Desktop Dungeons: Rewind,https://opencritic.com/game/14790/desktop-dungeons-rewind
Galacticare,https://opencritic.com/game/16741/galacticare
Warno,https://opencritic.com/game/16776/warno
Trombone Champ: Unflattened,https://opencritic.com/game/17759/trombone-champ-unflattened
PEAK,https://opencritic.com/game/18750/peak
Mortal Kombat: Legacy Kollection,https://opencritic.com/game/19290/mortal-kombat-legacy-kollection
Broken Age: Act 1,https://opencritic.com/game/668/broken-age-act-1
Pro Evolution Soccer 2016,https://opencritic.com/game/1560/pro-evolution-soccer-2016
Super Mario 3D All-Stars,https://opencritic.com/game/10104/super-mario-3d-all-stars
Maldita Castilla EX - Cursed Castile,https://opencritic.com/game/3055/maldita-castilla-ex-cursed-castile
Linelight,https://opencritic.com/game/3876/linelight
Katamari Damacy Reroll,https://opencritic.com/game/6964/katamari-damacy-reroll
Sid Meier's Civilization VI: Rise and Fall,https://opencritic.com/game/5405/sid-meiers-civilization-vi-rise-and-fall
Gleylancer,https://opencritic.com/game/12131/gleylancer
BlazBlue Entropy Effect X,https://opencritic.com/game/19684/blazblue-entropy-effect-x
The Outer Worlds 2,https://opencritic.com/game/18723/the-outer-worlds-2
Tales From The Borderlands: Episode Four - Escape Plan Bravo,https://opencritic.com/game/1834/tales-from-the-borderlands-episode-four-escape-plan-bravo
BYE-BYE BOXBOY!,https://opencritic.com/game/4096/bye-bye-boxboy-
Shadowrun: Dragonfall - Director's Cut,https://opencritic.com/game/515/shadowrun-dragonfall-directors-cut
Fading Afternoon,https://opencritic.com/game/15600/fading-afternoon
Diablo IV: Lord of Hatred,https://opencritic.com/game/20420/diablo-iv-lord-of-hatred
Thimbleweed Park,https://opencritic.com/game/4127/thimbleweed-park
Lumines Remastered,https://opencritic.com/game/6011/lumines-remastered
Football Manager 2024,https://opencritic.com/game/15780/football-manager-2024
Valfaris: Mecha Therion,https://opencritic.com/game/15877/valfaris-mecha-therion
Astebreed,https://opencritic.com/game/695/astebreed
Mortal Kombat 11,https://opencritic.com/game/7092/mortal-kombat-11
Thumper (VR),https://opencritic.com/game/3378/thumper-vr-
I Expect You To Die,https://opencritic.com/game/3686/i-expect-you-to-die
Call of Duty 4: Modern Warfare Remastered,https://opencritic.com/game/3428/call-of-duty-4-modern-warfare-remastered
Persona 5 Strikers,https://opencritic.com/game/10641/persona-5-strikers
Honkai: Star Rail,https://opencritic.com/game/14841/honkai-star-rail
Danganronpa V3: Killing Harmony,https://opencritic.com/game/4511/danganronpa-v3-killing-harmony
Fuga: Melodies of Steel,https://opencritic.com/game/11751/fuga-melodies-of-steel
Subnautica: Below Zero,https://opencritic.com/game/11360/subnautica-below-zero
FIFA 15,https://opencritic.com/game/211/fifa-15
Atelier Ryza 3: Alchemist of the End & the Secret Key,https://opencritic.com/game/14460/atelier-ryza-3-alchemist-of-the-end-the-secret-key
Little Nightmares II,https://opencritic.com/game/10644/little-nightmares-ii
Edge,https://opencritic.com/game/1130/edge
Hacknet,https://opencritic.com/game/1886/hacknet
Devil Daggers,https://opencritic.com/game/2318/devil-daggers
UNDER NIGHT IN-BIRTH Exe:Late,https://opencritic.com/game/3044/under-night-in-birth-exe-late
RunGunJumpGun,https://opencritic.com/game/3247/rungunjumpgun
Retro City Rampage DX,https://opencritic.com/game/4713/retro-city-rampage-dx
Volgarr the Viking,https://opencritic.com/game/5021/volgarr-the-viking
The Journey Down: Chapter Three,https://opencritic.com/game/5177/the-journey-down-chapter-three
Defender’s Quest: Valley of the Forgotten DX,https://opencritic.com/game/5572/defender-s-quest-valley-of-the-forgotten-dx
Quarantine Circular,https://opencritic.com/game/6128/quarantine-circular
Reventure,https://opencritic.com/game/8135/reventure
80 Days,https://opencritic.com/game/8373/80-days
Cardpocalypse,https://opencritic.com/game/8531/cardpocalypse
Code: Realize ~Guardian of Rebirth~,https://opencritic.com/game/9010/code-realize-guardian-of-rebirth-
Jet Lancer,https://opencritic.com/game/9442/jet-lancer
Yumeutsutsu Re:Master,https://opencritic.com/game/9478/yumeutsutsu-re-master
No More Heroes,https://opencritic.com/game/10455/no-more-heroes
Crimzon Clover - World EXplosion,https://opencritic.com/game/10493/crimzon-clover-world-explosion
Wingspan,https://opencritic.com/game/10593/wingspan
Potion Craft,https://opencritic.com/game/12040/potion-craft
ElecHead,https://opencritic.com/game/12174/elechead
"Please, Touch the Artwork",https://opencritic.com/game/12668/please-touch-the-artwork
Gotta Protectors: Cart of Darkness,https://opencritic.com/game/13012/gotta-protectors-cart-of-darkness
Little Noah: Scion of Paradise,https://opencritic.com/game/13362/little-noah-scion-of-paradise
Captain Velvet Meteor: The Jump+ Dimensions,https://opencritic.com/game/13508/captain-velvet-meteor-the-jump-dimensions
Rhythm Sprout,https://opencritic.com/game/14253/rhythm-sprout
Total War: Warhammer III - Forge of the Chaos Dwarfs,https://opencritic.com/game/14764/total-war-warhammer-iii-forge-of-the-chaos-dwarfs
Smushi Come Home,https://opencritic.com/game/15120/smushi-come-home
Headquarters: World War II,https://opencritic.com/game/16601/headquarters-world-war-ii
30 Birds,https://opencritic.com/game/17785/30-birds
"I, Robot",https://opencritic.com/game/18424/i-robot
Fuga: Melodies of Steel 3,https://opencritic.com/game/18505/fuga-melodies-of-steel-3
Helldivers,https://opencritic.com/game/93/helldivers
Super Mega Baseball 2,https://opencritic.com/game/5983/super-mega-baseball-2
Sid Meier's Civilization VI: Gathering Storm,https://opencritic.com/game/7181/sid-meiers-civilization-vi-gathering-storm
Skul: The Hero Slayer,https://opencritic.com/game/9279/skul-the-hero-slayer
FRU,https://opencritic.com/game/2976/fru
Magic: The Gathering Arena,https://opencritic.com/game/8346/magic-the-gathering-arena
NBA 2K21 Next-Gen,https://opencritic.com/game/10536/nba-2k21-next-gen
The Banner Saga 2,https://opencritic.com/game/1631/the-banner-saga-2
Technobabylon,https://opencritic.com/game/591/technobabylon
Ash of Gods: The Way,https://opencritic.com/game/14858/ash-of-gods-the-way
Neva: Prologue,https://opencritic.com/game/20151/neva-prologue
Chivalry 2,https://opencritic.com/game/11293/chivalry-2
Star Wars Jedi: Fallen Order,https://opencritic.com/game/7407/star-wars-jedi-fallen-order
MLB 14: The Show,https://opencritic.com/game/259/mlb-14-the-show
Quadrilateral Cowboy,https://opencritic.com/game/3033/quadrilateral-cowboy
DiRT Rally 2.0 Game of the Year Edition,https://opencritic.com/game/9242/dirt-rally-2-0-game-of-the-year-edition
Max Payne 3,https://opencritic.com/game/11698/max-payne-3
Grounded,https://opencritic.com/game/13730/grounded
Marvel's Midnight Suns,https://opencritic.com/game/13373/marvels-midnight-suns
Lone Survivor,https://opencritic.com/game/11603/lone-survivor
Dredge,https://opencritic.com/game/14348/dredge
Etrian Odyssey Nexus,https://opencritic.com/game/7236/etrian-odyssey-nexus
Dungeons of Dreadrock,https://opencritic.com/game/13004/dungeons-of-dreadrock
Gerda: A Flame in Winter,https://opencritic.com/game/13622/gerda-a-flame-in-winter
Planet of Lana II: Children of the Leaf,https://opencritic.com/game/20146/planet-of-lana-ii-children-of-the-leaf
Momodora: Moonlit Farewell,https://opencritic.com/game/16068/momodora-moonlit-farewell
Grim Dawn,https://opencritic.com/game/2179/grim-dawn
Parkitect,https://opencritic.com/game/3830/parkitect
Blaster Master Zero 2,https://opencritic.com/game/7475/blaster-master-zero-2
I Expect You To Die 2,https://opencritic.com/game/11874/i-expect-you-to-die-2
Lucy Dreaming,https://opencritic.com/game/13858/lucy-dreaming
NanoApostle,https://opencritic.com/game/17294/nanoapostle
Pinball FX VR,https://opencritic.com/game/18163/pinball-fx-vr
"Detective Instinct: Farewell, My Beloved",https://opencritic.com/game/19750/detective-instinct-farewell-my-beloved
Octopath Traveler 0,https://opencritic.com/game/19033/octopath-traveler-0
Alba: A Wildlife Adventure,https://opencritic.com/game/10673/alba-a-wildlife-adventure
World of Goo 2,https://opencritic.com/game/16524/world-of-goo-2
Gears Tactics,https://opencritic.com/game/8784/gears-tactics
Tadpole Treble Encore,https://opencritic.com/game/10817/tadpole-treble-encore
Sky: Children of the Light,https://opencritic.com/game/11638/sky-children-of-the-light
Moomintroll: Winter's Warmth,https://opencritic.com/game/20439/moomintroll-winters-warmth
Tinykin,https://opencritic.com/game/13576/tinykin
Yooka-Laylee and the Impossible Lair,https://opencritic.com/game/8300/yooka-laylee-and-the-impossible-lair
Ys Memoire: The Oath in Felghana,https://opencritic.com/game/16898/ys-memoire-the-oath-in-felghana
Rogue Heroes: Ruins of Tasos,https://opencritic.com/game/10952/rogue-heroes-ruins-of-tasos
Dragon Ball Gekishin Squadra,https://opencritic.com/game/19271/dragon-ball-gekishin-squadra
Umurangi Generation,https://opencritic.com/game/9520/umurangi-generation
Destiny 2: Forsaken,https://opencritic.com/game/6388/destiny-2-forsaken
Life is Strange: Episode 5 - Polarized,https://opencritic.com/game/1961/life-is-strange-episode-5-polarized
Ragnarock,https://opencritic.com/game/11701/ragnarock
The Murder of Sonic the Hedgehog,https://opencritic.com/game/14520/the-murder-of-sonic-the-hedgehog
The Banished Vault,https://opencritic.com/game/15273/the-banished-vault
Torn Away,https://opencritic.com/game/15528/torn-away
WildStar,https://opencritic.com/game/528/wildstar
Mario + Rabbids: Kingdom Battle - Donkey Kong Adventure,https://opencritic.com/game/6299/mario-rabbids-kingdom-battle-donkey-kong-adventure
Alan Wake 2: Night Springs,https://opencritic.com/game/16835/alan-wake-2-night-springs
SteamWorld Heist II,https://opencritic.com/game/17049/steamworld-heist-ii
MLB 18: The Show,https://opencritic.com/game/5702/mlb-18-the-show
Age of Wonders III,https://opencritic.com/game/1297/age-of-wonders-iii
The Last Friend,https://opencritic.com/game/7439/the-last-friend
Ready or Not,https://opencritic.com/game/15971/ready-or-not
Grime II,https://opencritic.com/game/20315/grime-ii
SUPERHOT,https://opencritic.com/game/2248/superhot
The Binding of Isaac: Afterbirth+,https://opencritic.com/game/3756/the-binding-of-isaac-afterbirth-
Unpacking,https://opencritic.com/game/12257/unpacking
Shovel Knight: Plague of Shadows,https://opencritic.com/game/1891/shovel-knight-plague-of-shadows
The Metronomicon,https://opencritic.com/game/3198/the-metronomicon
Wilson's Heart,https://opencritic.com/game/4246/wilsons-heart
Pinball FX3: Williams Pinball - Volume 5,https://opencritic.com/game/8756/pinball-fx3-williams-pinball-volume-5
Max Mustard,https://opencritic.com/game/16744/max-mustard
Lies of P,https://opencritic.com/game/15437/lies-of-p
Shin Megami Tensei: Strange Journey Redux,https://opencritic.com/game/6054/shin-megami-tensei-strange-journey-redux
Watch Dogs 2,https://opencritic.com/game/2846/watch-dogs-2
Crow Country,https://opencritic.com/game/16675/crow-country
Inversus,https://opencritic.com/game/3133/inversus
Counter-Strike: Global Offensive,https://opencritic.com/game/9752/counter-strike-global-offensive
ASTLIBRA Revision,https://opencritic.com/game/13865/astlibra-revision
Romancing SaGa 2: Revenge of the Seven,https://opencritic.com/game/17509/romancing-saga-2-revenge-of-the-seven
Tetris 99,https://opencritic.com/game/7306/tetris-99
The Outer Worlds: Spacer's Choice Edition,https://opencritic.com/game/14404/the-outer-worlds-spacers-choice-edition
The Elder Scrolls Online: Necrom,https://opencritic.com/game/15109/the-elder-scrolls-online-necrom
Death of the Reprobate,https://opencritic.com/game/17622/death-of-the-reprobate
Minos,https://opencritic.com/game/20384/minos
Mushroom 11,https://opencritic.com/game/1955/mushroom-11
Wunderling,https://opencritic.com/game/9130/wunderling
Before I Forget,https://opencritic.com/game/9828/before-i-forget
Disc Room,https://opencritic.com/game/10360/disc-room
TEVI,https://opencritic.com/game/15914/tevi
Sorry We're Closed,https://opencritic.com/game/17662/sorry-were-closed
Full Metal Furies,https://opencritic.com/game/5414/full-metal-furies
Dicey Dungeons,https://opencritic.com/game/8104/dicey-dungeons
Super Time Force,https://opencritic.com/game/852/super-time-force
Kelvin and the Infamous Machine,https://opencritic.com/game/3052/kelvin-and-the-infamous-machine
Rune Factory 4 Special,https://opencritic.com/game/9052/rune-factory-4-special
Lovish,https://opencritic.com/game/20043/lovish
The Legend of Zelda: Skyward Sword HD,https://opencritic.com/game/11317/the-legend-of-zelda-skyward-sword-hd
The Legend of Heroes: Trails of Cold Steel II,https://opencritic.com/game/3240/the-legend-of-heroes-trails-of-cold-steel-ii
Motorsport Manager,https://opencritic.com/game/3566/motorsport-manager
Goodnight Universe,https://opencritic.com/game/19208/goodnight-universe
Kingdom Hearts HD 1.5 + 2.5 ReMIX,https://opencritic.com/game/3602/kingdom-hearts-hd-1-5-2-5-remix
Sorcerer King,https://opencritic.com/game/1379/sorcerer-king
Overcooked 2,https://opencritic.com/game/6225/overcooked-2
Far Cry 5,https://opencritic.com/game/4384/far-cry-5
Football Manager 2016,https://opencritic.com/game/2000/football-manager-2016
Tiny Bookshop,https://opencritic.com/game/19054/tiny-bookshop
Victoria 3,https://opencritic.com/game/13881/victoria-3
Manifold Garden,https://opencritic.com/game/8479/manifold-garden
Borderlands 4,https://opencritic.com/game/18111/borderlands-4
Hearthstone: Blackrock Mountain,https://opencritic.com/game/1258/hearthstone-blackrock-mountain
Move or Die,https://opencritic.com/game/2322/move-or-die
Sorcery! Part 4,https://opencritic.com/game/3319/sorcery-part-4
Orwell - Keeping an Eye on You,https://opencritic.com/game/3575/orwell-keeping-an-eye-on-you
Splasher,https://opencritic.com/game/3739/splasher
Phoenix Wright: Ace Attorney Trilogy,https://opencritic.com/game/7083/phoenix-wright-ace-attorney-trilogy
Yuppie Psycho,https://opencritic.com/game/7641/yuppie-psycho
Surviving Mars: Green Planet,https://opencritic.com/game/7737/surviving-mars-green-planet
Traffix,https://opencritic.com/game/7974/traffix
The Elder Scrolls Online: Dragonhold,https://opencritic.com/game/8484/the-elder-scrolls-online-dragonhold
Metro Exodus: Sam's Story,https://opencritic.com/game/8946/metro-exodus-sams-story
The Sims 4: Dream Home Decorator,https://opencritic.com/game/11475/the-sims-4-dream-home-decorator
Rubber Bandits,https://opencritic.com/game/12461/rubber-bandits
Crusader Kings III: The Royal Court,https://opencritic.com/game/12724/crusader-kings-iii-the-royal-court
Lunacid,https://opencritic.com/game/15836/lunacid
LOK Digital,https://opencritic.com/game/17858/lok-digital
Fretless - The Wrath of Riffson,https://opencritic.com/game/18898/fretless-the-wrath-of-riffson
Dunjungle,https://opencritic.com/game/19858/dunjungle
Phoenix Wright: Ace Attorney - Spirit of Justice,https://opencritic.com/game/3196/phoenix-wright-ace-attorney-spirit-of-justice
Final Fantasy III Pixel Remaster,https://opencritic.com/game/11748/final-fantasy-iii-pixel-remaster
Chants of Sennaar,https://opencritic.com/game/15460/chants-of-sennaar
Grim Fandango Remastered,https://opencritic.com/game/124/grim-fandango-remastered
Pocket Card Jockey,https://opencritic.com/game/2689/pocket-card-jockey
Voez,https://opencritic.com/game/4021/voez
Dishonored: Death of the Outsider,https://opencritic.com/game/4613/dishonored-death-of-the-outsider
Hitman - Episode 2: Sapienza,https://opencritic.com/game/2548/hitman-episode-2-sapienza
Moon,https://opencritic.com/game/10117/moon
Everhood,https://opencritic.com/game/11018/everhood
Tokyo Mirage Sessions #FE Encore,https://opencritic.com/game/8832/tokyo-mirage-sessions-fe-encore
Rogue Flight,https://opencritic.com/game/17513/rogue-flight
Story of Seasons: Grand Bazaar,https://opencritic.com/game/18319/story-of-seasons-grand-bazaar
Pokemon Omega Ruby & Alpha Sapphire,https://opencritic.com/game/2346/pokemon-omega-ruby-alpha-sapphire
Captain Toad: Treasure Tracker,https://opencritic.com/game/722/captain-toad-treasure-tracker
Moonlighter,https://opencritic.com/game/6087/moonlighter
NEO: The World Ends with You,https://opencritic.com/game/11726/neo-the-world-ends-with-you
Tales of Graces f Remastered,https://opencritic.com/game/17973/tales-of-graces-f-remastered
The Journey Down: Chapter Two,https://opencritic.com/game/631/the-journey-down-chapter-two
Aztez,https://opencritic.com/game/1589/aztez
Guild Wars 2: Path of Fire,https://opencritic.com/game/4899/guild-wars-2-path-of-fire
Spirit Hunter: NG,https://opencritic.com/game/8398/spirit-hunter-ng
Chicken Police,https://opencritic.com/game/10475/chicken-police
Planet Coaster: Console Edition,https://opencritic.com/game/10513/planet-coaster-console-edition
Songs Of Conquest,https://opencritic.com/game/13139/songs-of-conquest
Until Then,https://opencritic.com/game/16930/until-then
Minds Beneath Us,https://opencritic.com/game/17045/minds-beneath-us
Sunderfolk,https://opencritic.com/game/18425/sunderfolk
Hell Clock,https://opencritic.com/game/18958/hell-clock
EA Sports UFC 6,https://opencritic.com/game/20491/ea-sports-ufc-6
Lovers in a Dangerous Spacetime,https://opencritic.com/game/1670/lovers-in-a-dangerous-spacetime
Luftrausers,https://opencritic.com/game/995/luftrausers
Resident Evil 4,https://opencritic.com/game/3227/resident-evil-4
Middle-earth: Shadow of War,https://opencritic.com/game/4213/middle-earth-shadow-of-war
Quartet,https://opencritic.com/game/19154/quartet
KuloNiku: Bowl Up!,https://opencritic.com/game/20346/kuloniku-bowl-up-
NBA 2K14,https://opencritic.com/game/320/nba-2k14
Dying Light: The Following,https://opencritic.com/game/1714/dying-light-the-following
PARANORMASIGHT: The Seven Mysteries of Honjo,https://opencritic.com/game/14408/paranormasight-the-seven-mysteries-of-honjo
SteamWorld Dig,https://opencritic.com/game/280/steamworld-dig
Life is Strange: Episode 4 - Dark Room,https://opencritic.com/game/1496/life-is-strange-episode-4-dark-room
The Wizards,https://opencritic.com/game/5701/the-wizards
Factorio,https://opencritic.com/game/10005/factorio
Is This Seat Taken?,https://opencritic.com/game/19082/is-this-seat-taken-
Ninja Gaiden 4,https://opencritic.com/game/18722/ninja-gaiden-4
Remnant II,https://opencritic.com/game/15194/remnant-ii
Horace,https://opencritic.com/game/8018/horace
Ghost Giant,https://opencritic.com/game/7576/ghost-giant
Dragon Ball Sparking! Zero,https://opencritic.com/game/17414/dragon-ball-sparking-zero
Raccoin: Coin Pusher Roguelike,https://opencritic.com/game/20330/raccoin-coin-pusher-roguelike
Guardians of the Galaxy,https://opencritic.com/game/11622/guardians-of-the-galaxy
Coffee Talk Tokyo,https://opencritic.com/game/20625/coffee-talk-tokyo
Promise Mascot Agency,https://opencritic.com/game/18203/promise-mascot-agency
Signalis,https://opencritic.com/game/13889/signalis
Lego Star Wars: The Skywalker Saga,https://opencritic.com/game/9901/lego-star-wars-the-skywalker-saga
Beholder 2,https://opencritic.com/game/7101/beholder-2
Stranded: Alien Dawn,https://opencritic.com/game/13903/stranded-alien-dawn
Spirit City: Lofi Sessions,https://opencritic.com/game/16574/spirit-city-lofi-sessions
Jagged Alliance 3,https://opencritic.com/game/15214/jagged-alliance-3
Tekken 7,https://opencritic.com/game/3599/tekken-7
Live A Live,https://opencritic.com/game/13434/live-a-live
The Sims 4: Seasons,https://opencritic.com/game/6236/the-sims-4-seasons
Hand of Fate 2,https://opencritic.com/game/5117/hand-of-fate-2
The Legend of Heroes: Trails in the Sky - Second Chapter,https://opencritic.com/game/1971/the-legend-of-heroes-trails-in-the-sky-second-chapter
Pro Evolution Soccer 2018,https://opencritic.com/game/4497/pro-evolution-soccer-2018
The Last of Us Part I,https://opencritic.com/game/13283/the-last-of-us-part-i
Mario & Luigi: Superstar Saga + Bowser's Minions,https://opencritic.com/game/4959/mario-luigi-superstar-saga-bowsers-minions
Arise: A simple story,https://opencritic.com/game/8536/arise-a-simple-story
The Elder Scrolls IV: Oblivion Remastered,https://opencritic.com/game/18437/the-elder-scrolls-iv-oblivion-remastered
FAST Racing Neo,https://opencritic.com/game/2043/fast-racing-neo
Augmented Empire,https://opencritic.com/game/4784/augmented-empire
Pinball FX3 - Universal Monsters Pinball Pack,https://opencritic.com/game/8553/pinball-fx3-universal-monsters-pinball-pack
Life is Strange: True Colors - Wavelengths,https://opencritic.com/game/12079/life-is-strange-true-colors-wavelengths
Atelier Sophie 2: The Alchemist & The Mysterious Dream,https://opencritic.com/game/12793/atelier-sophie-2-the-alchemist-the-mysterious-dream
Atelier Dusk Trilogy Deluxe Pack,https://opencritic.com/game/8830/atelier-dusk-trilogy-deluxe-pack
South Park: The Fractured But Whole,https://opencritic.com/game/2845/south-park-the-fractured-but-whole
Anno 1800,https://opencritic.com/game/7085/anno-1800
Mighty Switch Force! Collection,https://opencritic.com/game/8024/mighty-switch-force-collection
The Exorcist: Legion VR,https://opencritic.com/game/5236/the-exorcist-legion-vr
Impostor Factory,https://opencritic.com/game/12074/impostor-factory
System Shock 2: 25th Anniversary Remaster,https://opencritic.com/game/18792/system-shock-2-25th-anniversary-remaster
Terra Nil,https://opencritic.com/game/14483/terra-nil
Cat Quest III,https://opencritic.com/game/17070/cat-quest-iii
Lost Ark,https://opencritic.com/game/12680/lost-ark
Resogun: Defenders,https://opencritic.com/game/112/resogun-defenders
Dark Souls II: Crown of the Sunken King,https://opencritic.com/game/524/dark-souls-ii-crown-of-the-sunken-king
The Wolf Among Us: Episode 1 - Faith,https://opencritic.com/game/1503/the-wolf-among-us-episode-1-faith
Conquest of Elysium 4,https://opencritic.com/game/2038/conquest-of-elysium-4
Dreamfall Chapters Book Three: Realms,https://opencritic.com/game/3027/dreamfall-chapters-book-three-realms
Four Last Things,https://opencritic.com/game/3985/four-last-things
Rumu,https://opencritic.com/game/5288/rumu
ACA NEOGEO Magical Drop III,https://opencritic.com/game/5719/aca-neogeo-magical-drop-iii
Octahedron,https://opencritic.com/game/5769/octahedron
Knights of Pen and Paper +1 Deluxier Edition,https://opencritic.com/game/6155/knights-of-pen-and-paper-1-deluxier-edition
SEGA AGES Phantasy Star,https://opencritic.com/game/6913/sega-ages-phantasy-star
Mindball Play,https://opencritic.com/game/7370/mindball-play
World of Warships Legends,https://opencritic.com/game/7694/world-of-warships-legends
Psyvariar Delta,https://opencritic.com/game/7958/psyvariar-delta
Wilmot's Warehouse,https://opencritic.com/game/8199/wilmots-warehouse
Frog Detective 2: The Case of the Invisible Wizard,https://opencritic.com/game/8729/frog-detective-2-the-case-of-the-invisible-wizard
Plebby Quest: The Crusades,https://opencritic.com/game/9367/plebby-quest-the-crusades
3 Out of 10: Season Two,https://opencritic.com/game/11188/3-out-of-10-season-two
Sunshine Manor,https://opencritic.com/game/12265/sunshine-manor
Okinawa Rush,https://opencritic.com/game/12367/okinawa-rush
FILMECHANISM,https://opencritic.com/game/12529/filmechanism
Ultrawings 2,https://opencritic.com/game/12801/ultrawings-2
Monument Valley: Panoramic Collection,https://opencritic.com/game/13396/monument-valley-panoramic-collection
Q.U.B.E. 10th Anniversary,https://opencritic.com/game/13679/q-u-b-e-10th-anniversary
Shatter Remastered Deluxe,https://opencritic.com/game/13931/shatter-remastered-deluxe
Inkbound,https://opencritic.com/game/14935/inkbound
Doomblade,https://opencritic.com/game/15014/doomblade
Boxes: Lost Fragments,https://opencritic.com/game/16204/boxes-lost-fragments
Pine Hearts,https://opencritic.com/game/16748/pine-hearts
Beyond Galaxyland,https://opencritic.com/game/17349/beyond-galaxyland
Mindcop,https://opencritic.com/game/17658/mindcop
Creepy Redneck Dinosaur Mansion 3,https://opencritic.com/game/18439/creepy-redneck-dinosaur-mansion-3
Aureole - Wings of Hope,https://opencritic.com/game/18558/aureole-wings-of-hope
Tom Clancy's The Division 2: Battle for Brooklyn,https://opencritic.com/game/18614/tom-clancys-the-division-2-battle-for-brooklyn
Slots & Daggers,https://opencritic.com/game/19576/slots-daggers
The Perfect Pencil,https://opencritic.com/game/19871/the-perfect-pencil
Perfect Tides: Station to Station,https://opencritic.com/game/19956/perfect-tides-station-to-station
Find Your Words,https://opencritic.com/game/20426/find-your-words
Vultures - Scavengers of Death,https://opencritic.com/game/20599/vultures-scavengers-of-death
F1 2016,https://opencritic.com/game/2867/f1-2016
Hitman - Episode 6: Hokkaido,https://opencritic.com/game/3532/hitman-episode-6-hokkaido
Endless Space 2,https://opencritic.com/game/4204/endless-space-2
Kirby Air Riders,https://opencritic.com/game/19310/kirby-air-riders
Koira,https://opencritic.com/game/17802/koira
Sam & Max Save The World Remastered,https://opencritic.com/game/10606/sam-max-save-the-world-remastered
Moncage,https://opencritic.com/game/12329/moncage
Berserk Boy,https://opencritic.com/game/16367/berserk-boy
Kunitsu-Gami: Path of the Goddess,https://opencritic.com/game/16948/kunitsu-gami-path-of-the-goddess
Mordhau,https://opencritic.com/game/7677/mordhau
Madden NFL 18,https://opencritic.com/game/4461/madden-nfl-18
Project CARS 2,https://opencritic.com/game/4858/project-cars-2
The End Is Nigh,https://opencritic.com/game/4587/the-end-is-nigh
Shadowrun: Hong Kong,https://opencritic.com/game/1845/shadowrun-hong-kong
Fight'N Rage,https://opencritic.com/game/4890/fightn-rage
Yakuza 5 Remastered,https://opencritic.com/game/8677/yakuza-5-remastered
Saviors of Sapphire Wings & Stranger of Sword City Revisited,https://opencritic.com/game/11074/saviors-of-sapphire-wings-stranger-of-sword-city-revisited
Star Wars Pinball VR,https://opencritic.com/game/11298/star-wars-pinball-vr
SUPERHOT (VR),https://opencritic.com/game/3690/superhot-vr-
The Plucky Squire,https://opencritic.com/game/17304/the-plucky-squire
Laser League,https://opencritic.com/game/6049/laser-league
Prodeus,https://opencritic.com/game/10611/prodeus
inFamous: Second Son,https://opencritic.com/game/278/infamous-second-son
A Plague Tale: Innocence,https://opencritic.com/game/7547/a-plague-tale-innocence
Lacuna - A Sci-Fi Noir Adventure,https://opencritic.com/game/11409/lacuna-a-sci-fi-noir-adventure
UnMetal,https://opencritic.com/game/12022/unmetal
Age of Wonders 4,https://opencritic.com/game/14350/age-of-wonders-4
LEGO Marvel Super Heroes,https://opencritic.com/game/307/lego-marvel-super-heroes
Super Mega Baseball 3,https://opencritic.com/game/9282/super-mega-baseball-3
Black Myth: Wukong,https://opencritic.com/game/17160/black-myth-wukong
Kena: Bridge of Spirits,https://opencritic.com/game/11516/kena-bridge-of-spirits
Apollo Justice: Ace Attorney Trilogy,https://opencritic.com/game/16103/apollo-justice-ace-attorney-trilogy
Wolfenstein: The New Order,https://opencritic.com/game/255/wolfenstein-the-new-order
Disgaea 5: Alliance of Vengeance,https://opencritic.com/game/1579/disgaea-5-alliance-of-vengeance
Collar X Malice,https://opencritic.com/game/4671/collar-x-malice
AI: The Somnium Files,https://opencritic.com/game/8243/ai-the-somnium-files
Heroes of Hammerwatch - Ultimate Edition,https://opencritic.com/game/9907/heroes-of-hammerwatch-ultimate-edition
DOOM Eternal (Switch),https://opencritic.com/game/10660/doom-eternal-switch-
Bakeru,https://opencritic.com/game/17188/bakeru
Backyard Baseball '97,https://opencritic.com/game/17426/backyard-baseball-97
QQQbeats!!!,https://opencritic.com/game/19396/qqqbeats-
Super Mario Party Jamboree,https://opencritic.com/game/16873/super-mario-party-jamboree
FIFA 19,https://opencritic.com/game/6214/fifa-19
Gradius Origins,https://opencritic.com/game/19055/gradius-origins
Paradise Killer,https://opencritic.com/game/10102/paradise-killer
The Forest,https://opencritic.com/game/6029/the-forest
Mega Man X Legacy Collection,https://opencritic.com/game/6403/mega-man-x-legacy-collection
TR-49,https://opencritic.com/game/19955/tr-49
Time Flies,https://opencritic.com/game/18908/time-flies
The Last Spell,https://opencritic.com/game/14413/the-last-spell
Blade Chimera,https://opencritic.com/game/17962/blade-chimera
Kaze and the Wild Masks,https://opencritic.com/game/11097/kaze-and-the-wild-masks
Stellaris,https://opencritic.com/game/1713/stellaris
Prey: Mooncrash,https://opencritic.com/game/6218/prey-mooncrash
Deus Ex: Mankind Divided,https://opencritic.com/game/1812/deus-ex-mankind-divided
Sid Meier's Civilization: Beyond Earth,https://opencritic.com/game/1275/sid-meiers-civilization-beyond-earth
Project Highrise,https://opencritic.com/game/3241/project-highrise
Pig Eat Ball,https://opencritic.com/game/6660/pig-eat-ball
Panzer Corps 2,https://opencritic.com/game/9164/panzer-corps-2
Archvale,https://opencritic.com/game/12407/archvale
APICO,https://opencritic.com/game/13179/apico
CloverPit,https://opencritic.com/game/19389/cloverpit
Genshin Impact,https://opencritic.com/game/10217/genshin-impact
Ghostrunner,https://opencritic.com/game/10172/ghostrunner
Pillars of Eternity II: Deadfire - Ultimate Edition,https://opencritic.com/game/8959/pillars-of-eternity-ii-deadfire-ultimate-edition
"Warhammer 40,000: Space Marine 2",https://opencritic.com/game/17120/warhammer-40-000-space-marine-2
Stellar Blade,https://opencritic.com/game/16510/stellar-blade
Like a Dragon: Pirate Yakuza in Hawaii,https://opencritic.com/game/17748/like-a-dragon-pirate-yakuza-in-hawaii
Football Manager 2017,https://opencritic.com/game/3388/football-manager-2017
Lonely Mountains: Downhill,https://opencritic.com/game/8395/lonely-mountains-downhill
Birushana: Winds of Fate,https://opencritic.com/game/20630/birushana-winds-of-fate
EA Sports College Football 25,https://opencritic.com/game/17015/ea-sports-college-football-25
Let's Build a Zoo,https://opencritic.com/game/12289/lets-build-a-zoo
The Lion's Song: The Full Season,https://opencritic.com/game/4633/the-lions-song-the-full-season
Splatoon,https://opencritic.com/game/709/splatoon
Frostpunk 2: Console Edition,https://opencritic.com/game/19314/frostpunk-2-console-edition
Kombinera,https://opencritic.com/game/12985/kombinera
Deadlink,https://opencritic.com/game/15415/deadlink
Drop Duchy,https://opencritic.com/game/18490/drop-duchy
Senua's Saga: Hellblade II,https://opencritic.com/game/16475/senuas-saga-hellblade-ii
Clubhouse Games: 51 Worldwide Classics,https://opencritic.com/game/9569/clubhouse-games-51-worldwide-classics
Going Under,https://opencritic.com/game/10207/going-under
Lost in Random: The Eternal Die,https://opencritic.com/game/18686/lost-in-random-the-eternal-die
"That Dragon, Cancer",https://opencritic.com/game/2126/that-dragon-cancer
Westerado: Double Barreled,https://opencritic.com/game/900/westerado-double-barreled
Life is Strange - Season One,https://opencritic.com/game/1995/life-is-strange-season-one
Golf Story,https://opencritic.com/game/4919/golf-story
Buried Stars,https://opencritic.com/game/10002/buried-stars
The Legend of Heroes: Trails of Cold Steel IV,https://opencritic.com/game/10391/the-legend-of-heroes-trails-of-cold-steel-iv
Stirring Abyss,https://opencritic.com/game/10417/stirring-abyss
Chroma Quaternion,https://opencritic.com/game/11329/chroma-quaternion
Pathfinder: Wrath of the Righteous,https://opencritic.com/game/11911/pathfinder-wrath-of-the-righteous
Henchman Story,https://opencritic.com/game/12254/henchman-story
Beacon Pines,https://opencritic.com/game/13710/beacon-pines
Kynseed,https://opencritic.com/game/14081/kynseed
Cyber Shadow,https://opencritic.com/game/10837/cyber-shadow
Kathy Rain,https://opencritic.com/game/2694/kathy-rain
SteamWorld Quest: Hand of Gilgamech,https://opencritic.com/game/7604/steamworld-quest-hand-of-gilgamech
The Eternal Cylinder,https://opencritic.com/game/12051/the-eternal-cylinder
Advance Wars 1+2: Re-Boot Camp,https://opencritic.com/game/14513/advance-wars-1-2-re-boot-camp
Forza Horizon 2: Storm Island,https://opencritic.com/game/484/forza-horizon-2-storm-island
The First Berserker: Khazan,https://opencritic.com/game/17884/the-first-berserker-khazan
Killer Queen Black,https://opencritic.com/game/8405/killer-queen-black
Sunless Sea,https://opencritic.com/game/1410/sunless-sea
Atlas Reactor,https://opencritic.com/game/3353/atlas-reactor
eFootball PES 2020,https://opencritic.com/game/8187/efootball-pes-2020
Zero Time Dilemma,https://opencritic.com/game/2810/zero-time-dilemma
Oxenfree,https://opencritic.com/game/2142/oxenfree
Fire Pro Wrestling World,https://opencritic.com/game/6510/fire-pro-wrestling-world
Expeditions: Rome,https://opencritic.com/game/12614/expeditions-rome
Pinball FX3: Jurassic World,https://opencritic.com/game/5565/pinball-fx3-jurassic-world
Total War: ROME II - Rise of the Republic Campaign Pack,https://opencritic.com/game/6463/total-war-rome-ii-rise-of-the-republic-campaign-pack
Pinball FX3: Williams Pinball – Volume 1,https://opencritic.com/game/6740/pinball-fx3-williams-pinball-volume-1
Pillars of Eternity II: Deadfire - The Forgotten Sanctum,https://opencritic.com/game/7026/pillars-of-eternity-ii-deadfire-the-forgotten-sanctum
Steam Prison,https://opencritic.com/game/7308/steam-prison
Captain Toad: Treasure Tracker Special Episode,https://opencritic.com/game/7460/captain-toad-treasure-tracker-special-episode
Super Robot Wars T,https://opencritic.com/game/7544/super-robot-wars-t
Blood: Fresh Supply,https://opencritic.com/game/7728/blood-fresh-supply
Aviary Attorney: Definitive Edition,https://opencritic.com/game/8916/aviary-attorney-definitive-edition
Mystic Pillars,https://opencritic.com/game/9144/mystic-pillars
The Darkside Detective: A Fumble in the Dark,https://opencritic.com/game/11221/the-darkside-detective-a-fumble-in-the-dark
Kraino Origins,https://opencritic.com/game/13789/kraino-origins
Resident Evil Village Gold Edition,https://opencritic.com/game/13888/resident-evil-village-gold-edition
Shadows Over Loathing,https://opencritic.com/game/13982/shadows-over-loathing
OlliOlli World: Finding The Flowzone,https://opencritic.com/game/14008/olliolli-world-finding-the-flowzone
Jurassic World Evolution 2: Dominion Malta Expansion,https://opencritic.com/game/14162/jurassic-world-evolution-2-dominion-malta-expansion
Kingdom Eighties,https://opencritic.com/game/15150/kingdom-eighties
Savant - Ascent REMIX,https://opencritic.com/game/15583/savant-ascent-remix
Total War: Warhammer 3 Thrones of Decay,https://opencritic.com/game/16647/total-war-warhammer-3-thrones-of-decay
"Love, Ghostie",https://opencritic.com/game/17115/love-ghostie
ZERO Sievert,https://opencritic.com/game/17549/zero-sievert
Atomic Heart: Enchantment Under the Sea,https://opencritic.com/game/18082/atomic-heart-enchantment-under-the-sea
Cabernet,https://opencritic.com/game/18159/cabernet
Fresh Tracks,https://opencritic.com/game/19155/fresh-tracks
Platypus Reclayed,https://opencritic.com/game/19359/platypus-reclayed
Pacific Drive: Whispers in the Woods,https://opencritic.com/game/19579/pacific-drive-whispers-in-the-woods
Angeline Era,https://opencritic.com/game/20119/angeline-era
Battlestar Galactica: Scattered Hopes,https://opencritic.com/game/20559/battlestar-galactica-scattered-hopes
Curse of the Dead Gods,https://opencritic.com/game/9193/curse-of-the-dead-gods
The Walking Dead: Season Two Episode 3 - In Harm's Way,https://opencritic.com/game/980/the-walking-dead-season-two-episode-3-in-harms-way
Youropa,https://opencritic.com/game/6242/youropa
Avicii Invector,https://opencritic.com/game/8707/avicii-invector
Xanadu Next,https://opencritic.com/game/3531/xanadu-next
The Sims 4: Eco Lifestyle,https://opencritic.com/game/9608/the-sims-4-eco-lifestyle
Final Fantasy XIV: Dawntrail,https://opencritic.com/game/16958/final-fantasy-xiv-dawntrail
Prey,https://opencritic.com/game/3589/prey
Exo One,https://opencritic.com/game/12347/exo-one
Duck Detective: The Ghost of Glamping,https://opencritic.com/game/18504/duck-detective-the-ghost-of-glamping
FANTASIAN Neo Dimension,https://opencritic.com/game/17731/fantasian-neo-dimension
Final Fantasy IX,https://opencritic.com/game/4892/final-fantasy-ix
DiRT 5,https://opencritic.com/game/10252/dirt-5
Dynasty Warriors: Origins,https://opencritic.com/game/17485/dynasty-warriors-origins
Dragon Age: Inquisition - Trespasser,https://opencritic.com/game/1813/dragon-age-inquisition-trespasser
Nioh: Bloodshed's End,https://opencritic.com/game/4915/nioh-bloodsheds-end
Fallout 4 VR,https://opencritic.com/game/4923/fallout-4-vr
Demeo,https://opencritic.com/game/11344/demeo
SMITE,https://opencritic.com/game/535/smite
Plants vs. Zombies: Garden Warfare 2,https://opencritic.com/game/1653/plants-vs-zombies-garden-warfare-2
Life is Strange: True Colors,https://opencritic.com/game/11319/life-is-strange-true-colors
Coffee Talk Episode 2: Hibiscus & Butterfly,https://opencritic.com/game/14743/coffee-talk-episode-2-hibiscus-butterfly
Planet of Lana,https://opencritic.com/game/14952/planet-of-lana
Etrian Odyssey V: Beyond the Myth,https://opencritic.com/game/5022/etrian-odyssey-v-beyond-the-myth
SEGA AGES Fantasy Zone,https://opencritic.com/game/8892/sega-ages-fantasy-zone
Post Void,https://opencritic.com/game/9942/post-void
NieR: Automata 3C3C1D119440927,https://opencritic.com/game/4284/nier-automata-3c3c1d119440927
Xenoblade Chronicles 2: Torna - The Golden Country,https://opencritic.com/game/6564/xenoblade-chronicles-2-torna-the-golden-country
ScourgeBringer,https://opencritic.com/game/10105/scourgebringer
Keylocker | Turn Based Cyberpunk Action,https://opencritic.com/game/17321/keylocker-turn-based-cyberpunk-action
Streets of Rogue,https://opencritic.com/game/7969/streets-of-rogue
PowerSlave Exhumed,https://opencritic.com/game/12751/powerslave-exhumed
Alien: Isolation,https://opencritic.com/game/195/alien-isolation
Ninja Gaiden 2 Black,https://opencritic.com/game/18035/ninja-gaiden-2-black
Keeper,https://opencritic.com/game/19381/keeper
Injustice: Gods Among Us - Ultimate Edition,https://opencritic.com/game/323/injustice-gods-among-us-ultimate-edition
Shadowverse: Champion's Battle,https://opencritic.com/game/10294/shadowverse-champions-battle
Shotgun Cop Man,https://opencritic.com/game/18479/shotgun-cop-man
Littlewood,https://opencritic.com/game/9939/littlewood
F1 22,https://opencritic.com/game/13305/f1-22
The Entropy Centre,https://opencritic.com/game/13932/the-entropy-centre
Like a Dragon: Ishin!,https://opencritic.com/game/14311/like-a-dragon-ishin-
Spyro Reignited Trilogy,https://opencritic.com/game/6016/spyro-reignited-trilogy
Monster Sanctuary,https://opencritic.com/game/10647/monster-sanctuary
Pinball FX3,https://opencritic.com/game/4855/pinball-fx3
Pokémon: Let's Go,https://opencritic.com/game/6216/pok-mon-lets-go
Hello Kitty Island Adventure,https://opencritic.com/game/18062/hello-kitty-island-adventure
RoadCraft,https://opencritic.com/game/18563/roadcraft
Fate/Samurai Remnant,https://opencritic.com/game/15559/fate-samurai-remnant
NHL 16,https://opencritic.com/game/1782/nhl-16
Freedom Planet,https://opencritic.com/game/2136/freedom-planet
Tumblestone,https://opencritic.com/game/2962/tumblestone
Dead Rising 2 HD,https://opencritic.com/game/3279/dead-rising-2-hd
Transport Fever,https://opencritic.com/game/3569/transport-fever
Arena of Valor,https://opencritic.com/game/6661/arena-of-valor
Swords and Soldiers 2 Shawarmageddon,https://opencritic.com/game/6888/swords-and-soldiers-2-shawarmageddon
The Curious Tale of the Stolen Pets,https://opencritic.com/game/8610/the-curious-tale-of-the-stolen-pets
Cafe Enchante,https://opencritic.com/game/10468/cafe-enchante
Altdeus: Beyond Chronos,https://opencritic.com/game/10609/altdeus-beyond-chronos
World of Warcraft: The Burning Crusade Classic,https://opencritic.com/game/11515/world-of-warcraft-the-burning-crusade-classic
The Sims 4: Cottage Living,https://opencritic.com/game/11728/the-sims-4-cottage-living
Distant Worlds 2,https://opencritic.com/game/12871/distant-worlds-2
Wayward Strand,https://opencritic.com/game/13377/wayward-strand
Among Us VR,https://opencritic.com/game/13976/among-us-vr
Witch on the Holy Night,https://opencritic.com/game/14122/witch-on-the-holy-night
Rytmos,https://opencritic.com/game/14372/rytmos
Horizon Forbidden West: Burning Shores,https://opencritic.com/game/14796/horizon-forbidden-west-burning-shores
The Fabulous Fear Machine,https://opencritic.com/game/15592/the-fabulous-fear-machine
Demon's Mirror,https://opencritic.com/game/17245/demons-mirror
Rogue Waters,https://opencritic.com/game/17395/rogue-waters
Lonely Mountains: Snow Riders,https://opencritic.com/game/17995/lonely-mountains-snow-riders
Under Defeat,https://opencritic.com/game/18075/under-defeat
"I Have No Mouth, and I Must Scream",https://opencritic.com/game/18404/i-have-no-mouth-and-i-must-scream
Spindle,https://opencritic.com/game/19463/spindle
Temirana: The Lucky Princess and the Tragic Knights,https://opencritic.com/game/19915/temirana-the-lucky-princess-and-the-tragic-knights
MARVEL Cosmic Invasion,https://opencritic.com/game/19574/marvel-cosmic-invasion
Fatal Fury: City of the Wolves,https://opencritic.com/game/17789/fatal-fury-city-of-the-wolves
Nidhogg,https://opencritic.com/game/1013/nidhogg
Assassin's Creed Shadows,https://opencritic.com/game/16792/assassins-creed-shadows
Bloodstained: Curse of the Moon 2,https://opencritic.com/game/9732/bloodstained-curse-of-the-moon-2
Atelier Ryza 2: Lost Legends & the Secret Fairy,https://opencritic.com/game/10734/atelier-ryza-2-lost-legends-the-secret-fairy
Resident Evil HD Remaster,https://opencritic.com/game/127/resident-evil-hd-remaster
GRIME,https://opencritic.com/game/11762/grime
Rhythm Heaven Megamix,https://opencritic.com/game/2925/rhythm-heaven-megamix
Murder by Numbers,https://opencritic.com/game/9104/murder-by-numbers
Kirby Triple Deluxe,https://opencritic.com/game/2359/kirby-triple-deluxe
Tales From The Borderlands: Episode Two - Atlas Mugged,https://opencritic.com/game/364/tales-from-the-borderlands-episode-two-atlas-mugged
Wasteland 2,https://opencritic.com/game/514/wasteland-2
Final Fantasy VII,https://opencritic.com/game/1566/final-fantasy-vii
Void Bastards,https://opencritic.com/game/7775/void-bastards
The Legend of Zelda: Breath of the Wild - The Champions' Ballad,https://opencritic.com/game/5270/the-legend-of-zelda-breath-of-the-wild-the-champions-ballad
Granblue Fantasy: Relink,https://opencritic.com/game/16192/granblue-fantasy-relink
Yakuza Kiwami,https://opencritic.com/game/4737/yakuza-kiwami
Reigns: Her Majesty,https://opencritic.com/game/5269/reigns-her-majesty
PGA TOUR 2K25,https://opencritic.com/game/18046/pga-tour-2k25
Moving Out 2,https://opencritic.com/game/15346/moving-out-2
MLB The Show 23,https://opencritic.com/game/14347/mlb-the-show-23
Persona Q2: New Cinema Labyrinth,https://opencritic.com/game/7843/persona-q2-new-cinema-labyrinth
The Finals,https://opencritic.com/game/15962/the-finals
SUPERHOT: MIND CONTROL DELETE,https://opencritic.com/game/9761/superhot-mind-control-delete
Rabi-Ribi,https://opencritic.com/game/2227/rabi-ribi
Mega Man Zero/ZX Legacy Collection,https://opencritic.com/game/8678/mega-man-zero-zx-legacy-collection
Crown Trick,https://opencritic.com/game/10299/crown-trick
Llamasoft: The Jeff Minter Story,https://opencritic.com/game/16439/llamasoft-the-jeff-minter-story
The Sexy Brutale,https://opencritic.com/game/4178/the-sexy-brutale
Stellaris: Utopia,https://opencritic.com/game/4062/stellaris-utopia
Alisa Developer's Cut,https://opencritic.com/game/16247/alisa-developers-cut
NBA 2K26,https://opencritic.com/game/18885/nba-2k26
Fuser,https://opencritic.com/game/10481/fuser
Black Book,https://opencritic.com/game/11785/black-book
Sairento VR,https://opencritic.com/game/5418/sairento-vr
Madden NFL 15,https://opencritic.com/game/221/madden-nfl-15
Age of Wonders: Planetfall,https://opencritic.com/game/7408/age-of-wonders-planetfall
Station to Station,https://opencritic.com/game/15595/station-to-station
Oddworld: Abe's Oddysee - New 'n' Tasty,https://opencritic.com/game/235/oddworld-abes-oddysee-new-n-tasty
Batman: The Enemy Within - The Complete Season,https://opencritic.com/game/5813/batman-the-enemy-within-the-complete-season
Sifu,https://opencritic.com/game/12705/sifu
Dungeons of Hinterberg,https://opencritic.com/game/16996/dungeons-of-hinterberg
Aliens Go Home Run,https://opencritic.com/game/3897/aliens-go-home-run
Russian Subway Dogs,https://opencritic.com/game/6476/russian-subway-dogs
Blazing Beaks,https://opencritic.com/game/7686/blazing-beaks
Blind Drive,https://opencritic.com/game/11047/blind-drive
Farthest Frontier,https://opencritic.com/game/13562/farthest-frontier
Teenage Mutant Ninja Turtles: Shredder's Revenge - Dimension Shellshock,https://opencritic.com/game/15434/teenage-mutant-ninja-turtles-shredders-revenge-dimension-shellshock
UNDER NIGHT IN-BIRTH II SYS:CELES,https://opencritic.com/game/16121/under-night-in-birth-ii-sys-celes
Star Wars: Dark Forces Remaster,https://opencritic.com/game/16325/star-wars-dark-forces-remaster
The Planet Crafter,https://opencritic.com/game/16555/the-planet-crafter
Luna Abyss,https://opencritic.com/game/20556/luna-abyss
Mega Man 11,https://opencritic.com/game/6208/mega-man-11
Fantasia: Music Evolved,https://opencritic.com/game/841/fantasia-music-evolved
Fire Emblem Engage,https://opencritic.com/game/13896/fire-emblem-engage
VVVVVV,https://opencritic.com/game/5213/vvvvvv
UNDER NIGHT IN-BIRTH Exe:Late[cl-r],https://opencritic.com/game/9023/under-night-in-birth-exe-late-cl-r-
Final Fantasy XV,https://opencritic.com/game/1512/final-fantasy-xv
Borderlands: The Handsome Collection,https://opencritic.com/game/77/borderlands-the-handsome-collection
Professor Layton and the Azran Legacy,https://opencritic.com/game/2367/professor-layton-and-the-azran-legacy
Ace Combat 7: Skies Unknown,https://opencritic.com/game/7116/ace-combat-7-skies-unknown
Rainbow Billy: The Curse of Leviathan,https://opencritic.com/game/12069/rainbow-billy-the-curse-of-leviathan
The Legend of Tian Ding,https://opencritic.com/game/12232/the-legend-of-tian-ding
Trine: Enchanted Edition,https://opencritic.com/game/716/trine-enchanted-edition
R-Type Dimensions EX,https://opencritic.com/game/6952/r-type-dimensions-ex
Days Gone Remastered,https://opencritic.com/game/18125/days-gone-remastered
NBA 2K19,https://opencritic.com/game/6209/nba-2k19
Wo Long: Fallen Dynasty,https://opencritic.com/game/14367/wo-long-fallen-dynasty
Offworld Trading Company,https://opencritic.com/game/2634/offworld-trading-company
Bayonetta Origins: Cereza and the Lost Demon,https://opencritic.com/game/14432/bayonetta-origins-cereza-and-the-lost-demon
Dropsy,https://opencritic.com/game/1798/dropsy
MOUSE: P.I. For Hire,https://opencritic.com/game/19810/mouse-p-i-for-hire
The Elder Scrolls V: Skyrim - Special Edition,https://opencritic.com/game/2851/the-elder-scrolls-v-skyrim-special-edition
Fire Emblem Warriors: Three Hopes,https://opencritic.com/game/13146/fire-emblem-warriors-three-hopes
Valfaris,https://opencritic.com/game/8399/valfaris
art of rally,https://opencritic.com/game/10188/art-of-rally
Turbo Kid,https://opencritic.com/game/16581/turbo-kid
Crashlands 2,https://opencritic.com/game/18373/crashlands-2
Black Jacket,https://opencritic.com/game/20593/black-jacket
Once Upon a Katamari,https://opencritic.com/game/19027/once-upon-a-katamari
Rune Factory: Guardians of Azuma,https://opencritic.com/game/18636/rune-factory-guardians-of-azuma
Gravity Rush 2,https://opencritic.com/game/3383/gravity-rush-2
Marathon,https://opencritic.com/game/20182/marathon
Videoball,https://opencritic.com/game/2963/videoball
Persona 3 Portable,https://opencritic.com/game/13297/persona-3-portable
BoxVR,https://opencritic.com/game/7848/boxvr
Agent A: A Puzzle in Disguise,https://opencritic.com/game/8196/agent-a-a-puzzle-in-disguise
Inertial Drift,https://opencritic.com/game/10133/inertial-drift
NeverAwake,https://opencritic.com/game/13740/neverawake
Loddlenaut,https://opencritic.com/game/15859/loddlenaut
Dredge: The Pale Reach,https://opencritic.com/game/15862/dredge-the-pale-reach
Call of Duty: Advanced Warfare,https://opencritic.com/game/174/call-of-duty-advanced-warfare
Super Mega Baseball 4,https://opencritic.com/game/15030/super-mega-baseball-4
Card Shark,https://opencritic.com/game/13203/card-shark
Sundered: Eldritch Edition,https://opencritic.com/game/7045/sundered-eldritch-edition
Blood West,https://opencritic.com/game/15940/blood-west
Dune: Awakening,https://opencritic.com/game/18178/dune-awakening
Shantae and the Pirate's Curse,https://opencritic.com/game/2440/shantae-and-the-pirates-curse
Sakuna: Of Rice and Ruin,https://opencritic.com/game/10253/sakuna-of-rice-and-ruin
Final Fantasy VIII Remastered,https://opencritic.com/game/8218/final-fantasy-viii-remastered
Final Fantasy II Pixel Remaster,https://opencritic.com/game/11747/final-fantasy-ii-pixel-remaster
Disney Infinity: 3.0 Edition,https://opencritic.com/game/1552/disney-infinity-3-0-edition
Teenage Mutant Ninja Turtles: The Cowabunga Collection,https://opencritic.com/game/13600/teenage-mutant-ninja-turtles-the-cowabunga-collection
Kerbal Space Program,https://opencritic.com/game/562/kerbal-space-program
Hover Junkers (VR),https://opencritic.com/game/2593/hover-junkers-vr-
Detention 返校,https://opencritic.com/game/3791/detention-
A Mortician's Tale,https://opencritic.com/game/5040/a-morticians-tale
L.A. Noire: The VR Case Files,https://opencritic.com/game/5278/l-a-noire-the-vr-case-files
Destination Primus Vita – Episode 1,https://opencritic.com/game/6494/destination-primus-vita-episode-1
Lair of the Clockwork God,https://opencritic.com/game/9032/lair-of-the-clockwork-god
Them's Fightin' Herds,https://opencritic.com/game/9420/thems-fightin-herds
tERRORbane,https://opencritic.com/game/12955/terrorbane
Worldless,https://opencritic.com/game/15876/worldless
Children of the Sun,https://opencritic.com/game/16552/children-of-the-sun
Alaloth: Champions of The Four Kingdoms,https://opencritic.com/game/18402/alaloth-champions-of-the-four-kingdoms
Wanderstop,https://opencritic.com/game/18213/wanderstop
Ruined King: A League of Legends Story,https://opencritic.com/game/12358/ruined-king-a-league-of-legends-story
Catherine: Full Body,https://opencritic.com/game/7771/catherine-full-body
Brothers: A Tale of Two Sons Remake,https://opencritic.com/game/16366/brothers-a-tale-of-two-sons-remake
CONVERGENCE: A League of Legends Story,https://opencritic.com/game/14941/convergence-a-league-of-legends-story
Planet Zoo,https://opencritic.com/game/7900/planet-zoo
Battlefleet Gothic: Armada,https://opencritic.com/game/2628/battlefleet-gothic-armada
Lunar Remastered Collection,https://opencritic.com/game/18386/lunar-remastered-collection
Nelly Cootalot - The Fowl Fleet,https://opencritic.com/game/2475/nelly-cootalot-the-fowl-fleet
Darkest Dungeon II,https://opencritic.com/game/12422/darkest-dungeon-ii
Digimon Story: Time Stranger,https://opencritic.com/game/19394/digimon-story-time-stranger
La-Mulana 2,https://opencritic.com/game/6449/la-mulana-2
Lethal League Blaze,https://opencritic.com/game/6830/lethal-league-blaze
The Sims 4: Discover University,https://opencritic.com/game/8601/the-sims-4-discover-university
Total War: Three Kingdoms - A World Betrayed,https://opencritic.com/game/9184/total-war-three-kingdoms-a-world-betrayed
Sprint Vector,https://opencritic.com/game/5514/sprint-vector
The Rogue Prince of Persia,https://opencritic.com/game/16774/the-rogue-prince-of-persia
The Banner Saga,https://opencritic.com/game/543/the-banner-saga
Shantae: Half-Genie Hero,https://opencritic.com/game/3126/shantae-half-genie-hero
Nioh 2: Darkness in the Capital,https://opencritic.com/game/10364/nioh-2-darkness-in-the-capital
Skullgirls: 2nd Encore,https://opencritic.com/game/1443/skullgirls-2nd-encore
"El Paso, Elsewhere",https://opencritic.com/game/15563/el-paso-elsewhere
Tetris Forever,https://opencritic.com/game/17643/tetris-forever
Roguebook,https://opencritic.com/game/11538/roguebook
Tyranny,https://opencritic.com/game/3571/tyranny
Gears of War: Reloaded,https://opencritic.com/game/18510/gears-of-war-reloaded
Atelier Ryza: Ever Darkness & the Secret Hideout,https://opencritic.com/game/8487/atelier-ryza-ever-darkness-the-secret-hideout
Valorant,https://opencritic.com/game/9573/valorant
Blood & Truth,https://opencritic.com/game/7773/blood-truth
Door Kickers: Action Squad,https://opencritic.com/game/6639/door-kickers-action-squad
Bonfire Peaks,https://opencritic.com/game/12039/bonfire-peaks
Eyes in the Dark,https://opencritic.com/game/13389/eyes-in-the-dark
Islanders: New Shores,https://opencritic.com/game/18852/islanders-new-shores
Dying Light: The Beast,https://opencritic.com/game/18724/dying-light-the-beast
Company of Heroes 2: The Western Front Armies,https://opencritic.com/game/1198/company-of-heroes-2-the-western-front-armies
Frostpunk: The Last Autumn,https://opencritic.com/game/8894/frostpunk-the-last-autumn
Mini Motorways,https://opencritic.com/game/11703/mini-motorways
Assassin's Creed Nexus,https://opencritic.com/game/15866/assassins-creed-nexus
Dark Souls III: The Ringed City,https://opencritic.com/game/3936/dark-souls-iii-the-ringed-city
Venba,https://opencritic.com/game/15302/venba
The Last Guardian,https://opencritic.com/game/1524/the-last-guardian
Tell Me Why,https://opencritic.com/game/10048/tell-me-why
DG2: Defense Grid 2,https://opencritic.com/game/209/dg2-defense-grid-2
Monster Hunter Stories 2: Wings of Ruin,https://opencritic.com/game/11650/monster-hunter-stories-2-wings-of-ruin
Call of Duty: Modern Warfare,https://opencritic.com/game/7398/call-of-duty-modern-warfare
Lego Dimensions: Ghostbusters Story Pack,https://opencritic.com/game/3403/lego-dimensions-ghostbusters-story-pack
Overcooked 2 - Surf 'n' Turf,https://opencritic.com/game/6701/overcooked-2-surf-n-turf
Forza Horizon 4: Fortune Island,https://opencritic.com/game/7027/forza-horizon-4-fortune-island
SNK vs. Capcom: The Match of the Millennium,https://opencritic.com/game/10961/snk-vs-capcom-the-match-of-the-millennium
Fights in Tight Spaces,https://opencritic.com/game/11100/fights-in-tight-spaces
Knockout City,https://opencritic.com/game/11404/knockout-city
Toodee and Topdee,https://opencritic.com/game/11772/toodee-and-topdee
Moonstone Island,https://opencritic.com/game/15532/moonstone-island
Rosewater,https://opencritic.com/game/18308/rosewater
Aether & Iron,https://opencritic.com/game/20321/aether-iron
Borderlands 3,https://opencritic.com/game/7656/borderlands-3
Resident Evil 4: Ultimate HD Edition,https://opencritic.com/game/1424/resident-evil-4-ultimate-hd-edition
Ys Origin,https://opencritic.com/game/3978/ys-origin
Dandy Ace,https://opencritic.com/game/11125/dandy-ace
Trials of Fire,https://opencritic.com/game/11183/trials-of-fire
Unravel Two,https://opencritic.com/game/6194/unravel-two
Kirby's Return to Dream Land Deluxe,https://opencritic.com/game/13946/kirbys-return-to-dream-land-deluxe
Prinny Presents NIS Classics Vol. 2,https://opencritic.com/game/13121/prinny-presents-nis-classics-vol-2
Call of Duty: Warzone 2.0,https://opencritic.com/game/14009/call-of-duty-warzone-2-0
Project CARS,https://opencritic.com/game/36/project-cars
Kalimba,https://opencritic.com/game/835/kalimba
Ode,https://opencritic.com/game/5230/ode
Child of Light: Ultimate Edition,https://opencritic.com/game/6730/child-of-light-ultimate-edition
Vacation Simulator,https://opencritic.com/game/7572/vacation-simulator
Roadwarden,https://opencritic.com/game/13647/roadwarden
Apex Legends,https://opencritic.com/game/7267/apex-legends
King's Quest - Chapter 3: Once Upon a Climb,https://opencritic.com/game/2632/kings-quest-chapter-3-once-upon-a-climb
F.I.S.T.: Forged In Shadow Torch,https://opencritic.com/game/11665/f-i-s-t-forged-in-shadow-torch
Guild Wars 2: Heart of Thorns,https://opencritic.com/game/1712/guild-wars-2-heart-of-thorns
Hakuoki: Kyoto Winds,https://opencritic.com/game/4247/hakuoki-kyoto-winds
World End Syndrome,https://opencritic.com/game/7711/world-end-syndrome
Nowhere Prophet,https://opencritic.com/game/7996/nowhere-prophet
Syberia: The World Before,https://opencritic.com/game/12899/syberia-the-world-before
Promenade,https://opencritic.com/game/16320/promenade
Old Skies,https://opencritic.com/game/18446/old-skies
Yoshi and the Mysterious Book,https://opencritic.com/game/20221/yoshi-and-the-mysterious-book
WWE 2K24,https://opencritic.com/game/16381/wwe-2k24
Pro Evolution Soccer 2015,https://opencritic.com/game/167/pro-evolution-soccer-2015
Firewatch,https://opencritic.com/game/2129/firewatch
Gunman Clive 2,https://opencritic.com/game/2283/gunman-clive-2
"Gremlins, Inc.",https://opencritic.com/game/2417/gremlins-inc-
SeaBed,https://opencritic.com/game/5323/seabed
Patch Quest,https://opencritic.com/game/14380/patch-quest
Invincible Presents: Atom Eve,https://opencritic.com/game/15845/invincible-presents-atom-eve
2XKO,https://opencritic.com/game/19487/2xko
The Wolf Among Us: Season One,https://opencritic.com/game/172/the-wolf-among-us-season-one
Filament,https://opencritic.com/game/8876/filament
Animal Crossing New Horizons: Happy Home Paradise,https://opencritic.com/game/12295/animal-crossing-new-horizons-happy-home-paradise
Darknet (VR),https://opencritic.com/game/2518/darknet-vr-
Kathy Rain 2: Soothsayer,https://opencritic.com/game/18578/kathy-rain-2-soothsayer
Shovel Knight Dig,https://opencritic.com/game/13714/shovel-knight-dig
Call of Duty: Warzone,https://opencritic.com/game/9162/call-of-duty-warzone
Sportsfriends,https://opencritic.com/game/260/sportsfriends
ZEN Pinball 2: South Park: Super-Sweet Pinball,https://opencritic.com/game/191/zen-pinball-2-south-park-super-sweet-pinball
Duelyst,https://opencritic.com/game/1754/duelyst
Dragon Blaze,https://opencritic.com/game/5911/dragon-blaze
Copy Kitty,https://opencritic.com/game/6144/copy-kitty
Atelier Lydie & Suelle: The Alchemists and the Mysterious Paintings DX,https://opencritic.com/game/11278/atelier-lydie-suelle-the-alchemists-and-the-mysterious-paintings-dx
Fast Fusion,https://opencritic.com/game/18663/fast-fusion
Angry Video Game Nerd 8-bit,https://opencritic.com/game/19429/angry-video-game-nerd-8-bit
Escape from Ever After,https://opencritic.com/game/19945/escape-from-ever-after
Gears 5: Hivebusters,https://opencritic.com/game/10690/gears-5-hivebusters
Reanimal,https://opencritic.com/game/19727/reanimal
God of War III Remastered,https://opencritic.com/game/1440/god-of-war-iii-remastered
NBA 2K15,https://opencritic.com/game/196/nba-2k15
Samurai Gunn,https://opencritic.com/game/1018/samurai-gunn
Mini Metro,https://opencritic.com/game/2032/mini-metro
Snufkin: Melody of Moominvalley,https://opencritic.com/game/16398/snufkin-melody-of-moominvalley
Ground Zero,https://opencritic.com/game/20427/ground-zero
The 7th Guest Remake,https://opencritic.com/game/20575/the-7th-guest-remake
Atelier Lulua: The Scion of Arland,https://opencritic.com/game/7712/atelier-lulua-the-scion-of-arland
The Midnight Walk,https://opencritic.com/game/18113/the-midnight-walk
Guitar Hero Live,https://opencritic.com/game/1544/guitar-hero-live
Dragon's Crown Pro,https://opencritic.com/game/6023/dragons-crown-pro
The Elder Scrolls: Legends,https://opencritic.com/game/4068/the-elder-scrolls-legends
The Red Strings Club,https://opencritic.com/game/5426/the-red-strings-club
F1 25,https://opencritic.com/game/18323/f1-25
Need for Speed: Rivals,https://opencritic.com/game/305/need-for-speed-rivals
Toki Tori 2+,https://opencritic.com/game/2189/toki-tori-2-
Ashen,https://opencritic.com/game/6979/ashen
DRAINUS,https://opencritic.com/game/13200/drainus
Luto,https://opencritic.com/game/18947/luto
Poker Night at the Inventory,https://opencritic.com/game/20189/poker-night-at-the-inventory
Avowed,https://opencritic.com/game/17747/avowed
Football Manager 2018,https://opencritic.com/game/4763/football-manager-2018
Yoshi's Crafted World,https://opencritic.com/game/7138/yoshis-crafted-world
King's Quest - Chapter 1: A Knight to Remember,https://opencritic.com/game/1842/kings-quest-chapter-1-a-knight-to-remember
Diablo II: Resurrected,https://opencritic.com/game/11620/diablo-ii-resurrected
Infinity Nikki,https://opencritic.com/game/17807/infinity-nikki
Metroid Prime 4: Beyond,https://opencritic.com/game/16868/metroid-prime-4-beyond
Gunman Clive HD,https://opencritic.com/game/2112/gunman-clive-hd
Raw Data,https://opencritic.com/game/4971/raw-data
Sins of a Solar Empire II,https://opencritic.com/game/17167/sins-of-a-solar-empire-ii
Under the Island,https://opencritic.com/game/20086/under-the-island
Runbow,https://opencritic.com/game/1574/runbow
Creaks,https://opencritic.com/game/9827/creaks
Cotton Fantasy,https://opencritic.com/game/12606/cotton-fantasy
Fear The Spotlight,https://opencritic.com/game/17507/fear-the-spotlight
The Legend of Heroes: Trails into Reverie,https://opencritic.com/game/12562/the-legend-of-heroes-trails-into-reverie
Panzer Paladin,https://opencritic.com/game/9840/panzer-paladin
Eastward,https://opencritic.com/game/11971/eastward
Escape Academy,https://opencritic.com/game/13388/escape-academy
WWE 2K23,https://opencritic.com/game/14346/wwe-2k23
Minit,https://opencritic.com/game/5780/minit
The King of Fighters XV,https://opencritic.com/game/12740/the-king-of-fighters-xv
Tails of Iron 2: Whiskers of Winter,https://opencritic.com/game/17843/tails-of-iron-2-whiskers-of-winter
Arranger: A Role-Puzzling Adventure,https://opencritic.com/game/17019/arranger-a-role-puzzling-adventure
Life is Strange 2 - Episode 5 : Wolves,https://opencritic.com/game/8681/life-is-strange-2-episode-5-wolves
Forza Horizon 4 - LEGO Speed Champions,https://opencritic.com/game/7896/forza-horizon-4-lego-speed-champions
Cosmonious High,https://opencritic.com/game/12972/cosmonious-high
ChainStaff,https://opencritic.com/game/20377/chainstaff
Untitled Goose Game,https://opencritic.com/game/8308/untitled-goose-game
Super Mega Baseball: Extra Innings,https://opencritic.com/game/1852/super-mega-baseball-extra-innings
Steredenn: Binary Stars,https://opencritic.com/game/5688/steredenn-binary-stars
House Flipper 2,https://opencritic.com/game/15968/house-flipper-2
Last Epoch,https://opencritic.com/game/15038/last-epoch
MLB 15: The Show,https://opencritic.com/game/54/mlb-15-the-show
CHUCHEL,https://opencritic.com/game/5684/chuchel
LISA: Definitive Edition,https://opencritic.com/game/15231/lisa-definitive-edition
Horizon Call of the Mountain,https://opencritic.com/game/14309/horizon-call-of-the-mountain
Skylanders SuperChargers,https://opencritic.com/game/1584/skylanders-superchargers
Paper Beast,https://opencritic.com/game/9201/paper-beast
The Riftbreaker,https://opencritic.com/game/12147/the-riftbreaker
WWE 2K25,https://opencritic.com/game/18048/wwe-2k25
Inmost,https://opencritic.com/game/8412/inmost
Super Mega Baseball,https://opencritic.com/game/139/super-mega-baseball
Fall Guys: Ultimate Knockout,https://opencritic.com/game/9913/fall-guys-ultimate-knockout
Torment: Tides of Numenera,https://opencritic.com/game/3728/torment-tides-of-numenera
MotoGP 25,https://opencritic.com/game/18185/motogp-25
My Friend Pedro,https://opencritic.com/game/7903/my-friend-pedro
Eriksholm: The Stolen Dream,https://opencritic.com/game/18891/eriksholm-the-stolen-dream
TOEM,https://opencritic.com/game/11956/toem
Stealth Inc 2: A Game of Clones,https://opencritic.com/game/51/stealth-inc-2-a-game-of-clones
Alan Wake Remastered,https://opencritic.com/game/12067/alan-wake-remastered
BattleTech,https://opencritic.com/game/5947/battletech
Nobody Saves the World,https://opencritic.com/game/12611/nobody-saves-the-world
Pokken Tournament DX,https://opencritic.com/game/4665/pokken-tournament-dx
Street Fighter 30th Anniversary Collection,https://opencritic.com/game/5987/street-fighter-30th-anniversary-collection
Avernum 2: Crystal Souls,https://opencritic.com/game/499/avernum-2-crystal-souls
RUSH,https://opencritic.com/game/1136/rush
Pushmo World,https://opencritic.com/game/1468/pushmo-world
6180 The Moon,https://opencritic.com/game/1595/6180-the-moon
Marvel's Ant-Man Pinball,https://opencritic.com/game/1896/marvels-ant-man-pinball
Conflicks - Revolutionary Space Battles,https://opencritic.com/game/2006/conflicks-revolutionary-space-battles
Dreii,https://opencritic.com/game/2234/dreii
Starward Rogue,https://opencritic.com/game/2311/starward-rogue
Oculus Rift,https://opencritic.com/game/2465/oculus-rift
Plague Inc: Evolved,https://opencritic.com/game/2595/plague-inc-evolved
Stardust Galaxy Warriors,https://opencritic.com/game/2603/stardust-galaxy-warriors
Gundam Breaker 3,https://opencritic.com/game/2740/gundam-breaker-3
Overfall,https://opencritic.com/game/2748/overfall
Duet,https://opencritic.com/game/2777/duet
Wasted,https://opencritic.com/game/2829/wasted
Sakura Dungeon,https://opencritic.com/game/2914/sakura-dungeon
XCOM 2 - Shen's Last Gift,https://opencritic.com/game/2939/xcom-2-shens-last-gift
Art of Balance,https://opencritic.com/game/3130/art-of-balance
Avadon 3: The Warborn,https://opencritic.com/game/3318/avadon-3-the-warborn
Total War: Warhammer - The King And The Warlord,https://opencritic.com/game/3529/total-war-warhammer-the-king-and-the-warlord
Creepy Castle,https://opencritic.com/game/3535/creepy-castle
The Sims 4: City Living,https://opencritic.com/game/3537/the-sims-4-city-living
Poi,https://opencritic.com/game/3904/poi
Stranger of Sword City Revisited,https://opencritic.com/game/4056/stranger-of-sword-city-revisited
