game_name,aspect,mentions,positive_count,neutral_count,negative_count,positive_pct,neutral_pct,negative_pct
007 First Light,Gameplay,44,43,1,0,97.73,2.27,0.0
007 First Light,Story,44,43,1,0,97.73,2.27,0.0
007 First Light,Graphics,6,6,0,0,100.0,0.0,0.0
007 First Light,Characters,28,26,2,0,92.86,7.14,0.0
007 First Light,Level Design,9,9,0,0,100.0,0.0,0.0
007 First Light,Music & Sound,2,1,0,1,50.0,0.0,50.0
007 First Light,Difficulty,5,5,0,0,100.0,0.0,0.0
007 First Light,Performance,11,11,0,0,100.0,0.0,0.0
007 First Light,Replayability,4,2,2,0,50.0,50.0,0.0
1000xRESIST,Gameplay,8,7,1,0,87.5,12.5,0.0
1000xRESIST,Story,20,18,2,0,90.0,10.0,0.0
1000xRESIST,Graphics,2,2,0,0,100.0,0.0,0.0
1000xRESIST,Characters,4,3,1,0,75.0,25.0,0.0
1000xRESIST,Music & Sound,1,1,0,0,100.0,0.0,0.0
1000xRESIST,Difficulty,2,2,0,0,100.0,0.0,0.0
13 Sentinels Aegis Rim,Gameplay,43,37,6,0,86.05,13.95,0.0
13 Sentinels Aegis Rim,Story,77,73,4,0,94.81,5.19,0.0
13 Sentinels Aegis Rim,Graphics,29,26,3,0,89.66,10.34,0.0
13 Sentinels Aegis Rim,Characters,12,12,0,0,100.0,0.0,0.0
13 Sentinels Aegis Rim,Level Design,3,3,0,0,100.0,0.0,0.0
13 Sentinels Aegis Rim,Music & Sound,1,1,0,0,100.0,0.0,0.0
13 Sentinels Aegis Rim,Difficulty,9,7,2,0,77.78,22.22,0.0
13 Sentinels Aegis Rim,Performance,1,1,0,0,100.0,0.0,0.0
13 Sentinels Aegis Rim,Replayability,1,1,0,0,100.0,0.0,0.0
2XKO,Gameplay,4,4,0,0,100.0,0.0,0.0
2XKO,Characters,2,2,0,0,100.0,0.0,0.0
2XKO,Level Design,1,1,0,0,100.0,0.0,0.0
2XKO,Performance,2,1,1,0,50.0,50.0,0.0
2XKO,Replayability,2,2,0,0,100.0,0.0,0.0
3 Out of 10: Season Two,Story,1,1,0,0,100.0,0.0,0.0
3 Out of 10: Season Two,Difficulty,1,0,1,0,0.0,100.0,0.0
30 Birds,Gameplay,1,1,0,0,100.0,0.0,0.0
30 Birds,Story,3,3,0,0,100.0,0.0,0.0
30 Birds,Graphics,1,1,0,0,100.0,0.0,0.0
30 Birds,Characters,2,2,0,0,100.0,0.0,0.0
30 Birds,Level Design,1,1,0,0,100.0,0.0,0.0
30 Birds,Music & Sound,2,2,0,0,100.0,0.0,0.0
30 Birds,Difficulty,1,1,0,0,100.0,0.0,0.0
30 Birds,Performance,1,1,0,0,100.0,0.0,0.0
30XX,Gameplay,11,11,0,0,100.0,0.0,0.0
30XX,Graphics,3,3,0,0,100.0,0.0,0.0
30XX,Level Design,8,8,0,0,100.0,0.0,0.0
30XX,Music & Sound,1,1,0,0,100.0,0.0,0.0
30XX,Difficulty,7,7,0,0,100.0,0.0,0.0
30XX,Performance,1,1,0,0,100.0,0.0,0.0
30XX,Replayability,6,6,0,0,100.0,0.0,0.0
428: Shibuya Scramble,Story,11,9,2,0,81.82,18.18,0.0
428: Shibuya Scramble,Graphics,16,13,3,0,81.25,18.75,0.0
428: Shibuya Scramble,Characters,8,7,1,0,87.5,12.5,0.0
6180 The Moon,Gameplay,4,3,1,0,75.0,25.0,0.0
6180 The Moon,Graphics,1,1,0,0,100.0,0.0,0.0
6180 The Moon,Level Design,2,0,2,0,0.0,100.0,0.0
6180 The Moon,Music & Sound,1,1,0,0,100.0,0.0,0.0
6180 The Moon,Difficulty,3,2,1,0,66.67,33.33,0.0
6180 The Moon,Replayability,1,0,1,0,0.0,100.0,0.0
8-Bit Adventures 2,Gameplay,7,7,0,0,100.0,0.0,0.0
8-Bit Adventures 2,Story,7,7,0,0,100.0,0.0,0.0
8-Bit Adventures 2,Graphics,2,2,0,0,100.0,0.0,0.0
8-Bit Adventures 2,Characters,1,1,0,0,100.0,0.0,0.0
8-Bit Adventures 2,Music & Sound,2,2,0,0,100.0,0.0,0.0
8-Bit Adventures 2,Difficulty,4,3,1,0,75.0,25.0,0.0
8-Bit Adventures 2,Replayability,1,1,0,0,100.0,0.0,0.0
80 Days,Story,1,1,0,0,100.0,0.0,0.0
A Monster's Expedition,Gameplay,4,3,1,0,75.0,25.0,0.0
A Monster's Expedition,Story,1,1,0,0,100.0,0.0,0.0
A Monster's Expedition,Characters,1,1,0,0,100.0,0.0,0.0
A Monster's Expedition,Level Design,4,4,0,0,100.0,0.0,0.0
A Monster's Expedition,Music & Sound,2,1,1,0,50.0,50.0,0.0
A Monster's Expedition,Difficulty,5,4,1,0,80.0,20.0,0.0
A Monster's Expedition,Performance,1,1,0,0,100.0,0.0,0.0
A Mortician's Tale,Story,1,1,0,0,100.0,0.0,0.0
A Plague Tale: Innocence,Gameplay,58,43,15,0,74.14,25.86,0.0
A Plague Tale: Innocence,Story,90,71,19,0,78.89,21.11,0.0
A Plague Tale: Innocence,Graphics,11,11,0,0,100.0,0.0,0.0
A Plague Tale: Innocence,Characters,32,23,9,0,71.88,28.12,0.0
A Plague Tale: Innocence,Level Design,6,2,4,0,33.33,66.67,0.0
A Plague Tale: Innocence,Music & Sound,6,5,1,0,83.33,16.67,0.0
A Plague Tale: Innocence,Difficulty,12,11,1,0,91.67,8.33,0.0
A Plague Tale: Innocence,Performance,7,3,4,0,42.86,57.14,0.0
A Plague Tale: Requiem,Gameplay,57,40,17,0,70.18,29.82,0.0
A Plague Tale: Requiem,Story,75,61,14,0,81.33,18.67,0.0
A Plague Tale: Requiem,Graphics,22,19,3,0,86.36,13.64,0.0
A Plague Tale: Requiem,Characters,38,33,5,0,86.84,13.16,0.0
A Plague Tale: Requiem,Level Design,8,4,4,0,50.0,50.0,0.0
A Plague Tale: Requiem,Music & Sound,7,6,1,0,85.71,14.29,0.0
A Plague Tale: Requiem,Difficulty,9,8,1,0,88.89,11.11,0.0
A Plague Tale: Requiem,Performance,21,13,8,0,61.9,38.1,0.0
A Plague Tale: Requiem,Replayability,2,1,1,0,50.0,50.0,0.0
A Short Hike,Gameplay,9,8,1,0,88.89,11.11,0.0
A Short Hike,Story,4,3,1,0,75.0,25.0,0.0
A Short Hike,Graphics,2,1,1,0,50.0,50.0,0.0
A Short Hike,Characters,9,9,0,0,100.0,0.0,0.0
A Short Hike,Level Design,2,2,0,0,100.0,0.0,0.0
A Short Hike,Music & Sound,4,2,2,0,50.0,50.0,0.0
A Short Hike,Difficulty,2,2,0,0,100.0,0.0,0.0
A Short Hike,Replayability,1,1,0,0,100.0,0.0,0.0
A Space for the Unbound,Gameplay,13,12,1,0,92.31,7.69,0.0
A Space for the Unbound,Story,36,33,3,0,91.67,8.33,0.0
A Space for the Unbound,Graphics,9,9,0,0,100.0,0.0,0.0
A Space for the Unbound,Characters,10,10,0,0,100.0,0.0,0.0
A Space for the Unbound,Level Design,2,2,0,0,100.0,0.0,0.0
A Space for the Unbound,Music & Sound,6,6,0,0,100.0,0.0,0.0
A Space for the Unbound,Difficulty,7,7,0,0,100.0,0.0,0.0
A Space for the Unbound,Performance,1,0,1,0,0.0,100.0,0.0
A Space for the Unbound,Replayability,3,3,0,0,100.0,0.0,0.0
ACA NEOGEO BLAZING STAR,Level Design,1,1,0,0,100.0,0.0,0.0
ACA NEOGEO BLAZING STAR,Difficulty,1,1,0,0,100.0,0.0,0.0
AI: THE SOMNIUM FILES - nirvanA Initiative,Gameplay,11,11,0,0,100.0,0.0,0.0
AI: THE SOMNIUM FILES - nirvanA Initiative,Story,35,31,4,0,88.57,11.43,0.0
AI: THE SOMNIUM FILES - nirvanA Initiative,Graphics,16,14,2,0,87.5,12.5,0.0
AI: THE SOMNIUM FILES - nirvanA Initiative,Characters,30,28,2,0,93.33,6.67,0.0
AI: THE SOMNIUM FILES - nirvanA Initiative,Level Design,2,1,1,0,50.0,50.0,0.0
AI: THE SOMNIUM FILES - nirvanA Initiative,Music & Sound,4,4,0,0,100.0,0.0,0.0
AI: THE SOMNIUM FILES - nirvanA Initiative,Difficulty,6,6,0,0,100.0,0.0,0.0
AI: THE SOMNIUM FILES - nirvanA Initiative,Performance,2,2,0,0,100.0,0.0,0.0
AI: THE SOMNIUM FILES - nirvanA Initiative,Replayability,1,1,0,0,100.0,0.0,0.0
AI: The Somnium Files,Gameplay,5,5,0,0,100.0,0.0,0.0
AI: The Somnium Files,Story,25,21,3,1,84.0,12.0,4.0
AI: The Somnium Files,Graphics,10,9,1,0,90.0,10.0,0.0
AI: The Somnium Files,Characters,11,9,2,0,81.82,18.18,0.0
AI: The Somnium Files,Music & Sound,2,2,0,0,100.0,0.0,0.0
AI: The Somnium Files,Difficulty,2,1,1,0,50.0,50.0,0.0
AI: The Somnium Files,Performance,1,1,0,0,100.0,0.0,0.0
ANONYMOUS;CODE,Gameplay,3,3,0,0,100.0,0.0,0.0
ANONYMOUS;CODE,Story,20,17,3,0,85.0,15.0,0.0
ANONYMOUS;CODE,Graphics,17,12,5,0,70.59,29.41,0.0
ANONYMOUS;CODE,Characters,6,5,1,0,83.33,16.67,0.0
ANONYMOUS;CODE,Level Design,3,2,1,0,66.67,33.33,0.0
ANONYMOUS;CODE,Music & Sound,2,1,1,0,50.0,50.0,0.0
ANONYMOUS;CODE,Difficulty,2,1,1,0,50.0,50.0,0.0
ANTONBLAST,Gameplay,18,17,1,0,94.44,5.56,0.0
ANTONBLAST,Story,1,1,0,0,100.0,0.0,0.0
ANTONBLAST,Graphics,8,8,0,0,100.0,0.0,0.0
ANTONBLAST,Characters,4,3,0,1,75.0,0.0,25.0
ANTONBLAST,Level Design,11,10,0,1,90.91,0.0,9.09
ANTONBLAST,Music & Sound,1,1,0,0,100.0,0.0,0.0
ANTONBLAST,Difficulty,7,7,0,0,100.0,0.0,0.0
ANTONBLAST,Performance,4,3,1,0,75.0,25.0,0.0
ANTONBLAST,Replayability,1,1,0,0,100.0,0.0,0.0
APE OUT,Gameplay,21,18,3,0,85.71,14.29,0.0
APE OUT,Story,2,2,0,0,100.0,0.0,0.0
APE OUT,Graphics,9,8,1,0,88.89,11.11,0.0
APE OUT,Level Design,6,4,2,0,66.67,33.33,0.0
APE OUT,Music & Sound,23,21,2,0,91.3,8.7,0.0
APE OUT,Difficulty,14,13,1,0,92.86,7.14,0.0
APE OUT,Performance,2,2,0,0,100.0,0.0,0.0
APE OUT,Replayability,3,2,1,0,66.67,33.33,0.0
APICO,Gameplay,4,3,1,0,75.0,25.0,0.0
APICO,Story,2,2,0,0,100.0,0.0,0.0
APICO,Graphics,1,1,0,0,100.0,0.0,0.0
APICO,Music & Sound,1,1,0,0,100.0,0.0,0.0
APICO,Difficulty,2,2,0,0,100.0,0.0,0.0
ARC Raiders,Gameplay,28,23,3,2,82.14,10.71,7.14
ARC Raiders,Story,5,5,0,0,100.0,0.0,0.0
ARC Raiders,Graphics,8,8,0,0,100.0,0.0,0.0
ARC Raiders,Characters,2,2,0,0,100.0,0.0,0.0
ARC Raiders,Level Design,5,5,0,0,100.0,0.0,0.0
ARC Raiders,Music & Sound,10,10,0,0,100.0,0.0,0.0
ARC Raiders,Difficulty,8,7,1,0,87.5,12.5,0.0
ARC Raiders,Performance,2,2,0,0,100.0,0.0,0.0
ARC Raiders,Replayability,7,6,1,0,85.71,14.29,0.0
ASTLIBRA Gaiden: The Cave of Phantom Mist,Gameplay,3,1,2,0,33.33,66.67,0.0
ASTLIBRA Gaiden: The Cave of Phantom Mist,Story,3,2,1,0,66.67,33.33,0.0
ASTLIBRA Gaiden: The Cave of Phantom Mist,Difficulty,2,2,0,0,100.0,0.0,0.0
ASTLIBRA Gaiden: The Cave of Phantom Mist,Replayability,1,0,1,0,0.0,100.0,0.0
ASTLIBRA Revision,Gameplay,13,10,3,0,76.92,23.08,0.0
ASTLIBRA Revision,Story,14,11,3,0,78.57,21.43,0.0
ASTLIBRA Revision,Graphics,3,2,1,0,66.67,33.33,0.0
ASTLIBRA Revision,Music & Sound,4,4,0,0,100.0,0.0,0.0
ASTLIBRA Revision,Difficulty,3,3,0,0,100.0,0.0,0.0
Aaero: Complete Edition,Gameplay,1,1,0,0,100.0,0.0,0.0
Aaero: Complete Edition,Graphics,3,3,0,0,100.0,0.0,0.0
Aaero: Complete Edition,Music & Sound,4,4,0,0,100.0,0.0,0.0
Abiotic Factor,Gameplay,3,3,0,0,100.0,0.0,0.0
Abiotic Factor,Story,1,1,0,0,100.0,0.0,0.0
Abiotic Factor,Difficulty,1,0,1,0,0.0,100.0,0.0
Absolum,Gameplay,48,43,5,0,89.58,10.42,0.0
Absolum,Story,14,12,2,0,85.71,14.29,0.0
Absolum,Graphics,12,12,0,0,100.0,0.0,0.0
Absolum,Characters,16,15,1,0,93.75,6.25,0.0
Absolum,Level Design,7,6,1,0,85.71,14.29,0.0
Absolum,Music & Sound,7,7,0,0,100.0,0.0,0.0
Absolum,Difficulty,14,13,1,0,92.86,7.14,0.0
Absolum,Performance,3,3,0,0,100.0,0.0,0.0
Absolum,Replayability,9,9,0,0,100.0,0.0,0.0
Ace Attorney Investigations Collection,Gameplay,14,11,3,0,78.57,21.43,0.0
Ace Attorney Investigations Collection,Story,12,11,1,0,91.67,8.33,0.0
Ace Attorney Investigations Collection,Graphics,22,22,0,0,100.0,0.0,0.0
Ace Attorney Investigations Collection,Characters,17,14,3,0,82.35,17.65,0.0
Ace Attorney Investigations Collection,Level Design,1,1,0,0,100.0,0.0,0.0
Ace Attorney Investigations Collection,Music & Sound,7,7,0,0,100.0,0.0,0.0
Ace Attorney Investigations Collection,Difficulty,7,7,0,0,100.0,0.0,0.0
Ace Attorney Investigations Collection,Replayability,4,4,0,0,100.0,0.0,0.0
Ace Combat 7: Skies Unknown,Gameplay,114,83,31,0,72.81,27.19,0.0
Ace Combat 7: Skies Unknown,Story,23,12,11,0,52.17,47.83,0.0
Ace Combat 7: Skies Unknown,Graphics,13,7,6,0,53.85,46.15,0.0
Ace Combat 7: Skies Unknown,Characters,3,2,1,0,66.67,33.33,0.0
Ace Combat 7: Skies Unknown,Level Design,11,9,2,0,81.82,18.18,0.0
Ace Combat 7: Skies Unknown,Music & Sound,7,6,1,0,85.71,14.29,0.0
Ace Combat 7: Skies Unknown,Difficulty,12,5,7,0,41.67,58.33,0.0
Ace Combat 7: Skies Unknown,Performance,3,3,0,0,100.0,0.0,0.0
Ace Combat 7: Skies Unknown,Replayability,9,9,0,0,100.0,0.0,0.0
Aces & Adventures,Gameplay,3,3,0,0,100.0,0.0,0.0
Aces & Adventures,Story,1,1,0,0,100.0,0.0,0.0
Aces & Adventures,Difficulty,1,1,0,0,100.0,0.0,0.0
Advance Wars 1+2: Re-Boot Camp,Gameplay,26,23,3,0,88.46,11.54,0.0
Advance Wars 1+2: Re-Boot Camp,Story,3,2,1,0,66.67,33.33,0.0
Advance Wars 1+2: Re-Boot Camp,Graphics,15,13,2,0,86.67,13.33,0.0
Advance Wars 1+2: Re-Boot Camp,Characters,5,3,2,0,60.0,40.0,0.0
Advance Wars 1+2: Re-Boot Camp,Level Design,7,7,0,0,100.0,0.0,0.0
Advance Wars 1+2: Re-Boot Camp,Music & Sound,3,3,0,0,100.0,0.0,0.0
Advance Wars 1+2: Re-Boot Camp,Difficulty,15,11,4,0,73.33,26.67,0.0
Advance Wars 1+2: Re-Boot Camp,Performance,1,1,0,0,100.0,0.0,0.0
Advance Wars 1+2: Re-Boot Camp,Replayability,9,7,2,0,77.78,22.22,0.0
Aether & Iron,Gameplay,12,11,1,0,91.67,8.33,0.0
Aether & Iron,Story,15,10,5,0,66.67,33.33,0.0
Aether & Iron,Graphics,3,1,2,0,33.33,66.67,0.0
Aether & Iron,Characters,5,5,0,0,100.0,0.0,0.0
Aether & Iron,Music & Sound,1,0,1,0,0.0,100.0,0.0
Aether & Iron,Difficulty,4,3,1,0,75.0,25.0,0.0
Aether & Iron,Performance,4,3,1,0,75.0,25.0,0.0
Against The Storm,Gameplay,9,8,1,0,88.89,11.11,0.0
Against The Storm,Graphics,2,2,0,0,100.0,0.0,0.0
Against The Storm,Level Design,1,1,0,0,100.0,0.0,0.0
Against The Storm,Difficulty,2,2,0,0,100.0,0.0,0.0
Against The Storm,Replayability,5,4,1,0,80.0,20.0,0.0
Age of Empires II: Definitive Edition,Gameplay,11,10,1,0,90.91,9.09,0.0
Age of Empires II: Definitive Edition,Graphics,8,7,1,0,87.5,12.5,0.0
Age of Empires II: Definitive Edition,Level Design,1,1,0,0,100.0,0.0,0.0
Age of Empires II: Definitive Edition,Music & Sound,2,2,0,0,100.0,0.0,0.0
Age of Empires II: Definitive Edition,Difficulty,5,5,0,0,100.0,0.0,0.0
Age of Empires II: Definitive Edition,Performance,4,4,0,0,100.0,0.0,0.0
Age of Empires II: Definitive Edition,Replayability,9,8,1,0,88.89,11.11,0.0
Age of Empires IV,Gameplay,19,11,8,0,57.89,42.11,0.0
Age of Empires IV,Story,5,5,0,0,100.0,0.0,0.0
Age of Empires IV,Graphics,3,3,0,0,100.0,0.0,0.0
Age of Empires IV,Level Design,4,1,3,0,25.0,75.0,0.0
Age of Empires IV,Music & Sound,1,1,0,0,100.0,0.0,0.0
Age of Empires IV,Difficulty,12,9,3,0,75.0,25.0,0.0
Age of Empires IV,Performance,3,2,1,0,66.67,33.33,0.0
Age of Empires IV,Replayability,8,7,1,0,87.5,12.5,0.0
Age of Mythology: Retold,Gameplay,22,19,3,0,86.36,13.64,0.0
Age of Mythology: Retold,Story,2,2,0,0,100.0,0.0,0.0
Age of Mythology: Retold,Graphics,15,12,3,0,80.0,20.0,0.0
Age of Mythology: Retold,Characters,1,1,0,0,100.0,0.0,0.0
Age of Mythology: Retold,Level Design,3,2,0,1,66.67,0.0,33.33
Age of Mythology: Retold,Music & Sound,4,3,0,1,75.0,0.0,25.0
Age of Mythology: Retold,Difficulty,7,6,1,0,85.71,14.29,0.0
Age of Mythology: Retold,Performance,7,7,0,0,100.0,0.0,0.0
Age of Mythology: Retold,Replayability,11,9,2,0,81.82,18.18,0.0
Age of Wonders 4,Gameplay,7,6,1,0,85.71,14.29,0.0
Age of Wonders 4,Story,2,0,2,0,0.0,100.0,0.0
Age of Wonders 4,Graphics,2,2,0,0,100.0,0.0,0.0
Age of Wonders 4,Level Design,2,2,0,0,100.0,0.0,0.0
Age of Wonders 4,Difficulty,1,0,1,0,0.0,100.0,0.0
Age of Wonders 4,Performance,3,3,0,0,100.0,0.0,0.0
Age of Wonders 4,Replayability,5,4,1,0,80.0,20.0,0.0
Age of Wonders III,Gameplay,6,5,1,0,83.33,16.67,0.0
Age of Wonders III,Graphics,1,0,1,0,0.0,100.0,0.0
Age of Wonders III,Level Design,2,2,0,0,100.0,0.0,0.0
Age of Wonders III,Difficulty,1,1,0,0,100.0,0.0,0.0
Age of Wonders III,Replayability,1,1,0,0,100.0,0.0,0.0
Age of Wonders: Planetfall,Gameplay,13,10,3,0,76.92,23.08,0.0
Age of Wonders: Planetfall,Story,2,2,0,0,100.0,0.0,0.0
Age of Wonders: Planetfall,Characters,1,1,0,0,100.0,0.0,0.0
Age of Wonders: Planetfall,Level Design,2,0,2,0,0.0,100.0,0.0
Age of Wonders: Planetfall,Difficulty,4,4,0,0,100.0,0.0,0.0
Age of Wonders: Planetfall,Performance,2,0,2,0,0.0,100.0,0.0
Age of Wonders: Planetfall,Replayability,5,4,1,0,80.0,20.0,0.0
Agent A: A Puzzle in Disguise,Gameplay,1,0,1,0,0.0,100.0,0.0
Agent A: A Puzzle in Disguise,Story,1,0,1,0,0.0,100.0,0.0
Agent A: A Puzzle in Disguise,Level Design,2,1,1,0,50.0,50.0,0.0
Agent A: A Puzzle in Disguise,Difficulty,3,3,0,0,100.0,0.0,0.0
Alaloth: Champions of The Four Kingdoms,Gameplay,4,4,0,0,100.0,0.0,0.0
Alaloth: Champions of The Four Kingdoms,Difficulty,3,3,0,0,100.0,0.0,0.0
Alan Wake 2,Gameplay,49,43,5,1,87.76,10.2,2.04
Alan Wake 2,Story,70,65,3,2,92.86,4.29,2.86
Alan Wake 2,Graphics,24,22,2,0,91.67,8.33,0.0
Alan Wake 2,Characters,14,13,1,0,92.86,7.14,0.0
Alan Wake 2,Level Design,13,12,1,0,92.31,7.69,0.0
Alan Wake 2,Music & Sound,13,11,2,0,84.62,15.38,0.0
Alan Wake 2,Difficulty,11,11,0,0,100.0,0.0,0.0
Alan Wake 2,Performance,18,15,3,0,83.33,16.67,0.0
Alan Wake 2,Replayability,1,0,1,0,0.0,100.0,0.0
Alan Wake 2: Night Springs,Gameplay,7,6,1,0,85.71,14.29,0.0
Alan Wake 2: Night Springs,Story,7,6,1,0,85.71,14.29,0.0
Alan Wake 2: Night Springs,Graphics,1,1,0,0,100.0,0.0,0.0
Alan Wake 2: Night Springs,Characters,5,4,1,0,80.0,20.0,0.0
Alan Wake 2: Night Springs,Difficulty,1,1,0,0,100.0,0.0,0.0
Alan Wake 2: Night Springs,Replayability,5,5,0,0,100.0,0.0,0.0
Alan Wake Remastered,Gameplay,32,26,6,0,81.25,18.75,0.0
Alan Wake Remastered,Story,33,27,6,0,81.82,18.18,0.0
Alan Wake Remastered,Graphics,21,17,4,0,80.95,19.05,0.0
Alan Wake Remastered,Characters,5,4,1,0,80.0,20.0,0.0
Alan Wake Remastered,Level Design,1,0,1,0,0.0,100.0,0.0
Alan Wake Remastered,Difficulty,4,2,2,0,50.0,50.0,0.0
Alan Wake Remastered,Performance,8,5,3,0,62.5,37.5,0.0
Alan Wake Remastered,Replayability,1,1,0,0,100.0,0.0,0.0
Alba: A Wildlife Adventure,Gameplay,9,7,2,0,77.78,22.22,0.0
Alba: A Wildlife Adventure,Story,10,8,2,0,80.0,20.0,0.0
Alba: A Wildlife Adventure,Graphics,2,2,0,0,100.0,0.0,0.0
Alba: A Wildlife Adventure,Characters,5,5,0,0,100.0,0.0,0.0
Alba: A Wildlife Adventure,Level Design,2,2,0,0,100.0,0.0,0.0
Alba: A Wildlife Adventure,Music & Sound,2,2,0,0,100.0,0.0,0.0
Alba: A Wildlife Adventure,Difficulty,2,2,0,0,100.0,0.0,0.0
Alba: A Wildlife Adventure,Performance,1,1,0,0,100.0,0.0,0.0
Alba: A Wildlife Adventure,Replayability,1,1,0,0,100.0,0.0,0.0
Alien: Isolation,Gameplay,12,11,1,0,91.67,8.33,0.0
Alien: Isolation,Story,9,6,3,0,66.67,33.33,0.0
Alien: Isolation,Graphics,5,5,0,0,100.0,0.0,0.0
Alien: Isolation,Characters,3,3,0,0,100.0,0.0,0.0
Alien: Isolation,Level Design,7,7,0,0,100.0,0.0,0.0
Alien: Isolation,Music & Sound,7,6,1,0,85.71,14.29,0.0
Alien: Isolation,Difficulty,9,6,3,0,66.67,33.33,0.0
Alien: Isolation,Performance,8,6,2,0,75.0,25.0,0.0
Alien: Isolation,Replayability,1,0,1,0,0.0,100.0,0.0
Aliens Go Home Run,Gameplay,2,1,1,0,50.0,50.0,0.0
Aliens Go Home Run,Graphics,1,1,0,0,100.0,0.0,0.0
Aliens Go Home Run,Level Design,1,0,1,0,0.0,100.0,0.0
Aliens Go Home Run,Music & Sound,1,1,0,0,100.0,0.0,0.0
Aliens vs. Pinball,Music & Sound,1,1,0,0,100.0,0.0,0.0
Aliens vs. Pinball,Replayability,1,1,0,0,100.0,0.0,0.0
Alisa Developer's Cut,Gameplay,8,6,1,1,75.0,12.5,12.5
Alisa Developer's Cut,Story,3,1,1,1,33.33,33.33,33.33
Alisa Developer's Cut,Graphics,1,1,0,0,100.0,0.0,0.0
Alisa Developer's Cut,Characters,1,0,0,1,0.0,0.0,100.0
Alisa Developer's Cut,Level Design,1,0,0,1,0.0,0.0,100.0
Alisa Developer's Cut,Difficulty,2,2,0,0,100.0,0.0,0.0
Alisa Developer's Cut,Performance,1,0,1,0,0.0,100.0,0.0
Alisa Developer's Cut,Replayability,1,0,0,1,0.0,0.0,100.0
Altdeus: Beyond Chronos,Gameplay,1,1,0,0,100.0,0.0,0.0
Altdeus: Beyond Chronos,Story,15,11,4,0,73.33,26.67,0.0
Altdeus: Beyond Chronos,Graphics,14,9,5,0,64.29,35.71,0.0
Altdeus: Beyond Chronos,Characters,8,6,2,0,75.0,25.0,0.0
Altdeus: Beyond Chronos,Level Design,1,0,1,0,0.0,100.0,0.0
Altdeus: Beyond Chronos,Music & Sound,2,2,0,0,100.0,0.0,0.0
Altdeus: Beyond Chronos,Difficulty,3,1,2,0,33.33,66.67,0.0
Altdeus: Beyond Chronos,Replayability,1,1,0,0,100.0,0.0,0.0
Amid Evil,Gameplay,1,1,0,0,100.0,0.0,0.0
Amid Evil,Graphics,1,1,0,0,100.0,0.0,0.0
Amid Evil,Level Design,2,2,0,0,100.0,0.0,0.0
Amid Evil,Difficulty,2,2,0,0,100.0,0.0,0.0
Amid Evil,Performance,6,6,0,0,100.0,0.0,0.0
Among Us VR,Gameplay,3,3,0,0,100.0,0.0,0.0
Among Us VR,Level Design,1,1,0,0,100.0,0.0,0.0
Among Us VR,Replayability,1,1,0,0,100.0,0.0,0.0
Angeline Era,Gameplay,3,3,0,0,100.0,0.0,0.0
Angeline Era,Story,3,3,0,0,100.0,0.0,0.0
Angeline Era,Difficulty,2,2,0,0,100.0,0.0,0.0
Angry Video Game Nerd 8-bit,Gameplay,5,5,0,0,100.0,0.0,0.0
Angry Video Game Nerd 8-bit,Story,2,1,1,0,50.0,50.0,0.0
Angry Video Game Nerd 8-bit,Characters,1,1,0,0,100.0,0.0,0.0
Angry Video Game Nerd 8-bit,Level Design,3,3,0,0,100.0,0.0,0.0
Angry Video Game Nerd 8-bit,Music & Sound,2,2,0,0,100.0,0.0,0.0
Angry Video Game Nerd 8-bit,Difficulty,3,2,1,0,66.67,33.33,0.0
Angry Video Game Nerd 8-bit,Replayability,3,1,2,0,33.33,66.67,0.0
Animal Crossing New Horizons: Happy Home Paradise,Gameplay,2,2,0,0,100.0,0.0,0.0
Animal Crossing New Horizons: Happy Home Paradise,Story,1,0,1,0,0.0,100.0,0.0
Animal Crossing New Horizons: Happy Home Paradise,Characters,2,1,1,0,50.0,50.0,0.0
Animal Crossing New Horizons: Happy Home Paradise,Level Design,1,1,0,0,100.0,0.0,0.0
Animal Crossing New Horizons: Happy Home Paradise,Replayability,1,1,0,0,100.0,0.0,0.0
Animal Crossing: New Horizons,Gameplay,11,11,0,0,100.0,0.0,0.0
Animal Crossing: New Horizons,Graphics,5,5,0,0,100.0,0.0,0.0
Animal Crossing: New Horizons,Characters,3,2,1,0,66.67,33.33,0.0
Animal Crossing: New Horizons,Level Design,6,6,0,0,100.0,0.0,0.0
Animal Crossing: New Horizons,Music & Sound,2,2,0,0,100.0,0.0,0.0
Animal Crossing: New Horizons,Difficulty,3,3,0,0,100.0,0.0,0.0
Animal Crossing: New Horizons,Performance,1,1,0,0,100.0,0.0,0.0
Animal Crossing: New Horizons,Replayability,8,7,1,0,87.5,12.5,0.0
Animal Well,Gameplay,18,17,1,0,94.44,5.56,0.0
Animal Well,Story,2,1,1,0,50.0,50.0,0.0
Animal Well,Graphics,7,7,0,0,100.0,0.0,0.0
Animal Well,Level Design,4,4,0,0,100.0,0.0,0.0
Animal Well,Music & Sound,4,4,0,0,100.0,0.0,0.0
Animal Well,Difficulty,7,7,0,0,100.0,0.0,0.0
Animal Well,Replayability,1,1,0,0,100.0,0.0,0.0
Anno 117: Pax Romana,Gameplay,28,25,3,0,89.29,10.71,0.0
Anno 117: Pax Romana,Story,6,6,0,0,100.0,0.0,0.0
Anno 117: Pax Romana,Graphics,12,9,3,0,75.0,25.0,0.0
Anno 117: Pax Romana,Characters,3,3,0,0,100.0,0.0,0.0
Anno 117: Pax Romana,Level Design,1,0,1,0,0.0,100.0,0.0
Anno 117: Pax Romana,Music & Sound,4,2,2,0,50.0,50.0,0.0
Anno 117: Pax Romana,Difficulty,12,10,2,0,83.33,16.67,0.0
Anno 117: Pax Romana,Performance,6,3,3,0,50.0,50.0,0.0
Anno 117: Pax Romana,Replayability,4,4,0,0,100.0,0.0,0.0
Anno 1800,Gameplay,15,13,2,0,86.67,13.33,0.0
Anno 1800,Graphics,3,3,0,0,100.0,0.0,0.0
Anno 1800,Characters,1,0,1,0,0.0,100.0,0.0
Anno 1800,Level Design,2,2,0,0,100.0,0.0,0.0
Anno 1800,Music & Sound,5,5,0,0,100.0,0.0,0.0
Anno 1800,Difficulty,1,1,0,0,100.0,0.0,0.0
Anno 1800,Performance,2,1,1,0,50.0,50.0,0.0
Anno 1800,Replayability,2,2,0,0,100.0,0.0,0.0
Anomaly Agent,Gameplay,11,9,2,0,81.82,18.18,0.0
Anomaly Agent,Story,6,5,1,0,83.33,16.67,0.0
Anomaly Agent,Graphics,3,3,0,0,100.0,0.0,0.0
Anomaly Agent,Characters,3,3,0,0,100.0,0.0,0.0
Anomaly Agent,Level Design,2,2,0,0,100.0,0.0,0.0
Anomaly Agent,Music & Sound,6,6,0,0,100.0,0.0,0.0
Anomaly Agent,Difficulty,1,1,0,0,100.0,0.0,0.0
Anomaly Agent,Performance,1,1,0,0,100.0,0.0,0.0
Anomaly Agent,Replayability,1,0,1,0,0.0,100.0,0.0
Apex Legends,Gameplay,18,13,4,1,72.22,22.22,5.56
Apex Legends,Story,3,2,1,0,66.67,33.33,0.0
Apex Legends,Graphics,4,0,2,2,0.0,50.0,50.0
Apex Legends,Characters,10,7,2,1,70.0,20.0,10.0
Apex Legends,Level Design,5,3,2,0,60.0,40.0,0.0
Apex Legends,Difficulty,5,3,1,1,60.0,20.0,20.0
Apex Legends,Performance,13,4,4,5,30.77,30.77,38.46
Apex Legends,Replayability,4,4,0,0,100.0,0.0,0.0
Apollo Justice: Ace Attorney Trilogy,Gameplay,9,9,0,0,100.0,0.0,0.0
Apollo Justice: Ace Attorney Trilogy,Story,19,19,0,0,100.0,0.0,0.0
Apollo Justice: Ace Attorney Trilogy,Graphics,16,14,2,0,87.5,12.5,0.0
Apollo Justice: Ace Attorney Trilogy,Characters,10,9,1,0,90.0,10.0,0.0
Apollo Justice: Ace Attorney Trilogy,Level Design,3,3,0,0,100.0,0.0,0.0
Apollo Justice: Ace Attorney Trilogy,Music & Sound,4,4,0,0,100.0,0.0,0.0
Apollo Justice: Ace Attorney Trilogy,Difficulty,5,5,0,0,100.0,0.0,0.0
Apollo Justice: Ace Attorney Trilogy,Performance,1,1,0,0,100.0,0.0,0.0
Apollo Justice: Ace Attorney Trilogy,Replayability,11,11,0,0,100.0,0.0,0.0
Arcade Spirits: The New Challengers,Story,4,4,0,0,100.0,0.0,0.0
Arcade Spirits: The New Challengers,Graphics,6,6,0,0,100.0,0.0,0.0
Arcade Spirits: The New Challengers,Characters,6,6,0,0,100.0,0.0,0.0
ArcheAge,Gameplay,3,3,0,0,100.0,0.0,0.0
ArcheAge,Story,2,2,0,0,100.0,0.0,0.0
ArcheAge,Replayability,2,2,0,0,100.0,0.0,0.0
Archvale,Gameplay,5,4,1,0,80.0,20.0,0.0
Archvale,Story,1,0,1,0,0.0,100.0,0.0
Archvale,Characters,1,0,1,0,0.0,100.0,0.0
Archvale,Level Design,1,1,0,0,100.0,0.0,0.0
Archvale,Difficulty,2,1,1,0,50.0,50.0,0.0
Archvale,Replayability,1,0,1,0,0.0,100.0,0.0
Arco,Gameplay,6,6,0,0,100.0,0.0,0.0
Arco,Story,6,6,0,0,100.0,0.0,0.0
Arco,Graphics,2,2,0,0,100.0,0.0,0.0
Arco,Characters,2,2,0,0,100.0,0.0,0.0
Arco,Level Design,1,1,0,0,100.0,0.0,0.0
Arco,Difficulty,7,6,1,0,85.71,14.29,0.0
Arco,Performance,1,0,1,0,0.0,100.0,0.0
Arco,Replayability,2,2,0,0,100.0,0.0,0.0
Arena of Valor,Difficulty,1,1,0,0,100.0,0.0,0.0
Arena of Valor,Performance,1,1,0,0,100.0,0.0,0.0
Arise: A simple story,Gameplay,30,21,8,1,70.0,26.67,3.33
Arise: A simple story,Story,55,46,8,1,83.64,14.55,1.82
Arise: A simple story,Graphics,12,11,1,0,91.67,8.33,0.0
Arise: A simple story,Characters,3,3,0,0,100.0,0.0,0.0
Arise: A simple story,Level Design,7,3,4,0,42.86,57.14,0.0
Arise: A simple story,Music & Sound,8,6,2,0,75.0,25.0,0.0
Arise: A simple story,Difficulty,7,7,0,0,100.0,0.0,0.0
Arise: A simple story,Performance,2,2,0,0,100.0,0.0,0.0
Arise: A simple story,Replayability,3,3,0,0,100.0,0.0,0.0
Armored Core VI: Fires of Rubicon,Gameplay,56,51,5,0,91.07,8.93,0.0
Armored Core VI: Fires of Rubicon,Story,32,28,4,0,87.5,12.5,0.0
Armored Core VI: Fires of Rubicon,Graphics,5,4,1,0,80.0,20.0,0.0
Armored Core VI: Fires of Rubicon,Characters,3,0,2,1,0.0,66.67,33.33
Armored Core VI: Fires of Rubicon,Level Design,11,8,3,0,72.73,27.27,0.0
Armored Core VI: Fires of Rubicon,Music & Sound,1,0,0,1,0.0,0.0,100.0
Armored Core VI: Fires of Rubicon,Difficulty,42,38,4,0,90.48,9.52,0.0
Armored Core VI: Fires of Rubicon,Performance,5,4,1,0,80.0,20.0,0.0
Armored Core VI: Fires of Rubicon,Replayability,4,4,0,0,100.0,0.0,0.0
Arranger: A Role-Puzzling Adventure,Gameplay,11,10,1,0,90.91,9.09,0.0
Arranger: A Role-Puzzling Adventure,Story,14,12,2,0,85.71,14.29,0.0
Arranger: A Role-Puzzling Adventure,Graphics,3,3,0,0,100.0,0.0,0.0
Arranger: A Role-Puzzling Adventure,Characters,3,3,0,0,100.0,0.0,0.0
Arranger: A Role-Puzzling Adventure,Level Design,4,3,1,0,75.0,25.0,0.0
Arranger: A Role-Puzzling Adventure,Music & Sound,2,1,1,0,50.0,50.0,0.0
Arranger: A Role-Puzzling Adventure,Difficulty,4,3,1,0,75.0,25.0,0.0
Arranger: A Role-Puzzling Adventure,Performance,1,1,0,0,100.0,0.0,0.0
Arranger: A Role-Puzzling Adventure,Replayability,2,1,1,0,50.0,50.0,0.0
Art Academy: Home Studio,Graphics,1,1,0,0,100.0,0.0,0.0
Art Academy: Home Studio,Level Design,2,2,0,0,100.0,0.0,0.0
Art Academy: Home Studio,Music & Sound,1,1,0,0,100.0,0.0,0.0
Art Academy: Home Studio,Replayability,1,1,0,0,100.0,0.0,0.0
Art of Balance,Gameplay,2,2,0,0,100.0,0.0,0.0
Art of Balance,Graphics,1,1,0,0,100.0,0.0,0.0
Art of Balance,Level Design,2,2,0,0,100.0,0.0,0.0
Asgard's Wrath,Gameplay,1,1,0,0,100.0,0.0,0.0
Asgard's Wrath,Graphics,2,2,0,0,100.0,0.0,0.0
Asgard's Wrath 2,Gameplay,4,4,0,0,100.0,0.0,0.0
Asgard's Wrath 2,Story,3,3,0,0,100.0,0.0,0.0
Asgard's Wrath 2,Characters,2,2,0,0,100.0,0.0,0.0
Asgard's Wrath 2,Level Design,1,1,0,0,100.0,0.0,0.0
Asgard's Wrath 2,Difficulty,1,1,0,0,100.0,0.0,0.0
Asgard's Wrath 2,Replayability,4,4,0,0,100.0,0.0,0.0
Ash of Gods: The Way,Gameplay,5,4,1,0,80.0,20.0,0.0
Ash of Gods: The Way,Story,6,6,0,0,100.0,0.0,0.0
Ash of Gods: The Way,Graphics,1,1,0,0,100.0,0.0,0.0
Ash of Gods: The Way,Characters,1,1,0,0,100.0,0.0,0.0
Ash of Gods: The Way,Difficulty,2,2,0,0,100.0,0.0,0.0
Ashen,Gameplay,12,8,3,1,66.67,25.0,8.33
Ashen,Story,5,4,1,0,80.0,20.0,0.0
Ashen,Graphics,4,4,0,0,100.0,0.0,0.0
Ashen,Characters,2,1,1,0,50.0,50.0,0.0
Ashen,Level Design,2,1,1,0,50.0,50.0,0.0
Ashen,Music & Sound,2,1,1,0,50.0,50.0,0.0
Ashen,Difficulty,13,9,4,0,69.23,30.77,0.0
Ashen,Performance,1,0,1,0,0.0,100.0,0.0
Ashen,Replayability,2,0,2,0,0.0,100.0,0.0
Ashes of the Singularity: Escalation,Replayability,1,1,0,0,100.0,0.0,0.0
Assassin's Creed IV: Black Flag,Gameplay,11,7,4,0,63.64,36.36,0.0
Assassin's Creed IV: Black Flag,Story,7,7,0,0,100.0,0.0,0.0
Assassin's Creed IV: Black Flag,Graphics,3,3,0,0,100.0,0.0,0.0
Assassin's Creed IV: Black Flag,Characters,4,3,1,0,75.0,25.0,0.0
Assassin's Creed IV: Black Flag,Level Design,1,0,1,0,0.0,100.0,0.0
Assassin's Creed IV: Black Flag,Difficulty,3,2,1,0,66.67,33.33,0.0
Assassin's Creed IV: Black Flag,Replayability,3,3,0,0,100.0,0.0,0.0
Assassin's Creed Nexus,Gameplay,10,8,2,0,80.0,20.0,0.0
Assassin's Creed Nexus,Story,3,3,0,0,100.0,0.0,0.0
Assassin's Creed Nexus,Graphics,3,3,0,0,100.0,0.0,0.0
Assassin's Creed Nexus,Characters,4,3,1,0,75.0,25.0,0.0
Assassin's Creed Nexus,Level Design,1,1,0,0,100.0,0.0,0.0
Assassin's Creed Nexus,Difficulty,2,1,1,0,50.0,50.0,0.0
Assassin's Creed Odyssey,Gameplay,47,36,11,0,76.6,23.4,0.0
Assassin's Creed Odyssey,Story,40,33,7,0,82.5,17.5,0.0
Assassin's Creed Odyssey,Graphics,4,2,2,0,50.0,50.0,0.0
Assassin's Creed Odyssey,Characters,16,13,3,0,81.25,18.75,0.0
Assassin's Creed Odyssey,Level Design,9,7,2,0,77.78,22.22,0.0
Assassin's Creed Odyssey,Music & Sound,1,1,0,0,100.0,0.0,0.0
Assassin's Creed Odyssey,Difficulty,9,8,1,0,88.89,11.11,0.0
Assassin's Creed Odyssey,Performance,3,3,0,0,100.0,0.0,0.0
Assassin's Creed Odyssey,Replayability,12,9,2,1,75.0,16.67,8.33
Assassin's Creed Origins,Gameplay,51,47,4,0,92.16,7.84,0.0
Assassin's Creed Origins,Story,33,25,8,0,75.76,24.24,0.0
Assassin's Creed Origins,Graphics,10,8,2,0,80.0,20.0,0.0
Assassin's Creed Origins,Characters,15,15,0,0,100.0,0.0,0.0
Assassin's Creed Origins,Level Design,13,9,4,0,69.23,30.77,0.0
Assassin's Creed Origins,Music & Sound,2,1,1,0,50.0,50.0,0.0
Assassin's Creed Origins,Difficulty,8,8,0,0,100.0,0.0,0.0
Assassin's Creed Origins,Performance,9,6,3,0,66.67,33.33,0.0
Assassin's Creed Origins,Replayability,6,4,2,0,66.67,33.33,0.0
Assassin's Creed Origins: The Curse of the Pharaohs,Gameplay,1,1,0,0,100.0,0.0,0.0
Assassin's Creed Origins: The Curse of the Pharaohs,Graphics,1,1,0,0,100.0,0.0,0.0
Assassin's Creed Origins: The Curse of the Pharaohs,Characters,2,2,0,0,100.0,0.0,0.0
Assassin's Creed Origins: The Curse of the Pharaohs,Level Design,3,3,0,0,100.0,0.0,0.0
Assassin's Creed Origins: The Curse of the Pharaohs,Difficulty,2,2,0,0,100.0,0.0,0.0
Assassin's Creed Origins: The Curse of the Pharaohs,Performance,2,2,0,0,100.0,0.0,0.0
Assassin's Creed Origins: The Curse of the Pharaohs,Replayability,3,3,0,0,100.0,0.0,0.0
Assassin's Creed Shadows,Gameplay,109,77,32,0,70.64,29.36,0.0
Assassin's Creed Shadows,Story,64,39,24,1,60.94,37.5,1.56
Assassin's Creed Shadows,Graphics,20,12,8,0,60.0,40.0,0.0
Assassin's Creed Shadows,Characters,38,30,8,0,78.95,21.05,0.0
Assassin's Creed Shadows,Level Design,18,12,5,1,66.67,27.78,5.56
Assassin's Creed Shadows,Music & Sound,6,4,2,0,66.67,33.33,0.0
Assassin's Creed Shadows,Difficulty,13,8,5,0,61.54,38.46,0.0
Assassin's Creed Shadows,Performance,16,12,4,0,75.0,25.0,0.0
Assassin's Creed Shadows,Replayability,13,10,3,0,76.92,23.08,0.0
Assassin's Creed Valhalla,Gameplay,65,50,15,0,76.92,23.08,0.0
Assassin's Creed Valhalla,Story,59,40,19,0,67.8,32.2,0.0
Assassin's Creed Valhalla,Graphics,5,3,2,0,60.0,40.0,0.0
Assassin's Creed Valhalla,Characters,22,17,5,0,77.27,22.73,0.0
Assassin's Creed Valhalla,Level Design,9,8,1,0,88.89,11.11,0.0
Assassin's Creed Valhalla,Music & Sound,3,2,1,0,66.67,33.33,0.0
Assassin's Creed Valhalla,Difficulty,12,8,4,0,66.67,33.33,0.0
Assassin's Creed Valhalla,Performance,24,21,3,0,87.5,12.5,0.0
Assassin's Creed Valhalla,Replayability,20,16,4,0,80.0,20.0,0.0
Assassin's Creed Valhalla - Discovery Tour: Viking Age,Gameplay,2,0,2,0,0.0,100.0,0.0
Assassin's Creed Valhalla - Discovery Tour: Viking Age,Level Design,1,1,0,0,100.0,0.0,0.0
Assassin's Creed Valhalla - Discovery Tour: Viking Age,Difficulty,1,0,1,0,0.0,100.0,0.0
Assault Android Cactus,Gameplay,10,8,2,0,80.0,20.0,0.0
Assault Android Cactus,Story,6,5,1,0,83.33,16.67,0.0
Assault Android Cactus,Graphics,3,1,2,0,33.33,66.67,0.0
Assault Android Cactus,Characters,9,7,2,0,77.78,22.22,0.0
Assault Android Cactus,Level Design,7,5,2,0,71.43,28.57,0.0
Assault Android Cactus,Music & Sound,4,4,0,0,100.0,0.0,0.0
Assault Android Cactus,Difficulty,10,9,1,0,90.0,10.0,0.0
Assault Android Cactus,Replayability,5,4,1,0,80.0,20.0,0.0
Assault Android Cactus+,Gameplay,1,1,0,0,100.0,0.0,0.0
Assault Android Cactus+,Level Design,1,1,0,0,100.0,0.0,0.0
Assault Android Cactus+,Difficulty,1,1,0,0,100.0,0.0,0.0
Astalon: Tears of the Earth,Gameplay,9,8,1,0,88.89,11.11,0.0
Astalon: Tears of the Earth,Story,4,3,1,0,75.0,25.0,0.0
Astalon: Tears of the Earth,Graphics,2,2,0,0,100.0,0.0,0.0
Astalon: Tears of the Earth,Characters,5,5,0,0,100.0,0.0,0.0
Astalon: Tears of the Earth,Level Design,4,4,0,0,100.0,0.0,0.0
Astalon: Tears of the Earth,Music & Sound,2,2,0,0,100.0,0.0,0.0
Astalon: Tears of the Earth,Difficulty,4,3,1,0,75.0,25.0,0.0
Astebreed,Gameplay,5,3,2,0,60.0,40.0,0.0
Astebreed,Story,4,2,2,0,50.0,50.0,0.0
Astebreed,Graphics,2,2,0,0,100.0,0.0,0.0
Astebreed,Level Design,1,0,1,0,0.0,100.0,0.0
Astebreed,Difficulty,3,2,1,0,66.67,33.33,0.0
Astebreed,Replayability,4,3,1,0,75.0,25.0,0.0
Astral Ascent,Gameplay,12,11,1,0,91.67,8.33,0.0
Astral Ascent,Story,1,0,1,0,0.0,100.0,0.0
Astral Ascent,Graphics,5,5,0,0,100.0,0.0,0.0
Astral Ascent,Characters,7,5,2,0,71.43,28.57,0.0
Astral Ascent,Difficulty,4,4,0,0,100.0,0.0,0.0
Astral Ascent,Replayability,3,2,1,0,66.67,33.33,0.0
Astral Chain,Gameplay,51,48,3,0,94.12,5.88,0.0
Astral Chain,Story,25,25,0,0,100.0,0.0,0.0
Astral Chain,Graphics,8,8,0,0,100.0,0.0,0.0
Astral Chain,Characters,12,12,0,0,100.0,0.0,0.0
Astral Chain,Level Design,2,2,0,0,100.0,0.0,0.0
Astral Chain,Music & Sound,2,2,0,0,100.0,0.0,0.0
Astral Chain,Difficulty,3,3,0,0,100.0,0.0,0.0
Astral Chain,Performance,1,1,0,0,100.0,0.0,0.0
Astral Chain,Replayability,5,5,0,0,100.0,0.0,0.0
Astrea: Six-Sided Oracles,Gameplay,4,2,2,0,50.0,50.0,0.0
Astrea: Six-Sided Oracles,Graphics,2,1,1,0,50.0,50.0,0.0
Astrea: Six-Sided Oracles,Level Design,1,0,1,0,0.0,100.0,0.0
Astrea: Six-Sided Oracles,Difficulty,1,1,0,0,100.0,0.0,0.0
Astrea: Six-Sided Oracles,Replayability,1,1,0,0,100.0,0.0,0.0
Astro Bot,Gameplay,51,50,1,0,98.04,1.96,0.0
Astro Bot,Story,6,6,0,0,100.0,0.0,0.0
Astro Bot,Graphics,19,19,0,0,100.0,0.0,0.0
Astro Bot,Characters,10,10,0,0,100.0,0.0,0.0
Astro Bot,Level Design,32,32,0,0,100.0,0.0,0.0
Astro Bot,Music & Sound,9,9,0,0,100.0,0.0,0.0
Astro Bot,Difficulty,19,19,0,0,100.0,0.0,0.0
Astro Bot,Performance,4,4,0,0,100.0,0.0,0.0
Astro Bot,Replayability,8,7,1,0,87.5,12.5,0.0
Astro Bot Rescue Mission,Gameplay,17,16,1,0,94.12,5.88,0.0
Astro Bot Rescue Mission,Graphics,2,2,0,0,100.0,0.0,0.0
Astro Bot Rescue Mission,Characters,3,3,0,0,100.0,0.0,0.0
Astro Bot Rescue Mission,Level Design,9,8,1,0,88.89,11.11,0.0
Astro Bot Rescue Mission,Music & Sound,1,1,0,0,100.0,0.0,0.0
Astro Bot Rescue Mission,Difficulty,5,5,0,0,100.0,0.0,0.0
Astro Bot Rescue Mission,Performance,2,2,0,0,100.0,0.0,0.0
Astro Bot Rescue Mission,Replayability,1,1,0,0,100.0,0.0,0.0
Astro's Playroom,Gameplay,14,14,0,0,100.0,0.0,0.0
Astro's Playroom,Story,2,2,0,0,100.0,0.0,0.0
Astro's Playroom,Graphics,3,3,0,0,100.0,0.0,0.0
Astro's Playroom,Level Design,7,7,0,0,100.0,0.0,0.0
Astro's Playroom,Music & Sound,1,1,0,0,100.0,0.0,0.0
Astro's Playroom,Difficulty,10,8,2,0,80.0,20.0,0.0
Astro's Playroom,Performance,1,0,1,0,0.0,100.0,0.0
Astro's Playroom,Replayability,4,4,0,0,100.0,0.0,0.0
Atari 50: The Anniversary Celebration,Story,2,2,0,0,100.0,0.0,0.0
Atari 50: The Anniversary Celebration,Level Design,2,2,0,0,100.0,0.0,0.0
Atari 50: The Anniversary Celebration,Difficulty,5,4,1,0,80.0,20.0,0.0
Atari 50: The Anniversary Celebration,Replayability,6,5,1,0,83.33,16.67,0.0
Atelier Dusk Trilogy Deluxe Pack,Gameplay,2,1,1,0,50.0,50.0,0.0
Atelier Dusk Trilogy Deluxe Pack,Story,5,4,1,0,80.0,20.0,0.0
Atelier Dusk Trilogy Deluxe Pack,Characters,2,2,0,0,100.0,0.0,0.0
Atelier Dusk Trilogy Deluxe Pack,Difficulty,4,4,0,0,100.0,0.0,0.0
Atelier Dusk Trilogy Deluxe Pack,Performance,1,1,0,0,100.0,0.0,0.0
Atelier Dusk Trilogy Deluxe Pack,Replayability,3,3,0,0,100.0,0.0,0.0
Atelier Lulua: The Scion of Arland,Gameplay,18,13,5,0,72.22,27.78,0.0
Atelier Lulua: The Scion of Arland,Story,11,7,4,0,63.64,36.36,0.0
Atelier Lulua: The Scion of Arland,Graphics,6,5,1,0,83.33,16.67,0.0
Atelier Lulua: The Scion of Arland,Characters,11,10,1,0,90.91,9.09,0.0
Atelier Lulua: The Scion of Arland,Level Design,2,1,1,0,50.0,50.0,0.0
Atelier Lulua: The Scion of Arland,Music & Sound,1,1,0,0,100.0,0.0,0.0
Atelier Lulua: The Scion of Arland,Difficulty,5,5,0,0,100.0,0.0,0.0
Atelier Lulua: The Scion of Arland,Performance,1,1,0,0,100.0,0.0,0.0
Atelier Lulua: The Scion of Arland,Replayability,3,2,1,0,66.67,33.33,0.0
Atelier Lydie & Suelle: The Alchemists and the Mysterious Paintings DX,Gameplay,2,2,0,0,100.0,0.0,0.0
Atelier Lydie & Suelle: The Alchemists and the Mysterious Paintings DX,Characters,1,1,0,0,100.0,0.0,0.0
Atelier Lydie & Suelle: The Alchemists and the Mysterious Paintings DX,Performance,1,1,0,0,100.0,0.0,0.0
Atelier Lydie & Suelle: The Alchemists and the Mysterious Paintings DX,Replayability,2,2,0,0,100.0,0.0,0.0
Atelier Ryza 2: Lost Legends & the Secret Fairy,Gameplay,40,30,10,0,75.0,25.0,0.0
Atelier Ryza 2: Lost Legends & the Secret Fairy,Story,30,25,5,0,83.33,16.67,0.0
Atelier Ryza 2: Lost Legends & the Secret Fairy,Graphics,3,3,0,0,100.0,0.0,0.0
Atelier Ryza 2: Lost Legends & the Secret Fairy,Characters,20,17,3,0,85.0,15.0,0.0
Atelier Ryza 2: Lost Legends & the Secret Fairy,Level Design,5,4,1,0,80.0,20.0,0.0
Atelier Ryza 2: Lost Legends & the Secret Fairy,Music & Sound,2,2,0,0,100.0,0.0,0.0
Atelier Ryza 2: Lost Legends & the Secret Fairy,Difficulty,11,9,2,0,81.82,18.18,0.0
Atelier Ryza 2: Lost Legends & the Secret Fairy,Performance,3,2,1,0,66.67,33.33,0.0
Atelier Ryza 2: Lost Legends & the Secret Fairy,Replayability,1,1,0,0,100.0,0.0,0.0
Atelier Ryza 3: Alchemist of the End & the Secret Key,Gameplay,30,26,4,0,86.67,13.33,0.0
Atelier Ryza 3: Alchemist of the End & the Secret Key,Story,13,10,3,0,76.92,23.08,0.0
Atelier Ryza 3: Alchemist of the End & the Secret Key,Graphics,1,1,0,0,100.0,0.0,0.0
Atelier Ryza 3: Alchemist of the End & the Secret Key,Characters,14,13,1,0,92.86,7.14,0.0
Atelier Ryza 3: Alchemist of the End & the Secret Key,Level Design,2,1,1,0,50.0,50.0,0.0
Atelier Ryza 3: Alchemist of the End & the Secret Key,Music & Sound,1,1,0,0,100.0,0.0,0.0
Atelier Ryza 3: Alchemist of the End & the Secret Key,Difficulty,5,3,2,0,60.0,40.0,0.0
Atelier Ryza 3: Alchemist of the End & the Secret Key,Performance,3,3,0,0,100.0,0.0,0.0
Atelier Ryza 3: Alchemist of the End & the Secret Key,Replayability,3,1,2,0,33.33,66.67,0.0
Atelier Ryza Secret Trilogy Deluxe Pack,Gameplay,5,5,0,0,100.0,0.0,0.0
Atelier Ryza Secret Trilogy Deluxe Pack,Story,6,6,0,0,100.0,0.0,0.0
Atelier Ryza Secret Trilogy Deluxe Pack,Graphics,4,4,0,0,100.0,0.0,0.0
Atelier Ryza Secret Trilogy Deluxe Pack,Characters,5,5,0,0,100.0,0.0,0.0
Atelier Ryza Secret Trilogy Deluxe Pack,Level Design,1,1,0,0,100.0,0.0,0.0
Atelier Ryza Secret Trilogy Deluxe Pack,Music & Sound,2,2,0,0,100.0,0.0,0.0
Atelier Ryza Secret Trilogy Deluxe Pack,Difficulty,3,3,0,0,100.0,0.0,0.0
Atelier Ryza Secret Trilogy Deluxe Pack,Performance,6,6,0,0,100.0,0.0,0.0
Atelier Ryza Secret Trilogy Deluxe Pack,Replayability,11,9,2,0,81.82,18.18,0.0
Atelier Ryza: Ever Darkness & the Secret Hideout,Gameplay,15,12,3,0,80.0,20.0,0.0
Atelier Ryza: Ever Darkness & the Secret Hideout,Story,18,13,5,0,72.22,27.78,0.0
Atelier Ryza: Ever Darkness & the Secret Hideout,Graphics,9,9,0,0,100.0,0.0,0.0
Atelier Ryza: Ever Darkness & the Secret Hideout,Characters,12,9,3,0,75.0,25.0,0.0
Atelier Ryza: Ever Darkness & the Secret Hideout,Level Design,4,2,2,0,50.0,50.0,0.0
Atelier Ryza: Ever Darkness & the Secret Hideout,Music & Sound,2,2,0,0,100.0,0.0,0.0
Atelier Ryza: Ever Darkness & the Secret Hideout,Difficulty,4,1,3,0,25.0,75.0,0.0
Atelier Ryza: Ever Darkness & the Secret Hideout,Performance,1,1,0,0,100.0,0.0,0.0
Atelier Sophie 2: The Alchemist & The Mysterious Dream,Gameplay,30,22,8,0,73.33,26.67,0.0
Atelier Sophie 2: The Alchemist & The Mysterious Dream,Story,24,17,7,0,70.83,29.17,0.0
Atelier Sophie 2: The Alchemist & The Mysterious Dream,Graphics,6,3,3,0,50.0,50.0,0.0
Atelier Sophie 2: The Alchemist & The Mysterious Dream,Characters,13,11,2,0,84.62,15.38,0.0
Atelier Sophie 2: The Alchemist & The Mysterious Dream,Level Design,2,2,0,0,100.0,0.0,0.0
Atelier Sophie 2: The Alchemist & The Mysterious Dream,Music & Sound,4,3,1,0,75.0,25.0,0.0
Atelier Sophie 2: The Alchemist & The Mysterious Dream,Difficulty,8,5,3,0,62.5,37.5,0.0
Atelier Sophie 2: The Alchemist & The Mysterious Dream,Performance,1,1,0,0,100.0,0.0,0.0
Atelier Sophie 2: The Alchemist & The Mysterious Dream,Replayability,1,1,0,0,100.0,0.0,0.0
Athenian Rhapsody,Gameplay,2,2,0,0,100.0,0.0,0.0
Athenian Rhapsody,Story,3,2,1,0,66.67,33.33,0.0
Athenian Rhapsody,Graphics,1,1,0,0,100.0,0.0,0.0
Athenian Rhapsody,Characters,2,1,1,0,50.0,50.0,0.0
Athenian Rhapsody,Difficulty,4,3,1,0,75.0,25.0,0.0
Athenian Rhapsody,Performance,1,1,0,0,100.0,0.0,0.0
Atlas Reactor,Gameplay,3,2,1,0,66.67,33.33,0.0
Atlas Reactor,Difficulty,1,1,0,0,100.0,0.0,0.0
Atlas Reactor,Replayability,1,1,0,0,100.0,0.0,0.0
Atomic Heart: Enchantment Under the Sea,Gameplay,7,5,2,0,71.43,28.57,0.0
Atomic Heart: Enchantment Under the Sea,Story,7,5,2,0,71.43,28.57,0.0
Atomic Heart: Enchantment Under the Sea,Graphics,1,1,0,0,100.0,0.0,0.0
Atomic Heart: Enchantment Under the Sea,Level Design,3,2,1,0,66.67,33.33,0.0
Atomic Heart: Enchantment Under the Sea,Music & Sound,1,1,0,0,100.0,0.0,0.0
Atomic Heart: Enchantment Under the Sea,Performance,1,1,0,0,100.0,0.0,0.0
Atomic Heart: Enchantment Under the Sea,Replayability,2,1,1,0,50.0,50.0,0.0
Augmented Empire,Gameplay,3,1,2,0,33.33,66.67,0.0
Augmented Empire,Story,4,3,1,0,75.0,25.0,0.0
Augmented Empire,Characters,1,1,0,0,100.0,0.0,0.0
Aureole - Wings of Hope,Gameplay,3,3,0,0,100.0,0.0,0.0
Aureole - Wings of Hope,Story,2,2,0,0,100.0,0.0,0.0
Aureole - Wings of Hope,Graphics,1,1,0,0,100.0,0.0,0.0
Aureole - Wings of Hope,Characters,1,1,0,0,100.0,0.0,0.0
Aureole - Wings of Hope,Difficulty,4,3,1,0,75.0,25.0,0.0
Aureole - Wings of Hope,Performance,1,1,0,0,100.0,0.0,0.0
Avadon 3: The Warborn,Story,1,1,0,0,100.0,0.0,0.0
Avadon 3: The Warborn,Graphics,1,1,0,0,100.0,0.0,0.0
Avadon 3: The Warborn,Characters,2,2,0,0,100.0,0.0,0.0
Avernum 2: Crystal Souls,Gameplay,2,2,0,0,100.0,0.0,0.0
Avernum 2: Crystal Souls,Story,2,2,0,0,100.0,0.0,0.0
Avernum 2: Crystal Souls,Characters,1,1,0,0,100.0,0.0,0.0
Aviary Attorney: Definitive Edition,Gameplay,1,1,0,0,100.0,0.0,0.0
Aviary Attorney: Definitive Edition,Story,4,4,0,0,100.0,0.0,0.0
Aviary Attorney: Definitive Edition,Characters,3,3,0,0,100.0,0.0,0.0
Aviary Attorney: Definitive Edition,Music & Sound,1,1,0,0,100.0,0.0,0.0
Avicii Invector,Gameplay,7,7,0,0,100.0,0.0,0.0
Avicii Invector,Story,3,3,0,0,100.0,0.0,0.0
Avicii Invector,Graphics,6,6,0,0,100.0,0.0,0.0
Avicii Invector,Level Design,2,1,1,0,50.0,50.0,0.0
Avicii Invector,Music & Sound,23,20,3,0,86.96,13.04,0.0
Avicii Invector,Difficulty,11,9,2,0,81.82,18.18,0.0
Avicii Invector,Replayability,2,1,1,0,50.0,50.0,0.0
Avowed,Gameplay,101,57,42,2,56.44,41.58,1.98
Avowed,Story,85,54,30,1,63.53,35.29,1.18
Avowed,Graphics,10,6,4,0,60.0,40.0,0.0
Avowed,Characters,30,23,6,1,76.67,20.0,3.33
Avowed,Level Design,14,9,4,1,64.29,28.57,7.14
Avowed,Music & Sound,3,2,1,0,66.67,33.33,0.0
Avowed,Difficulty,16,13,2,1,81.25,12.5,6.25
Avowed,Performance,27,14,13,0,51.85,48.15,0.0
Avowed,Replayability,10,8,2,0,80.0,20.0,0.0
Axiom Verge,Gameplay,20,17,3,0,85.0,15.0,0.0
Axiom Verge,Story,8,5,3,0,62.5,37.5,0.0
Axiom Verge,Graphics,4,3,1,0,75.0,25.0,0.0
Axiom Verge,Characters,2,2,0,0,100.0,0.0,0.0
Axiom Verge,Level Design,8,7,1,0,87.5,12.5,0.0
Axiom Verge,Music & Sound,5,4,1,0,80.0,20.0,0.0
Axiom Verge,Difficulty,14,11,3,0,78.57,21.43,0.0
Axiom Verge,Replayability,2,2,0,0,100.0,0.0,0.0
Aztez,Gameplay,1,1,0,0,100.0,0.0,0.0
Aztez,Story,1,1,0,0,100.0,0.0,0.0
Azure Striker Gunvolt: Striker Pack,Gameplay,2,2,0,0,100.0,0.0,0.0
Azure Striker Gunvolt: Striker Pack,Story,2,2,0,0,100.0,0.0,0.0
Azure Striker Gunvolt: Striker Pack,Graphics,1,1,0,0,100.0,0.0,0.0
Azure Striker Gunvolt: Striker Pack,Music & Sound,1,1,0,0,100.0,0.0,0.0
Azure Striker Gunvolt: Striker Pack,Difficulty,2,1,1,0,50.0,50.0,0.0
Azure Striker Gunvolt: Striker Pack,Replayability,1,1,0,0,100.0,0.0,0.0
BALL x PIT,Gameplay,33,28,5,0,84.85,15.15,0.0
BALL x PIT,Story,2,1,1,0,50.0,50.0,0.0
BALL x PIT,Graphics,8,7,1,0,87.5,12.5,0.0
BALL x PIT,Characters,10,10,0,0,100.0,0.0,0.0
BALL x PIT,Level Design,6,5,1,0,83.33,16.67,0.0
BALL x PIT,Music & Sound,6,6,0,0,100.0,0.0,0.0
BALL x PIT,Difficulty,14,12,2,0,85.71,14.29,0.0
BALL x PIT,Replayability,5,5,0,0,100.0,0.0,0.0
BYE-BYE BOXBOY!,Gameplay,6,6,0,0,100.0,0.0,0.0
BYE-BYE BOXBOY!,Story,2,2,0,0,100.0,0.0,0.0
BYE-BYE BOXBOY!,Characters,1,1,0,0,100.0,0.0,0.0
BYE-BYE BOXBOY!,Level Design,3,1,2,0,33.33,66.67,0.0
BYE-BYE BOXBOY!,Difficulty,4,3,1,0,75.0,25.0,0.0
BYE-BYE BOXBOY!,Replayability,2,2,0,0,100.0,0.0,0.0
Baba Is You,Gameplay,5,5,0,0,100.0,0.0,0.0
Baba Is You,Graphics,2,2,0,0,100.0,0.0,0.0
Baba Is You,Level Design,3,1,2,0,33.33,66.67,0.0
Baba Is You,Music & Sound,3,3,0,0,100.0,0.0,0.0
Baba Is You,Difficulty,7,4,3,0,57.14,42.86,0.0
Backfirewall,Gameplay,4,4,0,0,100.0,0.0,0.0
Backfirewall,Story,6,5,1,0,83.33,16.67,0.0
Backfirewall,Characters,4,4,0,0,100.0,0.0,0.0
Backfirewall,Music & Sound,1,1,0,0,100.0,0.0,0.0
Backfirewall,Difficulty,2,2,0,0,100.0,0.0,0.0
Backyard Baseball '97,Gameplay,5,3,2,0,60.0,40.0,0.0
Backyard Baseball '97,Story,1,1,0,0,100.0,0.0,0.0
Backyard Baseball '97,Characters,2,1,1,0,50.0,50.0,0.0
Backyard Baseball '97,Replayability,1,0,1,0,0.0,100.0,0.0
Bakeru,Gameplay,18,14,4,0,77.78,22.22,0.0
Bakeru,Story,2,1,1,0,50.0,50.0,0.0
Bakeru,Graphics,3,3,0,0,100.0,0.0,0.0
Bakeru,Characters,3,2,1,0,66.67,33.33,0.0
Bakeru,Level Design,6,5,1,0,83.33,16.67,0.0
Bakeru,Difficulty,5,4,1,0,80.0,20.0,0.0
Bakeru,Performance,5,3,2,0,60.0,40.0,0.0
Balatro,Gameplay,19,19,0,0,100.0,0.0,0.0
Balatro,Story,2,2,0,0,100.0,0.0,0.0
Balatro,Graphics,3,3,0,0,100.0,0.0,0.0
Balatro,Level Design,1,1,0,0,100.0,0.0,0.0
Balatro,Music & Sound,2,2,0,0,100.0,0.0,0.0
Balatro,Difficulty,18,18,0,0,100.0,0.0,0.0
Balatro,Replayability,1,1,0,0,100.0,0.0,0.0
Baldur's Gate 3,Gameplay,42,42,0,0,100.0,0.0,0.0
Baldur's Gate 3,Story,51,50,1,0,98.04,1.96,0.0
Baldur's Gate 3,Graphics,8,7,1,0,87.5,12.5,0.0
Baldur's Gate 3,Characters,37,36,1,0,97.3,2.7,0.0
Baldur's Gate 3,Level Design,12,12,0,0,100.0,0.0,0.0
Baldur's Gate 3,Music & Sound,6,5,1,0,83.33,16.67,0.0
Baldur's Gate 3,Difficulty,11,11,0,0,100.0,0.0,0.0
Baldur's Gate 3,Performance,17,16,1,0,94.12,5.88,0.0
Baldur's Gate 3,Replayability,12,11,1,0,91.67,8.33,0.0
Bang-On Balls: Chronicles,Gameplay,6,4,2,0,66.67,33.33,0.0
Bang-On Balls: Chronicles,Graphics,1,1,0,0,100.0,0.0,0.0
Bang-On Balls: Chronicles,Characters,1,0,1,0,0.0,100.0,0.0
Bang-On Balls: Chronicles,Level Design,5,3,2,0,60.0,40.0,0.0
Bang-On Balls: Chronicles,Music & Sound,1,0,1,0,0.0,100.0,0.0
Bang-On Balls: Chronicles,Difficulty,4,1,3,0,25.0,75.0,0.0
Bang-On Balls: Chronicles,Replayability,1,0,1,0,0.0,100.0,0.0
Barbearian,Gameplay,1,1,0,0,100.0,0.0,0.0
Barbearian,Story,1,1,0,0,100.0,0.0,0.0
Barbearian,Graphics,2,2,0,0,100.0,0.0,0.0
Barbearian,Characters,1,1,0,0,100.0,0.0,0.0
Barbearian,Level Design,1,1,0,0,100.0,0.0,0.0
Barbearian,Music & Sound,1,1,0,0,100.0,0.0,0.0
Barbearian,Difficulty,2,1,1,0,50.0,50.0,0.0
Bastion,Gameplay,22,17,5,0,77.27,22.73,0.0
Bastion,Story,15,13,2,0,86.67,13.33,0.0
Bastion,Graphics,9,7,2,0,77.78,22.22,0.0
Bastion,Characters,10,8,2,0,80.0,20.0,0.0
Bastion,Level Design,1,0,1,0,0.0,100.0,0.0
Bastion,Music & Sound,11,11,0,0,100.0,0.0,0.0
Bastion,Difficulty,8,7,1,0,87.5,12.5,0.0
Bastion,Performance,2,2,0,0,100.0,0.0,0.0
Bastion,Replayability,5,4,1,0,80.0,20.0,0.0
Batman: Arkham Knight,Gameplay,33,26,7,0,78.79,21.21,0.0
Batman: Arkham Knight,Story,36,29,7,0,80.56,19.44,0.0
Batman: Arkham Knight,Graphics,10,9,1,0,90.0,10.0,0.0
Batman: Arkham Knight,Characters,7,4,3,0,57.14,42.86,0.0
Batman: Arkham Knight,Level Design,3,3,0,0,100.0,0.0,0.0
Batman: Arkham Knight,Music & Sound,2,2,0,0,100.0,0.0,0.0
Batman: Arkham Knight,Difficulty,5,3,1,1,60.0,20.0,20.0
Batman: Arkham Knight,Performance,3,1,2,0,33.33,66.67,0.0
Batman: Arkham Knight,Replayability,4,2,2,0,50.0,50.0,0.0
Batman: Arkham Shadow,Gameplay,15,14,1,0,93.33,6.67,0.0
Batman: Arkham Shadow,Story,14,14,0,0,100.0,0.0,0.0
Batman: Arkham Shadow,Graphics,1,1,0,0,100.0,0.0,0.0
Batman: Arkham Shadow,Characters,1,1,0,0,100.0,0.0,0.0
Batman: Arkham Shadow,Level Design,4,4,0,0,100.0,0.0,0.0
Batman: Arkham Shadow,Difficulty,4,3,1,0,75.0,25.0,0.0
Batman: Arkham Shadow,Performance,5,4,1,0,80.0,20.0,0.0
Batman: Arkham Shadow,Replayability,3,3,0,0,100.0,0.0,0.0
Batman: The Enemy Within - Episode 5,Story,9,9,0,0,100.0,0.0,0.0
Batman: The Enemy Within - Episode 5,Characters,4,4,0,0,100.0,0.0,0.0
Batman: The Enemy Within - Episode 5,Difficulty,2,1,1,0,50.0,50.0,0.0
Batman: The Enemy Within - Episode 5,Replayability,3,3,0,0,100.0,0.0,0.0
Batman: The Enemy Within - The Complete Season,Gameplay,4,3,1,0,75.0,25.0,0.0
Batman: The Enemy Within - The Complete Season,Story,9,7,2,0,77.78,22.22,0.0
Batman: The Enemy Within - The Complete Season,Characters,6,4,2,0,66.67,33.33,0.0
Batman: The Enemy Within - The Complete Season,Performance,1,1,0,0,100.0,0.0,0.0
Battle Chef Brigade,Gameplay,15,15,0,0,100.0,0.0,0.0
Battle Chef Brigade,Story,11,11,0,0,100.0,0.0,0.0
Battle Chef Brigade,Graphics,3,3,0,0,100.0,0.0,0.0
Battle Chef Brigade,Characters,9,9,0,0,100.0,0.0,0.0
Battle Chef Brigade,Level Design,2,2,0,0,100.0,0.0,0.0
Battle Chef Brigade,Music & Sound,1,1,0,0,100.0,0.0,0.0
Battle Chef Brigade,Difficulty,2,2,0,0,100.0,0.0,0.0
Battle Chef Brigade,Replayability,2,2,0,0,100.0,0.0,0.0
Battle Garegga Rev.2016,Difficulty,1,1,0,0,100.0,0.0,0.0
Battle Suit Aces,Gameplay,2,2,0,0,100.0,0.0,0.0
Battle Suit Aces,Story,3,3,0,0,100.0,0.0,0.0
Battle Suit Aces,Graphics,2,2,0,0,100.0,0.0,0.0
Battle Suit Aces,Characters,4,4,0,0,100.0,0.0,0.0
BattleBlock Theater,Gameplay,3,3,0,0,100.0,0.0,0.0
BattleBlock Theater,Story,2,2,0,0,100.0,0.0,0.0
BattleBlock Theater,Level Design,3,2,1,0,66.67,33.33,0.0
BattleBlock Theater,Difficulty,2,2,0,0,100.0,0.0,0.0
BattleBlock Theater,Replayability,2,1,1,0,50.0,50.0,0.0
BattleTech,Gameplay,17,10,7,0,58.82,41.18,0.0
BattleTech,Story,12,6,6,0,50.0,50.0,0.0
BattleTech,Graphics,2,0,2,0,0.0,100.0,0.0
BattleTech,Level Design,3,3,0,0,100.0,0.0,0.0
BattleTech,Music & Sound,3,2,1,0,66.67,33.33,0.0
BattleTech,Difficulty,7,2,5,0,28.57,71.43,0.0
BattleTech,Performance,8,4,4,0,50.0,50.0,0.0
Battlefield 1,Gameplay,18,17,1,0,94.44,5.56,0.0
Battlefield 1,Story,7,7,0,0,100.0,0.0,0.0
Battlefield 1,Graphics,11,11,0,0,100.0,0.0,0.0
Battlefield 1,Characters,3,3,0,0,100.0,0.0,0.0
Battlefield 1,Level Design,4,4,0,0,100.0,0.0,0.0
Battlefield 1,Music & Sound,4,4,0,0,100.0,0.0,0.0
Battlefield 1,Difficulty,6,6,0,0,100.0,0.0,0.0
Battlefield 1,Performance,11,11,0,0,100.0,0.0,0.0
Battlefield 1,Replayability,1,1,0,0,100.0,0.0,0.0
Battlefield 6,Gameplay,30,25,5,0,83.33,16.67,0.0
Battlefield 6,Story,15,11,4,0,73.33,26.67,0.0
Battlefield 6,Graphics,16,14,2,0,87.5,12.5,0.0
Battlefield 6,Characters,2,2,0,0,100.0,0.0,0.0
Battlefield 6,Level Design,7,6,1,0,85.71,14.29,0.0
Battlefield 6,Music & Sound,12,11,1,0,91.67,8.33,0.0
Battlefield 6,Difficulty,9,9,0,0,100.0,0.0,0.0
Battlefield 6,Performance,24,22,2,0,91.67,8.33,0.0
Battlefield 6,Replayability,10,10,0,0,100.0,0.0,0.0
Battlefleet Gothic: Armada,Gameplay,2,1,1,0,50.0,50.0,0.0
Battlefleet Gothic: Armada,Story,3,3,0,0,100.0,0.0,0.0
Battlefleet Gothic: Armada,Graphics,2,2,0,0,100.0,0.0,0.0
Battlefleet Gothic: Armada,Music & Sound,1,1,0,0,100.0,0.0,0.0
Battlefleet Gothic: Armada,Difficulty,2,1,1,0,50.0,50.0,0.0
Battlerite,Gameplay,2,1,1,0,50.0,50.0,0.0
Battlerite,Characters,1,1,0,0,100.0,0.0,0.0
Battlerite,Difficulty,1,1,0,0,100.0,0.0,0.0
Battlerite,Replayability,1,0,1,0,0.0,100.0,0.0
Battlestar Galactica: Scattered Hopes,Gameplay,6,3,3,0,50.0,50.0,0.0
Battlestar Galactica: Scattered Hopes,Story,3,1,2,0,33.33,66.67,0.0
Battlestar Galactica: Scattered Hopes,Graphics,1,0,1,0,0.0,100.0,0.0
Battlestar Galactica: Scattered Hopes,Level Design,1,0,1,0,0.0,100.0,0.0
Battlestar Galactica: Scattered Hopes,Music & Sound,1,0,1,0,0.0,100.0,0.0
Battlestar Galactica: Scattered Hopes,Difficulty,2,0,2,0,0.0,100.0,0.0
Bayonetta,Gameplay,16,14,2,0,87.5,12.5,0.0
Bayonetta,Story,7,6,1,0,85.71,14.29,0.0
Bayonetta,Graphics,10,8,2,0,80.0,20.0,0.0
Bayonetta,Characters,3,3,0,0,100.0,0.0,0.0
Bayonetta,Level Design,1,1,0,0,100.0,0.0,0.0
Bayonetta,Music & Sound,3,1,2,0,33.33,66.67,0.0
Bayonetta,Difficulty,4,4,0,0,100.0,0.0,0.0
Bayonetta,Performance,7,7,0,0,100.0,0.0,0.0
Bayonetta,Replayability,2,2,0,0,100.0,0.0,0.0
Bayonetta & Vanquish 10th Anniversary Bundle,Gameplay,11,7,4,0,63.64,36.36,0.0
Bayonetta & Vanquish 10th Anniversary Bundle,Story,3,2,1,0,66.67,33.33,0.0
Bayonetta & Vanquish 10th Anniversary Bundle,Graphics,4,3,1,0,75.0,25.0,0.0
Bayonetta & Vanquish 10th Anniversary Bundle,Characters,3,3,0,0,100.0,0.0,0.0
Bayonetta & Vanquish 10th Anniversary Bundle,Level Design,1,1,0,0,100.0,0.0,0.0
Bayonetta & Vanquish 10th Anniversary Bundle,Difficulty,5,5,0,0,100.0,0.0,0.0
Bayonetta & Vanquish 10th Anniversary Bundle,Performance,7,6,1,0,85.71,14.29,0.0
Bayonetta & Vanquish 10th Anniversary Bundle,Replayability,5,5,0,0,100.0,0.0,0.0
Bayonetta 1+2,Gameplay,14,14,0,0,100.0,0.0,0.0
Bayonetta 1+2,Story,6,6,0,0,100.0,0.0,0.0
Bayonetta 1+2,Graphics,4,4,0,0,100.0,0.0,0.0
Bayonetta 1+2,Characters,5,5,0,0,100.0,0.0,0.0
Bayonetta 1+2,Music & Sound,1,1,0,0,100.0,0.0,0.0
Bayonetta 1+2,Difficulty,3,3,0,0,100.0,0.0,0.0
Bayonetta 1+2,Performance,3,3,0,0,100.0,0.0,0.0
Bayonetta 1+2,Replayability,5,5,0,0,100.0,0.0,0.0
Bayonetta 2,Gameplay,27,24,3,0,88.89,11.11,0.0
Bayonetta 2,Story,6,5,1,0,83.33,16.67,0.0
Bayonetta 2,Graphics,6,5,1,0,83.33,16.67,0.0
Bayonetta 2,Characters,14,13,1,0,92.86,7.14,0.0
Bayonetta 2,Level Design,4,4,0,0,100.0,0.0,0.0
Bayonetta 2,Music & Sound,4,3,1,0,75.0,25.0,0.0
Bayonetta 2,Difficulty,7,7,0,0,100.0,0.0,0.0
Bayonetta 2,Performance,3,3,0,0,100.0,0.0,0.0
Bayonetta 2,Replayability,6,6,0,0,100.0,0.0,0.0
Bayonetta 3,Gameplay,58,44,12,2,75.86,20.69,3.45
Bayonetta 3,Story,30,17,11,2,56.67,36.67,6.67
Bayonetta 3,Graphics,7,6,1,0,85.71,14.29,0.0
Bayonetta 3,Characters,15,13,2,0,86.67,13.33,0.0
Bayonetta 3,Level Design,15,10,3,2,66.67,20.0,13.33
Bayonetta 3,Music & Sound,5,5,0,0,100.0,0.0,0.0
Bayonetta 3,Difficulty,11,9,2,0,81.82,18.18,0.0
Bayonetta 3,Performance,16,15,0,1,93.75,0.0,6.25
Bayonetta 3,Replayability,2,1,1,0,50.0,50.0,0.0
Bayonetta Origins: Cereza and the Lost Demon,Gameplay,42,30,12,0,71.43,28.57,0.0
Bayonetta Origins: Cereza and the Lost Demon,Story,22,19,3,0,86.36,13.64,0.0
Bayonetta Origins: Cereza and the Lost Demon,Graphics,7,5,2,0,71.43,28.57,0.0
Bayonetta Origins: Cereza and the Lost Demon,Characters,13,11,2,0,84.62,15.38,0.0
Bayonetta Origins: Cereza and the Lost Demon,Level Design,6,2,4,0,33.33,66.67,0.0
Bayonetta Origins: Cereza and the Lost Demon,Music & Sound,3,3,0,0,100.0,0.0,0.0
Bayonetta Origins: Cereza and the Lost Demon,Difficulty,4,1,3,0,25.0,75.0,0.0
Bayonetta Origins: Cereza and the Lost Demon,Performance,1,1,0,0,100.0,0.0,0.0
Beacon Pines,Gameplay,10,7,3,0,70.0,30.0,0.0
Beacon Pines,Story,25,22,3,0,88.0,12.0,0.0
Beacon Pines,Graphics,8,6,2,0,75.0,25.0,0.0
Beacon Pines,Characters,9,8,1,0,88.89,11.11,0.0
Beacon Pines,Level Design,1,1,0,0,100.0,0.0,0.0
Beacon Pines,Music & Sound,3,3,0,0,100.0,0.0,0.0
Beacon Pines,Difficulty,3,3,0,0,100.0,0.0,0.0
Beacon Pines,Performance,1,1,0,0,100.0,0.0,0.0
Beacon Pines,Replayability,1,1,0,0,100.0,0.0,0.0
Beat Saber,Gameplay,10,9,1,0,90.0,10.0,0.0
Beat Saber,Level Design,4,4,0,0,100.0,0.0,0.0
Beat Saber,Music & Sound,13,11,2,0,84.62,15.38,0.0
Beat Saber,Difficulty,5,5,0,0,100.0,0.0,0.0
Beat Saber,Replayability,2,2,0,0,100.0,0.0,0.0
Before I Forget,Gameplay,1,1,0,0,100.0,0.0,0.0
Before I Forget,Story,6,5,1,0,83.33,16.67,0.0
Before I Forget,Characters,2,2,0,0,100.0,0.0,0.0
Before I Forget,Difficulty,1,1,0,0,100.0,0.0,0.0
Before Your Eyes,Gameplay,6,5,1,0,83.33,16.67,0.0
Before Your Eyes,Story,27,23,4,0,85.19,14.81,0.0
Before Your Eyes,Graphics,2,1,1,0,50.0,50.0,0.0
Before Your Eyes,Characters,5,3,2,0,60.0,40.0,0.0
Before Your Eyes,Level Design,1,1,0,0,100.0,0.0,0.0
Before Your Eyes,Music & Sound,4,4,0,0,100.0,0.0,0.0
Before Your Eyes,Difficulty,2,2,0,0,100.0,0.0,0.0
Before Your Eyes,Performance,3,2,1,0,66.67,33.33,0.0
Before Your Eyes,Replayability,2,2,0,0,100.0,0.0,0.0
Beholder 2,Gameplay,1,1,0,0,100.0,0.0,0.0
Beholder 2,Story,2,2,0,0,100.0,0.0,0.0
Beholder 2,Graphics,2,2,0,0,100.0,0.0,0.0
Beholder 2,Characters,1,1,0,0,100.0,0.0,0.0
Beholder 2,Level Design,1,1,0,0,100.0,0.0,0.0
Beholder 2,Difficulty,1,1,0,0,100.0,0.0,0.0
Beholder 2,Replayability,1,1,0,0,100.0,0.0,0.0
Berserk Boy,Gameplay,28,23,5,0,82.14,17.86,0.0
Berserk Boy,Story,4,3,1,0,75.0,25.0,0.0
Berserk Boy,Graphics,9,8,1,0,88.89,11.11,0.0
Berserk Boy,Characters,6,5,1,0,83.33,16.67,0.0
Berserk Boy,Level Design,7,5,2,0,71.43,28.57,0.0
Berserk Boy,Music & Sound,16,13,3,0,81.25,18.75,0.0
Berserk Boy,Difficulty,14,10,4,0,71.43,28.57,0.0
Berserk Boy,Performance,1,1,0,0,100.0,0.0,0.0
Berserk Boy,Replayability,2,2,0,0,100.0,0.0,0.0
Betrayal At Club Low,Gameplay,3,3,0,0,100.0,0.0,0.0
Betrayal At Club Low,Story,3,2,1,0,66.67,33.33,0.0
Betrayal At Club Low,Graphics,2,2,0,0,100.0,0.0,0.0
Betrayal At Club Low,Characters,3,3,0,0,100.0,0.0,0.0
Betrayal At Club Low,Music & Sound,1,1,0,0,100.0,0.0,0.0
Betrayal At Club Low,Difficulty,1,1,0,0,100.0,0.0,0.0
Beyond Galaxyland,Gameplay,13,11,2,0,84.62,15.38,0.0
Beyond Galaxyland,Story,9,9,0,0,100.0,0.0,0.0
Beyond Galaxyland,Graphics,1,1,0,0,100.0,0.0,0.0
Beyond Galaxyland,Characters,7,6,1,0,85.71,14.29,0.0
Beyond Galaxyland,Difficulty,3,3,0,0,100.0,0.0,0.0
Beyond Galaxyland,Performance,1,0,1,0,0.0,100.0,0.0
Beyond Galaxyland,Replayability,1,1,0,0,100.0,0.0,0.0
BioShock Infinite: Burial at Sea - Episode Two,Gameplay,6,5,1,0,83.33,16.67,0.0
BioShock Infinite: Burial at Sea - Episode Two,Story,14,12,2,0,85.71,14.29,0.0
BioShock Infinite: Burial at Sea - Episode Two,Graphics,2,2,0,0,100.0,0.0,0.0
BioShock Infinite: Burial at Sea - Episode Two,Characters,1,0,1,0,0.0,100.0,0.0
BioShock Infinite: Burial at Sea - Episode Two,Level Design,1,1,0,0,100.0,0.0,0.0
BioShock Infinite: Burial at Sea - Episode Two,Difficulty,3,3,0,0,100.0,0.0,0.0
BioShock Infinite: Burial at Sea - Episode Two,Replayability,3,3,0,0,100.0,0.0,0.0
BioShock: The Collection,Gameplay,6,6,0,0,100.0,0.0,0.0
BioShock: The Collection,Story,1,1,0,0,100.0,0.0,0.0
BioShock: The Collection,Graphics,8,5,3,0,62.5,37.5,0.0
BioShock: The Collection,Characters,3,3,0,0,100.0,0.0,0.0
BioShock: The Collection,Music & Sound,2,2,0,0,100.0,0.0,0.0
BioShock: The Collection,Difficulty,7,7,0,0,100.0,0.0,0.0
BioShock: The Collection,Performance,10,9,1,0,90.0,10.0,0.0
BioShock: The Collection,Replayability,16,14,2,0,87.5,12.5,0.0
Bionic Bay,Gameplay,19,16,3,0,84.21,15.79,0.0
Bionic Bay,Story,4,4,0,0,100.0,0.0,0.0
Bionic Bay,Graphics,10,8,2,0,80.0,20.0,0.0
Bionic Bay,Characters,1,0,1,0,0.0,100.0,0.0
Bionic Bay,Level Design,8,5,3,0,62.5,37.5,0.0
Bionic Bay,Music & Sound,1,1,0,0,100.0,0.0,0.0
Bionic Bay,Difficulty,4,4,0,0,100.0,0.0,0.0
Bionic Bay,Replayability,1,1,0,0,100.0,0.0,0.0
Birushana: Winds of Fate,Story,4,1,3,0,25.0,75.0,0.0
Birushana: Winds of Fate,Graphics,1,1,0,0,100.0,0.0,0.0
Birushana: Winds of Fate,Difficulty,2,0,2,0,0.0,100.0,0.0
Black Book,Gameplay,7,3,4,0,42.86,57.14,0.0
Black Book,Story,7,5,2,0,71.43,28.57,0.0
Black Book,Graphics,4,1,3,0,25.0,75.0,0.0
Black Book,Characters,3,3,0,0,100.0,0.0,0.0
Black Book,Music & Sound,1,0,1,0,0.0,100.0,0.0
Black Book,Difficulty,2,1,1,0,50.0,50.0,0.0
Black Jacket,Gameplay,3,3,0,0,100.0,0.0,0.0
Black Jacket,Story,2,2,0,0,100.0,0.0,0.0
Black Jacket,Difficulty,2,2,0,0,100.0,0.0,0.0
Black Jacket,Replayability,1,1,0,0,100.0,0.0,0.0
Black Mesa,Gameplay,1,1,0,0,100.0,0.0,0.0
Black Mesa,Story,1,1,0,0,100.0,0.0,0.0
Black Mesa,Graphics,1,0,1,0,0.0,100.0,0.0
Black Mesa,Level Design,2,1,1,0,50.0,50.0,0.0
Black Mesa,Music & Sound,1,1,0,0,100.0,0.0,0.0
Black Mesa,Performance,2,1,1,0,50.0,50.0,0.0
Black Myth: Wukong,Gameplay,55,40,15,0,72.73,27.27,0.0
Black Myth: Wukong,Story,27,20,7,0,74.07,25.93,0.0
Black Myth: Wukong,Graphics,24,16,8,0,66.67,33.33,0.0
Black Myth: Wukong,Characters,9,8,1,0,88.89,11.11,0.0
Black Myth: Wukong,Level Design,15,8,7,0,53.33,46.67,0.0
Black Myth: Wukong,Music & Sound,5,3,2,0,60.0,40.0,0.0
Black Myth: Wukong,Difficulty,18,14,4,0,77.78,22.22,0.0
Black Myth: Wukong,Performance,21,14,7,0,66.67,33.33,0.0
Black Myth: Wukong,Replayability,5,2,3,0,40.0,60.0,0.0
Blade Chimera,Gameplay,20,16,4,0,80.0,20.0,0.0
Blade Chimera,Story,10,10,0,0,100.0,0.0,0.0
Blade Chimera,Graphics,6,6,0,0,100.0,0.0,0.0
Blade Chimera,Level Design,3,2,1,0,66.67,33.33,0.0
Blade Chimera,Music & Sound,1,1,0,0,100.0,0.0,0.0
Blade Chimera,Difficulty,5,4,1,0,80.0,20.0,0.0
Blade Chimera,Performance,2,1,1,0,50.0,50.0,0.0
Blade Chimera,Replayability,4,3,1,0,75.0,25.0,0.0
Blasphemous 2,Gameplay,42,38,4,0,90.48,9.52,0.0
Blasphemous 2,Story,14,12,2,0,85.71,14.29,0.0
Blasphemous 2,Graphics,14,12,2,0,85.71,14.29,0.0
Blasphemous 2,Characters,3,3,0,0,100.0,0.0,0.0
Blasphemous 2,Level Design,11,11,0,0,100.0,0.0,0.0
Blasphemous 2,Music & Sound,5,5,0,0,100.0,0.0,0.0
Blasphemous 2,Difficulty,15,14,1,0,93.33,6.67,0.0
Blasphemous 2,Performance,4,4,0,0,100.0,0.0,0.0
Blasphemous 2,Replayability,1,1,0,0,100.0,0.0,0.0
Blaster Master Zero 2,Gameplay,7,6,1,0,85.71,14.29,0.0
Blaster Master Zero 2,Story,1,1,0,0,100.0,0.0,0.0
Blaster Master Zero 2,Graphics,1,1,0,0,100.0,0.0,0.0
Blaster Master Zero 2,Characters,2,2,0,0,100.0,0.0,0.0
Blaster Master Zero 2,Level Design,1,0,1,0,0.0,100.0,0.0
Blaster Master Zero 2,Music & Sound,1,1,0,0,100.0,0.0,0.0
Blaster Master Zero 2,Difficulty,3,2,1,0,66.67,33.33,0.0
Blaster Master Zero 2,Replayability,1,0,1,0,0.0,100.0,0.0
BlazBlue Entropy Effect,Gameplay,10,7,3,0,70.0,30.0,0.0
BlazBlue Entropy Effect,Story,5,4,1,0,80.0,20.0,0.0
BlazBlue Entropy Effect,Graphics,1,0,1,0,0.0,100.0,0.0
BlazBlue Entropy Effect,Characters,7,4,3,0,57.14,42.86,0.0
BlazBlue Entropy Effect,Difficulty,1,1,0,0,100.0,0.0,0.0
BlazBlue Entropy Effect X,Gameplay,16,12,4,0,75.0,25.0,0.0
BlazBlue Entropy Effect X,Story,7,4,3,0,57.14,42.86,0.0
BlazBlue Entropy Effect X,Graphics,6,4,2,0,66.67,33.33,0.0
BlazBlue Entropy Effect X,Characters,10,8,2,0,80.0,20.0,0.0
BlazBlue Entropy Effect X,Level Design,2,2,0,0,100.0,0.0,0.0
BlazBlue Entropy Effect X,Music & Sound,1,0,1,0,0.0,100.0,0.0
BlazBlue Entropy Effect X,Difficulty,5,4,1,0,80.0,20.0,0.0
BlazBlue Entropy Effect X,Performance,1,0,1,0,0.0,100.0,0.0
BlazBlue Entropy Effect X,Replayability,3,2,1,0,66.67,33.33,0.0
BlazBlue: Central Fiction,Gameplay,9,8,1,0,88.89,11.11,0.0
BlazBlue: Central Fiction,Story,11,6,5,0,54.55,45.45,0.0
BlazBlue: Central Fiction,Graphics,3,3,0,0,100.0,0.0,0.0
BlazBlue: Central Fiction,Characters,13,12,1,0,92.31,7.69,0.0
BlazBlue: Central Fiction,Level Design,1,1,0,0,100.0,0.0,0.0
BlazBlue: Central Fiction,Music & Sound,1,1,0,0,100.0,0.0,0.0
BlazBlue: Central Fiction,Difficulty,4,3,1,0,75.0,25.0,0.0
BlazBlue: Central Fiction,Performance,1,1,0,0,100.0,0.0,0.0
BlazBlue: Central Fiction,Replayability,4,4,0,0,100.0,0.0,0.0
BlazBlue: Central Fiction Special Edition,Gameplay,2,1,1,0,50.0,50.0,0.0
BlazBlue: Central Fiction Special Edition,Story,4,3,1,0,75.0,25.0,0.0
BlazBlue: Central Fiction Special Edition,Graphics,3,2,1,0,66.67,33.33,0.0
BlazBlue: Central Fiction Special Edition,Characters,5,4,1,0,80.0,20.0,0.0
BlazBlue: Central Fiction Special Edition,Level Design,1,1,0,0,100.0,0.0,0.0
BlazBlue: Central Fiction Special Edition,Music & Sound,1,0,1,0,0.0,100.0,0.0
BlazBlue: Central Fiction Special Edition,Difficulty,1,1,0,0,100.0,0.0,0.0
BlazBlue: Central Fiction Special Edition,Performance,1,1,0,0,100.0,0.0,0.0
BlazBlue: Central Fiction Special Edition,Replayability,3,2,1,0,66.67,33.33,0.0
Blazing Beaks,Gameplay,3,2,1,0,66.67,33.33,0.0
Blazing Beaks,Story,1,1,0,0,100.0,0.0,0.0
Blazing Beaks,Graphics,3,2,1,0,66.67,33.33,0.0
Blazing Beaks,Level Design,2,2,0,0,100.0,0.0,0.0
Blazing Beaks,Music & Sound,1,1,0,0,100.0,0.0,0.0
Blazing Beaks,Difficulty,3,2,1,0,66.67,33.33,0.0
Blazing Beaks,Replayability,2,2,0,0,100.0,0.0,0.0
Blind Drive,Gameplay,2,0,2,0,0.0,100.0,0.0
Blind Drive,Story,2,1,1,0,50.0,50.0,0.0
Blind Drive,Graphics,1,1,0,0,100.0,0.0,0.0
Blind Drive,Music & Sound,1,1,0,0,100.0,0.0,0.0
Blind Drive,Difficulty,2,1,1,0,50.0,50.0,0.0
Blind Drive,Replayability,1,1,0,0,100.0,0.0,0.0
Blood & Truth,Gameplay,14,11,2,1,78.57,14.29,7.14
Blood & Truth,Story,20,16,3,1,80.0,15.0,5.0
Blood & Truth,Characters,10,8,2,0,80.0,20.0,0.0
Blood & Truth,Level Design,1,1,0,0,100.0,0.0,0.0
Blood & Truth,Music & Sound,3,3,0,0,100.0,0.0,0.0
Blood & Truth,Difficulty,2,2,0,0,100.0,0.0,0.0
Blood & Truth,Performance,3,3,0,0,100.0,0.0,0.0
Blood & Truth,Replayability,1,0,1,0,0.0,100.0,0.0
Blood West,Gameplay,6,3,3,0,50.0,50.0,0.0
Blood West,Story,1,0,1,0,0.0,100.0,0.0
Blood West,Graphics,2,2,0,0,100.0,0.0,0.0
Blood West,Characters,1,1,0,0,100.0,0.0,0.0
Blood West,Level Design,5,4,1,0,80.0,20.0,0.0
Blood West,Music & Sound,1,1,0,0,100.0,0.0,0.0
Blood West,Difficulty,4,2,2,0,50.0,50.0,0.0
Blood West,Performance,3,2,1,0,66.67,33.33,0.0
Blood: Fresh Supply,Gameplay,3,3,0,0,100.0,0.0,0.0
Blood: Fresh Supply,Graphics,1,1,0,0,100.0,0.0,0.0
Blood: Fresh Supply,Level Design,1,1,0,0,100.0,0.0,0.0
Blood: Fresh Supply,Performance,4,4,0,0,100.0,0.0,0.0
Blood: Refreshed Supply,Gameplay,1,1,0,0,100.0,0.0,0.0
Blood: Refreshed Supply,Story,1,1,0,0,100.0,0.0,0.0
Blood: Refreshed Supply,Characters,1,1,0,0,100.0,0.0,0.0
Blood: Refreshed Supply,Level Design,3,3,0,0,100.0,0.0,0.0
Blood: Refreshed Supply,Difficulty,3,3,0,0,100.0,0.0,0.0
Blood: Refreshed Supply,Performance,5,3,2,0,60.0,40.0,0.0
Blood: Refreshed Supply,Replayability,4,4,0,0,100.0,0.0,0.0
Bloodborne,Gameplay,24,22,2,0,91.67,8.33,0.0
Bloodborne,Story,3,3,0,0,100.0,0.0,0.0
Bloodborne,Graphics,1,1,0,0,100.0,0.0,0.0
Bloodborne,Characters,1,1,0,0,100.0,0.0,0.0
Bloodborne,Level Design,1,1,0,0,100.0,0.0,0.0
Bloodborne,Music & Sound,1,1,0,0,100.0,0.0,0.0
Bloodborne,Difficulty,20,19,1,0,95.0,5.0,0.0
Bloodborne,Performance,6,5,1,0,83.33,16.67,0.0
Bloodborne,Replayability,2,1,1,0,50.0,50.0,0.0
Bloodborne: The Old Hunters,Gameplay,1,1,0,0,100.0,0.0,0.0
Bloodborne: The Old Hunters,Story,1,0,1,0,0.0,100.0,0.0
Bloodborne: The Old Hunters,Graphics,1,1,0,0,100.0,0.0,0.0
Bloodborne: The Old Hunters,Level Design,1,1,0,0,100.0,0.0,0.0
Bloodborne: The Old Hunters,Music & Sound,1,1,0,0,100.0,0.0,0.0
Bloodborne: The Old Hunters,Difficulty,8,8,0,0,100.0,0.0,0.0
Bloodborne: The Old Hunters,Replayability,7,6,1,0,85.71,14.29,0.0
Bloodstained: Curse of the Moon 2,Gameplay,7,6,1,0,85.71,14.29,0.0
Bloodstained: Curse of the Moon 2,Graphics,3,3,0,0,100.0,0.0,0.0
Bloodstained: Curse of the Moon 2,Characters,4,4,0,0,100.0,0.0,0.0
Bloodstained: Curse of the Moon 2,Level Design,3,3,0,0,100.0,0.0,0.0
Bloodstained: Curse of the Moon 2,Music & Sound,1,1,0,0,100.0,0.0,0.0
Bloodstained: Curse of the Moon 2,Difficulty,7,6,1,0,85.71,14.29,0.0
Bloodstained: Curse of the Moon 2,Replayability,1,1,0,0,100.0,0.0,0.0
Bloodstained: Ritual of the Night,Gameplay,30,24,6,0,80.0,20.0,0.0
Bloodstained: Ritual of the Night,Story,5,4,1,0,80.0,20.0,0.0
Bloodstained: Ritual of the Night,Graphics,6,6,0,0,100.0,0.0,0.0
Bloodstained: Ritual of the Night,Characters,6,5,1,0,83.33,16.67,0.0
Bloodstained: Ritual of the Night,Level Design,5,4,1,0,80.0,20.0,0.0
Bloodstained: Ritual of the Night,Music & Sound,3,3,0,0,100.0,0.0,0.0
Bloodstained: Ritual of the Night,Difficulty,14,11,3,0,78.57,21.43,0.0
Bloodstained: Ritual of the Night,Performance,21,11,10,0,52.38,47.62,0.0
Bloodstained: Ritual of the Night,Replayability,7,7,0,0,100.0,0.0,0.0
Blue Prince,Gameplay,26,25,1,0,96.15,3.85,0.0
Blue Prince,Story,9,9,0,0,100.0,0.0,0.0
Blue Prince,Graphics,5,5,0,0,100.0,0.0,0.0
Blue Prince,Characters,2,1,1,0,50.0,50.0,0.0
Blue Prince,Level Design,1,0,1,0,0.0,100.0,0.0
Blue Prince,Music & Sound,1,1,0,0,100.0,0.0,0.0
Blue Prince,Difficulty,7,7,0,0,100.0,0.0,0.0
Blue Prince,Performance,3,3,0,0,100.0,0.0,0.0
Blue Prince,Replayability,1,1,0,0,100.0,0.0,0.0
Bonfire Peaks,Gameplay,5,4,1,0,80.0,20.0,0.0
Bonfire Peaks,Story,1,0,1,0,0.0,100.0,0.0
Bonfire Peaks,Graphics,1,1,0,0,100.0,0.0,0.0
Bonfire Peaks,Level Design,2,2,0,0,100.0,0.0,0.0
Bonfire Peaks,Music & Sound,1,1,0,0,100.0,0.0,0.0
Bonfire Peaks,Difficulty,4,3,1,0,75.0,25.0,0.0
Borderlands 2,Gameplay,2,1,1,0,50.0,50.0,0.0
Borderlands 2,Story,2,2,0,0,100.0,0.0,0.0
Borderlands 2,Characters,3,2,1,0,66.67,33.33,0.0
Borderlands 2,Replayability,2,1,1,0,50.0,50.0,0.0
Borderlands 3,Gameplay,30,19,11,0,63.33,36.67,0.0
Borderlands 3,Story,25,13,12,0,52.0,48.0,0.0
Borderlands 3,Graphics,2,1,1,0,50.0,50.0,0.0
Borderlands 3,Characters,18,13,5,0,72.22,27.78,0.0
Borderlands 3,Level Design,3,1,2,0,33.33,66.67,0.0
Borderlands 3,Music & Sound,2,2,0,0,100.0,0.0,0.0
Borderlands 3,Difficulty,5,1,4,0,20.0,80.0,0.0
Borderlands 3,Performance,21,9,12,0,42.86,57.14,0.0
Borderlands 3,Replayability,10,7,3,0,70.0,30.0,0.0
Borderlands 4,Gameplay,65,55,10,0,84.62,15.38,0.0
Borderlands 4,Story,45,37,8,0,82.22,17.78,0.0
Borderlands 4,Graphics,5,2,3,0,40.0,60.0,0.0
Borderlands 4,Characters,26,18,8,0,69.23,30.77,0.0
Borderlands 4,Level Design,5,3,2,0,60.0,40.0,0.0
Borderlands 4,Music & Sound,2,0,2,0,0.0,100.0,0.0
Borderlands 4,Difficulty,7,4,3,0,57.14,42.86,0.0
Borderlands 4,Performance,53,38,15,0,71.7,28.3,0.0
Borderlands 4,Replayability,10,8,2,0,80.0,20.0,0.0
Borderlands Legendary Collection,Gameplay,5,5,0,0,100.0,0.0,0.0
Borderlands Legendary Collection,Story,1,1,0,0,100.0,0.0,0.0
Borderlands Legendary Collection,Graphics,2,2,0,0,100.0,0.0,0.0
Borderlands Legendary Collection,Characters,2,2,0,0,100.0,0.0,0.0
Borderlands Legendary Collection,Difficulty,2,1,1,0,50.0,50.0,0.0
Borderlands Legendary Collection,Performance,5,3,2,0,60.0,40.0,0.0
Borderlands Legendary Collection,Replayability,3,3,0,0,100.0,0.0,0.0
Borderlands: The Handsome Collection,Gameplay,5,4,1,0,80.0,20.0,0.0
Borderlands: The Handsome Collection,Story,1,1,0,0,100.0,0.0,0.0
Borderlands: The Handsome Collection,Graphics,6,6,0,0,100.0,0.0,0.0
Borderlands: The Handsome Collection,Characters,1,1,0,0,100.0,0.0,0.0
Borderlands: The Handsome Collection,Level Design,1,1,0,0,100.0,0.0,0.0
Borderlands: The Handsome Collection,Difficulty,4,3,1,0,75.0,25.0,0.0
Borderlands: The Handsome Collection,Performance,8,5,3,0,62.5,37.5,0.0
Borderlands: The Handsome Collection,Replayability,10,9,1,0,90.0,10.0,0.0
Botany Manor,Gameplay,11,8,3,0,72.73,27.27,0.0
Botany Manor,Story,15,12,3,0,80.0,20.0,0.0
Botany Manor,Graphics,2,0,2,0,0.0,100.0,0.0
Botany Manor,Characters,1,1,0,0,100.0,0.0,0.0
Botany Manor,Level Design,4,2,2,0,50.0,50.0,0.0
Botany Manor,Music & Sound,2,2,0,0,100.0,0.0,0.0
Botany Manor,Difficulty,12,7,5,0,58.33,41.67,0.0
Botany Manor,Performance,1,0,1,0,0.0,100.0,0.0
Botany Manor,Replayability,4,2,2,0,50.0,50.0,0.0
BoxVR,Gameplay,3,3,0,0,100.0,0.0,0.0
BoxVR,Music & Sound,4,4,0,0,100.0,0.0,0.0
Boxes: Lost Fragments,Gameplay,2,2,0,0,100.0,0.0,0.0
Boxes: Lost Fragments,Story,2,2,0,0,100.0,0.0,0.0
Boxes: Lost Fragments,Graphics,2,2,0,0,100.0,0.0,0.0
Boxes: Lost Fragments,Level Design,1,1,0,0,100.0,0.0,0.0
Boxes: Lost Fragments,Music & Sound,1,1,0,0,100.0,0.0,0.0
Braid: Anniversary Edition,Gameplay,5,4,1,0,80.0,20.0,0.0
Braid: Anniversary Edition,Story,1,0,1,0,0.0,100.0,0.0
Braid: Anniversary Edition,Graphics,8,8,0,0,100.0,0.0,0.0
Braid: Anniversary Edition,Level Design,6,5,1,0,83.33,16.67,0.0
Braid: Anniversary Edition,Music & Sound,2,2,0,0,100.0,0.0,0.0
Braid: Anniversary Edition,Difficulty,5,3,2,0,60.0,40.0,0.0
Braid: Anniversary Edition,Replayability,4,3,1,0,75.0,25.0,0.0
Bravely Default,Gameplay,10,9,1,0,90.0,10.0,0.0
Bravely Default,Story,7,6,1,0,85.71,14.29,0.0
Bravely Default,Graphics,4,4,0,0,100.0,0.0,0.0
Bravely Default,Characters,4,4,0,0,100.0,0.0,0.0
Bravely Default,Level Design,2,2,0,0,100.0,0.0,0.0
Bravely Default,Music & Sound,3,3,0,0,100.0,0.0,0.0
Bravely Default,Difficulty,2,2,0,0,100.0,0.0,0.0
Bravely Default: Flying Fairy HD Remaster,Gameplay,30,26,4,0,86.67,13.33,0.0
Bravely Default: Flying Fairy HD Remaster,Story,20,17,3,0,85.0,15.0,0.0
Bravely Default: Flying Fairy HD Remaster,Graphics,16,14,2,0,87.5,12.5,0.0
Bravely Default: Flying Fairy HD Remaster,Characters,7,6,1,0,85.71,14.29,0.0
Bravely Default: Flying Fairy HD Remaster,Level Design,2,2,0,0,100.0,0.0,0.0
Bravely Default: Flying Fairy HD Remaster,Music & Sound,10,9,1,0,90.0,10.0,0.0
Bravely Default: Flying Fairy HD Remaster,Difficulty,3,1,2,0,33.33,66.67,0.0
Bravely Default: Flying Fairy HD Remaster,Performance,2,2,0,0,100.0,0.0,0.0
Bravely Default: Flying Fairy HD Remaster,Replayability,7,7,0,0,100.0,0.0,0.0
Bravely Second: End Layer,Gameplay,11,9,2,0,81.82,18.18,0.0
Bravely Second: End Layer,Story,14,8,6,0,57.14,42.86,0.0
Bravely Second: End Layer,Graphics,5,3,2,0,60.0,40.0,0.0
Bravely Second: End Layer,Characters,9,7,2,0,77.78,22.22,0.0
Bravely Second: End Layer,Level Design,1,0,1,0,0.0,100.0,0.0
Bravely Second: End Layer,Music & Sound,3,2,1,0,66.67,33.33,0.0
Bravely Second: End Layer,Difficulty,4,4,0,0,100.0,0.0,0.0
Bravely Second: End Layer,Replayability,2,1,1,0,50.0,50.0,0.0
Broken Age: Act 1,Gameplay,3,1,2,0,33.33,66.67,0.0
Broken Age: Act 1,Story,11,7,4,0,63.64,36.36,0.0
Broken Age: Act 1,Graphics,2,1,1,0,50.0,50.0,0.0
Broken Age: Act 1,Characters,7,5,2,0,71.43,28.57,0.0
Broken Age: Act 1,Music & Sound,1,1,0,0,100.0,0.0,0.0
Broken Age: Act 1,Difficulty,7,5,2,0,71.43,28.57,0.0
Broken Age: Act 1,Replayability,3,2,1,0,66.67,33.33,0.0
Broken Sword - Shadow of the Templars: Reforged,Gameplay,7,6,1,0,85.71,14.29,0.0
Broken Sword - Shadow of the Templars: Reforged,Story,12,10,2,0,83.33,16.67,0.0
Broken Sword - Shadow of the Templars: Reforged,Graphics,15,10,5,0,66.67,33.33,0.0
Broken Sword - Shadow of the Templars: Reforged,Characters,4,3,1,0,75.0,25.0,0.0
Broken Sword - Shadow of the Templars: Reforged,Music & Sound,3,0,3,0,0.0,100.0,0.0
Broken Sword - Shadow of the Templars: Reforged,Difficulty,2,1,1,0,50.0,50.0,0.0
Broken Sword - Shadow of the Templars: Reforged,Replayability,2,1,1,0,50.0,50.0,0.0
Brothers: A Tale of Two Sons Remake,Gameplay,17,12,5,0,70.59,29.41,0.0
Brothers: A Tale of Two Sons Remake,Story,24,18,6,0,75.0,25.0,0.0
Brothers: A Tale of Two Sons Remake,Graphics,23,17,6,0,73.91,26.09,0.0
Brothers: A Tale of Two Sons Remake,Characters,2,1,1,0,50.0,50.0,0.0
Brothers: A Tale of Two Sons Remake,Level Design,3,2,1,0,66.67,33.33,0.0
Brothers: A Tale of Two Sons Remake,Music & Sound,8,6,2,0,75.0,25.0,0.0
Brothers: A Tale of Two Sons Remake,Difficulty,2,2,0,0,100.0,0.0,0.0
Brothers: A Tale of Two Sons Remake,Performance,7,2,5,0,28.57,71.43,0.0
Brothers: A Tale of Two Sons Remake,Replayability,2,0,2,0,0.0,100.0,0.0
Buckshot Roulette,Gameplay,6,5,1,0,83.33,16.67,0.0
Buckshot Roulette,Story,1,1,0,0,100.0,0.0,0.0
Buckshot Roulette,Graphics,1,1,0,0,100.0,0.0,0.0
Buckshot Roulette,Music & Sound,1,1,0,0,100.0,0.0,0.0
Buckshot Roulette,Difficulty,2,2,0,0,100.0,0.0,0.0
Buckshot Roulette,Replayability,2,1,1,0,50.0,50.0,0.0
Bug Academy,Gameplay,3,3,0,0,100.0,0.0,0.0
Bug Academy,Graphics,1,1,0,0,100.0,0.0,0.0
Bug Academy,Level Design,1,0,1,0,0.0,100.0,0.0
Bug Academy,Performance,5,4,1,0,80.0,20.0,0.0
Bug Academy,Replayability,1,1,0,0,100.0,0.0,0.0
Bug Fables: The Everlasting Sapling,Gameplay,13,10,3,0,76.92,23.08,0.0
Bug Fables: The Everlasting Sapling,Story,6,6,0,0,100.0,0.0,0.0
Bug Fables: The Everlasting Sapling,Graphics,1,1,0,0,100.0,0.0,0.0
Bug Fables: The Everlasting Sapling,Characters,8,8,0,0,100.0,0.0,0.0
Bug Fables: The Everlasting Sapling,Music & Sound,3,3,0,0,100.0,0.0,0.0
Bug Fables: The Everlasting Sapling,Difficulty,3,3,0,0,100.0,0.0,0.0
Bug Fables: The Everlasting Sapling,Performance,27,24,3,0,88.89,11.11,0.0
Bug Fables: The Everlasting Sapling,Replayability,1,1,0,0,100.0,0.0,0.0
Buried Stars,Gameplay,3,3,0,0,100.0,0.0,0.0
Buried Stars,Story,9,8,1,0,88.89,11.11,0.0
Buried Stars,Graphics,6,6,0,0,100.0,0.0,0.0
Buried Stars,Characters,4,3,1,0,75.0,25.0,0.0
Bustafellows,Story,7,5,2,0,71.43,28.57,0.0
Bustafellows,Graphics,6,5,1,0,83.33,16.67,0.0
Bustafellows,Characters,4,2,2,0,50.0,50.0,0.0
Bustafellows,Music & Sound,2,1,1,0,50.0,50.0,0.0
Bustafellows,Difficulty,3,2,1,0,66.67,33.33,0.0
Bustafellows,Replayability,1,1,0,0,100.0,0.0,0.0
CHUCHEL,Gameplay,2,1,1,0,50.0,50.0,0.0
CHUCHEL,Story,2,0,2,0,0.0,100.0,0.0
CHUCHEL,Graphics,3,2,1,0,66.67,33.33,0.0
CHUCHEL,Characters,2,2,0,0,100.0,0.0,0.0
CHUCHEL,Level Design,1,0,1,0,0.0,100.0,0.0
CHUCHEL,Music & Sound,1,0,1,0,0.0,100.0,0.0
CHUCHEL,Difficulty,2,0,2,0,0.0,100.0,0.0
CONVERGENCE: A League of Legends Story,Gameplay,26,17,9,0,65.38,34.62,0.0
CONVERGENCE: A League of Legends Story,Story,23,15,8,0,65.22,34.78,0.0
CONVERGENCE: A League of Legends Story,Graphics,7,2,5,0,28.57,71.43,0.0
CONVERGENCE: A League of Legends Story,Characters,8,4,4,0,50.0,50.0,0.0
CONVERGENCE: A League of Legends Story,Level Design,1,1,0,0,100.0,0.0,0.0
CONVERGENCE: A League of Legends Story,Music & Sound,2,2,0,0,100.0,0.0,0.0
CONVERGENCE: A League of Legends Story,Difficulty,6,5,1,0,83.33,16.67,0.0
CONVERGENCE: A League of Legends Story,Performance,3,0,3,0,0.0,100.0,0.0
CONVERGENCE: A League of Legends Story,Replayability,1,1,0,0,100.0,0.0,0.0
Cabernet,Gameplay,4,3,1,0,75.0,25.0,0.0
Cabernet,Story,11,9,2,0,81.82,18.18,0.0
Cabernet,Graphics,2,2,0,0,100.0,0.0,0.0
Cabernet,Characters,3,3,0,0,100.0,0.0,0.0
Cabernet,Level Design,1,1,0,0,100.0,0.0,0.0
Cabernet,Music & Sound,1,1,0,0,100.0,0.0,0.0
Cabernet,Performance,2,1,1,0,50.0,50.0,0.0
Cabernet,Replayability,1,0,1,0,0.0,100.0,0.0
Cadence of Hyrule: Crypt of the NecroDancer Featuring The Legend of Zelda,Gameplay,21,20,1,0,95.24,4.76,0.0
Cadence of Hyrule: Crypt of the NecroDancer Featuring The Legend of Zelda,Graphics,6,6,0,0,100.0,0.0,0.0
Cadence of Hyrule: Crypt of the NecroDancer Featuring The Legend of Zelda,Characters,1,1,0,0,100.0,0.0,0.0
Cadence of Hyrule: Crypt of the NecroDancer Featuring The Legend of Zelda,Music & Sound,19,18,1,0,94.74,5.26,0.0
Cadence of Hyrule: Crypt of the NecroDancer Featuring The Legend of Zelda,Difficulty,7,7,0,0,100.0,0.0,0.0
Cadence of Hyrule: Crypt of the NecroDancer Featuring The Legend of Zelda,Replayability,3,2,1,0,66.67,33.33,0.0
Cafe Enchante,Story,5,3,2,0,60.0,40.0,0.0
Cafe Enchante,Graphics,2,2,0,0,100.0,0.0,0.0
Cafe Enchante,Characters,2,1,1,0,50.0,50.0,0.0
Cafe Enchante,Level Design,1,1,0,0,100.0,0.0,0.0
Cafe Enchante,Difficulty,3,3,0,0,100.0,0.0,0.0
Cafe Enchante,Replayability,1,1,0,0,100.0,0.0,0.0
Cairn,Gameplay,36,32,4,0,88.89,11.11,0.0
Cairn,Story,24,24,0,0,100.0,0.0,0.0
Cairn,Graphics,12,11,1,0,91.67,8.33,0.0
Cairn,Characters,9,8,1,0,88.89,11.11,0.0
Cairn,Level Design,7,7,0,0,100.0,0.0,0.0
Cairn,Music & Sound,7,7,0,0,100.0,0.0,0.0
Cairn,Difficulty,27,24,3,0,88.89,11.11,0.0
Cairn,Performance,9,6,3,0,66.67,33.33,0.0
Cairn,Replayability,1,1,0,0,100.0,0.0,0.0
Call of Duty 4: Modern Warfare Remastered,Gameplay,5,5,0,0,100.0,0.0,0.0
Call of Duty 4: Modern Warfare Remastered,Story,1,1,0,0,100.0,0.0,0.0
Call of Duty 4: Modern Warfare Remastered,Graphics,5,3,2,0,60.0,40.0,0.0
Call of Duty 4: Modern Warfare Remastered,Level Design,2,2,0,0,100.0,0.0,0.0
Call of Duty 4: Modern Warfare Remastered,Music & Sound,1,1,0,0,100.0,0.0,0.0
Call of Duty 4: Modern Warfare Remastered,Performance,3,1,2,0,33.33,66.67,0.0
Call of Duty 4: Modern Warfare Remastered,Replayability,3,1,2,0,33.33,66.67,0.0
Call of Duty: Advanced Warfare,Gameplay,18,13,5,0,72.22,27.78,0.0
Call of Duty: Advanced Warfare,Story,19,16,3,0,84.21,15.79,0.0
Call of Duty: Advanced Warfare,Graphics,5,3,2,0,60.0,40.0,0.0
Call of Duty: Advanced Warfare,Characters,3,2,1,0,66.67,33.33,0.0
Call of Duty: Advanced Warfare,Level Design,3,2,1,0,66.67,33.33,0.0
Call of Duty: Advanced Warfare,Music & Sound,1,0,1,0,0.0,100.0,0.0
Call of Duty: Advanced Warfare,Difficulty,6,4,2,0,66.67,33.33,0.0
Call of Duty: Advanced Warfare,Performance,3,3,0,0,100.0,0.0,0.0
Call of Duty: Advanced Warfare,Replayability,3,2,1,0,66.67,33.33,0.0
Call of Duty: Black Ops 4,Gameplay,9,9,0,0,100.0,0.0,0.0
Call of Duty: Black Ops 4,Story,7,5,2,0,71.43,28.57,0.0
Call of Duty: Black Ops 4,Graphics,2,1,1,0,50.0,50.0,0.0
Call of Duty: Black Ops 4,Characters,3,1,2,0,33.33,66.67,0.0
Call of Duty: Black Ops 4,Level Design,3,3,0,0,100.0,0.0,0.0
Call of Duty: Black Ops 4,Difficulty,6,5,1,0,83.33,16.67,0.0
Call of Duty: Black Ops 4,Performance,12,7,5,0,58.33,41.67,0.0
Call of Duty: Black Ops 4,Replayability,15,13,2,0,86.67,13.33,0.0
Call of Duty: Black Ops 6,Gameplay,47,43,3,1,91.49,6.38,2.13
Call of Duty: Black Ops 6,Story,24,21,3,0,87.5,12.5,0.0
Call of Duty: Black Ops 6,Graphics,7,7,0,0,100.0,0.0,0.0
Call of Duty: Black Ops 6,Characters,10,9,1,0,90.0,10.0,0.0
Call of Duty: Black Ops 6,Level Design,10,9,1,0,90.0,10.0,0.0
Call of Duty: Black Ops 6,Music & Sound,2,2,0,0,100.0,0.0,0.0
Call of Duty: Black Ops 6,Difficulty,5,5,0,0,100.0,0.0,0.0
Call of Duty: Black Ops 6,Performance,11,9,2,0,81.82,18.18,0.0
Call of Duty: Black Ops 6,Replayability,10,8,1,1,80.0,10.0,10.0
Call of Duty: Modern Warfare,Gameplay,19,13,6,0,68.42,31.58,0.0
Call of Duty: Modern Warfare,Story,28,18,10,0,64.29,35.71,0.0
Call of Duty: Modern Warfare,Graphics,10,7,3,0,70.0,30.0,0.0
Call of Duty: Modern Warfare,Characters,5,2,3,0,40.0,60.0,0.0
Call of Duty: Modern Warfare,Level Design,5,3,2,0,60.0,40.0,0.0
Call of Duty: Modern Warfare,Music & Sound,5,3,2,0,60.0,40.0,0.0
Call of Duty: Modern Warfare,Difficulty,10,6,4,0,60.0,40.0,0.0
Call of Duty: Modern Warfare,Performance,11,8,3,0,72.73,27.27,0.0
Call of Duty: Modern Warfare,Replayability,9,7,2,0,77.78,22.22,0.0
Call of Duty: Warzone,Gameplay,4,4,0,0,100.0,0.0,0.0
Call of Duty: Warzone,Performance,1,1,0,0,100.0,0.0,0.0
Call of Duty: Warzone,Replayability,1,1,0,0,100.0,0.0,0.0
Call of Duty: Warzone 2.0,Gameplay,4,2,2,0,50.0,50.0,0.0
Call of Duty: Warzone 2.0,Story,1,1,0,0,100.0,0.0,0.0
Call of Duty: Warzone 2.0,Level Design,5,3,2,0,60.0,40.0,0.0
Call of Duty: Warzone 2.0,Difficulty,1,0,1,0,0.0,100.0,0.0
Call of Duty: Warzone 2.0,Performance,2,2,0,0,100.0,0.0,0.0
Candle,Gameplay,1,1,0,0,100.0,0.0,0.0
Capcom Fighting Collection 2,Gameplay,5,5,0,0,100.0,0.0,0.0
Capcom Fighting Collection 2,Story,1,1,0,0,100.0,0.0,0.0
Capcom Fighting Collection 2,Graphics,4,4,0,0,100.0,0.0,0.0
Capcom Fighting Collection 2,Characters,2,2,0,0,100.0,0.0,0.0
Capcom Fighting Collection 2,Level Design,2,2,0,0,100.0,0.0,0.0
Capcom Fighting Collection 2,Music & Sound,2,2,0,0,100.0,0.0,0.0
Capcom Fighting Collection 2,Difficulty,4,3,1,0,75.0,25.0,0.0
Capcom Fighting Collection 2,Performance,3,3,0,0,100.0,0.0,0.0
Capcom Fighting Collection 2,Replayability,7,7,0,0,100.0,0.0,0.0
Captain Toad: Treasure Tracker,Gameplay,22,19,3,0,86.36,13.64,0.0
Captain Toad: Treasure Tracker,Story,2,1,1,0,50.0,50.0,0.0
Captain Toad: Treasure Tracker,Graphics,5,4,1,0,80.0,20.0,0.0
Captain Toad: Treasure Tracker,Characters,6,6,0,0,100.0,0.0,0.0
Captain Toad: Treasure Tracker,Level Design,42,34,8,0,80.95,19.05,0.0
Captain Toad: Treasure Tracker,Music & Sound,4,4,0,0,100.0,0.0,0.0
Captain Toad: Treasure Tracker,Difficulty,12,9,3,0,75.0,25.0,0.0
Captain Toad: Treasure Tracker,Performance,1,1,0,0,100.0,0.0,0.0
Captain Toad: Treasure Tracker,Replayability,17,13,4,0,76.47,23.53,0.0
Captain Toad: Treasure Tracker Special Episode,Gameplay,1,0,1,0,0.0,100.0,0.0
Captain Toad: Treasure Tracker Special Episode,Level Design,4,3,1,0,75.0,25.0,0.0
Captain Toad: Treasure Tracker Special Episode,Replayability,2,1,1,0,50.0,50.0,0.0
Captain Velvet Meteor: The Jump+ Dimensions,Gameplay,4,1,3,0,25.0,75.0,0.0
Captain Velvet Meteor: The Jump+ Dimensions,Story,5,3,2,0,60.0,40.0,0.0
Captain Velvet Meteor: The Jump+ Dimensions,Graphics,2,0,2,0,0.0,100.0,0.0
Captain Velvet Meteor: The Jump+ Dimensions,Characters,6,4,2,0,66.67,33.33,0.0
Captain Velvet Meteor: The Jump+ Dimensions,Level Design,2,2,0,0,100.0,0.0,0.0
Captain Velvet Meteor: The Jump+ Dimensions,Difficulty,2,0,2,0,0.0,100.0,0.0
Captain Velvet Meteor: The Jump+ Dimensions,Replayability,1,0,1,0,0.0,100.0,0.0
Card Shark,Gameplay,28,20,8,0,71.43,28.57,0.0
Card Shark,Story,21,14,7,0,66.67,33.33,0.0
Card Shark,Graphics,13,9,4,0,69.23,30.77,0.0
Card Shark,Characters,4,3,1,0,75.0,25.0,0.0
Card Shark,Level Design,1,0,1,0,0.0,100.0,0.0
Card Shark,Music & Sound,7,5,2,0,71.43,28.57,0.0
Card Shark,Difficulty,10,6,4,0,60.0,40.0,0.0
Card Shark,Performance,4,3,1,0,75.0,25.0,0.0
Card Shark,Replayability,1,1,0,0,100.0,0.0,0.0
Cardpocalypse,Gameplay,4,4,0,0,100.0,0.0,0.0
Cardpocalypse,Story,3,3,0,0,100.0,0.0,0.0
Cardpocalypse,Graphics,1,1,0,0,100.0,0.0,0.0
Cardpocalypse,Music & Sound,1,1,0,0,100.0,0.0,0.0
Cassette Beasts,Gameplay,13,13,0,0,100.0,0.0,0.0
Cassette Beasts,Story,11,11,0,0,100.0,0.0,0.0
Cassette Beasts,Graphics,2,2,0,0,100.0,0.0,0.0
Cassette Beasts,Characters,4,4,0,0,100.0,0.0,0.0
Cassette Beasts,Music & Sound,7,7,0,0,100.0,0.0,0.0
Cassette Beasts,Performance,5,3,2,0,60.0,40.0,0.0
Cassette Beasts,Replayability,1,1,0,0,100.0,0.0,0.0
Cast n Chill,Gameplay,2,2,0,0,100.0,0.0,0.0
Cast n Chill,Graphics,1,1,0,0,100.0,0.0,0.0
Cast n Chill,Music & Sound,1,1,0,0,100.0,0.0,0.0
Castlevania Advance Collection,Gameplay,1,1,0,0,100.0,0.0,0.0
Castlevania Advance Collection,Level Design,1,1,0,0,100.0,0.0,0.0
Castlevania Advance Collection,Difficulty,2,2,0,0,100.0,0.0,0.0
Castlevania Advance Collection,Replayability,1,1,0,0,100.0,0.0,0.0
Castlevania Dominus Collection,Gameplay,8,8,0,0,100.0,0.0,0.0
Castlevania Dominus Collection,Graphics,2,2,0,0,100.0,0.0,0.0
Castlevania Dominus Collection,Music & Sound,2,2,0,0,100.0,0.0,0.0
Castlevania Dominus Collection,Difficulty,5,5,0,0,100.0,0.0,0.0
Castlevania Dominus Collection,Performance,2,2,0,0,100.0,0.0,0.0
Castlevania Dominus Collection,Replayability,1,1,0,0,100.0,0.0,0.0
Cat Quest III,Gameplay,31,26,5,0,83.87,16.13,0.0
Cat Quest III,Story,18,17,1,0,94.44,5.56,0.0
Cat Quest III,Graphics,11,8,3,0,72.73,27.27,0.0
Cat Quest III,Characters,6,5,1,0,83.33,16.67,0.0
Cat Quest III,Level Design,5,4,1,0,80.0,20.0,0.0
Cat Quest III,Music & Sound,2,2,0,0,100.0,0.0,0.0
Cat Quest III,Difficulty,6,6,0,0,100.0,0.0,0.0
Cat Quest III,Performance,1,1,0,0,100.0,0.0,0.0
Cat Quest III,Replayability,3,3,0,0,100.0,0.0,0.0
Catherine: Full Body,Gameplay,24,21,3,0,87.5,12.5,0.0
Catherine: Full Body,Story,42,33,9,0,78.57,21.43,0.0
Catherine: Full Body,Graphics,15,12,3,0,80.0,20.0,0.0
Catherine: Full Body,Characters,15,10,5,0,66.67,33.33,0.0
Catherine: Full Body,Level Design,3,3,0,0,100.0,0.0,0.0
Catherine: Full Body,Music & Sound,1,1,0,0,100.0,0.0,0.0
Catherine: Full Body,Difficulty,15,11,4,0,73.33,26.67,0.0
Catherine: Full Body,Performance,1,0,1,0,0.0,100.0,0.0
Catherine: Full Body,Replayability,12,12,0,0,100.0,0.0,0.0
Cave Story+,Gameplay,3,3,0,0,100.0,0.0,0.0
Cave Story+,Story,15,14,1,0,93.33,6.67,0.0
Cave Story+,Graphics,1,1,0,0,100.0,0.0,0.0
Cave Story+,Characters,2,1,1,0,50.0,50.0,0.0
Cave Story+,Difficulty,1,1,0,0,100.0,0.0,0.0
Cave Story+,Replayability,1,0,1,0,0.0,100.0,0.0
Caves of Qud,Gameplay,3,2,1,0,66.67,33.33,0.0
Caves of Qud,Story,2,2,0,0,100.0,0.0,0.0
Caves of Qud,Graphics,1,1,0,0,100.0,0.0,0.0
Caves of Qud,Music & Sound,1,1,0,0,100.0,0.0,0.0
Caves of Qud,Difficulty,3,3,0,0,100.0,0.0,0.0
Celeste,Gameplay,24,24,0,0,100.0,0.0,0.0
Celeste,Story,28,28,0,0,100.0,0.0,0.0
Celeste,Graphics,6,6,0,0,100.0,0.0,0.0
Celeste,Characters,7,7,0,0,100.0,0.0,0.0
Celeste,Level Design,11,11,0,0,100.0,0.0,0.0
Celeste,Music & Sound,5,5,0,0,100.0,0.0,0.0
Celeste,Difficulty,22,22,0,0,100.0,0.0,0.0
Celeste,Performance,1,1,0,0,100.0,0.0,0.0
Celeste,Replayability,1,1,0,0,100.0,0.0,0.0
ChainStaff,Gameplay,9,5,4,0,55.56,44.44,0.0
ChainStaff,Graphics,5,2,3,0,40.0,60.0,0.0
ChainStaff,Level Design,3,2,1,0,66.67,33.33,0.0
ChainStaff,Music & Sound,4,2,2,0,50.0,50.0,0.0
ChainStaff,Difficulty,8,6,2,0,75.0,25.0,0.0
ChainStaff,Performance,1,0,1,0,0.0,100.0,0.0
ChainStaff,Replayability,1,0,1,0,0.0,100.0,0.0
Chained Echoes,Gameplay,23,21,1,1,91.3,4.35,4.35
Chained Echoes,Story,19,18,0,1,94.74,0.0,5.26
Chained Echoes,Graphics,4,3,1,0,75.0,25.0,0.0
Chained Echoes,Characters,13,12,1,0,92.31,7.69,0.0
Chained Echoes,Music & Sound,6,6,0,0,100.0,0.0,0.0
Chained Echoes,Difficulty,8,7,0,1,87.5,0.0,12.5
Chained Echoes,Performance,1,1,0,0,100.0,0.0,0.0
Chained Echoes,Replayability,3,3,0,0,100.0,0.0,0.0
Chants of Sennaar,Gameplay,11,7,4,0,63.64,36.36,0.0
Chants of Sennaar,Story,3,2,1,0,66.67,33.33,0.0
Chants of Sennaar,Graphics,7,6,1,0,85.71,14.29,0.0
Chants of Sennaar,Level Design,2,1,1,0,50.0,50.0,0.0
Chants of Sennaar,Music & Sound,4,3,1,0,75.0,25.0,0.0
Chants of Sennaar,Difficulty,8,7,1,0,87.5,12.5,0.0
Chants of Sennaar,Replayability,2,2,0,0,100.0,0.0,0.0
Chess Ultra,Graphics,2,2,0,0,100.0,0.0,0.0
Chess Ultra,Level Design,2,2,0,0,100.0,0.0,0.0
Chess Ultra,Music & Sound,2,2,0,0,100.0,0.0,0.0
Chess Ultra,Difficulty,3,3,0,0,100.0,0.0,0.0
Chess Ultra,Replayability,1,1,0,0,100.0,0.0,0.0
Chicken Police,Gameplay,3,2,1,0,66.67,33.33,0.0
Chicken Police,Story,15,13,2,0,86.67,13.33,0.0
Chicken Police,Graphics,10,10,0,0,100.0,0.0,0.0
Chicken Police,Characters,8,8,0,0,100.0,0.0,0.0
Chicken Police,Level Design,1,1,0,0,100.0,0.0,0.0
Chicken Police,Music & Sound,1,1,0,0,100.0,0.0,0.0
Chicken Police,Difficulty,5,4,1,0,80.0,20.0,0.0
Chicken Police: Into the HIVE!,Gameplay,2,2,0,0,100.0,0.0,0.0
Chicken Police: Into the HIVE!,Story,6,4,2,0,66.67,33.33,0.0
Chicken Police: Into the HIVE!,Graphics,2,1,1,0,50.0,50.0,0.0
Chicken Police: Into the HIVE!,Characters,3,2,1,0,66.67,33.33,0.0
Chicken Police: Into the HIVE!,Music & Sound,1,1,0,0,100.0,0.0,0.0
Chicken Police: Into the HIVE!,Difficulty,1,1,0,0,100.0,0.0,0.0
Chicory: A Colorful Tale,Gameplay,18,17,1,0,94.44,5.56,0.0
Chicory: A Colorful Tale,Story,19,17,2,0,89.47,10.53,0.0
Chicory: A Colorful Tale,Graphics,3,3,0,0,100.0,0.0,0.0
Chicory: A Colorful Tale,Characters,12,12,0,0,100.0,0.0,0.0
Chicory: A Colorful Tale,Level Design,4,4,0,0,100.0,0.0,0.0
Chicory: A Colorful Tale,Music & Sound,8,7,1,0,87.5,12.5,0.0
Chicory: A Colorful Tale,Difficulty,4,4,0,0,100.0,0.0,0.0
Chicory: A Colorful Tale,Performance,1,1,0,0,100.0,0.0,0.0
Chicory: A Colorful Tale,Replayability,1,1,0,0,100.0,0.0,0.0
Child of Light,Gameplay,28,23,5,0,82.14,17.86,0.0
Child of Light,Story,27,23,4,0,85.19,14.81,0.0
Child of Light,Graphics,8,8,0,0,100.0,0.0,0.0
Child of Light,Characters,6,5,1,0,83.33,16.67,0.0
Child of Light,Level Design,1,1,0,0,100.0,0.0,0.0
Child of Light,Music & Sound,9,9,0,0,100.0,0.0,0.0
Child of Light,Difficulty,5,5,0,0,100.0,0.0,0.0
Child of Light,Replayability,2,1,1,0,50.0,50.0,0.0
Child of Light: Ultimate Edition,Gameplay,3,2,1,0,66.67,33.33,0.0
Child of Light: Ultimate Edition,Story,2,2,0,0,100.0,0.0,0.0
Child of Light: Ultimate Edition,Level Design,1,1,0,0,100.0,0.0,0.0
Child of Light: Ultimate Edition,Music & Sound,1,1,0,0,100.0,0.0,0.0
Child of Light: Ultimate Edition,Difficulty,3,3,0,0,100.0,0.0,0.0
Child of Light: Ultimate Edition,Performance,1,0,1,0,0.0,100.0,0.0
Child of Light: Ultimate Edition,Replayability,1,0,1,0,0.0,100.0,0.0
Children of Morta,Gameplay,46,41,5,0,89.13,10.87,0.0
Children of Morta,Story,44,39,5,0,88.64,11.36,0.0
Children of Morta,Graphics,17,15,2,0,88.24,11.76,0.0
Children of Morta,Characters,21,16,5,0,76.19,23.81,0.0
Children of Morta,Level Design,9,8,1,0,88.89,11.11,0.0
Children of Morta,Music & Sound,3,3,0,0,100.0,0.0,0.0
Children of Morta,Difficulty,13,9,4,0,69.23,30.77,0.0
Children of Morta,Performance,3,2,1,0,66.67,33.33,0.0
Children of Morta,Replayability,8,5,3,0,62.5,37.5,0.0
Children of the Sun,Gameplay,20,17,3,0,85.0,15.0,0.0
Children of the Sun,Story,12,10,2,0,83.33,16.67,0.0
Children of the Sun,Graphics,5,4,1,0,80.0,20.0,0.0
Children of the Sun,Characters,1,1,0,0,100.0,0.0,0.0
Children of the Sun,Level Design,13,11,2,0,84.62,15.38,0.0
Children of the Sun,Music & Sound,5,3,2,0,60.0,40.0,0.0
Children of the Sun,Difficulty,9,9,0,0,100.0,0.0,0.0
Children of the Sun,Performance,1,0,1,0,0.0,100.0,0.0
Children of the Sun,Replayability,4,2,2,0,50.0,50.0,0.0
Chivalry 2,Gameplay,30,26,4,0,86.67,13.33,0.0
Chivalry 2,Story,2,1,1,0,50.0,50.0,0.0
Chivalry 2,Characters,3,2,1,0,66.67,33.33,0.0
Chivalry 2,Level Design,6,4,2,0,66.67,33.33,0.0
Chivalry 2,Music & Sound,1,0,1,0,0.0,100.0,0.0
Chivalry 2,Difficulty,6,5,1,0,83.33,16.67,0.0
Chivalry 2,Performance,12,9,3,0,75.0,25.0,0.0
Chivalry 2,Replayability,9,8,1,0,88.89,11.11,0.0
Chroma Quaternion,Gameplay,1,0,1,0,0.0,100.0,0.0
Chroma Quaternion,Story,2,1,1,0,50.0,50.0,0.0
Chroma Quaternion,Characters,3,1,2,0,33.33,66.67,0.0
Chroma Quaternion,Difficulty,3,3,0,0,100.0,0.0,0.0
Cities: Skylines,Gameplay,10,7,3,0,70.0,30.0,0.0
Cities: Skylines,Story,1,1,0,0,100.0,0.0,0.0
Cities: Skylines,Graphics,2,2,0,0,100.0,0.0,0.0
Cities: Skylines,Level Design,3,3,0,0,100.0,0.0,0.0
Cities: Skylines,Difficulty,7,6,1,0,85.71,14.29,0.0
Cities: Skylines,Performance,3,3,0,0,100.0,0.0,0.0
Cities: Skylines,Replayability,6,5,1,0,83.33,16.67,0.0
Citizen Sleeper,Gameplay,16,13,3,0,81.25,18.75,0.0
Citizen Sleeper,Story,25,21,4,0,84.0,16.0,0.0
Citizen Sleeper,Graphics,6,4,2,0,66.67,33.33,0.0
Citizen Sleeper,Characters,10,9,1,0,90.0,10.0,0.0
Citizen Sleeper,Level Design,1,1,0,0,100.0,0.0,0.0
Citizen Sleeper,Music & Sound,3,3,0,0,100.0,0.0,0.0
Citizen Sleeper,Difficulty,3,2,1,0,66.67,33.33,0.0
Citizen Sleeper,Replayability,4,3,1,0,75.0,25.0,0.0
Citizen Sleeper 2: Starward Vector,Gameplay,28,27,1,0,96.43,3.57,0.0
Citizen Sleeper 2: Starward Vector,Story,45,41,4,0,91.11,8.89,0.0
Citizen Sleeper 2: Starward Vector,Graphics,5,4,1,0,80.0,20.0,0.0
Citizen Sleeper 2: Starward Vector,Characters,21,19,2,0,90.48,9.52,0.0
Citizen Sleeper 2: Starward Vector,Level Design,2,2,0,0,100.0,0.0,0.0
Citizen Sleeper 2: Starward Vector,Music & Sound,6,6,0,0,100.0,0.0,0.0
Citizen Sleeper 2: Starward Vector,Difficulty,5,5,0,0,100.0,0.0,0.0
Citizen Sleeper 2: Starward Vector,Replayability,1,1,0,0,100.0,0.0,0.0
Clair Obscur: Expedition 33,Gameplay,100,99,1,0,99.0,1.0,0.0
Clair Obscur: Expedition 33,Story,96,94,2,0,97.92,2.08,0.0
Clair Obscur: Expedition 33,Graphics,28,28,0,0,100.0,0.0,0.0
Clair Obscur: Expedition 33,Characters,36,36,0,0,100.0,0.0,0.0
Clair Obscur: Expedition 33,Level Design,9,9,0,0,100.0,0.0,0.0
Clair Obscur: Expedition 33,Music & Sound,31,30,1,0,96.77,3.23,0.0
Clair Obscur: Expedition 33,Difficulty,20,20,0,0,100.0,0.0,0.0
Clair Obscur: Expedition 33,Performance,9,9,0,0,100.0,0.0,0.0
Clair Obscur: Expedition 33,Replayability,4,3,1,0,75.0,25.0,0.0
Clannad,Gameplay,2,1,0,1,50.0,0.0,50.0
Clannad,Story,4,3,1,0,75.0,25.0,0.0
Clannad,Graphics,3,2,1,0,66.67,33.33,0.0
Clannad,Characters,1,1,0,0,100.0,0.0,0.0
Clannad,Difficulty,1,0,0,1,0.0,0.0,100.0
Closer the Distance,Gameplay,6,6,0,0,100.0,0.0,0.0
Closer the Distance,Story,11,10,1,0,90.91,9.09,0.0
Closer the Distance,Graphics,3,3,0,0,100.0,0.0,0.0
Closer the Distance,Characters,4,3,1,0,75.0,25.0,0.0
Closer the Distance,Music & Sound,3,3,0,0,100.0,0.0,0.0
Closer the Distance,Difficulty,5,5,0,0,100.0,0.0,0.0
Closer the Distance,Replayability,2,2,0,0,100.0,0.0,0.0
CloverPit,Gameplay,9,6,3,0,66.67,33.33,0.0
CloverPit,Story,4,2,2,0,50.0,50.0,0.0
CloverPit,Graphics,1,0,1,0,0.0,100.0,0.0
CloverPit,Music & Sound,2,1,1,0,50.0,50.0,0.0
CloverPit,Difficulty,4,4,0,0,100.0,0.0,0.0
CloverPit,Replayability,1,1,0,0,100.0,0.0,0.0
Clubhouse Games: 51 Worldwide Classics,Gameplay,2,2,0,0,100.0,0.0,0.0
Clubhouse Games: 51 Worldwide Classics,Level Design,1,1,0,0,100.0,0.0,0.0
Clubhouse Games: 51 Worldwide Classics,Music & Sound,1,1,0,0,100.0,0.0,0.0
Clubhouse Games: 51 Worldwide Classics,Difficulty,2,2,0,0,100.0,0.0,0.0
Clubhouse Games: 51 Worldwide Classics,Performance,1,1,0,0,100.0,0.0,0.0
Clubhouse Games: 51 Worldwide Classics,Replayability,4,3,1,0,75.0,25.0,0.0
Cobalt Core,Gameplay,3,3,0,0,100.0,0.0,0.0
Cobalt Core,Story,2,2,0,0,100.0,0.0,0.0
Cobalt Core,Characters,3,3,0,0,100.0,0.0,0.0
Cobalt Core,Replayability,1,1,0,0,100.0,0.0,0.0
Cocoon,Gameplay,23,20,3,0,86.96,13.04,0.0
Cocoon,Story,4,4,0,0,100.0,0.0,0.0
Cocoon,Graphics,5,5,0,0,100.0,0.0,0.0
Cocoon,Characters,1,1,0,0,100.0,0.0,0.0
Cocoon,Level Design,10,10,0,0,100.0,0.0,0.0
Cocoon,Difficulty,10,10,0,0,100.0,0.0,0.0
Cocoon,Performance,1,1,0,0,100.0,0.0,0.0
Cocoon,Replayability,1,0,1,0,0.0,100.0,0.0
Code 7,Gameplay,3,2,1,0,66.67,33.33,0.0
Code 7,Story,3,2,1,0,66.67,33.33,0.0
Code: Realize ~Guardian of Rebirth~,Gameplay,1,1,0,0,100.0,0.0,0.0
Code: Realize ~Guardian of Rebirth~,Story,2,1,1,0,50.0,50.0,0.0
Code: Realize ~Guardian of Rebirth~,Graphics,5,5,0,0,100.0,0.0,0.0
Code: Realize ~Guardian of Rebirth~,Characters,1,1,0,0,100.0,0.0,0.0
Code: Realize ~Guardian of Rebirth~,Music & Sound,1,1,0,0,100.0,0.0,0.0
Code: Realize ~Guardian of Rebirth~,Performance,1,1,0,0,100.0,0.0,0.0
Coffee Talk Episode 2: Hibiscus & Butterfly,Gameplay,10,8,2,0,80.0,20.0,0.0
Coffee Talk Episode 2: Hibiscus & Butterfly,Story,10,7,3,0,70.0,30.0,0.0
Coffee Talk Episode 2: Hibiscus & Butterfly,Graphics,14,9,5,0,64.29,35.71,0.0
Coffee Talk Episode 2: Hibiscus & Butterfly,Characters,14,13,1,0,92.86,7.14,0.0
Coffee Talk Episode 2: Hibiscus & Butterfly,Level Design,1,0,1,0,0.0,100.0,0.0
Coffee Talk Episode 2: Hibiscus & Butterfly,Music & Sound,5,4,1,0,80.0,20.0,0.0
Coffee Talk Episode 2: Hibiscus & Butterfly,Difficulty,4,3,1,0,75.0,25.0,0.0
Coffee Talk Episode 2: Hibiscus & Butterfly,Performance,1,1,0,0,100.0,0.0,0.0
Coffee Talk Tokyo,Gameplay,8,6,2,0,75.0,25.0,0.0
Coffee Talk Tokyo,Story,15,12,3,0,80.0,20.0,0.0
Coffee Talk Tokyo,Graphics,8,5,3,0,62.5,37.5,0.0
Coffee Talk Tokyo,Characters,19,14,5,0,73.68,26.32,0.0
Coffee Talk Tokyo,Level Design,1,1,0,0,100.0,0.0,0.0
Coffee Talk Tokyo,Music & Sound,4,4,0,0,100.0,0.0,0.0
Collar X Malice,Gameplay,2,1,1,0,50.0,50.0,0.0
Collar X Malice,Story,12,8,4,0,66.67,33.33,0.0
Collar X Malice,Graphics,13,12,1,0,92.31,7.69,0.0
Collar X Malice,Characters,4,4,0,0,100.0,0.0,0.0
Collar X Malice,Level Design,3,2,1,0,66.67,33.33,0.0
Collar X Malice,Difficulty,3,2,1,0,66.67,33.33,0.0
Collar X Malice,Replayability,1,0,1,0,0.0,100.0,0.0
Command & Conquer Remastered Collection,Gameplay,7,6,1,0,85.71,14.29,0.0
Command & Conquer Remastered Collection,Story,1,0,1,0,0.0,100.0,0.0
Command & Conquer Remastered Collection,Graphics,1,1,0,0,100.0,0.0,0.0
Command & Conquer Remastered Collection,Level Design,2,2,0,0,100.0,0.0,0.0
Command & Conquer Remastered Collection,Music & Sound,2,2,0,0,100.0,0.0,0.0
Command & Conquer Remastered Collection,Difficulty,4,3,1,0,75.0,25.0,0.0
Command & Conquer Remastered Collection,Performance,1,0,1,0,0.0,100.0,0.0
Command & Conquer Remastered Collection,Replayability,7,7,0,0,100.0,0.0,0.0
Company of Heroes 2: The British Forces,Gameplay,1,1,0,0,100.0,0.0,0.0
Company of Heroes 2: The British Forces,Replayability,1,1,0,0,100.0,0.0,0.0
Company of Heroes 2: The Western Front Armies,Gameplay,1,1,0,0,100.0,0.0,0.0
Company of Heroes 2: The Western Front Armies,Story,2,1,1,0,50.0,50.0,0.0
Company of Heroes 2: The Western Front Armies,Difficulty,2,2,0,0,100.0,0.0,0.0
Company of Heroes 2: The Western Front Armies,Replayability,2,2,0,0,100.0,0.0,0.0
Conflicks - Revolutionary Space Battles,Story,1,1,0,0,100.0,0.0,0.0
Conflicks - Revolutionary Space Battles,Graphics,1,1,0,0,100.0,0.0,0.0
Conflicks - Revolutionary Space Battles,Music & Sound,1,1,0,0,100.0,0.0,0.0
Conflicks - Revolutionary Space Battles,Replayability,1,1,0,0,100.0,0.0,0.0
Conquest of Elysium 4,Story,1,1,0,0,100.0,0.0,0.0
Constance,Gameplay,31,27,4,0,87.1,12.9,0.0
Constance,Story,19,16,3,0,84.21,15.79,0.0
Constance,Graphics,9,9,0,0,100.0,0.0,0.0
Constance,Characters,5,5,0,0,100.0,0.0,0.0
Constance,Level Design,6,5,1,0,83.33,16.67,0.0
Constance,Music & Sound,2,2,0,0,100.0,0.0,0.0
Constance,Difficulty,11,11,0,0,100.0,0.0,0.0
Constance,Performance,1,1,0,0,100.0,0.0,0.0
Constance,Replayability,4,3,1,0,75.0,25.0,0.0
Consume Me,Gameplay,6,4,2,0,66.67,33.33,0.0
Consume Me,Story,6,4,2,0,66.67,33.33,0.0
Consume Me,Graphics,2,2,0,0,100.0,0.0,0.0
Consume Me,Characters,1,1,0,0,100.0,0.0,0.0
Consume Me,Level Design,1,1,0,0,100.0,0.0,0.0
Consume Me,Music & Sound,2,2,0,0,100.0,0.0,0.0
Consume Me,Difficulty,5,5,0,0,100.0,0.0,0.0
Control,Gameplay,74,58,15,1,78.38,20.27,1.35
Control,Story,70,54,15,1,77.14,21.43,1.43
Control,Graphics,11,7,4,0,63.64,36.36,0.0
Control,Characters,14,9,5,0,64.29,35.71,0.0
Control,Level Design,20,12,8,0,60.0,40.0,0.0
Control,Music & Sound,4,2,2,0,50.0,50.0,0.0
Control,Difficulty,9,8,1,0,88.89,11.11,0.0
Control,Performance,19,12,6,1,63.16,31.58,5.26
Control,Replayability,6,2,4,0,33.33,66.67,0.0
Control: Ultimate Edition,Gameplay,13,12,1,0,92.31,7.69,0.0
Control: Ultimate Edition,Story,8,7,1,0,87.5,12.5,0.0
Control: Ultimate Edition,Graphics,9,7,2,0,77.78,22.22,0.0
Control: Ultimate Edition,Level Design,2,2,0,0,100.0,0.0,0.0
Control: Ultimate Edition,Music & Sound,3,2,1,0,66.67,33.33,0.0
Control: Ultimate Edition,Difficulty,1,1,0,0,100.0,0.0,0.0
Control: Ultimate Edition,Performance,13,13,0,0,100.0,0.0,0.0
Control: Ultimate Edition,Replayability,4,4,0,0,100.0,0.0,0.0
Copy Kitty,Story,1,0,1,0,0.0,100.0,0.0
Copy Kitty,Characters,1,0,1,0,0.0,100.0,0.0
Copy Kitty,Replayability,1,1,0,0,100.0,0.0,0.0
Coral Island,Gameplay,2,1,1,0,50.0,50.0,0.0
Coral Island,Story,2,2,0,0,100.0,0.0,0.0
Coral Island,Level Design,1,1,0,0,100.0,0.0,0.0
Coral Island,Difficulty,2,1,1,0,50.0,50.0,0.0
Coral Island,Performance,3,2,1,0,66.67,33.33,0.0
Core Keeper,Gameplay,6,6,0,0,100.0,0.0,0.0
Core Keeper,Graphics,2,2,0,0,100.0,0.0,0.0
Core Keeper,Characters,1,1,0,0,100.0,0.0,0.0
Core Keeper,Level Design,1,1,0,0,100.0,0.0,0.0
Core Keeper,Music & Sound,1,1,0,0,100.0,0.0,0.0
Core Keeper,Difficulty,2,2,0,0,100.0,0.0,0.0
Core Keeper,Replayability,2,2,0,0,100.0,0.0,0.0
Cosmonious High,Gameplay,4,3,1,0,75.0,25.0,0.0
Cosmonious High,Graphics,1,1,0,0,100.0,0.0,0.0
Cosmonious High,Characters,4,2,2,0,50.0,50.0,0.0
Cosmonious High,Level Design,1,1,0,0,100.0,0.0,0.0
Cosmonious High,Music & Sound,1,1,0,0,100.0,0.0,0.0
Cosmonious High,Difficulty,1,1,0,0,100.0,0.0,0.0
Cotton Fantasy,Gameplay,9,7,2,0,77.78,22.22,0.0
Cotton Fantasy,Story,2,1,1,0,50.0,50.0,0.0
Cotton Fantasy,Graphics,2,2,0,0,100.0,0.0,0.0
Cotton Fantasy,Characters,17,17,0,0,100.0,0.0,0.0
Cotton Fantasy,Level Design,4,4,0,0,100.0,0.0,0.0
Cotton Fantasy,Music & Sound,1,1,0,0,100.0,0.0,0.0
Cotton Fantasy,Difficulty,5,4,1,0,80.0,20.0,0.0
Cotton Fantasy,Replayability,6,5,1,0,83.33,16.67,0.0
Counter-Strike: Global Offensive,Graphics,1,0,1,0,0.0,100.0,0.0
Counter-Strike: Global Offensive,Performance,1,1,0,0,100.0,0.0,0.0
Counter-Strike: Global Offensive,Replayability,1,1,0,0,100.0,0.0,0.0
Crash Bandicoot 4: It's About Time,Gameplay,55,50,5,0,90.91,9.09,0.0
Crash Bandicoot 4: It's About Time,Story,9,8,1,0,88.89,11.11,0.0
Crash Bandicoot 4: It's About Time,Graphics,16,16,0,0,100.0,0.0,0.0
Crash Bandicoot 4: It's About Time,Characters,21,19,2,0,90.48,9.52,0.0
Crash Bandicoot 4: It's About Time,Level Design,36,31,5,0,86.11,13.89,0.0
Crash Bandicoot 4: It's About Time,Music & Sound,3,3,0,0,100.0,0.0,0.0
Crash Bandicoot 4: It's About Time,Difficulty,44,39,5,0,88.64,11.36,0.0
Crash Bandicoot 4: It's About Time,Performance,6,5,1,0,83.33,16.67,0.0
Crash Bandicoot 4: It's About Time,Replayability,23,20,3,0,86.96,13.04,0.0
Crash Team Racing: Nitro-Fueled,Gameplay,16,16,0,0,100.0,0.0,0.0
Crash Team Racing: Nitro-Fueled,Story,1,1,0,0,100.0,0.0,0.0
Crash Team Racing: Nitro-Fueled,Graphics,11,10,1,0,90.91,9.09,0.0
Crash Team Racing: Nitro-Fueled,Characters,5,5,0,0,100.0,0.0,0.0
Crash Team Racing: Nitro-Fueled,Level Design,4,3,1,0,75.0,25.0,0.0
Crash Team Racing: Nitro-Fueled,Music & Sound,1,1,0,0,100.0,0.0,0.0
Crash Team Racing: Nitro-Fueled,Difficulty,22,19,3,0,86.36,13.64,0.0
Crash Team Racing: Nitro-Fueled,Performance,5,5,0,0,100.0,0.0,0.0
Crash Team Racing: Nitro-Fueled,Replayability,34,31,3,0,91.18,8.82,0.0
Crashlands 2,Gameplay,7,6,1,0,85.71,14.29,0.0
Crashlands 2,Story,4,4,0,0,100.0,0.0,0.0
Crashlands 2,Graphics,2,1,1,0,50.0,50.0,0.0
Crashlands 2,Characters,2,2,0,0,100.0,0.0,0.0
Crashlands 2,Music & Sound,1,1,0,0,100.0,0.0,0.0
Crashlands 2,Difficulty,2,2,0,0,100.0,0.0,0.0
Crashlands 2,Performance,1,1,0,0,100.0,0.0,0.0
Crashlands 2,Replayability,2,2,0,0,100.0,0.0,0.0
Creaks,Gameplay,3,1,2,0,33.33,66.67,0.0
Creaks,Story,4,4,0,0,100.0,0.0,0.0
Creaks,Graphics,8,7,1,0,87.5,12.5,0.0
Creaks,Characters,2,1,1,0,50.0,50.0,0.0
Creaks,Music & Sound,5,5,0,0,100.0,0.0,0.0
Creaks,Difficulty,2,2,0,0,100.0,0.0,0.0
Creepy Castle,Gameplay,2,1,1,0,50.0,50.0,0.0
Creepy Castle,Story,2,2,0,0,100.0,0.0,0.0
Creepy Castle,Level Design,1,0,1,0,0.0,100.0,0.0
Creepy Castle,Music & Sound,2,2,0,0,100.0,0.0,0.0
Creepy Castle,Difficulty,1,1,0,0,100.0,0.0,0.0
Creepy Redneck Dinosaur Mansion 3,Gameplay,1,1,0,0,100.0,0.0,0.0
Creepy Redneck Dinosaur Mansion 3,Story,1,1,0,0,100.0,0.0,0.0
Creepy Redneck Dinosaur Mansion 3,Characters,1,0,1,0,0.0,100.0,0.0
Creepy Redneck Dinosaur Mansion 3,Performance,1,1,0,0,100.0,0.0,0.0
Crimson Spires,Story,2,2,0,0,100.0,0.0,0.0
Crimson Spires,Graphics,1,0,1,0,0.0,100.0,0.0
Crimson Spires,Characters,1,0,1,0,0.0,100.0,0.0
Crimson Spires,Replayability,1,1,0,0,100.0,0.0,0.0
Crimzon Clover - World EXplosion,Gameplay,1,1,0,0,100.0,0.0,0.0
Cross Blitz,Gameplay,4,4,0,0,100.0,0.0,0.0
Cross Blitz,Story,1,1,0,0,100.0,0.0,0.0
Cross Blitz,Characters,2,2,0,0,100.0,0.0,0.0
Cross Blitz,Level Design,1,1,0,0,100.0,0.0,0.0
Cross Blitz,Music & Sound,1,1,0,0,100.0,0.0,0.0
Cross Blitz,Difficulty,1,1,0,0,100.0,0.0,0.0
Cross Blitz,Replayability,1,1,0,0,100.0,0.0,0.0
CrossCode,Gameplay,35,29,6,0,82.86,17.14,0.0
CrossCode,Story,16,12,4,0,75.0,25.0,0.0
CrossCode,Graphics,6,6,0,0,100.0,0.0,0.0
CrossCode,Characters,9,7,2,0,77.78,22.22,0.0
CrossCode,Level Design,1,1,0,0,100.0,0.0,0.0
CrossCode,Music & Sound,6,5,1,0,83.33,16.67,0.0
CrossCode,Difficulty,9,5,4,0,55.56,44.44,0.0
CrossCode,Performance,2,1,1,0,50.0,50.0,0.0
CrossCode,Replayability,4,3,1,0,75.0,25.0,0.0
Crow Country,Gameplay,17,12,5,0,70.59,29.41,0.0
Crow Country,Story,14,9,5,0,64.29,35.71,0.0
Crow Country,Graphics,8,6,2,0,75.0,25.0,0.0
Crow Country,Characters,3,3,0,0,100.0,0.0,0.0
Crow Country,Level Design,7,6,1,0,85.71,14.29,0.0
Crow Country,Music & Sound,1,0,1,0,0.0,100.0,0.0
Crow Country,Difficulty,10,10,0,0,100.0,0.0,0.0
Crow Country,Performance,2,2,0,0,100.0,0.0,0.0
Crow Country,Replayability,2,2,0,0,100.0,0.0,0.0
Crown Trick,Gameplay,18,14,4,0,77.78,22.22,0.0
Crown Trick,Story,4,3,1,0,75.0,25.0,0.0
Crown Trick,Graphics,9,6,3,0,66.67,33.33,0.0
Crown Trick,Characters,1,1,0,0,100.0,0.0,0.0
Crown Trick,Music & Sound,1,1,0,0,100.0,0.0,0.0
Crown Trick,Difficulty,7,6,1,0,85.71,14.29,0.0
Crown Trick,Performance,2,1,1,0,50.0,50.0,0.0
Crown Trick,Replayability,2,1,1,0,50.0,50.0,0.0
Crusader Kings III,Gameplay,11,11,0,0,100.0,0.0,0.0
Crusader Kings III,Story,7,7,0,0,100.0,0.0,0.0
Crusader Kings III,Graphics,1,1,0,0,100.0,0.0,0.0
Crusader Kings III,Characters,8,8,0,0,100.0,0.0,0.0
Crusader Kings III,Level Design,3,3,0,0,100.0,0.0,0.0
Crusader Kings III,Difficulty,6,6,0,0,100.0,0.0,0.0
Crusader Kings III,Performance,2,2,0,0,100.0,0.0,0.0
Crusader Kings III,Replayability,6,6,0,0,100.0,0.0,0.0
Crusader Kings III: The Royal Court,Gameplay,1,0,1,0,0.0,100.0,0.0
Crypt Custodian,Gameplay,16,13,3,0,81.25,18.75,0.0
Crypt Custodian,Story,9,9,0,0,100.0,0.0,0.0
Crypt Custodian,Graphics,7,6,1,0,85.71,14.29,0.0
Crypt Custodian,Characters,7,5,2,0,71.43,28.57,0.0
Crypt Custodian,Level Design,6,5,1,0,83.33,16.67,0.0
Crypt Custodian,Music & Sound,4,3,1,0,75.0,25.0,0.0
Crypt Custodian,Difficulty,5,4,1,0,80.0,20.0,0.0
Crypt Custodian,Performance,2,1,1,0,50.0,50.0,0.0
Crypt of the NecroDancer,Gameplay,14,10,4,0,71.43,28.57,0.0
Crypt of the NecroDancer,Story,1,0,1,0,0.0,100.0,0.0
Crypt of the NecroDancer,Characters,2,1,1,0,50.0,50.0,0.0
Crypt of the NecroDancer,Level Design,2,1,1,0,50.0,50.0,0.0
Crypt of the NecroDancer,Music & Sound,16,14,2,0,87.5,12.5,0.0
Crypt of the NecroDancer,Difficulty,8,4,4,0,50.0,50.0,0.0
Crypt of the NecroDancer,Performance,1,0,1,0,0.0,100.0,0.0
Crypt of the NecroDancer,Replayability,4,2,2,0,50.0,50.0,0.0
Cthulhu Saves Christmas,Gameplay,4,3,1,0,75.0,25.0,0.0
Cthulhu Saves Christmas,Story,3,2,1,0,66.67,33.33,0.0
Cthulhu Saves Christmas,Graphics,1,1,0,0,100.0,0.0,0.0
Cthulhu Saves Christmas,Characters,1,1,0,0,100.0,0.0,0.0
Cthulhu Saves Christmas,Level Design,1,1,0,0,100.0,0.0,0.0
Cthulhu Saves Christmas,Music & Sound,1,1,0,0,100.0,0.0,0.0
Cthulhu Saves Christmas,Replayability,3,2,1,0,66.67,33.33,0.0
Cult of the Lamb,Gameplay,51,45,6,0,88.24,11.76,0.0
Cult of the Lamb,Story,13,12,1,0,92.31,7.69,0.0
Cult of the Lamb,Graphics,17,16,0,1,94.12,0.0,5.88
Cult of the Lamb,Characters,13,12,1,0,92.31,7.69,0.0
Cult of the Lamb,Level Design,4,4,0,0,100.0,0.0,0.0
Cult of the Lamb,Music & Sound,10,9,1,0,90.0,10.0,0.0
Cult of the Lamb,Difficulty,10,8,2,0,80.0,20.0,0.0
Cult of the Lamb,Performance,11,8,3,0,72.73,27.27,0.0
Cult of the Lamb,Replayability,6,4,2,0,66.67,33.33,0.0
Cult of the Lamb: Woolhaven,Gameplay,4,4,0,0,100.0,0.0,0.0
Cult of the Lamb: Woolhaven,Graphics,2,2,0,0,100.0,0.0,0.0
Cult of the Lamb: Woolhaven,Characters,1,1,0,0,100.0,0.0,0.0
Cult of the Lamb: Woolhaven,Music & Sound,1,1,0,0,100.0,0.0,0.0
Cult of the Lamb: Woolhaven,Difficulty,4,3,1,0,75.0,25.0,0.0
Cult of the Lamb: Woolhaven,Performance,1,1,0,0,100.0,0.0,0.0
Cult of the Lamb: Woolhaven,Replayability,8,8,0,0,100.0,0.0,0.0
Cuphead,Gameplay,51,48,3,0,94.12,5.88,0.0
Cuphead,Story,3,3,0,0,100.0,0.0,0.0
Cuphead,Graphics,47,42,5,0,89.36,10.64,0.0
Cuphead,Characters,10,9,1,0,90.0,10.0,0.0
Cuphead,Level Design,20,18,2,0,90.0,10.0,0.0
Cuphead,Music & Sound,24,23,1,0,95.83,4.17,0.0
Cuphead,Difficulty,75,66,9,0,88.0,12.0,0.0
Cuphead,Performance,4,3,1,0,75.0,25.0,0.0
Cuphead,Replayability,3,3,0,0,100.0,0.0,0.0
Cuphead: The Delicious Last Course,Gameplay,16,14,2,0,87.5,12.5,0.0
Cuphead: The Delicious Last Course,Story,4,3,1,0,75.0,25.0,0.0
Cuphead: The Delicious Last Course,Graphics,11,11,0,0,100.0,0.0,0.0
Cuphead: The Delicious Last Course,Characters,10,10,0,0,100.0,0.0,0.0
Cuphead: The Delicious Last Course,Level Design,8,7,1,0,87.5,12.5,0.0
Cuphead: The Delicious Last Course,Music & Sound,6,6,0,0,100.0,0.0,0.0
Cuphead: The Delicious Last Course,Difficulty,18,15,3,0,83.33,16.67,0.0
Cuphead: The Delicious Last Course,Performance,1,1,0,0,100.0,0.0,0.0
Cuphead: The Delicious Last Course,Replayability,17,15,2,0,88.24,11.76,0.0
Cupid Parasite,Gameplay,1,0,1,0,0.0,100.0,0.0
Cupid Parasite,Story,6,6,0,0,100.0,0.0,0.0
Cupid Parasite,Graphics,4,3,1,0,75.0,25.0,0.0
Cupid Parasite,Characters,2,2,0,0,100.0,0.0,0.0
Cupid Parasite,Music & Sound,3,3,0,0,100.0,0.0,0.0
Cupid Parasite,Difficulty,3,3,0,0,100.0,0.0,0.0
Cupid Parasite,Replayability,1,0,1,0,0.0,100.0,0.0
Curse of the Dead Gods,Gameplay,29,23,6,0,79.31,20.69,0.0
Curse of the Dead Gods,Story,7,7,0,0,100.0,0.0,0.0
Curse of the Dead Gods,Characters,1,1,0,0,100.0,0.0,0.0
Curse of the Dead Gods,Level Design,3,2,1,0,66.67,33.33,0.0
Curse of the Dead Gods,Music & Sound,1,0,1,0,0.0,100.0,0.0
Curse of the Dead Gods,Difficulty,12,10,2,0,83.33,16.67,0.0
Curse of the Dead Gods,Performance,1,0,1,0,0.0,100.0,0.0
Curse of the Dead Gods,Replayability,5,3,2,0,60.0,40.0,0.0
Cyber Shadow,Gameplay,27,18,9,0,66.67,33.33,0.0
Cyber Shadow,Story,5,3,2,0,60.0,40.0,0.0
Cyber Shadow,Graphics,12,10,2,0,83.33,16.67,0.0
Cyber Shadow,Characters,2,0,2,0,0.0,100.0,0.0
Cyber Shadow,Level Design,13,10,3,0,76.92,23.08,0.0
Cyber Shadow,Music & Sound,18,13,5,0,72.22,27.78,0.0
Cyber Shadow,Difficulty,22,19,3,0,86.36,13.64,0.0
Cyber Shadow,Replayability,2,2,0,0,100.0,0.0,0.0
Cyberpunk 2077: Phantom Liberty,Gameplay,24,24,0,0,100.0,0.0,0.0
Cyberpunk 2077: Phantom Liberty,Story,57,54,3,0,94.74,5.26,0.0
Cyberpunk 2077: Phantom Liberty,Graphics,5,5,0,0,100.0,0.0,0.0
Cyberpunk 2077: Phantom Liberty,Characters,25,23,2,0,92.0,8.0,0.0
Cyberpunk 2077: Phantom Liberty,Level Design,10,10,0,0,100.0,0.0,0.0
Cyberpunk 2077: Phantom Liberty,Difficulty,5,5,0,0,100.0,0.0,0.0
Cyberpunk 2077: Phantom Liberty,Performance,10,8,2,0,80.0,20.0,0.0
Cyberpunk 2077: Phantom Liberty,Replayability,18,17,1,0,94.44,5.56,0.0
DG2: Defense Grid 2,Gameplay,8,6,2,0,75.0,25.0,0.0
DG2: Defense Grid 2,Story,9,8,1,0,88.89,11.11,0.0
DG2: Defense Grid 2,Characters,3,2,1,0,66.67,33.33,0.0
DG2: Defense Grid 2,Level Design,4,4,0,0,100.0,0.0,0.0
DG2: Defense Grid 2,Difficulty,4,3,1,0,75.0,25.0,0.0
DG2: Defense Grid 2,Replayability,7,5,2,0,71.43,28.57,0.0
DJMAX RESPECT,Gameplay,1,1,0,0,100.0,0.0,0.0
DJMAX RESPECT,Music & Sound,3,3,0,0,100.0,0.0,0.0
DJMAX RESPECT,Difficulty,7,7,0,0,100.0,0.0,0.0
DJMAX RESPECT,Replayability,5,5,0,0,100.0,0.0,0.0
DOOM Eternal (Switch),Gameplay,12,9,3,0,75.0,25.0,0.0
DOOM Eternal (Switch),Story,3,2,1,0,66.67,33.33,0.0
DOOM Eternal (Switch),Graphics,5,5,0,0,100.0,0.0,0.0
DOOM Eternal (Switch),Level Design,2,1,1,0,50.0,50.0,0.0
DOOM Eternal (Switch),Music & Sound,1,1,0,0,100.0,0.0,0.0
DOOM Eternal (Switch),Difficulty,4,4,0,0,100.0,0.0,0.0
DOOM Eternal (Switch),Performance,8,8,0,0,100.0,0.0,0.0
DRAINUS,Gameplay,1,1,0,0,100.0,0.0,0.0
DRAINUS,Graphics,1,1,0,0,100.0,0.0,0.0
DRAINUS,Level Design,1,1,0,0,100.0,0.0,0.0
DRAINUS,Difficulty,1,1,0,0,100.0,0.0,0.0
DRAINUS,Replayability,2,1,1,0,50.0,50.0,0.0
DUSK,Gameplay,9,9,0,0,100.0,0.0,0.0
DUSK,Story,4,4,0,0,100.0,0.0,0.0
DUSK,Graphics,2,2,0,0,100.0,0.0,0.0
DUSK,Characters,1,1,0,0,100.0,0.0,0.0
DUSK,Level Design,7,7,0,0,100.0,0.0,0.0
DUSK,Music & Sound,3,3,0,0,100.0,0.0,0.0
DUSK,Difficulty,2,2,0,0,100.0,0.0,0.0
DUSK,Performance,14,12,2,0,85.71,14.29,0.0
DUSK,Replayability,1,1,0,0,100.0,0.0,0.0
Dandara: Trials of Fear Edition,Gameplay,1,0,1,0,0.0,100.0,0.0
Dandara: Trials of Fear Edition,Story,1,0,1,0,0.0,100.0,0.0
Dandara: Trials of Fear Edition,Graphics,1,0,1,0,0.0,100.0,0.0
Dandara: Trials of Fear Edition,Music & Sound,1,0,1,0,0.0,100.0,0.0
Dandara: Trials of Fear Edition,Difficulty,4,1,3,0,25.0,75.0,0.0
Dandara: Trials of Fear Edition,Replayability,3,2,1,0,66.67,33.33,0.0
Dandy Ace,Gameplay,7,4,3,0,57.14,42.86,0.0
Dandy Ace,Story,2,1,1,0,50.0,50.0,0.0
Dandy Ace,Graphics,2,2,0,0,100.0,0.0,0.0
Dandy Ace,Characters,3,2,1,0,66.67,33.33,0.0
Dandy Ace,Level Design,1,1,0,0,100.0,0.0,0.0
Dandy Ace,Difficulty,7,5,2,0,71.43,28.57,0.0
Dandy Ace,Replayability,3,3,0,0,100.0,0.0,0.0
Danganronpa 1-2 Reload,Gameplay,3,3,0,0,100.0,0.0,0.0
Danganronpa 1-2 Reload,Story,17,15,2,0,88.24,11.76,0.0
Danganronpa 1-2 Reload,Graphics,18,15,3,0,83.33,16.67,0.0
Danganronpa 1-2 Reload,Characters,13,13,0,0,100.0,0.0,0.0
Danganronpa 1-2 Reload,Music & Sound,1,1,0,0,100.0,0.0,0.0
Danganronpa 1-2 Reload,Difficulty,1,1,0,0,100.0,0.0,0.0
Danganronpa 1-2 Reload,Replayability,3,2,1,0,66.67,33.33,0.0
Danganronpa 2: Goodbye Despair (PC Edition),Gameplay,1,1,0,0,100.0,0.0,0.0
Danganronpa 2: Goodbye Despair (PC Edition),Story,5,4,1,0,80.0,20.0,0.0
Danganronpa 2: Goodbye Despair (PC Edition),Graphics,2,1,1,0,50.0,50.0,0.0
Danganronpa 2: Goodbye Despair (PC Edition),Difficulty,1,1,0,0,100.0,0.0,0.0
Danganronpa 2: Goodbye Despair Anniversary Edition,Gameplay,1,1,0,0,100.0,0.0,0.0
Danganronpa 2: Goodbye Despair Anniversary Edition,Story,2,2,0,0,100.0,0.0,0.0
Danganronpa 2: Goodbye Despair Anniversary Edition,Graphics,1,1,0,0,100.0,0.0,0.0
Danganronpa 2: Goodbye Despair Anniversary Edition,Characters,2,2,0,0,100.0,0.0,0.0
Danganronpa 2: Goodbye Despair Anniversary Edition,Difficulty,1,1,0,0,100.0,0.0,0.0
Danganronpa Decadence,Gameplay,1,1,0,0,100.0,0.0,0.0
Danganronpa Decadence,Story,2,2,0,0,100.0,0.0,0.0
Danganronpa Decadence,Graphics,7,6,1,0,85.71,14.29,0.0
Danganronpa Decadence,Characters,3,3,0,0,100.0,0.0,0.0
Danganronpa Decadence,Level Design,1,1,0,0,100.0,0.0,0.0
Danganronpa Decadence,Music & Sound,1,1,0,0,100.0,0.0,0.0
Danganronpa Decadence,Difficulty,1,1,0,0,100.0,0.0,0.0
Danganronpa Decadence,Performance,3,1,2,0,33.33,66.67,0.0
Danganronpa Decadence,Replayability,1,1,0,0,100.0,0.0,0.0
Danganronpa V3: Killing Harmony,Gameplay,6,6,0,0,100.0,0.0,0.0
Danganronpa V3: Killing Harmony,Story,24,20,4,0,83.33,16.67,0.0
Danganronpa V3: Killing Harmony,Graphics,13,11,2,0,84.62,15.38,0.0
Danganronpa V3: Killing Harmony,Characters,19,14,5,0,73.68,26.32,0.0
Danganronpa V3: Killing Harmony,Level Design,1,1,0,0,100.0,0.0,0.0
Danganronpa V3: Killing Harmony,Music & Sound,2,1,1,0,50.0,50.0,0.0
Danganronpa V3: Killing Harmony,Difficulty,1,1,0,0,100.0,0.0,0.0
Danganronpa V3: Killing Harmony,Replayability,2,2,0,0,100.0,0.0,0.0
Danganronpa: Trigger Happy Havoc (PC Edition),Gameplay,4,3,1,0,75.0,25.0,0.0
Danganronpa: Trigger Happy Havoc (PC Edition),Story,6,5,1,0,83.33,16.67,0.0
Danganronpa: Trigger Happy Havoc (PC Edition),Graphics,5,4,1,0,80.0,20.0,0.0
Danganronpa: Trigger Happy Havoc (PC Edition),Characters,4,3,1,0,75.0,25.0,0.0
Danganronpa: Trigger Happy Havoc (PC Edition),Difficulty,2,2,0,0,100.0,0.0,0.0
Danmaku Unlimited 3,Gameplay,7,6,1,0,85.71,14.29,0.0
Danmaku Unlimited 3,Story,1,1,0,0,100.0,0.0,0.0
Danmaku Unlimited 3,Graphics,2,1,1,0,50.0,50.0,0.0
Danmaku Unlimited 3,Level Design,2,2,0,0,100.0,0.0,0.0
Danmaku Unlimited 3,Difficulty,5,5,0,0,100.0,0.0,0.0
Danmaku Unlimited 3,Replayability,1,1,0,0,100.0,0.0,0.0
Dark Deity 2,Gameplay,3,3,0,0,100.0,0.0,0.0
Dark Deity 2,Story,3,3,0,0,100.0,0.0,0.0
Dark Deity 2,Characters,1,1,0,0,100.0,0.0,0.0
Dark Deity 2,Difficulty,1,1,0,0,100.0,0.0,0.0
Dark Deity 2,Replayability,1,1,0,0,100.0,0.0,0.0
Dark Souls II,Gameplay,5,5,0,0,100.0,0.0,0.0
Dark Souls II,Story,1,1,0,0,100.0,0.0,0.0
Dark Souls II,Graphics,2,2,0,0,100.0,0.0,0.0
Dark Souls II,Characters,1,1,0,0,100.0,0.0,0.0
Dark Souls II,Level Design,1,1,0,0,100.0,0.0,0.0
Dark Souls II,Difficulty,14,11,3,0,78.57,21.43,0.0
Dark Souls II,Performance,2,2,0,0,100.0,0.0,0.0
Dark Souls II,Replayability,1,1,0,0,100.0,0.0,0.0
Dark Souls II: Crown of the Ivory King,Story,1,1,0,0,100.0,0.0,0.0
Dark Souls II: Crown of the Ivory King,Level Design,1,1,0,0,100.0,0.0,0.0
Dark Souls II: Crown of the Ivory King,Difficulty,3,3,0,0,100.0,0.0,0.0
Dark Souls II: Crown of the Ivory King,Replayability,1,1,0,0,100.0,0.0,0.0
Dark Souls II: Crown of the Sunken King,Story,1,1,0,0,100.0,0.0,0.0
Dark Souls II: Crown of the Sunken King,Level Design,1,1,0,0,100.0,0.0,0.0
Dark Souls II: Crown of the Sunken King,Difficulty,2,2,0,0,100.0,0.0,0.0
Dark Souls II: Crown of the Sunken King,Replayability,4,3,1,0,75.0,25.0,0.0
Dark Souls II: Scholar of the First Sin,Gameplay,4,1,3,0,25.0,75.0,0.0
Dark Souls II: Scholar of the First Sin,Graphics,6,6,0,0,100.0,0.0,0.0
Dark Souls II: Scholar of the First Sin,Difficulty,6,6,0,0,100.0,0.0,0.0
Dark Souls II: Scholar of the First Sin,Performance,3,2,1,0,66.67,33.33,0.0
Dark Souls II: Scholar of the First Sin,Replayability,10,9,1,0,90.0,10.0,0.0
Dark Souls III,Gameplay,34,33,1,0,97.06,2.94,0.0
Dark Souls III,Story,4,4,0,0,100.0,0.0,0.0
Dark Souls III,Graphics,7,7,0,0,100.0,0.0,0.0
Dark Souls III,Characters,2,2,0,0,100.0,0.0,0.0
Dark Souls III,Level Design,19,19,0,0,100.0,0.0,0.0
Dark Souls III,Music & Sound,3,3,0,0,100.0,0.0,0.0
Dark Souls III,Difficulty,23,22,1,0,95.65,4.35,0.0
Dark Souls III,Performance,10,9,1,0,90.0,10.0,0.0
Dark Souls III,Replayability,1,1,0,0,100.0,0.0,0.0
Dark Souls III: The Ringed City,Gameplay,6,6,0,0,100.0,0.0,0.0
Dark Souls III: The Ringed City,Story,6,6,0,0,100.0,0.0,0.0
Dark Souls III: The Ringed City,Level Design,6,6,0,0,100.0,0.0,0.0
Dark Souls III: The Ringed City,Music & Sound,1,1,0,0,100.0,0.0,0.0
Dark Souls III: The Ringed City,Difficulty,9,8,1,0,88.89,11.11,0.0
Dark Souls III: The Ringed City,Replayability,9,8,1,0,88.89,11.11,0.0
Dark Souls Remastered,Gameplay,9,8,1,0,88.89,11.11,0.0
Dark Souls Remastered,Story,1,1,0,0,100.0,0.0,0.0
Dark Souls Remastered,Graphics,10,8,1,1,80.0,10.0,10.0
Dark Souls Remastered,Characters,1,1,0,0,100.0,0.0,0.0
Dark Souls Remastered,Level Design,3,3,0,0,100.0,0.0,0.0
Dark Souls Remastered,Music & Sound,1,1,0,0,100.0,0.0,0.0
Dark Souls Remastered,Difficulty,10,10,0,0,100.0,0.0,0.0
Dark Souls Remastered,Performance,16,15,1,0,93.75,6.25,0.0
Dark Souls Remastered,Replayability,5,5,0,0,100.0,0.0,0.0
Dark Souls Remastered - Nintendo Switch Edition,Gameplay,2,0,2,0,0.0,100.0,0.0
Dark Souls Remastered - Nintendo Switch Edition,Story,1,1,0,0,100.0,0.0,0.0
Dark Souls Remastered - Nintendo Switch Edition,Graphics,7,7,0,0,100.0,0.0,0.0
Dark Souls Remastered - Nintendo Switch Edition,Characters,1,1,0,0,100.0,0.0,0.0
Dark Souls Remastered - Nintendo Switch Edition,Music & Sound,4,3,1,0,75.0,25.0,0.0
Dark Souls Remastered - Nintendo Switch Edition,Difficulty,5,3,2,0,60.0,40.0,0.0
Dark Souls Remastered - Nintendo Switch Edition,Performance,7,7,0,0,100.0,0.0,0.0
Dark Souls Remastered - Nintendo Switch Edition,Replayability,1,1,0,0,100.0,0.0,0.0
Darkest Dungeon,Gameplay,17,16,1,0,94.12,5.88,0.0
Darkest Dungeon,Story,4,3,1,0,75.0,25.0,0.0
Darkest Dungeon,Graphics,6,6,0,0,100.0,0.0,0.0
Darkest Dungeon,Characters,6,5,1,0,83.33,16.67,0.0
Darkest Dungeon,Music & Sound,5,5,0,0,100.0,0.0,0.0
Darkest Dungeon,Difficulty,25,21,4,0,84.0,16.0,0.0
Darkest Dungeon,Replayability,3,3,0,0,100.0,0.0,0.0
Darkest Dungeon II,Gameplay,24,15,9,0,62.5,37.5,0.0
Darkest Dungeon II,Story,5,5,0,0,100.0,0.0,0.0
Darkest Dungeon II,Graphics,3,3,0,0,100.0,0.0,0.0
Darkest Dungeon II,Characters,5,2,3,0,40.0,60.0,0.0
Darkest Dungeon II,Level Design,2,2,0,0,100.0,0.0,0.0
Darkest Dungeon II,Music & Sound,2,2,0,0,100.0,0.0,0.0
Darkest Dungeon II,Difficulty,26,23,3,0,88.46,11.54,0.0
Darkest Dungeon II,Replayability,5,3,2,0,60.0,40.0,0.0
Darknet (VR),Gameplay,2,2,0,0,100.0,0.0,0.0
Darknet (VR),Level Design,2,2,0,0,100.0,0.0,0.0
Darknet (VR),Difficulty,4,4,0,0,100.0,0.0,0.0
Dave the Diver,Gameplay,37,36,1,0,97.3,2.7,0.0
Dave the Diver,Story,13,12,1,0,92.31,7.69,0.0
Dave the Diver,Graphics,9,9,0,0,100.0,0.0,0.0
Dave the Diver,Characters,10,10,0,0,100.0,0.0,0.0
Dave the Diver,Level Design,1,1,0,0,100.0,0.0,0.0
Dave the Diver,Music & Sound,5,5,0,0,100.0,0.0,0.0
Dave the Diver,Difficulty,9,9,0,0,100.0,0.0,0.0
Dave the Diver,Performance,2,2,0,0,100.0,0.0,0.0
Dave the Diver,Replayability,9,8,1,0,88.89,11.11,0.0
Dawnfolk,Gameplay,1,1,0,0,100.0,0.0,0.0
Dawnfolk,Difficulty,2,2,0,0,100.0,0.0,0.0
Day of the Tentacle Remastered,Gameplay,5,5,0,0,100.0,0.0,0.0
Day of the Tentacle Remastered,Story,5,5,0,0,100.0,0.0,0.0
Day of the Tentacle Remastered,Graphics,9,8,1,0,88.89,11.11,0.0
Day of the Tentacle Remastered,Characters,4,3,1,0,75.0,25.0,0.0
Day of the Tentacle Remastered,Level Design,1,1,0,0,100.0,0.0,0.0
Day of the Tentacle Remastered,Music & Sound,3,2,1,0,66.67,33.33,0.0
Day of the Tentacle Remastered,Difficulty,8,7,1,0,87.5,12.5,0.0
Day of the Tentacle Remastered,Performance,1,1,0,0,100.0,0.0,0.0
Day of the Tentacle Remastered,Replayability,1,0,1,0,0.0,100.0,0.0
Days Gone Remastered,Gameplay,10,8,2,0,80.0,20.0,0.0
Days Gone Remastered,Story,11,10,1,0,90.91,9.09,0.0
Days Gone Remastered,Graphics,8,6,2,0,75.0,25.0,0.0
Days Gone Remastered,Characters,2,1,1,0,50.0,50.0,0.0
Days Gone Remastered,Level Design,1,1,0,0,100.0,0.0,0.0
Days Gone Remastered,Music & Sound,1,1,0,0,100.0,0.0,0.0
Days Gone Remastered,Difficulty,5,4,1,0,80.0,20.0,0.0
Days Gone Remastered,Performance,14,9,5,0,64.29,35.71,0.0
Days Gone Remastered,Replayability,3,3,0,0,100.0,0.0,0.0
Dead Cells,Gameplay,53,50,3,0,94.34,5.66,0.0
Dead Cells,Story,6,6,0,0,100.0,0.0,0.0
Dead Cells,Graphics,9,9,0,0,100.0,0.0,0.0
Dead Cells,Level Design,12,11,1,0,91.67,8.33,0.0
Dead Cells,Music & Sound,7,7,0,0,100.0,0.0,0.0
Dead Cells,Difficulty,34,30,4,0,88.24,11.76,0.0
Dead Cells,Performance,2,2,0,0,100.0,0.0,0.0
Dead Cells,Replayability,7,7,0,0,100.0,0.0,0.0
Dead Cells: Fatal Falls,Gameplay,1,0,1,0,0.0,100.0,0.0
Dead Cells: Fatal Falls,Level Design,1,1,0,0,100.0,0.0,0.0
Dead Cells: Fatal Falls,Replayability,1,1,0,0,100.0,0.0,0.0
Dead Cells: Return to Castlevania,Gameplay,4,4,0,0,100.0,0.0,0.0
Dead Cells: Return to Castlevania,Story,1,1,0,0,100.0,0.0,0.0
Dead Cells: Return to Castlevania,Graphics,1,1,0,0,100.0,0.0,0.0
Dead Cells: Return to Castlevania,Characters,1,1,0,0,100.0,0.0,0.0
Dead Cells: Return to Castlevania,Music & Sound,7,6,1,0,85.71,14.29,0.0
Dead Cells: Return to Castlevania,Difficulty,5,5,0,0,100.0,0.0,0.0
Dead Cells: Return to Castlevania,Replayability,14,14,0,0,100.0,0.0,0.0
Dead Cells: The Queen & the Sea,Gameplay,1,1,0,0,100.0,0.0,0.0
Dead Cells: The Queen & the Sea,Story,1,1,0,0,100.0,0.0,0.0
Dead Cells: The Queen & the Sea,Level Design,1,1,0,0,100.0,0.0,0.0
Dead Cells: The Queen & the Sea,Replayability,2,2,0,0,100.0,0.0,0.0
Dead Rising 2 HD,Performance,1,1,0,0,100.0,0.0,0.0
Dead Space (2023),Gameplay,34,32,0,2,94.12,0.0,5.88
Dead Space (2023),Story,28,27,0,1,96.43,0.0,3.57
Dead Space (2023),Graphics,25,25,0,0,100.0,0.0,0.0
Dead Space (2023),Characters,5,5,0,0,100.0,0.0,0.0
Dead Space (2023),Level Design,14,14,0,0,100.0,0.0,0.0
Dead Space (2023),Music & Sound,10,10,0,0,100.0,0.0,0.0
Dead Space (2023),Difficulty,7,6,1,0,85.71,14.29,0.0
Dead Space (2023),Performance,9,9,0,0,100.0,0.0,0.0
Dead Space (2023),Replayability,7,6,0,1,85.71,0.0,14.29
Deadlink,Gameplay,9,6,3,0,66.67,33.33,0.0
Deadlink,Story,3,1,2,0,33.33,66.67,0.0
Deadlink,Graphics,2,1,1,0,50.0,50.0,0.0
Deadlink,Characters,1,1,0,0,100.0,0.0,0.0
Deadlink,Level Design,2,1,1,0,50.0,50.0,0.0
Deadlink,Music & Sound,2,2,0,0,100.0,0.0,0.0
Deadlink,Difficulty,2,1,1,0,50.0,50.0,0.0
Deadlink,Performance,2,2,0,0,100.0,0.0,0.0
Deadlink,Replayability,2,2,0,0,100.0,0.0,0.0
Death Howl,Gameplay,17,14,3,0,82.35,17.65,0.0
Death Howl,Story,14,14,0,0,100.0,0.0,0.0
Death Howl,Graphics,2,2,0,0,100.0,0.0,0.0
Death Howl,Characters,1,1,0,0,100.0,0.0,0.0
Death Howl,Level Design,2,2,0,0,100.0,0.0,0.0
Death Howl,Music & Sound,4,4,0,0,100.0,0.0,0.0
Death Howl,Difficulty,16,12,4,0,75.0,25.0,0.0
Death Howl,Performance,1,1,0,0,100.0,0.0,0.0
Death Stranding,Gameplay,62,40,20,2,64.52,32.26,3.23
Death Stranding,Story,69,52,15,2,75.36,21.74,2.9
Death Stranding,Graphics,11,10,1,0,90.91,9.09,0.0
Death Stranding,Characters,11,10,1,0,90.91,9.09,0.0
Death Stranding,Level Design,4,2,1,1,50.0,25.0,25.0
Death Stranding,Music & Sound,11,6,5,0,54.55,45.45,0.0
Death Stranding,Difficulty,14,12,2,0,85.71,14.29,0.0
Death Stranding,Performance,8,5,3,0,62.5,37.5,0.0
Death Stranding,Replayability,3,1,2,0,33.33,66.67,0.0
Death Stranding 2: On the Beach,Gameplay,72,65,6,1,90.28,8.33,1.39
Death Stranding 2: On the Beach,Story,69,64,5,0,92.75,7.25,0.0
Death Stranding 2: On the Beach,Graphics,17,16,1,0,94.12,5.88,0.0
Death Stranding 2: On the Beach,Characters,9,9,0,0,100.0,0.0,0.0
Death Stranding 2: On the Beach,Level Design,8,6,2,0,75.0,25.0,0.0
Death Stranding 2: On the Beach,Music & Sound,12,11,1,0,91.67,8.33,0.0
Death Stranding 2: On the Beach,Difficulty,11,9,2,0,81.82,18.18,0.0
Death Stranding 2: On the Beach,Performance,10,8,2,0,80.0,20.0,0.0
Death Stranding 2: On the Beach,Replayability,1,1,0,0,100.0,0.0,0.0
Death Stranding Director's Cut,Gameplay,25,21,4,0,84.0,16.0,0.0
Death Stranding Director's Cut,Story,17,14,3,0,82.35,17.65,0.0
Death Stranding Director's Cut,Graphics,7,7,0,0,100.0,0.0,0.0
Death Stranding Director's Cut,Characters,3,3,0,0,100.0,0.0,0.0
Death Stranding Director's Cut,Level Design,2,2,0,0,100.0,0.0,0.0
Death Stranding Director's Cut,Music & Sound,3,3,0,0,100.0,0.0,0.0
Death Stranding Director's Cut,Difficulty,8,7,1,0,87.5,12.5,0.0
Death Stranding Director's Cut,Performance,7,6,1,0,85.71,14.29,0.0
Death Stranding Director's Cut,Replayability,21,18,3,0,85.71,14.29,0.0
Death of the Reprobate,Gameplay,1,1,0,0,100.0,0.0,0.0
Death of the Reprobate,Story,1,1,0,0,100.0,0.0,0.0
Death of the Reprobate,Characters,3,2,1,0,66.67,33.33,0.0
Death of the Reprobate,Music & Sound,1,1,0,0,100.0,0.0,0.0
Death's Door,Gameplay,63,60,3,0,95.24,4.76,0.0
Death's Door,Story,22,22,0,0,100.0,0.0,0.0
Death's Door,Graphics,15,14,1,0,93.33,6.67,0.0
Death's Door,Characters,20,19,1,0,95.0,5.0,0.0
Death's Door,Level Design,12,12,0,0,100.0,0.0,0.0
Death's Door,Music & Sound,16,16,0,0,100.0,0.0,0.0
Death's Door,Difficulty,27,24,3,0,88.89,11.11,0.0
Death's Door,Performance,4,4,0,0,100.0,0.0,0.0
Death's Door,Replayability,6,4,2,0,66.67,33.33,0.0
Deathloop,Gameplay,68,53,15,0,77.94,22.06,0.0
Deathloop,Story,51,42,9,0,82.35,17.65,0.0
Deathloop,Graphics,6,6,0,0,100.0,0.0,0.0
Deathloop,Characters,15,15,0,0,100.0,0.0,0.0
Deathloop,Level Design,29,23,6,0,79.31,20.69,0.0
Deathloop,Music & Sound,5,5,0,0,100.0,0.0,0.0
Deathloop,Difficulty,7,5,2,0,71.43,28.57,0.0
Deathloop,Performance,18,11,7,0,61.11,38.89,0.0
Deathloop,Replayability,7,7,0,0,100.0,0.0,0.0
Deep Rock Galactic,Gameplay,13,11,2,0,84.62,15.38,0.0
Deep Rock Galactic,Story,1,1,0,0,100.0,0.0,0.0
Deep Rock Galactic,Graphics,2,2,0,0,100.0,0.0,0.0
Deep Rock Galactic,Characters,4,4,0,0,100.0,0.0,0.0
Deep Rock Galactic,Level Design,1,0,1,0,0.0,100.0,0.0
Deep Rock Galactic,Difficulty,3,3,0,0,100.0,0.0,0.0
Deep Rock Galactic,Performance,5,4,1,0,80.0,20.0,0.0
Deep Rock Galactic,Replayability,5,4,1,0,80.0,20.0,0.0
Deep Rock Galactic: Survivor,Gameplay,4,4,0,0,100.0,0.0,0.0
Deep Rock Galactic: Survivor,Graphics,1,1,0,0,100.0,0.0,0.0
Deep Rock Galactic: Survivor,Level Design,2,1,1,0,50.0,50.0,0.0
Deep Rock Galactic: Survivor,Difficulty,3,3,0,0,100.0,0.0,0.0
Deep Rock Galactic: Survivor,Performance,1,1,0,0,100.0,0.0,0.0
Deep Rock Galactic: Survivor,Replayability,3,3,0,0,100.0,0.0,0.0
Defender’s Quest: Valley of the Forgotten DX,Gameplay,4,3,1,0,75.0,25.0,0.0
Defender’s Quest: Valley of the Forgotten DX,Story,2,0,2,0,0.0,100.0,0.0
Defender’s Quest: Valley of the Forgotten DX,Graphics,1,1,0,0,100.0,0.0,0.0
Defender’s Quest: Valley of the Forgotten DX,Characters,1,1,0,0,100.0,0.0,0.0
Defender’s Quest: Valley of the Forgotten DX,Level Design,2,1,1,0,50.0,50.0,0.0
Defender’s Quest: Valley of the Forgotten DX,Difficulty,3,2,1,0,66.67,33.33,0.0
Defender’s Quest: Valley of the Forgotten DX,Replayability,1,1,0,0,100.0,0.0,0.0
Deltarune Chapters 3 & 4,Gameplay,5,4,1,0,80.0,20.0,0.0
Deltarune Chapters 3 & 4,Story,6,5,1,0,83.33,16.67,0.0
Deltarune Chapters 3 & 4,Graphics,1,0,1,0,0.0,100.0,0.0
Deltarune Chapters 3 & 4,Characters,3,3,0,0,100.0,0.0,0.0
Deltarune Chapters 3 & 4,Music & Sound,5,4,1,0,80.0,20.0,0.0
Deltarune Chapters 3 & 4,Difficulty,1,0,1,0,0.0,100.0,0.0
Deltarune Chapters 3 & 4,Replayability,2,2,0,0,100.0,0.0,0.0
Deltarune: Chapter 1 & 2,Gameplay,2,2,0,0,100.0,0.0,0.0
Deltarune: Chapter 1 & 2,Story,5,5,0,0,100.0,0.0,0.0
Deltarune: Chapter 1 & 2,Graphics,1,1,0,0,100.0,0.0,0.0
Deltarune: Chapter 1 & 2,Characters,2,2,0,0,100.0,0.0,0.0
Deltarune: Chapter 1 & 2,Music & Sound,2,2,0,0,100.0,0.0,0.0
Demeo,Gameplay,6,6,0,0,100.0,0.0,0.0
Demeo,Graphics,4,4,0,0,100.0,0.0,0.0
Demeo,Level Design,3,2,1,0,66.67,33.33,0.0
Demeo,Difficulty,8,6,2,0,75.0,25.0,0.0
Demeo,Performance,1,1,0,0,100.0,0.0,0.0
Demeo,Replayability,4,2,2,0,50.0,50.0,0.0
Demon Tides,Gameplay,28,27,1,0,96.43,3.57,0.0
Demon Tides,Story,6,6,0,0,100.0,0.0,0.0
Demon Tides,Graphics,2,2,0,0,100.0,0.0,0.0
Demon Tides,Characters,7,7,0,0,100.0,0.0,0.0
Demon Tides,Level Design,7,6,1,0,85.71,14.29,0.0
Demon Tides,Music & Sound,3,3,0,0,100.0,0.0,0.0
Demon Tides,Difficulty,8,8,0,0,100.0,0.0,0.0
Demon Tides,Performance,7,6,1,0,85.71,14.29,0.0
Demon Tides,Replayability,3,3,0,0,100.0,0.0,0.0
Demon's Mirror,Gameplay,5,2,2,1,40.0,40.0,20.0
Demon's Mirror,Characters,1,1,0,0,100.0,0.0,0.0
Demon's Mirror,Difficulty,1,1,0,0,100.0,0.0,0.0
Demon's Souls (2020),Gameplay,25,24,1,0,96.0,4.0,0.0
Demon's Souls (2020),Story,2,2,0,0,100.0,0.0,0.0
Demon's Souls (2020),Graphics,14,14,0,0,100.0,0.0,0.0
Demon's Souls (2020),Characters,2,2,0,0,100.0,0.0,0.0
Demon's Souls (2020),Level Design,6,6,0,0,100.0,0.0,0.0
Demon's Souls (2020),Music & Sound,2,2,0,0,100.0,0.0,0.0
Demon's Souls (2020),Difficulty,19,19,0,0,100.0,0.0,0.0
Demon's Souls (2020),Performance,7,7,0,0,100.0,0.0,0.0
Demon's Souls (2020),Replayability,2,2,0,0,100.0,0.0,0.0
Desktop Dungeons: Rewind,Gameplay,2,2,0,0,100.0,0.0,0.0
Desktop Dungeons: Rewind,Story,1,0,1,0,0.0,100.0,0.0
Desktop Dungeons: Rewind,Graphics,1,0,1,0,0.0,100.0,0.0
Desktop Dungeons: Rewind,Level Design,1,0,1,0,0.0,100.0,0.0
Desktop Dungeons: Rewind,Difficulty,2,2,0,0,100.0,0.0,0.0
Desktop Dungeons: Rewind,Replayability,2,2,0,0,100.0,0.0,0.0
Despelote,Gameplay,11,8,2,1,72.73,18.18,9.09
Despelote,Story,18,15,1,2,83.33,5.56,11.11
Despelote,Graphics,3,3,0,0,100.0,0.0,0.0
Despelote,Characters,1,1,0,0,100.0,0.0,0.0
Despelote,Level Design,1,0,0,1,0.0,0.0,100.0
Despelote,Music & Sound,2,2,0,0,100.0,0.0,0.0
Desperados III,Gameplay,30,28,2,0,93.33,6.67,0.0
Desperados III,Story,17,17,0,0,100.0,0.0,0.0
Desperados III,Graphics,5,5,0,0,100.0,0.0,0.0
Desperados III,Characters,19,19,0,0,100.0,0.0,0.0
Desperados III,Level Design,13,13,0,0,100.0,0.0,0.0
Desperados III,Music & Sound,2,2,0,0,100.0,0.0,0.0
Desperados III,Difficulty,20,18,2,0,90.0,10.0,0.0
Desperados III,Performance,3,3,0,0,100.0,0.0,0.0
Desperados III,Replayability,7,7,0,0,100.0,0.0,0.0
Destination Primus Vita – Episode 1,Story,4,3,1,0,75.0,25.0,0.0
Destination Primus Vita – Episode 1,Characters,2,2,0,0,100.0,0.0,0.0
Destination Primus Vita – Episode 1,Difficulty,1,1,0,0,100.0,0.0,0.0
Destiny 2,Gameplay,32,28,4,0,87.5,12.5,0.0
Destiny 2,Story,45,39,5,1,86.67,11.11,2.22
Destiny 2,Graphics,8,8,0,0,100.0,0.0,0.0
Destiny 2,Characters,6,6,0,0,100.0,0.0,0.0
Destiny 2,Level Design,11,10,1,0,90.91,9.09,0.0
Destiny 2,Music & Sound,3,3,0,0,100.0,0.0,0.0
Destiny 2,Difficulty,12,11,1,0,91.67,8.33,0.0
Destiny 2,Performance,13,12,1,0,92.31,7.69,0.0
Destiny 2,Replayability,27,24,3,0,88.89,11.11,0.0
Destiny 2: Forsaken,Gameplay,6,5,1,0,83.33,16.67,0.0
Destiny 2: Forsaken,Story,15,13,2,0,86.67,13.33,0.0
Destiny 2: Forsaken,Graphics,1,1,0,0,100.0,0.0,0.0
Destiny 2: Forsaken,Characters,1,0,1,0,0.0,100.0,0.0
Destiny 2: Forsaken,Level Design,1,1,0,0,100.0,0.0,0.0
Destiny 2: Forsaken,Difficulty,3,2,1,0,66.67,33.33,0.0
Destiny 2: Forsaken,Replayability,19,18,1,0,94.74,5.26,0.0
Destiny 2: The Final Shape,Gameplay,14,13,1,0,92.86,7.14,0.0
Destiny 2: The Final Shape,Story,32,28,4,0,87.5,12.5,0.0
Destiny 2: The Final Shape,Graphics,1,1,0,0,100.0,0.0,0.0
Destiny 2: The Final Shape,Characters,7,6,1,0,85.71,14.29,0.0
Destiny 2: The Final Shape,Level Design,5,4,1,0,80.0,20.0,0.0
Destiny 2: The Final Shape,Music & Sound,1,1,0,0,100.0,0.0,0.0
Destiny 2: The Final Shape,Difficulty,5,4,1,0,80.0,20.0,0.0
Destiny 2: The Final Shape,Performance,4,4,0,0,100.0,0.0,0.0
Destiny 2: The Final Shape,Replayability,8,7,1,0,87.5,12.5,0.0
Destiny 2: The Witch Queen,Gameplay,10,10,0,0,100.0,0.0,0.0
Destiny 2: The Witch Queen,Story,22,22,0,0,100.0,0.0,0.0
Destiny 2: The Witch Queen,Characters,1,1,0,0,100.0,0.0,0.0
Destiny 2: The Witch Queen,Level Design,5,5,0,0,100.0,0.0,0.0
Destiny 2: The Witch Queen,Music & Sound,1,1,0,0,100.0,0.0,0.0
Destiny 2: The Witch Queen,Difficulty,11,11,0,0,100.0,0.0,0.0
Destiny 2: The Witch Queen,Performance,2,2,0,0,100.0,0.0,0.0
Destiny 2: The Witch Queen,Replayability,16,15,1,0,93.75,6.25,0.0
Destiny: The Taken King,Gameplay,9,9,0,0,100.0,0.0,0.0
Destiny: The Taken King,Story,8,8,0,0,100.0,0.0,0.0
Destiny: The Taken King,Characters,3,3,0,0,100.0,0.0,0.0
Destiny: The Taken King,Difficulty,7,6,1,0,85.71,14.29,0.0
Destiny: The Taken King,Performance,1,1,0,0,100.0,0.0,0.0
Destiny: The Taken King,Replayability,10,10,0,0,100.0,0.0,0.0
"Detective Instinct: Farewell, My Beloved",Gameplay,1,1,0,0,100.0,0.0,0.0
"Detective Instinct: Farewell, My Beloved",Story,3,3,0,0,100.0,0.0,0.0
"Detective Instinct: Farewell, My Beloved",Graphics,1,1,0,0,100.0,0.0,0.0
"Detective Instinct: Farewell, My Beloved",Characters,3,2,1,0,66.67,33.33,0.0
"Detective Instinct: Farewell, My Beloved",Level Design,1,1,0,0,100.0,0.0,0.0
"Detective Instinct: Farewell, My Beloved",Difficulty,3,2,1,0,66.67,33.33,0.0
Detention 返校,Gameplay,4,3,1,0,75.0,25.0,0.0
Detention 返校,Story,17,15,2,0,88.24,11.76,0.0
Detention 返校,Graphics,5,4,1,0,80.0,20.0,0.0
Detention 返校,Characters,1,0,1,0,0.0,100.0,0.0
Detention 返校,Music & Sound,5,4,1,0,80.0,20.0,0.0
Detention 返校,Difficulty,2,2,0,0,100.0,0.0,0.0
Detention 返校,Replayability,1,1,0,0,100.0,0.0,0.0
Deus Ex: Mankind Divided,Gameplay,35,25,10,0,71.43,28.57,0.0
Deus Ex: Mankind Divided,Story,58,39,19,0,67.24,32.76,0.0
Deus Ex: Mankind Divided,Graphics,7,5,2,0,71.43,28.57,0.0
Deus Ex: Mankind Divided,Characters,5,3,2,0,60.0,40.0,0.0
Deus Ex: Mankind Divided,Level Design,12,10,2,0,83.33,16.67,0.0
Deus Ex: Mankind Divided,Music & Sound,3,3,0,0,100.0,0.0,0.0
Deus Ex: Mankind Divided,Difficulty,4,2,2,0,50.0,50.0,0.0
Deus Ex: Mankind Divided,Performance,8,5,3,0,62.5,37.5,0.0
Deus Ex: Mankind Divided,Replayability,4,3,1,0,75.0,25.0,0.0
Devil Daggers,Gameplay,1,1,0,0,100.0,0.0,0.0
Devil Daggers,Story,1,1,0,0,100.0,0.0,0.0
Devil Daggers,Difficulty,2,2,0,0,100.0,0.0,0.0
Devil May Cry 3: Special Edition,Gameplay,7,7,0,0,100.0,0.0,0.0
Devil May Cry 3: Special Edition,Story,1,1,0,0,100.0,0.0,0.0
Devil May Cry 3: Special Edition,Characters,3,3,0,0,100.0,0.0,0.0
Devil May Cry 3: Special Edition,Difficulty,3,3,0,0,100.0,0.0,0.0
Devil May Cry 5,Gameplay,71,67,4,0,94.37,5.63,0.0
Devil May Cry 5,Story,42,37,5,0,88.1,11.9,0.0
Devil May Cry 5,Graphics,18,17,1,0,94.44,5.56,0.0
Devil May Cry 5,Characters,36,33,2,1,91.67,5.56,2.78
Devil May Cry 5,Level Design,12,11,0,1,91.67,0.0,8.33
Devil May Cry 5,Music & Sound,12,11,1,0,91.67,8.33,0.0
Devil May Cry 5,Difficulty,15,14,1,0,93.33,6.67,0.0
Devil May Cry 5,Performance,4,4,0,0,100.0,0.0,0.0
Devil May Cry 5,Replayability,7,7,0,0,100.0,0.0,0.0
Devil May Cry 5: Special Edition,Gameplay,13,13,0,0,100.0,0.0,0.0
Devil May Cry 5: Special Edition,Story,4,3,1,0,75.0,25.0,0.0
Devil May Cry 5: Special Edition,Graphics,11,10,1,0,90.91,9.09,0.0
Devil May Cry 5: Special Edition,Characters,13,13,0,0,100.0,0.0,0.0
Devil May Cry 5: Special Edition,Level Design,3,3,0,0,100.0,0.0,0.0
Devil May Cry 5: Special Edition,Music & Sound,4,4,0,0,100.0,0.0,0.0
Devil May Cry 5: Special Edition,Difficulty,5,5,0,0,100.0,0.0,0.0
Devil May Cry 5: Special Edition,Performance,10,10,0,0,100.0,0.0,0.0
Devil May Cry 5: Special Edition,Replayability,7,5,2,0,71.43,28.57,0.0
Devil Survivor 2: Record Breaker,Gameplay,8,8,0,0,100.0,0.0,0.0
Devil Survivor 2: Record Breaker,Story,11,11,0,0,100.0,0.0,0.0
Devil Survivor 2: Record Breaker,Graphics,2,2,0,0,100.0,0.0,0.0
Devil Survivor 2: Record Breaker,Characters,7,7,0,0,100.0,0.0,0.0
Devil Survivor 2: Record Breaker,Difficulty,3,3,0,0,100.0,0.0,0.0
Devil Survivor 2: Record Breaker,Replayability,11,11,0,0,100.0,0.0,0.0
Devotion,Gameplay,1,1,0,0,100.0,0.0,0.0
Devotion,Story,5,3,2,0,60.0,40.0,0.0
Devotion,Graphics,1,1,0,0,100.0,0.0,0.0
Devotion,Characters,1,0,1,0,0.0,100.0,0.0
Devotion,Music & Sound,1,1,0,0,100.0,0.0,0.0
DiRT 4,Gameplay,9,7,2,0,77.78,22.22,0.0
DiRT 4,Story,1,1,0,0,100.0,0.0,0.0
DiRT 4,Graphics,7,4,3,0,57.14,42.86,0.0
DiRT 4,Characters,1,0,1,0,0.0,100.0,0.0
DiRT 4,Level Design,2,2,0,0,100.0,0.0,0.0
DiRT 4,Music & Sound,1,0,1,0,0.0,100.0,0.0
DiRT 4,Difficulty,9,7,2,0,77.78,22.22,0.0
DiRT 4,Performance,3,3,0,0,100.0,0.0,0.0
DiRT 4,Replayability,4,4,0,0,100.0,0.0,0.0
DiRT 5,Gameplay,15,13,2,0,86.67,13.33,0.0
DiRT 5,Story,2,1,1,0,50.0,50.0,0.0
DiRT 5,Graphics,25,23,2,0,92.0,8.0,0.0
DiRT 5,Level Design,4,4,0,0,100.0,0.0,0.0
DiRT 5,Music & Sound,7,6,1,0,85.71,14.29,0.0
DiRT 5,Difficulty,11,9,2,0,81.82,18.18,0.0
DiRT 5,Performance,14,10,4,0,71.43,28.57,0.0
DiRT 5,Replayability,12,8,4,0,66.67,33.33,0.0
DiRT Rally,Gameplay,7,5,2,0,71.43,28.57,0.0
DiRT Rally,Graphics,2,2,0,0,100.0,0.0,0.0
DiRT Rally,Level Design,1,1,0,0,100.0,0.0,0.0
DiRT Rally,Music & Sound,2,2,0,0,100.0,0.0,0.0
DiRT Rally,Difficulty,8,8,0,0,100.0,0.0,0.0
DiRT Rally,Performance,2,2,0,0,100.0,0.0,0.0
DiRT Rally,Replayability,1,1,0,0,100.0,0.0,0.0
DiRT Rally 2.0 Game of the Year Edition,Gameplay,1,1,0,0,100.0,0.0,0.0
DiRT Rally 2.0 Game of the Year Edition,Difficulty,1,1,0,0,100.0,0.0,0.0
DiRT Rally 2.0 Game of the Year Edition,Replayability,1,1,0,0,100.0,0.0,0.0
Diablo II: Resurrected,Gameplay,25,16,9,0,64.0,36.0,0.0
Diablo II: Resurrected,Story,3,2,1,0,66.67,33.33,0.0
Diablo II: Resurrected,Graphics,29,20,9,0,68.97,31.03,0.0
Diablo II: Resurrected,Characters,4,1,3,0,25.0,75.0,0.0
Diablo II: Resurrected,Music & Sound,4,4,0,0,100.0,0.0,0.0
Diablo II: Resurrected,Difficulty,11,10,1,0,90.91,9.09,0.0
Diablo II: Resurrected,Performance,3,1,2,0,33.33,66.67,0.0
Diablo II: Resurrected,Replayability,3,3,0,0,100.0,0.0,0.0
Diablo III: Eternal Collection,Gameplay,12,12,0,0,100.0,0.0,0.0
Diablo III: Eternal Collection,Story,3,3,0,0,100.0,0.0,0.0
Diablo III: Eternal Collection,Graphics,7,7,0,0,100.0,0.0,0.0
Diablo III: Eternal Collection,Characters,4,4,0,0,100.0,0.0,0.0
Diablo III: Eternal Collection,Level Design,2,2,0,0,100.0,0.0,0.0
Diablo III: Eternal Collection,Music & Sound,2,2,0,0,100.0,0.0,0.0
Diablo III: Eternal Collection,Difficulty,2,2,0,0,100.0,0.0,0.0
Diablo III: Eternal Collection,Performance,4,4,0,0,100.0,0.0,0.0
Diablo III: Eternal Collection,Replayability,10,10,0,0,100.0,0.0,0.0
Diablo III: Reaper of Souls,Gameplay,6,6,0,0,100.0,0.0,0.0
Diablo III: Reaper of Souls,Story,8,7,1,0,87.5,12.5,0.0
Diablo III: Reaper of Souls,Graphics,1,1,0,0,100.0,0.0,0.0
Diablo III: Reaper of Souls,Characters,5,4,1,0,80.0,20.0,0.0
Diablo III: Reaper of Souls,Level Design,3,3,0,0,100.0,0.0,0.0
Diablo III: Reaper of Souls,Difficulty,1,1,0,0,100.0,0.0,0.0
Diablo III: Reaper of Souls,Replayability,9,8,1,0,88.89,11.11,0.0
Diablo III: Ultimate Evil Edition,Gameplay,7,6,1,0,85.71,14.29,0.0
Diablo III: Ultimate Evil Edition,Story,4,4,0,0,100.0,0.0,0.0
Diablo III: Ultimate Evil Edition,Graphics,3,3,0,0,100.0,0.0,0.0
Diablo III: Ultimate Evil Edition,Characters,5,5,0,0,100.0,0.0,0.0
Diablo III: Ultimate Evil Edition,Level Design,4,4,0,0,100.0,0.0,0.0
Diablo III: Ultimate Evil Edition,Music & Sound,2,2,0,0,100.0,0.0,0.0
Diablo III: Ultimate Evil Edition,Difficulty,4,4,0,0,100.0,0.0,0.0
Diablo III: Ultimate Evil Edition,Performance,2,2,0,0,100.0,0.0,0.0
Diablo III: Ultimate Evil Edition,Replayability,12,12,0,0,100.0,0.0,0.0
Diablo IV,Gameplay,57,53,4,0,92.98,7.02,0.0
Diablo IV,Story,39,37,2,0,94.87,5.13,0.0
Diablo IV,Graphics,10,9,1,0,90.0,10.0,0.0
Diablo IV,Characters,20,19,1,0,95.0,5.0,0.0
Diablo IV,Level Design,12,12,0,0,100.0,0.0,0.0
Diablo IV,Music & Sound,4,3,1,0,75.0,25.0,0.0
Diablo IV,Difficulty,11,9,2,0,81.82,18.18,0.0
Diablo IV,Performance,4,4,0,0,100.0,0.0,0.0
Diablo IV,Replayability,33,30,3,0,90.91,9.09,0.0
Diablo IV: Lord of Hatred,Gameplay,12,10,2,0,83.33,16.67,0.0
Diablo IV: Lord of Hatred,Story,29,27,2,0,93.1,6.9,0.0
Diablo IV: Lord of Hatred,Graphics,1,1,0,0,100.0,0.0,0.0
Diablo IV: Lord of Hatred,Characters,6,5,1,0,83.33,16.67,0.0
Diablo IV: Lord of Hatred,Level Design,4,4,0,0,100.0,0.0,0.0
Diablo IV: Lord of Hatred,Music & Sound,1,1,0,0,100.0,0.0,0.0
Diablo IV: Lord of Hatred,Difficulty,3,3,0,0,100.0,0.0,0.0
Diablo IV: Lord of Hatred,Performance,3,3,0,0,100.0,0.0,0.0
Diablo IV: Lord of Hatred,Replayability,18,16,2,0,88.89,11.11,0.0
Diablo IV: Vessel of Hatred,Gameplay,21,17,4,0,80.95,19.05,0.0
Diablo IV: Vessel of Hatred,Story,37,28,9,0,75.68,24.32,0.0
Diablo IV: Vessel of Hatred,Graphics,1,1,0,0,100.0,0.0,0.0
Diablo IV: Vessel of Hatred,Characters,7,6,1,0,85.71,14.29,0.0
Diablo IV: Vessel of Hatred,Level Design,4,3,1,0,75.0,25.0,0.0
Diablo IV: Vessel of Hatred,Music & Sound,2,2,0,0,100.0,0.0,0.0
Diablo IV: Vessel of Hatred,Difficulty,2,2,0,0,100.0,0.0,0.0
Diablo IV: Vessel of Hatred,Performance,3,1,2,0,33.33,66.67,0.0
Diablo IV: Vessel of Hatred,Replayability,31,27,4,0,87.1,12.9,0.0
Dicey Dungeons,Gameplay,6,4,2,0,66.67,33.33,0.0
Dicey Dungeons,Graphics,1,1,0,0,100.0,0.0,0.0
Dicey Dungeons,Characters,2,1,1,0,50.0,50.0,0.0
Dicey Dungeons,Music & Sound,3,2,1,0,66.67,33.33,0.0
Dicey Dungeons,Difficulty,4,4,0,0,100.0,0.0,0.0
Dicey Dungeons,Replayability,1,0,1,0,0.0,100.0,0.0
Digimon Story: Time Stranger,Gameplay,44,35,9,0,79.55,20.45,0.0
Digimon Story: Time Stranger,Story,102,83,19,0,81.37,18.63,0.0
Digimon Story: Time Stranger,Graphics,9,8,1,0,88.89,11.11,0.0
Digimon Story: Time Stranger,Characters,9,7,2,0,77.78,22.22,0.0
Digimon Story: Time Stranger,Level Design,6,3,3,0,50.0,50.0,0.0
Digimon Story: Time Stranger,Difficulty,11,10,1,0,90.91,9.09,0.0
Digimon Story: Time Stranger,Performance,6,4,2,0,66.67,33.33,0.0
Digimon Story: Time Stranger,Replayability,10,8,2,0,80.0,20.0,0.0
Dirt Rally 2.0,Gameplay,5,4,1,0,80.0,20.0,0.0
Dirt Rally 2.0,Graphics,4,3,1,0,75.0,25.0,0.0
Dirt Rally 2.0,Characters,1,1,0,0,100.0,0.0,0.0
Dirt Rally 2.0,Music & Sound,3,2,1,0,66.67,33.33,0.0
Dirt Rally 2.0,Difficulty,15,10,5,0,66.67,33.33,0.0
Dirt Rally 2.0,Performance,2,2,0,0,100.0,0.0,0.0
Dirt Rally 2.0,Replayability,8,6,2,0,75.0,25.0,0.0
Disc Room,Gameplay,9,9,0,0,100.0,0.0,0.0
Disc Room,Story,1,1,0,0,100.0,0.0,0.0
Disc Room,Graphics,1,1,0,0,100.0,0.0,0.0
Disc Room,Characters,1,0,1,0,0.0,100.0,0.0
Disc Room,Level Design,1,0,1,0,0.0,100.0,0.0
Disc Room,Difficulty,13,10,3,0,76.92,23.08,0.0
Disc Room,Performance,3,0,3,0,0.0,100.0,0.0
Disc Room,Replayability,3,3,0,0,100.0,0.0,0.0
Disco Elysium,Gameplay,8,7,1,0,87.5,12.5,0.0
Disco Elysium,Story,26,25,1,0,96.15,3.85,0.0
Disco Elysium,Graphics,1,1,0,0,100.0,0.0,0.0
Disco Elysium,Characters,15,14,1,0,93.33,6.67,0.0
Disco Elysium,Level Design,2,2,0,0,100.0,0.0,0.0
Disco Elysium,Music & Sound,1,1,0,0,100.0,0.0,0.0
Disco Elysium,Difficulty,3,2,1,0,66.67,33.33,0.0
Disco Elysium,Replayability,2,2,0,0,100.0,0.0,0.0
Disco Elysium: The Final Cut,Gameplay,14,13,1,0,92.86,7.14,0.0
Disco Elysium: The Final Cut,Story,28,24,4,0,85.71,14.29,0.0
Disco Elysium: The Final Cut,Graphics,3,3,0,0,100.0,0.0,0.0
Disco Elysium: The Final Cut,Characters,16,13,3,0,81.25,18.75,0.0
Disco Elysium: The Final Cut,Level Design,4,2,2,0,50.0,50.0,0.0
Disco Elysium: The Final Cut,Music & Sound,2,2,0,0,100.0,0.0,0.0
Disco Elysium: The Final Cut,Difficulty,6,6,0,0,100.0,0.0,0.0
Disco Elysium: The Final Cut,Performance,12,10,2,0,83.33,16.67,0.0
Disco Elysium: The Final Cut,Replayability,4,4,0,0,100.0,0.0,0.0
Disgaea 4 Complete+,Gameplay,12,12,0,0,100.0,0.0,0.0
Disgaea 4 Complete+,Story,12,12,0,0,100.0,0.0,0.0
Disgaea 4 Complete+,Characters,9,9,0,0,100.0,0.0,0.0
Disgaea 4 Complete+,Level Design,1,1,0,0,100.0,0.0,0.0
Disgaea 4 Complete+,Difficulty,6,6,0,0,100.0,0.0,0.0
Disgaea 4 Complete+,Replayability,7,6,1,0,85.71,14.29,0.0
Disgaea 4: A Promise Revisited,Gameplay,7,5,2,0,71.43,28.57,0.0
Disgaea 4: A Promise Revisited,Story,5,3,2,0,60.0,40.0,0.0
Disgaea 4: A Promise Revisited,Graphics,1,1,0,0,100.0,0.0,0.0
Disgaea 4: A Promise Revisited,Characters,5,2,3,0,40.0,60.0,0.0
Disgaea 4: A Promise Revisited,Level Design,3,3,0,0,100.0,0.0,0.0
Disgaea 4: A Promise Revisited,Difficulty,1,1,0,0,100.0,0.0,0.0
Disgaea 4: A Promise Revisited,Replayability,8,7,1,0,87.5,12.5,0.0
Disgaea 5 Complete,Gameplay,15,14,1,0,93.33,6.67,0.0
Disgaea 5 Complete,Story,8,8,0,0,100.0,0.0,0.0
Disgaea 5 Complete,Graphics,4,3,1,0,75.0,25.0,0.0
Disgaea 5 Complete,Characters,11,11,0,0,100.0,0.0,0.0
Disgaea 5 Complete,Difficulty,1,1,0,0,100.0,0.0,0.0
Disgaea 5 Complete,Replayability,11,11,0,0,100.0,0.0,0.0
Disgaea 5: Alliance of Vengeance,Gameplay,17,13,4,0,76.47,23.53,0.0
Disgaea 5: Alliance of Vengeance,Story,10,8,2,0,80.0,20.0,0.0
Disgaea 5: Alliance of Vengeance,Graphics,1,1,0,0,100.0,0.0,0.0
Disgaea 5: Alliance of Vengeance,Characters,10,8,2,0,80.0,20.0,0.0
Disgaea 5: Alliance of Vengeance,Level Design,1,1,0,0,100.0,0.0,0.0
Disgaea 5: Alliance of Vengeance,Music & Sound,1,1,0,0,100.0,0.0,0.0
Disgaea 5: Alliance of Vengeance,Difficulty,4,3,1,0,75.0,25.0,0.0
Disgaea 5: Alliance of Vengeance,Replayability,6,5,1,0,83.33,16.67,0.0
Disgaea 7: Vows of the Virtueless,Gameplay,21,20,1,0,95.24,4.76,0.0
Disgaea 7: Vows of the Virtueless,Story,11,10,1,0,90.91,9.09,0.0
Disgaea 7: Vows of the Virtueless,Graphics,4,4,0,0,100.0,0.0,0.0
Disgaea 7: Vows of the Virtueless,Characters,8,8,0,0,100.0,0.0,0.0
Disgaea 7: Vows of the Virtueless,Level Design,2,2,0,0,100.0,0.0,0.0
Disgaea 7: Vows of the Virtueless,Music & Sound,2,2,0,0,100.0,0.0,0.0
Disgaea 7: Vows of the Virtueless,Difficulty,3,3,0,0,100.0,0.0,0.0
Disgaea 7: Vows of the Virtueless,Performance,1,1,0,0,100.0,0.0,0.0
Disgaea 7: Vows of the Virtueless,Replayability,2,1,1,0,50.0,50.0,0.0
Dishonored 2,Gameplay,43,35,7,1,81.4,16.28,2.33
Dishonored 2,Story,30,25,4,1,83.33,13.33,3.33
Dishonored 2,Graphics,1,1,0,0,100.0,0.0,0.0
Dishonored 2,Characters,15,12,3,0,80.0,20.0,0.0
Dishonored 2,Level Design,29,25,3,1,86.21,10.34,3.45
Dishonored 2,Music & Sound,1,0,0,1,0.0,0.0,100.0
Dishonored 2,Difficulty,11,10,1,0,90.91,9.09,0.0
Dishonored 2,Performance,9,6,3,0,66.67,33.33,0.0
Dishonored 2,Replayability,11,9,1,1,81.82,9.09,9.09
Dishonored: Death of the Outsider,Gameplay,19,15,4,0,78.95,21.05,0.0
Dishonored: Death of the Outsider,Story,27,18,9,0,66.67,33.33,0.0
Dishonored: Death of the Outsider,Characters,12,10,2,0,83.33,16.67,0.0
Dishonored: Death of the Outsider,Level Design,7,5,2,0,71.43,28.57,0.0
Dishonored: Death of the Outsider,Difficulty,3,2,1,0,66.67,33.33,0.0
Dishonored: Death of the Outsider,Replayability,4,4,0,0,100.0,0.0,0.0
Disney Classic Games Collection,Gameplay,1,0,1,0,0.0,100.0,0.0
Disney Classic Games Collection,Difficulty,1,1,0,0,100.0,0.0,0.0
Disney Classic Games Collection,Replayability,3,3,0,0,100.0,0.0,0.0
Disney Infinity: 3.0 Edition,Gameplay,13,10,3,0,76.92,23.08,0.0
Disney Infinity: 3.0 Edition,Story,3,2,1,0,66.67,33.33,0.0
Disney Infinity: 3.0 Edition,Graphics,1,1,0,0,100.0,0.0,0.0
Disney Infinity: 3.0 Edition,Characters,8,6,2,0,75.0,25.0,0.0
Disney Infinity: 3.0 Edition,Level Design,3,2,1,0,66.67,33.33,0.0
Disney Infinity: 3.0 Edition,Difficulty,2,2,0,0,100.0,0.0,0.0
Disney Infinity: 3.0 Edition,Performance,1,0,1,0,0.0,100.0,0.0
Disney Infinity: 3.0 Edition,Replayability,7,6,1,0,85.71,14.29,0.0
Dispatch,Gameplay,24,21,3,0,87.5,12.5,0.0
Dispatch,Story,77,73,4,0,94.81,5.19,0.0
Dispatch,Graphics,12,11,1,0,91.67,8.33,0.0
Dispatch,Characters,40,38,2,0,95.0,5.0,0.0
Dispatch,Level Design,2,2,0,0,100.0,0.0,0.0
Dispatch,Music & Sound,4,3,1,0,75.0,25.0,0.0
Dispatch,Difficulty,9,9,0,0,100.0,0.0,0.0
Dispatch,Performance,4,4,0,0,100.0,0.0,0.0
Dispatch,Replayability,2,2,0,0,100.0,0.0,0.0
Distant Worlds 2,Gameplay,2,0,2,0,0.0,100.0,0.0
Distant Worlds 2,Story,2,0,2,0,0.0,100.0,0.0
Distant Worlds 2,Graphics,1,0,1,0,0.0,100.0,0.0
Distant Worlds 2,Difficulty,1,0,1,0,0.0,100.0,0.0
Distant Worlds 2,Performance,1,1,0,0,100.0,0.0,0.0
Distant Worlds 2,Replayability,1,1,0,0,100.0,0.0,0.0
Distant Worlds: Universe,Graphics,1,1,0,0,100.0,0.0,0.0
Distant Worlds: Universe,Music & Sound,1,1,0,0,100.0,0.0,0.0
Distant Worlds: Universe,Difficulty,1,1,0,0,100.0,0.0,0.0
Divinity: Original Sin,Gameplay,15,10,4,1,66.67,26.67,6.67
Divinity: Original Sin,Story,6,3,3,0,50.0,50.0,0.0
Divinity: Original Sin,Graphics,1,0,1,0,0.0,100.0,0.0
Divinity: Original Sin,Characters,6,5,1,0,83.33,16.67,0.0
Divinity: Original Sin,Level Design,2,2,0,0,100.0,0.0,0.0
Divinity: Original Sin,Difficulty,1,0,1,0,0.0,100.0,0.0
Divinity: Original Sin,Performance,2,1,1,0,50.0,50.0,0.0
Divinity: Original Sin - Enhanced Edition,Gameplay,11,10,1,0,90.91,9.09,0.0
Divinity: Original Sin - Enhanced Edition,Story,7,5,2,0,71.43,28.57,0.0
Divinity: Original Sin - Enhanced Edition,Graphics,1,1,0,0,100.0,0.0,0.0
Divinity: Original Sin - Enhanced Edition,Characters,6,5,1,0,83.33,16.67,0.0
Divinity: Original Sin - Enhanced Edition,Level Design,3,3,0,0,100.0,0.0,0.0
Divinity: Original Sin - Enhanced Edition,Difficulty,6,6,0,0,100.0,0.0,0.0
Divinity: Original Sin - Enhanced Edition,Performance,2,2,0,0,100.0,0.0,0.0
Divinity: Original Sin - Enhanced Edition,Replayability,5,5,0,0,100.0,0.0,0.0
Divinity: Original Sin 2,Gameplay,21,21,0,0,100.0,0.0,0.0
Divinity: Original Sin 2,Story,22,22,0,0,100.0,0.0,0.0
Divinity: Original Sin 2,Graphics,3,3,0,0,100.0,0.0,0.0
Divinity: Original Sin 2,Characters,16,16,0,0,100.0,0.0,0.0
Divinity: Original Sin 2,Level Design,3,3,0,0,100.0,0.0,0.0
Divinity: Original Sin 2,Music & Sound,8,7,1,0,87.5,12.5,0.0
Divinity: Original Sin 2,Difficulty,7,7,0,0,100.0,0.0,0.0
Divinity: Original Sin 2,Performance,1,1,0,0,100.0,0.0,0.0
Divinity: Original Sin 2,Replayability,8,7,1,0,87.5,12.5,0.0
Divinity: Original Sin 2 - Definitive Edition,Gameplay,18,18,0,0,100.0,0.0,0.0
Divinity: Original Sin 2 - Definitive Edition,Story,13,13,0,0,100.0,0.0,0.0
Divinity: Original Sin 2 - Definitive Edition,Graphics,1,1,0,0,100.0,0.0,0.0
Divinity: Original Sin 2 - Definitive Edition,Characters,7,7,0,0,100.0,0.0,0.0
Divinity: Original Sin 2 - Definitive Edition,Level Design,1,1,0,0,100.0,0.0,0.0
Divinity: Original Sin 2 - Definitive Edition,Difficulty,9,8,1,0,88.89,11.11,0.0
Divinity: Original Sin 2 - Definitive Edition,Performance,2,2,0,0,100.0,0.0,0.0
Divinity: Original Sin 2 - Definitive Edition,Replayability,3,3,0,0,100.0,0.0,0.0
DmC: Devil May Cry Definitive Edition,Gameplay,14,12,2,0,85.71,14.29,0.0
DmC: Devil May Cry Definitive Edition,Story,3,3,0,0,100.0,0.0,0.0
DmC: Devil May Cry Definitive Edition,Graphics,7,6,1,0,85.71,14.29,0.0
DmC: Devil May Cry Definitive Edition,Characters,4,2,2,0,50.0,50.0,0.0
DmC: Devil May Cry Definitive Edition,Difficulty,6,6,0,0,100.0,0.0,0.0
DmC: Devil May Cry Definitive Edition,Performance,3,2,1,0,66.67,33.33,0.0
DmC: Devil May Cry Definitive Edition,Replayability,12,9,3,0,75.0,25.0,0.0
DoDonPachi Resurrection,Gameplay,2,2,0,0,100.0,0.0,0.0
DoDonPachi Resurrection,Graphics,1,1,0,0,100.0,0.0,0.0
DoDonPachi Resurrection,Music & Sound,1,1,0,0,100.0,0.0,0.0
DoDonPachi Resurrection,Difficulty,2,2,0,0,100.0,0.0,0.0
DoDonPachi Resurrection,Performance,1,1,0,0,100.0,0.0,0.0
DoDonPachi Resurrection,Replayability,1,1,0,0,100.0,0.0,0.0
Doki Doki Literature Club,Story,3,2,1,0,66.67,33.33,0.0
Doki Doki Literature Club,Graphics,4,3,1,0,75.0,25.0,0.0
Doki Doki Literature Club,Difficulty,1,1,0,0,100.0,0.0,0.0
Doki Doki Literature Club,Replayability,1,1,0,0,100.0,0.0,0.0
Doki Doki Literature Club Plus!,Gameplay,1,1,0,0,100.0,0.0,0.0
Doki Doki Literature Club Plus!,Story,5,5,0,0,100.0,0.0,0.0
Doki Doki Literature Club Plus!,Graphics,13,9,4,0,69.23,30.77,0.0
Doki Doki Literature Club Plus!,Characters,3,3,0,0,100.0,0.0,0.0
Doki Doki Literature Club Plus!,Difficulty,3,2,1,0,66.67,33.33,0.0
Doki Doki Literature Club Plus!,Replayability,11,8,3,0,72.73,27.27,0.0
Donkey Kong Bananza,Gameplay,60,59,1,0,98.33,1.67,0.0
Donkey Kong Bananza,Story,12,11,1,0,91.67,8.33,0.0
Donkey Kong Bananza,Graphics,10,10,0,0,100.0,0.0,0.0
Donkey Kong Bananza,Characters,16,16,0,0,100.0,0.0,0.0
Donkey Kong Bananza,Level Design,20,19,1,0,95.0,5.0,0.0
Donkey Kong Bananza,Music & Sound,11,11,0,0,100.0,0.0,0.0
Donkey Kong Bananza,Difficulty,11,11,0,0,100.0,0.0,0.0
Donkey Kong Bananza,Performance,16,16,0,0,100.0,0.0,0.0
Donkey Kong Bananza,Replayability,6,6,0,0,100.0,0.0,0.0
Donkey Kong Country: Tropical Freeze,Gameplay,23,21,2,0,91.3,8.7,0.0
Donkey Kong Country: Tropical Freeze,Story,1,1,0,0,100.0,0.0,0.0
Donkey Kong Country: Tropical Freeze,Graphics,11,10,1,0,90.91,9.09,0.0
Donkey Kong Country: Tropical Freeze,Characters,12,10,2,0,83.33,16.67,0.0
Donkey Kong Country: Tropical Freeze,Level Design,27,23,4,0,85.19,14.81,0.0
Donkey Kong Country: Tropical Freeze,Music & Sound,10,8,2,0,80.0,20.0,0.0
Donkey Kong Country: Tropical Freeze,Difficulty,34,26,8,0,76.47,23.53,0.0
Donkey Kong Country: Tropical Freeze,Performance,7,6,1,0,85.71,14.29,0.0
Donkey Kong Country: Tropical Freeze,Replayability,4,4,0,0,100.0,0.0,0.0
Doom,Gameplay,2,2,0,0,100.0,0.0,0.0
Doom,Performance,2,2,0,0,100.0,0.0,0.0
Doom (2016),Gameplay,22,21,1,0,95.45,4.55,0.0
Doom (2016),Story,11,9,2,0,81.82,18.18,0.0
Doom (2016),Graphics,10,10,0,0,100.0,0.0,0.0
Doom (2016),Characters,3,2,1,0,66.67,33.33,0.0
Doom (2016),Level Design,25,24,1,0,96.0,4.0,0.0
Doom (2016),Music & Sound,5,5,0,0,100.0,0.0,0.0
Doom (2016),Difficulty,12,12,0,0,100.0,0.0,0.0
Doom (2016),Performance,18,15,3,0,83.33,16.67,0.0
Doom (2016),Replayability,9,8,1,0,88.89,11.11,0.0
Doom Eternal,Gameplay,57,54,3,0,94.74,5.26,0.0
Doom Eternal,Story,14,13,1,0,92.86,7.14,0.0
Doom Eternal,Graphics,10,10,0,0,100.0,0.0,0.0
Doom Eternal,Characters,4,4,0,0,100.0,0.0,0.0
Doom Eternal,Level Design,13,13,0,0,100.0,0.0,0.0
Doom Eternal,Music & Sound,17,17,0,0,100.0,0.0,0.0
Doom Eternal,Difficulty,19,19,0,0,100.0,0.0,0.0
Doom Eternal,Performance,33,32,1,0,96.97,3.03,0.0
Doom Eternal,Replayability,6,5,1,0,83.33,16.67,0.0
Doom II,Gameplay,2,2,0,0,100.0,0.0,0.0
Doom II,Graphics,1,1,0,0,100.0,0.0,0.0
Doom II,Level Design,2,1,1,0,50.0,50.0,0.0
Doom II,Music & Sound,1,1,0,0,100.0,0.0,0.0
Doom II,Difficulty,1,1,0,0,100.0,0.0,0.0
Doom II,Performance,1,1,0,0,100.0,0.0,0.0
Doom: The Dark Ages,Gameplay,110,100,10,0,90.91,9.09,0.0
Doom: The Dark Ages,Story,41,40,1,0,97.56,2.44,0.0
Doom: The Dark Ages,Graphics,20,18,2,0,90.0,10.0,0.0
Doom: The Dark Ages,Characters,2,2,0,0,100.0,0.0,0.0
Doom: The Dark Ages,Level Design,25,25,0,0,100.0,0.0,0.0
Doom: The Dark Ages,Music & Sound,26,22,4,0,84.62,15.38,0.0
Doom: The Dark Ages,Difficulty,23,21,2,0,91.3,8.7,0.0
Doom: The Dark Ages,Performance,29,27,2,0,93.1,6.9,0.0
Doom: The Dark Ages,Replayability,7,7,0,0,100.0,0.0,0.0
Doomblade,Gameplay,8,6,2,0,75.0,25.0,0.0
Doomblade,Story,1,1,0,0,100.0,0.0,0.0
Doomblade,Level Design,1,0,1,0,0.0,100.0,0.0
Doomblade,Music & Sound,2,2,0,0,100.0,0.0,0.0
Doomblade,Difficulty,3,3,0,0,100.0,0.0,0.0
Doomblade,Replayability,1,1,0,0,100.0,0.0,0.0
Door Kickers: Action Squad,Gameplay,3,1,2,0,33.33,66.67,0.0
Door Kickers: Action Squad,Story,1,0,1,0,0.0,100.0,0.0
Door Kickers: Action Squad,Graphics,2,1,1,0,50.0,50.0,0.0
Door Kickers: Action Squad,Characters,2,1,1,0,50.0,50.0,0.0
Door Kickers: Action Squad,Level Design,3,1,2,0,33.33,66.67,0.0
Door Kickers: Action Squad,Music & Sound,2,1,1,0,50.0,50.0,0.0
Door Kickers: Action Squad,Replayability,1,1,0,0,100.0,0.0,0.0
Dorfromantik,Gameplay,5,4,1,0,80.0,20.0,0.0
Dorfromantik,Graphics,5,4,1,0,80.0,20.0,0.0
Dorfromantik,Level Design,2,2,0,0,100.0,0.0,0.0
Dorfromantik,Music & Sound,2,2,0,0,100.0,0.0,0.0
Dorfromantik,Difficulty,6,6,0,0,100.0,0.0,0.0
Dorfromantik,Replayability,1,0,1,0,0.0,100.0,0.0
Dota 2,Gameplay,2,2,0,0,100.0,0.0,0.0
Dota 2,Level Design,1,0,1,0,0.0,100.0,0.0
Dota 2,Difficulty,3,3,0,0,100.0,0.0,0.0
Downwell,Gameplay,13,10,3,0,76.92,23.08,0.0
Downwell,Graphics,1,1,0,0,100.0,0.0,0.0
Downwell,Characters,1,0,1,0,0.0,100.0,0.0
Downwell,Level Design,3,2,1,0,66.67,33.33,0.0
Downwell,Difficulty,15,12,3,0,80.0,20.0,0.0
Downwell,Replayability,1,1,0,0,100.0,0.0,0.0
Dragon Age: Inquisition,Gameplay,21,18,3,0,85.71,14.29,0.0
Dragon Age: Inquisition,Story,22,19,3,0,86.36,13.64,0.0
Dragon Age: Inquisition,Graphics,6,5,1,0,83.33,16.67,0.0
Dragon Age: Inquisition,Characters,24,23,1,0,95.83,4.17,0.0
Dragon Age: Inquisition,Level Design,3,3,0,0,100.0,0.0,0.0
Dragon Age: Inquisition,Music & Sound,1,1,0,0,100.0,0.0,0.0
Dragon Age: Inquisition,Difficulty,7,6,1,0,85.71,14.29,0.0
Dragon Age: Inquisition,Performance,1,1,0,0,100.0,0.0,0.0
Dragon Age: Inquisition,Replayability,8,8,0,0,100.0,0.0,0.0
Dragon Age: Inquisition - Trespasser,Story,2,2,0,0,100.0,0.0,0.0
Dragon Age: Inquisition - Trespasser,Characters,1,1,0,0,100.0,0.0,0.0
Dragon Age: Inquisition - Trespasser,Difficulty,1,1,0,0,100.0,0.0,0.0
Dragon Ball FighterZ,Gameplay,37,35,2,0,94.59,5.41,0.0
Dragon Ball FighterZ,Story,20,20,0,0,100.0,0.0,0.0
Dragon Ball FighterZ,Graphics,27,25,2,0,92.59,7.41,0.0
Dragon Ball FighterZ,Characters,12,12,0,0,100.0,0.0,0.0
Dragon Ball FighterZ,Level Design,6,6,0,0,100.0,0.0,0.0
Dragon Ball FighterZ,Music & Sound,3,3,0,0,100.0,0.0,0.0
Dragon Ball FighterZ,Difficulty,20,20,0,0,100.0,0.0,0.0
Dragon Ball FighterZ,Performance,4,4,0,0,100.0,0.0,0.0
Dragon Ball FighterZ,Replayability,7,6,1,0,85.71,14.29,0.0
Dragon Ball Gekishin Squadra,Gameplay,4,4,0,0,100.0,0.0,0.0
Dragon Ball Gekishin Squadra,Characters,2,2,0,0,100.0,0.0,0.0
Dragon Ball Gekishin Squadra,Difficulty,3,3,0,0,100.0,0.0,0.0
Dragon Ball Gekishin Squadra,Replayability,1,1,0,0,100.0,0.0,0.0
Dragon Ball Sparking! Zero,Gameplay,44,39,5,0,88.64,11.36,0.0
Dragon Ball Sparking! Zero,Story,18,16,2,0,88.89,11.11,0.0
Dragon Ball Sparking! Zero,Graphics,20,19,1,0,95.0,5.0,0.0
Dragon Ball Sparking! Zero,Characters,28,24,4,0,85.71,14.29,0.0
Dragon Ball Sparking! Zero,Level Design,5,4,1,0,80.0,20.0,0.0
Dragon Ball Sparking! Zero,Music & Sound,5,4,1,0,80.0,20.0,0.0
Dragon Ball Sparking! Zero,Difficulty,7,7,0,0,100.0,0.0,0.0
Dragon Ball Sparking! Zero,Performance,10,8,2,0,80.0,20.0,0.0
Dragon Ball Sparking! Zero,Replayability,19,18,1,0,94.74,5.26,0.0
Dragon Blaze,Level Design,1,1,0,0,100.0,0.0,0.0
Dragon Blaze,Difficulty,1,1,0,0,100.0,0.0,0.0
Dragon Quest Builders,Gameplay,26,23,3,0,88.46,11.54,0.0
Dragon Quest Builders,Story,14,13,1,0,92.86,7.14,0.0
Dragon Quest Builders,Graphics,6,6,0,0,100.0,0.0,0.0
Dragon Quest Builders,Characters,9,7,2,0,77.78,22.22,0.0
Dragon Quest Builders,Level Design,5,4,1,0,80.0,20.0,0.0
Dragon Quest Builders,Music & Sound,6,6,0,0,100.0,0.0,0.0
Dragon Quest Builders,Difficulty,13,12,1,0,92.31,7.69,0.0
Dragon Quest Builders,Performance,2,2,0,0,100.0,0.0,0.0
Dragon Quest Builders,Replayability,4,4,0,0,100.0,0.0,0.0
Dragon Quest Builders 2,Gameplay,31,26,5,0,83.87,16.13,0.0
Dragon Quest Builders 2,Story,33,27,6,0,81.82,18.18,0.0
Dragon Quest Builders 2,Graphics,3,3,0,0,100.0,0.0,0.0
Dragon Quest Builders 2,Characters,6,6,0,0,100.0,0.0,0.0
Dragon Quest Builders 2,Level Design,3,3,0,0,100.0,0.0,0.0
Dragon Quest Builders 2,Music & Sound,2,1,1,0,50.0,50.0,0.0
Dragon Quest Builders 2,Difficulty,5,4,1,0,80.0,20.0,0.0
Dragon Quest Builders 2,Performance,3,1,2,0,33.33,66.67,0.0
Dragon Quest Builders 2,Replayability,6,4,2,0,66.67,33.33,0.0
Dragon Quest I & II HD-2D Remake,Gameplay,25,25,0,0,100.0,0.0,0.0
Dragon Quest I & II HD-2D Remake,Story,21,21,0,0,100.0,0.0,0.0
Dragon Quest I & II HD-2D Remake,Graphics,20,20,0,0,100.0,0.0,0.0
Dragon Quest I & II HD-2D Remake,Characters,4,4,0,0,100.0,0.0,0.0
Dragon Quest I & II HD-2D Remake,Level Design,1,1,0,0,100.0,0.0,0.0
Dragon Quest I & II HD-2D Remake,Music & Sound,10,10,0,0,100.0,0.0,0.0
Dragon Quest I & II HD-2D Remake,Difficulty,5,5,0,0,100.0,0.0,0.0
Dragon Quest I & II HD-2D Remake,Performance,2,2,0,0,100.0,0.0,0.0
Dragon Quest I & II HD-2D Remake,Replayability,6,6,0,0,100.0,0.0,0.0
Dragon Quest III HD-2D Remake,Gameplay,30,25,5,0,83.33,16.67,0.0
Dragon Quest III HD-2D Remake,Story,19,17,2,0,89.47,10.53,0.0
Dragon Quest III HD-2D Remake,Graphics,40,38,2,0,95.0,5.0,0.0
Dragon Quest III HD-2D Remake,Characters,1,1,0,0,100.0,0.0,0.0
Dragon Quest III HD-2D Remake,Level Design,6,6,0,0,100.0,0.0,0.0
Dragon Quest III HD-2D Remake,Music & Sound,14,14,0,0,100.0,0.0,0.0
Dragon Quest III HD-2D Remake,Difficulty,13,13,0,0,100.0,0.0,0.0
Dragon Quest III HD-2D Remake,Performance,3,2,1,0,66.67,33.33,0.0
Dragon Quest III HD-2D Remake,Replayability,8,7,1,0,87.5,12.5,0.0
Dragon Quest VII Reimagined,Gameplay,50,45,5,0,90.0,10.0,0.0
Dragon Quest VII Reimagined,Story,33,30,3,0,90.91,9.09,0.0
Dragon Quest VII Reimagined,Graphics,35,32,3,0,91.43,8.57,0.0
Dragon Quest VII Reimagined,Characters,6,6,0,0,100.0,0.0,0.0
Dragon Quest VII Reimagined,Level Design,1,1,0,0,100.0,0.0,0.0
Dragon Quest VII Reimagined,Music & Sound,7,7,0,0,100.0,0.0,0.0
Dragon Quest VII Reimagined,Difficulty,21,15,6,0,71.43,28.57,0.0
Dragon Quest VII Reimagined,Performance,2,1,1,0,50.0,50.0,0.0
Dragon Quest VII Reimagined,Replayability,7,5,2,0,71.43,28.57,0.0
Dragon Quest VII: Fragments of the Forgotten Past,Gameplay,8,8,0,0,100.0,0.0,0.0
Dragon Quest VII: Fragments of the Forgotten Past,Story,11,10,1,0,90.91,9.09,0.0
Dragon Quest VII: Fragments of the Forgotten Past,Graphics,6,5,1,0,83.33,16.67,0.0
Dragon Quest VII: Fragments of the Forgotten Past,Characters,4,4,0,0,100.0,0.0,0.0
Dragon Quest VII: Fragments of the Forgotten Past,Music & Sound,2,2,0,0,100.0,0.0,0.0
Dragon Quest VII: Fragments of the Forgotten Past,Difficulty,3,3,0,0,100.0,0.0,0.0
Dragon Quest VII: Fragments of the Forgotten Past,Replayability,4,3,1,0,75.0,25.0,0.0
Dragon Quest VIII: Journey of the Cursed King,Gameplay,9,7,2,0,77.78,22.22,0.0
Dragon Quest VIII: Journey of the Cursed King,Story,6,5,1,0,83.33,16.67,0.0
Dragon Quest VIII: Journey of the Cursed King,Characters,6,5,1,0,83.33,16.67,0.0
Dragon Quest VIII: Journey of the Cursed King,Level Design,1,1,0,0,100.0,0.0,0.0
Dragon Quest VIII: Journey of the Cursed King,Music & Sound,1,1,0,0,100.0,0.0,0.0
Dragon Quest VIII: Journey of the Cursed King,Difficulty,3,3,0,0,100.0,0.0,0.0
Dragon Quest VIII: Journey of the Cursed King,Performance,2,2,0,0,100.0,0.0,0.0
Dragon Quest VIII: Journey of the Cursed King,Replayability,3,2,1,0,66.67,33.33,0.0
Dragon Quest XI S: Echoes of an Elusive Age - Definitive Edition,Gameplay,10,10,0,0,100.0,0.0,0.0
Dragon Quest XI S: Echoes of an Elusive Age - Definitive Edition,Story,6,6,0,0,100.0,0.0,0.0
Dragon Quest XI S: Echoes of an Elusive Age - Definitive Edition,Graphics,8,8,0,0,100.0,0.0,0.0
Dragon Quest XI S: Echoes of an Elusive Age - Definitive Edition,Characters,4,4,0,0,100.0,0.0,0.0
Dragon Quest XI S: Echoes of an Elusive Age - Definitive Edition,Level Design,2,2,0,0,100.0,0.0,0.0
Dragon Quest XI S: Echoes of an Elusive Age - Definitive Edition,Music & Sound,5,5,0,0,100.0,0.0,0.0
Dragon Quest XI S: Echoes of an Elusive Age - Definitive Edition,Difficulty,6,6,0,0,100.0,0.0,0.0
Dragon Quest XI S: Echoes of an Elusive Age - Definitive Edition,Performance,5,5,0,0,100.0,0.0,0.0
Dragon Quest XI S: Echoes of an Elusive Age - Definitive Edition,Replayability,18,18,0,0,100.0,0.0,0.0
Dragon Quest XI: Echoes of an Elusive Age,Gameplay,22,21,1,0,95.45,4.55,0.0
Dragon Quest XI: Echoes of an Elusive Age,Story,28,26,2,0,92.86,7.14,0.0
Dragon Quest XI: Echoes of an Elusive Age,Graphics,11,10,1,0,90.91,9.09,0.0
Dragon Quest XI: Echoes of an Elusive Age,Characters,25,23,2,0,92.0,8.0,0.0
Dragon Quest XI: Echoes of an Elusive Age,Level Design,3,2,1,0,66.67,33.33,0.0
Dragon Quest XI: Echoes of an Elusive Age,Music & Sound,7,6,1,0,85.71,14.29,0.0
Dragon Quest XI: Echoes of an Elusive Age,Difficulty,9,8,1,0,88.89,11.11,0.0
Dragon Quest XI: Echoes of an Elusive Age,Replayability,5,4,1,0,80.0,20.0,0.0
Dragon's Crown Pro,Gameplay,9,7,2,0,77.78,22.22,0.0
Dragon's Crown Pro,Story,4,2,2,0,50.0,50.0,0.0
Dragon's Crown Pro,Graphics,10,8,2,0,80.0,20.0,0.0
Dragon's Crown Pro,Characters,3,3,0,0,100.0,0.0,0.0
Dragon's Crown Pro,Level Design,1,1,0,0,100.0,0.0,0.0
Dragon's Crown Pro,Music & Sound,11,10,1,0,90.91,9.09,0.0
Dragon's Crown Pro,Difficulty,6,5,1,0,83.33,16.67,0.0
Dragon's Crown Pro,Replayability,5,3,2,0,60.0,40.0,0.0
Dragon's Dogma 2,Gameplay,60,52,8,0,86.67,13.33,0.0
Dragon's Dogma 2,Story,17,13,4,0,76.47,23.53,0.0
Dragon's Dogma 2,Graphics,10,8,2,0,80.0,20.0,0.0
Dragon's Dogma 2,Characters,3,3,0,0,100.0,0.0,0.0
Dragon's Dogma 2,Level Design,11,10,1,0,90.91,9.09,0.0
Dragon's Dogma 2,Music & Sound,2,1,1,0,50.0,50.0,0.0
Dragon's Dogma 2,Difficulty,12,11,1,0,91.67,8.33,0.0
Dragon's Dogma 2,Performance,26,16,10,0,61.54,38.46,0.0
Dragon's Dogma 2,Replayability,4,3,1,0,75.0,25.0,0.0
Dreamfall Chapters Book Three: Realms,Story,1,1,0,0,100.0,0.0,0.0
Dreamfall Chapters Book Three: Realms,Characters,1,1,0,0,100.0,0.0,0.0
Dreams,Gameplay,7,6,1,0,85.71,14.29,0.0
Dreams,Story,7,7,0,0,100.0,0.0,0.0
Dreams,Graphics,2,2,0,0,100.0,0.0,0.0
Dreams,Characters,1,1,0,0,100.0,0.0,0.0
Dreams,Level Design,4,4,0,0,100.0,0.0,0.0
Dreams,Music & Sound,5,5,0,0,100.0,0.0,0.0
Dreams,Difficulty,7,7,0,0,100.0,0.0,0.0
Dreams,Performance,3,3,0,0,100.0,0.0,0.0
Dreams,Replayability,8,7,1,0,87.5,12.5,0.0
Dreamscaper,Gameplay,26,23,3,0,88.46,11.54,0.0
Dreamscaper,Story,14,12,2,0,85.71,14.29,0.0
Dreamscaper,Graphics,4,3,1,0,75.0,25.0,0.0
Dreamscaper,Characters,8,7,1,0,87.5,12.5,0.0
Dreamscaper,Level Design,2,2,0,0,100.0,0.0,0.0
Dreamscaper,Music & Sound,3,2,1,0,66.67,33.33,0.0
Dreamscaper,Difficulty,7,6,1,0,85.71,14.29,0.0
Dreamscaper,Replayability,1,1,0,0,100.0,0.0,0.0
Dredge,Gameplay,43,36,7,0,83.72,16.28,0.0
Dredge,Story,30,28,2,0,93.33,6.67,0.0
Dredge,Graphics,4,4,0,0,100.0,0.0,0.0
Dredge,Characters,1,1,0,0,100.0,0.0,0.0
Dredge,Level Design,2,2,0,0,100.0,0.0,0.0
Dredge,Music & Sound,7,7,0,0,100.0,0.0,0.0
Dredge,Difficulty,7,7,0,0,100.0,0.0,0.0
Dredge,Performance,1,1,0,0,100.0,0.0,0.0
Dredge,Replayability,2,2,0,0,100.0,0.0,0.0
Dredge: The Pale Reach,Gameplay,5,3,2,0,60.0,40.0,0.0
Dredge: The Pale Reach,Story,4,1,3,0,25.0,75.0,0.0
Dredge: The Pale Reach,Graphics,1,0,1,0,0.0,100.0,0.0
Dredge: The Pale Reach,Level Design,1,1,0,0,100.0,0.0,0.0
Dredge: The Pale Reach,Difficulty,2,2,0,0,100.0,0.0,0.0
Dredge: The Pale Reach,Replayability,8,5,3,0,62.5,37.5,0.0
Dreii,Gameplay,1,1,0,0,100.0,0.0,0.0
Dreii,Level Design,1,0,1,0,0.0,100.0,0.0
Driveclub Bikes,Gameplay,2,2,0,0,100.0,0.0,0.0
Driveclub Bikes,Difficulty,1,1,0,0,100.0,0.0,0.0
Driveclub Bikes,Replayability,1,1,0,0,100.0,0.0,0.0
Drop Duchy,Gameplay,11,9,2,0,81.82,18.18,0.0
Drop Duchy,Story,4,2,2,0,50.0,50.0,0.0
Drop Duchy,Graphics,3,1,2,0,33.33,66.67,0.0
Drop Duchy,Level Design,1,1,0,0,100.0,0.0,0.0
Drop Duchy,Music & Sound,2,1,1,0,50.0,50.0,0.0
Drop Duchy,Difficulty,5,4,1,0,80.0,20.0,0.0
Drop Duchy,Replayability,1,1,0,0,100.0,0.0,0.0
Dropsy,Gameplay,3,1,2,0,33.33,66.67,0.0
Dropsy,Story,4,2,2,0,50.0,50.0,0.0
Dropsy,Graphics,3,2,1,0,66.67,33.33,0.0
Dropsy,Characters,4,3,1,0,75.0,25.0,0.0
Dropsy,Music & Sound,1,1,0,0,100.0,0.0,0.0
Dropsy,Difficulty,5,3,2,0,60.0,40.0,0.0
Duck Detective: The Ghost of Glamping,Gameplay,2,2,0,0,100.0,0.0,0.0
Duck Detective: The Ghost of Glamping,Story,13,7,6,0,53.85,46.15,0.0
Duck Detective: The Ghost of Glamping,Graphics,1,1,0,0,100.0,0.0,0.0
Duck Detective: The Ghost of Glamping,Characters,8,6,2,0,75.0,25.0,0.0
Duck Detective: The Ghost of Glamping,Level Design,1,0,1,0,0.0,100.0,0.0
Duck Detective: The Ghost of Glamping,Difficulty,4,2,2,0,50.0,50.0,0.0
Duck Game,Gameplay,2,2,0,0,100.0,0.0,0.0
Duck Game,Music & Sound,1,1,0,0,100.0,0.0,0.0
Duck Game,Difficulty,3,3,0,0,100.0,0.0,0.0
Duck Game,Replayability,1,1,0,0,100.0,0.0,0.0
Duelyst,Gameplay,3,2,1,0,66.67,33.33,0.0
Duelyst,Graphics,1,1,0,0,100.0,0.0,0.0
Duelyst,Difficulty,1,1,0,0,100.0,0.0,0.0
Duelyst,Replayability,1,0,1,0,0.0,100.0,0.0
Duet,Gameplay,1,1,0,0,100.0,0.0,0.0
Duet,Story,1,1,0,0,100.0,0.0,0.0
Dune: Awakening,Gameplay,23,14,9,0,60.87,39.13,0.0
Dune: Awakening,Story,7,4,3,0,57.14,42.86,0.0
Dune: Awakening,Level Design,1,1,0,0,100.0,0.0,0.0
Dune: Awakening,Difficulty,5,3,2,0,60.0,40.0,0.0
Dune: Awakening,Performance,7,5,2,0,71.43,28.57,0.0
Dune: Awakening,Replayability,6,5,1,0,83.33,16.67,0.0
Dungeons of Dreadrock,Gameplay,3,3,0,0,100.0,0.0,0.0
Dungeons of Dreadrock,Story,4,4,0,0,100.0,0.0,0.0
Dungeons of Dreadrock,Graphics,2,2,0,0,100.0,0.0,0.0
Dungeons of Dreadrock,Characters,1,1,0,0,100.0,0.0,0.0
Dungeons of Dreadrock,Level Design,1,1,0,0,100.0,0.0,0.0
Dungeons of Dreadrock,Music & Sound,1,1,0,0,100.0,0.0,0.0
Dungeons of Dreadrock,Difficulty,3,3,0,0,100.0,0.0,0.0
Dungeons of Dreadrock 2 - The Dead King's Secret,Gameplay,2,1,1,0,50.0,50.0,0.0
Dungeons of Dreadrock 2 - The Dead King's Secret,Story,3,2,1,0,66.67,33.33,0.0
Dungeons of Dreadrock 2 - The Dead King's Secret,Graphics,1,0,1,0,0.0,100.0,0.0
Dungeons of Dreadrock 2 - The Dead King's Secret,Level Design,4,2,2,0,50.0,50.0,0.0
Dungeons of Dreadrock 2 - The Dead King's Secret,Music & Sound,1,1,0,0,100.0,0.0,0.0
Dungeons of Dreadrock 2 - The Dead King's Secret,Difficulty,2,2,0,0,100.0,0.0,0.0
Dungeons of Hinterberg,Gameplay,25,20,5,0,80.0,20.0,0.0
Dungeons of Hinterberg,Story,11,7,4,0,63.64,36.36,0.0
Dungeons of Hinterberg,Graphics,5,4,1,0,80.0,20.0,0.0
Dungeons of Hinterberg,Characters,10,7,3,0,70.0,30.0,0.0
Dungeons of Hinterberg,Level Design,2,2,0,0,100.0,0.0,0.0
Dungeons of Hinterberg,Music & Sound,2,1,1,0,50.0,50.0,0.0
Dungeons of Hinterberg,Difficulty,7,4,3,0,57.14,42.86,0.0
Dungeons of Hinterberg,Performance,1,0,1,0,0.0,100.0,0.0
Dungeons of Hinterberg,Replayability,2,1,1,0,50.0,50.0,0.0
Dunjungle,Gameplay,3,3,0,0,100.0,0.0,0.0
Dunjungle,Story,1,0,1,0,0.0,100.0,0.0
Dunjungle,Graphics,1,0,1,0,0.0,100.0,0.0
Dunjungle,Difficulty,1,0,1,0,0.0,100.0,0.0
Dunjungle,Performance,1,0,1,0,0.0,100.0,0.0
Dunjungle,Replayability,2,1,1,0,50.0,50.0,0.0
Duskers,Story,1,1,0,0,100.0,0.0,0.0
Duskers,Difficulty,1,1,0,0,100.0,0.0,0.0
Duskpunk,Gameplay,2,1,1,0,50.0,50.0,0.0
Duskpunk,Story,5,3,2,0,60.0,40.0,0.0
Duskpunk,Characters,1,0,1,0,0.0,100.0,0.0
Duskpunk,Difficulty,1,0,1,0,0.0,100.0,0.0
Dwarf Fortress,Gameplay,2,1,1,0,50.0,50.0,0.0
Dwarf Fortress,Story,3,1,2,0,33.33,66.67,0.0
Dwarf Fortress,Graphics,1,1,0,0,100.0,0.0,0.0
Dwarf Fortress,Level Design,2,2,0,0,100.0,0.0,0.0
Dying Light: The Beast,Gameplay,54,35,19,0,64.81,35.19,0.0
Dying Light: The Beast,Story,43,30,13,0,69.77,30.23,0.0
Dying Light: The Beast,Graphics,7,6,1,0,85.71,14.29,0.0
Dying Light: The Beast,Characters,11,7,4,0,63.64,36.36,0.0
Dying Light: The Beast,Level Design,9,5,4,0,55.56,44.44,0.0
Dying Light: The Beast,Music & Sound,3,2,1,0,66.67,33.33,0.0
Dying Light: The Beast,Difficulty,2,2,0,0,100.0,0.0,0.0
Dying Light: The Beast,Performance,19,13,6,0,68.42,31.58,0.0
Dying Light: The Beast,Replayability,3,2,1,0,66.67,33.33,0.0
Dying Light: The Beast Restored Land,Replayability,1,1,0,0,100.0,0.0,0.0
Dying Light: The Following,Gameplay,11,9,2,0,81.82,18.18,0.0
Dying Light: The Following,Story,17,15,2,0,88.24,11.76,0.0
Dying Light: The Following,Graphics,1,1,0,0,100.0,0.0,0.0
Dying Light: The Following,Characters,4,4,0,0,100.0,0.0,0.0
Dying Light: The Following,Level Design,13,11,2,0,84.62,15.38,0.0
Dying Light: The Following,Difficulty,5,4,1,0,80.0,20.0,0.0
Dying Light: The Following,Performance,4,3,1,0,75.0,25.0,0.0
Dying Light: The Following,Replayability,12,11,1,0,91.67,8.33,0.0
Dynasty Warriors 8: Xtreme Legends Definitive Edition,Gameplay,3,2,1,0,66.67,33.33,0.0
Dynasty Warriors 8: Xtreme Legends Definitive Edition,Graphics,2,1,1,0,50.0,50.0,0.0
Dynasty Warriors 8: Xtreme Legends Definitive Edition,Characters,2,2,0,0,100.0,0.0,0.0
Dynasty Warriors 8: Xtreme Legends Definitive Edition,Performance,3,3,0,0,100.0,0.0,0.0
Dynasty Warriors 8: Xtreme Legends Definitive Edition,Replayability,9,8,1,0,88.89,11.11,0.0
Dynasty Warriors: Origins,Gameplay,83,77,6,0,92.77,7.23,0.0
Dynasty Warriors: Origins,Story,52,52,0,0,100.0,0.0,0.0
Dynasty Warriors: Origins,Graphics,13,10,3,0,76.92,23.08,0.0
Dynasty Warriors: Origins,Characters,37,33,4,0,89.19,10.81,0.0
Dynasty Warriors: Origins,Level Design,9,9,0,0,100.0,0.0,0.0
Dynasty Warriors: Origins,Music & Sound,4,3,1,0,75.0,25.0,0.0
Dynasty Warriors: Origins,Difficulty,11,9,2,0,81.82,18.18,0.0
Dynasty Warriors: Origins,Performance,11,11,0,0,100.0,0.0,0.0
Dynasty Warriors: Origins,Replayability,7,7,0,0,100.0,0.0,0.0
EA Sports College Football 25,Gameplay,15,9,6,0,60.0,40.0,0.0
EA Sports College Football 25,Story,1,1,0,0,100.0,0.0,0.0
EA Sports College Football 25,Graphics,2,1,1,0,50.0,50.0,0.0
EA Sports College Football 25,Level Design,3,3,0,0,100.0,0.0,0.0
EA Sports College Football 25,Music & Sound,1,0,1,0,0.0,100.0,0.0
EA Sports College Football 25,Difficulty,4,3,1,0,75.0,25.0,0.0
EA Sports College Football 25,Performance,3,3,0,0,100.0,0.0,0.0
EA Sports College Football 25,Replayability,1,0,1,0,0.0,100.0,0.0
EA Sports College Football 26,Gameplay,12,9,3,0,75.0,25.0,0.0
EA Sports College Football 26,Story,1,1,0,0,100.0,0.0,0.0
EA Sports College Football 26,Graphics,4,3,1,0,75.0,25.0,0.0
EA Sports College Football 26,Level Design,3,3,0,0,100.0,0.0,0.0
EA Sports College Football 26,Music & Sound,4,3,1,0,75.0,25.0,0.0
EA Sports College Football 26,Performance,7,7,0,0,100.0,0.0,0.0
EA Sports College Football 26,Replayability,3,3,0,0,100.0,0.0,0.0
EA Sports UFC 6,Gameplay,4,3,1,0,75.0,25.0,0.0
EA Sports UFC 6,Graphics,2,2,0,0,100.0,0.0,0.0
EA Sports UFC 6,Characters,1,1,0,0,100.0,0.0,0.0
EA Sports UFC 6,Performance,1,1,0,0,100.0,0.0,0.0
EA Sports UFC 6,Replayability,1,1,0,0,100.0,0.0,0.0
ENDER LILIES: Quietus of the Knights,Gameplay,33,29,4,0,87.88,12.12,0.0
ENDER LILIES: Quietus of the Knights,Story,15,14,1,0,93.33,6.67,0.0
ENDER LILIES: Quietus of the Knights,Graphics,13,11,2,0,84.62,15.38,0.0
ENDER LILIES: Quietus of the Knights,Characters,2,2,0,0,100.0,0.0,0.0
ENDER LILIES: Quietus of the Knights,Level Design,9,5,4,0,55.56,44.44,0.0
ENDER LILIES: Quietus of the Knights,Music & Sound,11,10,1,0,90.91,9.09,0.0
ENDER LILIES: Quietus of the Knights,Difficulty,17,13,4,0,76.47,23.53,0.0
ENDER LILIES: Quietus of the Knights,Performance,1,1,0,0,100.0,0.0,0.0
ENDER LILIES: Quietus of the Knights,Replayability,2,1,1,0,50.0,50.0,0.0
EVERSPACE 2,Gameplay,33,26,7,0,78.79,21.21,0.0
EVERSPACE 2,Story,18,14,4,0,77.78,22.22,0.0
EVERSPACE 2,Graphics,3,2,1,0,66.67,33.33,0.0
EVERSPACE 2,Level Design,3,3,0,0,100.0,0.0,0.0
EVERSPACE 2,Music & Sound,1,1,0,0,100.0,0.0,0.0
EVERSPACE 2,Difficulty,2,1,1,0,50.0,50.0,0.0
EVERSPACE 2,Performance,1,1,0,0,100.0,0.0,0.0
EVERSPACE 2,Replayability,6,4,2,0,66.67,33.33,0.0
Earthion,Gameplay,9,9,0,0,100.0,0.0,0.0
Earthion,Graphics,4,4,0,0,100.0,0.0,0.0
Earthion,Level Design,1,1,0,0,100.0,0.0,0.0
Earthion,Music & Sound,8,8,0,0,100.0,0.0,0.0
Earthion,Difficulty,1,1,0,0,100.0,0.0,0.0
Eastshade,Gameplay,6,4,2,0,66.67,33.33,0.0
Eastshade,Story,2,2,0,0,100.0,0.0,0.0
Eastshade,Graphics,2,1,1,0,50.0,50.0,0.0
Eastshade,Characters,4,4,0,0,100.0,0.0,0.0
Eastshade,Music & Sound,2,1,1,0,50.0,50.0,0.0
Eastshade,Difficulty,1,1,0,0,100.0,0.0,0.0
Eastshade,Performance,5,2,3,0,40.0,60.0,0.0
Eastward,Gameplay,19,14,5,0,73.68,26.32,0.0
Eastward,Story,24,11,13,0,45.83,54.17,0.0
Eastward,Graphics,19,15,3,1,78.95,15.79,5.26
Eastward,Characters,19,14,5,0,73.68,26.32,0.0
Eastward,Level Design,3,3,0,0,100.0,0.0,0.0
Eastward,Music & Sound,12,10,2,0,83.33,16.67,0.0
Eastward,Difficulty,6,3,3,0,50.0,50.0,0.0
Eastward,Performance,3,1,2,0,33.33,66.67,0.0
Eastward,Replayability,1,0,1,0,0.0,100.0,0.0
Echo Arena,Gameplay,1,1,0,0,100.0,0.0,0.0
Echo Arena,Story,1,1,0,0,100.0,0.0,0.0
Edge,Gameplay,2,2,0,0,100.0,0.0,0.0
Edge,Level Design,5,4,1,0,80.0,20.0,0.0
Edge,Music & Sound,1,0,1,0,0.0,100.0,0.0
Edge,Difficulty,2,2,0,0,100.0,0.0,0.0
Edge,Replayability,1,1,0,0,100.0,0.0,0.0
"El Paso, Elsewhere",Gameplay,14,9,5,0,64.29,35.71,0.0
"El Paso, Elsewhere",Story,20,12,7,1,60.0,35.0,5.0
"El Paso, Elsewhere",Graphics,4,1,3,0,25.0,75.0,0.0
"El Paso, Elsewhere",Characters,1,0,1,0,0.0,100.0,0.0
"El Paso, Elsewhere",Level Design,4,3,0,1,75.0,0.0,25.0
"El Paso, Elsewhere",Music & Sound,6,3,2,1,50.0,33.33,16.67
"El Paso, Elsewhere",Difficulty,3,3,0,0,100.0,0.0,0.0
"El Paso, Elsewhere",Performance,1,0,1,0,0.0,100.0,0.0
"El Paso, Elsewhere",Replayability,1,1,0,0,100.0,0.0,0.0
Elden Ring,Gameplay,56,53,3,0,94.64,5.36,0.0
Elden Ring,Story,11,11,0,0,100.0,0.0,0.0
Elden Ring,Graphics,4,3,1,0,75.0,25.0,0.0
Elden Ring,Characters,2,2,0,0,100.0,0.0,0.0
Elden Ring,Level Design,26,26,0,0,100.0,0.0,0.0
Elden Ring,Music & Sound,2,2,0,0,100.0,0.0,0.0
Elden Ring,Difficulty,26,26,0,0,100.0,0.0,0.0
Elden Ring,Performance,18,17,1,0,94.44,5.56,0.0
Elden Ring,Replayability,8,7,1,0,87.5,12.5,0.0
Elden Ring: Shadow of the Erdtree,Gameplay,19,19,0,0,100.0,0.0,0.0
Elden Ring: Shadow of the Erdtree,Story,11,11,0,0,100.0,0.0,0.0
Elden Ring: Shadow of the Erdtree,Characters,5,5,0,0,100.0,0.0,0.0
Elden Ring: Shadow of the Erdtree,Level Design,19,19,0,0,100.0,0.0,0.0
Elden Ring: Shadow of the Erdtree,Music & Sound,1,1,0,0,100.0,0.0,0.0
Elden Ring: Shadow of the Erdtree,Difficulty,33,33,0,0,100.0,0.0,0.0
Elden Ring: Shadow of the Erdtree,Performance,7,7,0,0,100.0,0.0,0.0
Elden Ring: Shadow of the Erdtree,Replayability,28,28,0,0,100.0,0.0,0.0
ElecHead,Gameplay,1,1,0,0,100.0,0.0,0.0
ElecHead,Level Design,1,1,0,0,100.0,0.0,0.0
ElecHead,Music & Sound,1,1,0,0,100.0,0.0,0.0
ElecHead,Difficulty,1,1,0,0,100.0,0.0,0.0
ElecHead,Replayability,3,3,0,0,100.0,0.0,0.0
Eliza,Story,3,1,2,0,33.33,66.67,0.0
Eliza,Graphics,3,2,1,0,66.67,33.33,0.0
Else Heart.Break(),Story,1,0,1,0,0.0,100.0,0.0
Embracelet,Gameplay,1,1,0,0,100.0,0.0,0.0
Embracelet,Story,5,5,0,0,100.0,0.0,0.0
Embracelet,Graphics,1,1,0,0,100.0,0.0,0.0
Embracelet,Characters,2,2,0,0,100.0,0.0,0.0
Embracelet,Level Design,1,1,0,0,100.0,0.0,0.0
Embracelet,Difficulty,2,1,1,0,50.0,50.0,0.0
Emily is Away Too,Story,2,2,0,0,100.0,0.0,0.0
Emily is Away Too,Difficulty,2,1,1,0,50.0,50.0,0.0
Emily is Away Too,Replayability,1,1,0,0,100.0,0.0,0.0
Ender Magnolia: Bloom in the Mist,Gameplay,29,27,2,0,93.1,6.9,0.0
Ender Magnolia: Bloom in the Mist,Story,12,11,1,0,91.67,8.33,0.0
Ender Magnolia: Bloom in the Mist,Graphics,14,13,1,0,92.86,7.14,0.0
Ender Magnolia: Bloom in the Mist,Characters,6,6,0,0,100.0,0.0,0.0
Ender Magnolia: Bloom in the Mist,Level Design,6,6,0,0,100.0,0.0,0.0
Ender Magnolia: Bloom in the Mist,Music & Sound,13,13,0,0,100.0,0.0,0.0
Ender Magnolia: Bloom in the Mist,Difficulty,7,7,0,0,100.0,0.0,0.0
Ender Magnolia: Bloom in the Mist,Performance,1,1,0,0,100.0,0.0,0.0
Endless Legend,Gameplay,5,5,0,0,100.0,0.0,0.0
Endless Legend,Story,1,1,0,0,100.0,0.0,0.0
Endless Legend,Graphics,1,1,0,0,100.0,0.0,0.0
Endless Legend,Level Design,1,1,0,0,100.0,0.0,0.0
Endless Legend,Difficulty,2,2,0,0,100.0,0.0,0.0
Endless Legend,Replayability,2,2,0,0,100.0,0.0,0.0
Endless Space 2,Gameplay,9,9,0,0,100.0,0.0,0.0
Endless Space 2,Story,6,5,1,0,83.33,16.67,0.0
Endless Space 2,Graphics,1,1,0,0,100.0,0.0,0.0
Endless Space 2,Characters,2,1,1,0,50.0,50.0,0.0
Endless Space 2,Level Design,3,2,1,0,66.67,33.33,0.0
Endless Space 2,Difficulty,5,3,1,1,60.0,20.0,20.0
Endless Space 2,Performance,8,7,0,1,87.5,0.0,12.5
Endless Space 2,Replayability,1,0,1,0,0.0,100.0,0.0
Enter the Gungeon,Gameplay,19,15,3,1,78.95,15.79,5.26
Enter the Gungeon,Graphics,6,6,0,0,100.0,0.0,0.0
Enter the Gungeon,Characters,3,3,0,0,100.0,0.0,0.0
Enter the Gungeon,Level Design,6,6,0,0,100.0,0.0,0.0
Enter the Gungeon,Music & Sound,2,2,0,0,100.0,0.0,0.0
Enter the Gungeon,Difficulty,16,14,2,0,87.5,12.5,0.0
Enter the Gungeon,Performance,1,0,0,1,0.0,0.0,100.0
Enter the Gungeon,Replayability,2,2,0,0,100.0,0.0,0.0
Eriksholm: The Stolen Dream,Gameplay,30,27,3,0,90.0,10.0,0.0
Eriksholm: The Stolen Dream,Story,32,28,4,0,87.5,12.5,0.0
Eriksholm: The Stolen Dream,Graphics,7,5,2,0,71.43,28.57,0.0
Eriksholm: The Stolen Dream,Characters,12,10,2,0,83.33,16.67,0.0
Eriksholm: The Stolen Dream,Level Design,8,5,3,0,62.5,37.5,0.0
Eriksholm: The Stolen Dream,Music & Sound,3,3,0,0,100.0,0.0,0.0
Eriksholm: The Stolen Dream,Difficulty,7,5,2,0,71.43,28.57,0.0
Eriksholm: The Stolen Dream,Performance,2,2,0,0,100.0,0.0,0.0
Eriksholm: The Stolen Dream,Replayability,5,2,3,0,40.0,60.0,0.0
Escape Academy,Gameplay,2,2,0,0,100.0,0.0,0.0
Escape Academy,Story,6,5,1,0,83.33,16.67,0.0
Escape Academy,Characters,2,2,0,0,100.0,0.0,0.0
Escape Academy,Level Design,1,1,0,0,100.0,0.0,0.0
Escape Academy,Difficulty,5,5,0,0,100.0,0.0,0.0
Escape Simulator 2,Gameplay,1,0,1,0,0.0,100.0,0.0
Escape Simulator 2,Level Design,3,3,0,0,100.0,0.0,0.0
Escape Simulator 2,Difficulty,3,3,0,0,100.0,0.0,0.0
Escape Simulator 2,Performance,3,3,0,0,100.0,0.0,0.0
Escape Simulator 2,Replayability,3,3,0,0,100.0,0.0,0.0
Escape from Ever After,Gameplay,17,14,3,0,82.35,17.65,0.0
Escape from Ever After,Story,13,11,2,0,84.62,15.38,0.0
Escape from Ever After,Graphics,3,3,0,0,100.0,0.0,0.0
Escape from Ever After,Characters,10,8,2,0,80.0,20.0,0.0
Escape from Ever After,Level Design,1,0,1,0,0.0,100.0,0.0
Escape from Ever After,Music & Sound,4,3,1,0,75.0,25.0,0.0
Escape from Ever After,Difficulty,4,4,0,0,100.0,0.0,0.0
Escape from Ever After,Performance,1,1,0,0,100.0,0.0,0.0
Eschatos,Gameplay,1,1,0,0,100.0,0.0,0.0
Esoteric Ebb,Gameplay,5,4,1,0,80.0,20.0,0.0
Esoteric Ebb,Story,20,18,2,0,90.0,10.0,0.0
Esoteric Ebb,Graphics,3,3,0,0,100.0,0.0,0.0
Esoteric Ebb,Characters,8,8,0,0,100.0,0.0,0.0
Esoteric Ebb,Level Design,3,3,0,0,100.0,0.0,0.0
Esoteric Ebb,Music & Sound,3,3,0,0,100.0,0.0,0.0
Esoteric Ebb,Difficulty,4,4,0,0,100.0,0.0,0.0
Esoteric Ebb,Performance,1,1,0,0,100.0,0.0,0.0
Esoteric Ebb,Replayability,2,2,0,0,100.0,0.0,0.0
Etrian Odyssey 2 Untold: The Fafnir Knight,Gameplay,10,8,2,0,80.0,20.0,0.0
Etrian Odyssey 2 Untold: The Fafnir Knight,Story,11,7,4,0,63.64,36.36,0.0
Etrian Odyssey 2 Untold: The Fafnir Knight,Graphics,2,2,0,0,100.0,0.0,0.0
Etrian Odyssey 2 Untold: The Fafnir Knight,Characters,6,2,4,0,33.33,66.67,0.0
Etrian Odyssey 2 Untold: The Fafnir Knight,Level Design,4,4,0,0,100.0,0.0,0.0
Etrian Odyssey 2 Untold: The Fafnir Knight,Music & Sound,1,1,0,0,100.0,0.0,0.0
Etrian Odyssey 2 Untold: The Fafnir Knight,Difficulty,5,4,1,0,80.0,20.0,0.0
Etrian Odyssey 2 Untold: The Fafnir Knight,Replayability,3,2,1,0,66.67,33.33,0.0
Etrian Odyssey Nexus,Gameplay,3,3,0,0,100.0,0.0,0.0
Etrian Odyssey Nexus,Story,1,1,0,0,100.0,0.0,0.0
Etrian Odyssey Nexus,Characters,4,4,0,0,100.0,0.0,0.0
Etrian Odyssey Nexus,Level Design,2,2,0,0,100.0,0.0,0.0
Etrian Odyssey Nexus,Music & Sound,2,2,0,0,100.0,0.0,0.0
Etrian Odyssey Nexus,Difficulty,3,3,0,0,100.0,0.0,0.0
Etrian Odyssey Nexus,Replayability,4,4,0,0,100.0,0.0,0.0
Etrian Odyssey V: Beyond the Myth,Gameplay,13,12,1,0,92.31,7.69,0.0
Etrian Odyssey V: Beyond the Myth,Story,5,3,2,0,60.0,40.0,0.0
Etrian Odyssey V: Beyond the Myth,Characters,4,3,1,0,75.0,25.0,0.0
Etrian Odyssey V: Beyond the Myth,Level Design,3,3,0,0,100.0,0.0,0.0
Etrian Odyssey V: Beyond the Myth,Difficulty,4,3,1,0,75.0,25.0,0.0
Etrian Odyssey V: Beyond the Myth,Performance,1,1,0,0,100.0,0.0,0.0
Etrian Odyssey V: Beyond the Myth,Replayability,1,1,0,0,100.0,0.0,0.0
Euro Truck Simulator 2 - Beyond the Baltic Sea,Level Design,2,2,0,0,100.0,0.0,0.0
Euro Truck Simulator 2 - Road to the Black Sea,Level Design,1,1,0,0,100.0,0.0,0.0
Euro Truck Simulator 2 - Road to the Black Sea,Replayability,1,1,0,0,100.0,0.0,0.0
Europa Universalis V,Gameplay,4,4,0,0,100.0,0.0,0.0
Europa Universalis V,Story,1,1,0,0,100.0,0.0,0.0
Europa Universalis V,Graphics,1,1,0,0,100.0,0.0,0.0
Europa Universalis V,Characters,1,1,0,0,100.0,0.0,0.0
Europa Universalis V,Level Design,4,3,1,0,75.0,25.0,0.0
Europa Universalis V,Music & Sound,1,1,0,0,100.0,0.0,0.0
Europa Universalis V,Difficulty,1,1,0,0,100.0,0.0,0.0
Europa Universalis V,Performance,1,1,0,0,100.0,0.0,0.0
Europa Universalis V,Replayability,2,2,0,0,100.0,0.0,0.0
Ever 17: The Out of Infinity,Story,8,6,2,0,75.0,25.0,0.0
Ever 17: The Out of Infinity,Graphics,10,8,2,0,80.0,20.0,0.0
Ever 17: The Out of Infinity,Characters,1,1,0,0,100.0,0.0,0.0
Ever 17: The Out of Infinity,Difficulty,1,1,0,0,100.0,0.0,0.0
Everhood,Gameplay,10,7,3,0,70.0,30.0,0.0
Everhood,Story,12,8,4,0,66.67,33.33,0.0
Everhood,Graphics,2,1,1,0,50.0,50.0,0.0
Everhood,Characters,6,4,2,0,66.67,33.33,0.0
Everhood,Level Design,1,0,1,0,0.0,100.0,0.0
Everhood,Music & Sound,9,4,5,0,44.44,55.56,0.0
Everhood,Difficulty,4,2,2,0,50.0,50.0,0.0
Everhood,Performance,2,0,2,0,0.0,100.0,0.0
Everspace,Gameplay,15,11,4,0,73.33,26.67,0.0
Everspace,Story,6,6,0,0,100.0,0.0,0.0
Everspace,Graphics,5,5,0,0,100.0,0.0,0.0
Everspace,Level Design,3,2,1,0,66.67,33.33,0.0
Everspace,Music & Sound,2,2,0,0,100.0,0.0,0.0
Everspace,Difficulty,4,3,1,0,75.0,25.0,0.0
Everspace,Replayability,3,3,0,0,100.0,0.0,0.0
Exo One,Gameplay,7,6,1,0,85.71,14.29,0.0
Exo One,Story,8,5,3,0,62.5,37.5,0.0
Exo One,Graphics,2,0,2,0,0.0,100.0,0.0
Exo One,Characters,2,1,1,0,50.0,50.0,0.0
Exo One,Level Design,2,2,0,0,100.0,0.0,0.0
Exo One,Music & Sound,3,3,0,0,100.0,0.0,0.0
Expeditions: Rome,Gameplay,13,11,2,0,84.62,15.38,0.0
Expeditions: Rome,Story,9,9,0,0,100.0,0.0,0.0
Expeditions: Rome,Graphics,1,1,0,0,100.0,0.0,0.0
Expeditions: Rome,Characters,4,4,0,0,100.0,0.0,0.0
Expeditions: Rome,Level Design,3,3,0,0,100.0,0.0,0.0
Expeditions: Rome,Music & Sound,2,2,0,0,100.0,0.0,0.0
Expeditions: Rome,Difficulty,4,3,1,0,75.0,25.0,0.0
Expeditions: Rome,Performance,1,0,1,0,0.0,100.0,0.0
Expeditions: Rome,Replayability,1,1,0,0,100.0,0.0,0.0
Expelled!,Gameplay,3,2,1,0,66.67,33.33,0.0
Expelled!,Story,16,11,5,0,68.75,31.25,0.0
Expelled!,Graphics,2,2,0,0,100.0,0.0,0.0
Expelled!,Characters,6,4,2,0,66.67,33.33,0.0
Expelled!,Level Design,1,1,0,0,100.0,0.0,0.0
Expelled!,Music & Sound,1,1,0,0,100.0,0.0,0.0
Expelled!,Difficulty,2,1,1,0,50.0,50.0,0.0
Expelled!,Performance,1,0,1,0,0.0,100.0,0.0
Expelled!,Replayability,3,3,0,0,100.0,0.0,0.0
Eyes in the Dark,Gameplay,2,0,2,0,0.0,100.0,0.0
Eyes in the Dark,Graphics,1,0,1,0,0.0,100.0,0.0
Eyes in the Dark,Music & Sound,1,0,1,0,0.0,100.0,0.0
Eyes in the Dark,Difficulty,2,1,1,0,50.0,50.0,0.0
F-Zero 99,Graphics,1,1,0,0,100.0,0.0,0.0
F-Zero 99,Characters,1,1,0,0,100.0,0.0,0.0
F-Zero 99,Music & Sound,1,1,0,0,100.0,0.0,0.0
F-Zero 99,Replayability,4,4,0,0,100.0,0.0,0.0
F.I.S.T.: Forged In Shadow Torch,Gameplay,47,35,12,0,74.47,25.53,0.0
F.I.S.T.: Forged In Shadow Torch,Story,15,12,3,0,80.0,20.0,0.0
F.I.S.T.: Forged In Shadow Torch,Graphics,8,7,1,0,87.5,12.5,0.0
F.I.S.T.: Forged In Shadow Torch,Characters,9,7,2,0,77.78,22.22,0.0
F.I.S.T.: Forged In Shadow Torch,Level Design,12,8,4,0,66.67,33.33,0.0
F.I.S.T.: Forged In Shadow Torch,Music & Sound,2,0,2,0,0.0,100.0,0.0
F.I.S.T.: Forged In Shadow Torch,Difficulty,15,8,7,0,53.33,46.67,0.0
F.I.S.T.: Forged In Shadow Torch,Performance,6,3,3,0,50.0,50.0,0.0
F.I.S.T.: Forged In Shadow Torch,Replayability,1,1,0,0,100.0,0.0,0.0
F1 2016,Gameplay,4,4,0,0,100.0,0.0,0.0
F1 2016,Story,1,1,0,0,100.0,0.0,0.0
F1 2016,Graphics,5,3,2,0,60.0,40.0,0.0
F1 2016,Level Design,4,4,0,0,100.0,0.0,0.0
F1 2016,Music & Sound,1,1,0,0,100.0,0.0,0.0
F1 2016,Difficulty,4,4,0,0,100.0,0.0,0.0
F1 2016,Performance,2,2,0,0,100.0,0.0,0.0
F1 2016,Replayability,4,3,1,0,75.0,25.0,0.0
F1 2017,Gameplay,7,6,1,0,85.71,14.29,0.0
F1 2017,Story,3,2,1,0,66.67,33.33,0.0
F1 2017,Graphics,2,2,0,0,100.0,0.0,0.0
F1 2017,Level Design,5,4,1,0,80.0,20.0,0.0
F1 2017,Difficulty,5,5,0,0,100.0,0.0,0.0
F1 2017,Performance,5,5,0,0,100.0,0.0,0.0
F1 2017,Replayability,8,5,3,0,62.5,37.5,0.0
F1 2018,Gameplay,8,8,0,0,100.0,0.0,0.0
F1 2018,Graphics,2,2,0,0,100.0,0.0,0.0
F1 2018,Level Design,2,2,0,0,100.0,0.0,0.0
F1 2018,Music & Sound,1,1,0,0,100.0,0.0,0.0
F1 2018,Difficulty,5,5,0,0,100.0,0.0,0.0
F1 2018,Performance,4,4,0,0,100.0,0.0,0.0
F1 2018,Replayability,4,4,0,0,100.0,0.0,0.0
F1 2019,Gameplay,6,5,1,0,83.33,16.67,0.0
F1 2019,Story,4,4,0,0,100.0,0.0,0.0
F1 2019,Graphics,6,4,2,0,66.67,33.33,0.0
F1 2019,Level Design,4,4,0,0,100.0,0.0,0.0
F1 2019,Difficulty,1,1,0,0,100.0,0.0,0.0
F1 2019,Replayability,4,4,0,0,100.0,0.0,0.0
F1 2020,Gameplay,9,9,0,0,100.0,0.0,0.0
F1 2020,Story,2,2,0,0,100.0,0.0,0.0
F1 2020,Graphics,6,5,1,0,83.33,16.67,0.0
F1 2020,Level Design,7,7,0,0,100.0,0.0,0.0
F1 2020,Music & Sound,2,2,0,0,100.0,0.0,0.0
F1 2020,Difficulty,9,9,0,0,100.0,0.0,0.0
F1 2020,Performance,3,1,2,0,33.33,66.67,0.0
F1 2020,Replayability,9,9,0,0,100.0,0.0,0.0
F1 2021,Gameplay,10,9,1,0,90.0,10.0,0.0
F1 2021,Story,28,23,5,0,82.14,17.86,0.0
F1 2021,Graphics,7,5,2,0,71.43,28.57,0.0
F1 2021,Level Design,4,4,0,0,100.0,0.0,0.0
F1 2021,Music & Sound,3,3,0,0,100.0,0.0,0.0
F1 2021,Difficulty,6,6,0,0,100.0,0.0,0.0
F1 2021,Performance,6,6,0,0,100.0,0.0,0.0
F1 2021,Replayability,10,8,2,0,80.0,20.0,0.0
F1 22,Gameplay,13,9,4,0,69.23,30.77,0.0
F1 22,Story,8,5,3,0,62.5,37.5,0.0
F1 22,Graphics,6,5,1,0,83.33,16.67,0.0
F1 22,Characters,2,1,1,0,50.0,50.0,0.0
F1 22,Level Design,4,4,0,0,100.0,0.0,0.0
F1 22,Music & Sound,2,2,0,0,100.0,0.0,0.0
F1 22,Difficulty,7,6,1,0,85.71,14.29,0.0
F1 22,Performance,7,6,1,0,85.71,14.29,0.0
F1 22,Replayability,9,4,5,0,44.44,55.56,0.0
F1 23,Gameplay,6,5,1,0,83.33,16.67,0.0
F1 23,Story,18,16,2,0,88.89,11.11,0.0
F1 23,Graphics,3,3,0,0,100.0,0.0,0.0
F1 23,Characters,2,2,0,0,100.0,0.0,0.0
F1 23,Level Design,3,3,0,0,100.0,0.0,0.0
F1 23,Difficulty,4,4,0,0,100.0,0.0,0.0
F1 23,Replayability,3,3,0,0,100.0,0.0,0.0
F1 25,Gameplay,6,5,1,0,83.33,16.67,0.0
F1 25,Story,9,5,4,0,55.56,44.44,0.0
F1 25,Graphics,11,10,1,0,90.91,9.09,0.0
F1 25,Characters,1,1,0,0,100.0,0.0,0.0
F1 25,Level Design,2,2,0,0,100.0,0.0,0.0
F1 25,Music & Sound,2,2,0,0,100.0,0.0,0.0
F1 25,Difficulty,1,1,0,0,100.0,0.0,0.0
F1 25,Performance,4,3,1,0,75.0,25.0,0.0
F1 25,Replayability,9,6,3,0,66.67,33.33,0.0
FAITH: The Unholy Trinity,Gameplay,1,1,0,0,100.0,0.0,0.0
FAITH: The Unholy Trinity,Story,3,3,0,0,100.0,0.0,0.0
FAITH: The Unholy Trinity,Graphics,3,3,0,0,100.0,0.0,0.0
FAITH: The Unholy Trinity,Music & Sound,2,2,0,0,100.0,0.0,0.0
FAITH: The Unholy Trinity,Performance,2,2,0,0,100.0,0.0,0.0
FAITH: The Unholy Trinity,Replayability,1,1,0,0,100.0,0.0,0.0
FANTASIAN Neo Dimension,Gameplay,34,29,4,1,85.29,11.76,2.94
FANTASIAN Neo Dimension,Story,32,29,3,0,90.62,9.38,0.0
FANTASIAN Neo Dimension,Graphics,12,10,1,1,83.33,8.33,8.33
FANTASIAN Neo Dimension,Characters,23,18,5,0,78.26,21.74,0.0
FANTASIAN Neo Dimension,Level Design,3,2,1,0,66.67,33.33,0.0
FANTASIAN Neo Dimension,Music & Sound,18,16,2,0,88.89,11.11,0.0
FANTASIAN Neo Dimension,Difficulty,21,17,4,0,80.95,19.05,0.0
FANTASIAN Neo Dimension,Performance,2,2,0,0,100.0,0.0,0.0
FANTASIAN Neo Dimension,Replayability,3,3,0,0,100.0,0.0,0.0
FAST Racing Neo,Gameplay,4,4,0,0,100.0,0.0,0.0
FAST Racing Neo,Graphics,4,4,0,0,100.0,0.0,0.0
FAST Racing Neo,Characters,1,1,0,0,100.0,0.0,0.0
FAST Racing Neo,Level Design,3,3,0,0,100.0,0.0,0.0
FAST Racing Neo,Music & Sound,1,1,0,0,100.0,0.0,0.0
FAST Racing Neo,Difficulty,6,6,0,0,100.0,0.0,0.0
FAST Racing Neo,Performance,1,0,1,0,0.0,100.0,0.0
FIFA 14,Gameplay,8,7,1,0,87.5,12.5,0.0
FIFA 14,Graphics,4,4,0,0,100.0,0.0,0.0
FIFA 14,Level Design,1,1,0,0,100.0,0.0,0.0
FIFA 14,Replayability,2,2,0,0,100.0,0.0,0.0
FIFA 15,Gameplay,12,10,2,0,83.33,16.67,0.0
FIFA 15,Graphics,6,4,2,0,66.67,33.33,0.0
FIFA 15,Level Design,2,2,0,0,100.0,0.0,0.0
FIFA 15,Music & Sound,2,2,0,0,100.0,0.0,0.0
FIFA 15,Difficulty,2,1,1,0,50.0,50.0,0.0
FIFA 15,Performance,5,1,4,0,20.0,80.0,0.0
FIFA 15,Replayability,2,2,0,0,100.0,0.0,0.0
FIFA 16,Gameplay,14,12,2,0,85.71,14.29,0.0
FIFA 16,Story,2,2,0,0,100.0,0.0,0.0
FIFA 16,Graphics,1,1,0,0,100.0,0.0,0.0
FIFA 16,Level Design,1,1,0,0,100.0,0.0,0.0
FIFA 16,Music & Sound,2,2,0,0,100.0,0.0,0.0
FIFA 16,Difficulty,4,4,0,0,100.0,0.0,0.0
FIFA 16,Replayability,1,1,0,0,100.0,0.0,0.0
FIFA 17,Gameplay,33,25,8,0,75.76,24.24,0.0
FIFA 17,Story,15,11,4,0,73.33,26.67,0.0
FIFA 17,Graphics,11,9,2,0,81.82,18.18,0.0
FIFA 17,Characters,1,1,0,0,100.0,0.0,0.0
FIFA 17,Level Design,1,1,0,0,100.0,0.0,0.0
FIFA 17,Music & Sound,1,1,0,0,100.0,0.0,0.0
FIFA 17,Difficulty,3,3,0,0,100.0,0.0,0.0
FIFA 17,Performance,2,1,1,0,50.0,50.0,0.0
FIFA 17,Replayability,4,3,1,0,75.0,25.0,0.0
FIFA 18,Gameplay,30,26,4,0,86.67,13.33,0.0
FIFA 18,Story,12,11,1,0,91.67,8.33,0.0
FIFA 18,Graphics,10,10,0,0,100.0,0.0,0.0
FIFA 18,Characters,1,1,0,0,100.0,0.0,0.0
FIFA 18,Level Design,4,2,2,0,50.0,50.0,0.0
FIFA 18,Music & Sound,3,2,1,0,66.67,33.33,0.0
FIFA 18,Difficulty,6,2,4,0,33.33,66.67,0.0
FIFA 18,Performance,3,2,1,0,66.67,33.33,0.0
FIFA 18,Replayability,5,2,3,0,40.0,60.0,0.0
FIFA 19,Gameplay,32,23,7,2,71.88,21.88,6.25
FIFA 19,Story,4,3,1,0,75.0,25.0,0.0
FIFA 19,Graphics,3,3,0,0,100.0,0.0,0.0
FIFA 19,Level Design,4,3,1,0,75.0,25.0,0.0
FIFA 19,Difficulty,4,2,2,0,50.0,50.0,0.0
FIFA 19,Performance,3,3,0,0,100.0,0.0,0.0
FIFA 19,Replayability,5,3,2,0,60.0,40.0,0.0
FILMECHANISM,Gameplay,1,1,0,0,100.0,0.0,0.0
FILMECHANISM,Story,1,1,0,0,100.0,0.0,0.0
FILMECHANISM,Level Design,1,0,1,0,0.0,100.0,0.0
FILMECHANISM,Music & Sound,1,1,0,0,100.0,0.0,0.0
FILMECHANISM,Difficulty,1,1,0,0,100.0,0.0,0.0
FRU,Gameplay,5,5,0,0,100.0,0.0,0.0
FRU,Music & Sound,1,1,0,0,100.0,0.0,0.0
FRU,Difficulty,2,2,0,0,100.0,0.0,0.0
FRU,Replayability,1,0,1,0,0.0,100.0,0.0
Factorio,Gameplay,5,4,1,0,80.0,20.0,0.0
Factorio,Graphics,1,1,0,0,100.0,0.0,0.0
Factorio,Level Design,1,1,0,0,100.0,0.0,0.0
Factorio,Difficulty,2,2,0,0,100.0,0.0,0.0
Fading Afternoon,Gameplay,5,3,2,0,60.0,40.0,0.0
Fading Afternoon,Story,4,3,1,0,75.0,25.0,0.0
Fading Afternoon,Characters,1,0,1,0,0.0,100.0,0.0
Fading Afternoon,Level Design,1,0,1,0,0.0,100.0,0.0
Fading Afternoon,Music & Sound,1,1,0,0,100.0,0.0,0.0
Fading Afternoon,Performance,1,0,1,0,0.0,100.0,0.0
Fall Guys: Ultimate Knockout,Gameplay,11,8,3,0,72.73,27.27,0.0
Fall Guys: Ultimate Knockout,Graphics,2,1,1,0,50.0,50.0,0.0
Fall Guys: Ultimate Knockout,Characters,4,2,2,0,50.0,50.0,0.0
Fall Guys: Ultimate Knockout,Level Design,5,4,1,0,80.0,20.0,0.0
Fall Guys: Ultimate Knockout,Music & Sound,1,1,0,0,100.0,0.0,0.0
Fall Guys: Ultimate Knockout,Difficulty,18,15,3,0,83.33,16.67,0.0
Fall Guys: Ultimate Knockout,Performance,2,0,2,0,0.0,100.0,0.0
Fall Guys: Ultimate Knockout,Replayability,5,3,2,0,60.0,40.0,0.0
Fallout 4,Gameplay,28,25,3,0,89.29,10.71,0.0
Fallout 4,Story,27,23,4,0,85.19,14.81,0.0
Fallout 4,Graphics,8,7,1,0,87.5,12.5,0.0
Fallout 4,Characters,11,10,1,0,90.91,9.09,0.0
Fallout 4,Level Design,9,7,2,0,77.78,22.22,0.0
Fallout 4,Music & Sound,2,0,2,0,0.0,100.0,0.0
Fallout 4,Difficulty,11,9,2,0,81.82,18.18,0.0
Fallout 4,Performance,27,23,3,1,85.19,11.11,3.7
Fallout 4,Replayability,15,14,1,0,93.33,6.67,0.0
Fallout 4 VR,Gameplay,4,4,0,0,100.0,0.0,0.0
Fallout 4 VR,Characters,1,1,0,0,100.0,0.0,0.0
Fallout 4 VR,Performance,1,1,0,0,100.0,0.0,0.0
Fallout 4 VR,Replayability,1,1,0,0,100.0,0.0,0.0
Fantasia: Music Evolved,Gameplay,13,9,4,0,69.23,30.77,0.0
Fantasia: Music Evolved,Story,1,1,0,0,100.0,0.0,0.0
Fantasia: Music Evolved,Graphics,2,2,0,0,100.0,0.0,0.0
Fantasia: Music Evolved,Music & Sound,34,26,8,0,76.47,23.53,0.0
Fantasia: Music Evolved,Difficulty,2,2,0,0,100.0,0.0,0.0
Fantasia: Music Evolved,Performance,2,2,0,0,100.0,0.0,0.0
Fantasia: Music Evolved,Replayability,4,1,3,0,25.0,75.0,0.0
Fantasy Life i: The Girl Who Steals Time,Gameplay,14,14,0,0,100.0,0.0,0.0
Fantasy Life i: The Girl Who Steals Time,Story,8,6,2,0,75.0,25.0,0.0
Fantasy Life i: The Girl Who Steals Time,Graphics,4,4,0,0,100.0,0.0,0.0
Fantasy Life i: The Girl Who Steals Time,Characters,2,2,0,0,100.0,0.0,0.0
Fantasy Life i: The Girl Who Steals Time,Level Design,16,15,1,0,93.75,6.25,0.0
Fantasy Life i: The Girl Who Steals Time,Difficulty,5,5,0,0,100.0,0.0,0.0
Fantasy Life i: The Girl Who Steals Time,Performance,2,2,0,0,100.0,0.0,0.0
Fantasy Life i: The Girl Who Steals Time,Replayability,10,10,0,0,100.0,0.0,0.0
Far Cry 4,Gameplay,24,18,6,0,75.0,25.0,0.0
Far Cry 4,Story,21,16,5,0,76.19,23.81,0.0
Far Cry 4,Graphics,3,2,1,0,66.67,33.33,0.0
Far Cry 4,Characters,7,7,0,0,100.0,0.0,0.0
Far Cry 4,Level Design,4,3,1,0,75.0,25.0,0.0
Far Cry 4,Difficulty,4,3,1,0,75.0,25.0,0.0
Far Cry 4,Performance,2,2,0,0,100.0,0.0,0.0
Far Cry 4,Replayability,4,3,1,0,75.0,25.0,0.0
Far Cry 5,Gameplay,48,40,8,0,83.33,16.67,0.0
Far Cry 5,Story,53,38,15,0,71.7,28.3,0.0
Far Cry 5,Graphics,2,2,0,0,100.0,0.0,0.0
Far Cry 5,Characters,26,22,4,0,84.62,15.38,0.0
Far Cry 5,Level Design,12,11,1,0,91.67,8.33,0.0
Far Cry 5,Music & Sound,1,1,0,0,100.0,0.0,0.0
Far Cry 5,Difficulty,6,4,2,0,66.67,33.33,0.0
Far Cry 5,Performance,4,3,1,0,75.0,25.0,0.0
Far Cry 5,Replayability,13,8,5,0,61.54,38.46,0.0
Far From Noise,Gameplay,1,0,1,0,0.0,100.0,0.0
Far From Noise,Story,7,5,1,1,71.43,14.29,14.29
Far From Noise,Graphics,3,1,1,1,33.33,33.33,33.33
Far From Noise,Music & Sound,1,0,0,1,0.0,0.0,100.0
Far From Noise,Replayability,1,1,0,0,100.0,0.0,0.0
Farewell North,Gameplay,3,3,0,0,100.0,0.0,0.0
Farewell North,Story,6,6,0,0,100.0,0.0,0.0
Farewell North,Characters,1,1,0,0,100.0,0.0,0.0
Farewell North,Music & Sound,1,1,0,0,100.0,0.0,0.0
Farewell North,Difficulty,3,3,0,0,100.0,0.0,0.0
Farewell North,Performance,1,1,0,0,100.0,0.0,0.0
Farthest Frontier,Gameplay,4,3,1,0,75.0,25.0,0.0
Farthest Frontier,Graphics,1,1,0,0,100.0,0.0,0.0
Farthest Frontier,Difficulty,3,3,0,0,100.0,0.0,0.0
Fast Fusion,Gameplay,8,7,1,0,87.5,12.5,0.0
Fast Fusion,Graphics,7,6,1,0,85.71,14.29,0.0
Fast Fusion,Level Design,1,1,0,0,100.0,0.0,0.0
Fast Fusion,Music & Sound,3,2,1,0,66.67,33.33,0.0
Fast Fusion,Difficulty,2,2,0,0,100.0,0.0,0.0
Fast Fusion,Performance,3,3,0,0,100.0,0.0,0.0
Fast Fusion,Replayability,4,4,0,0,100.0,0.0,0.0
Fatal Fury: City of the Wolves,Gameplay,41,35,6,0,85.37,14.63,0.0
Fatal Fury: City of the Wolves,Story,10,9,1,0,90.0,10.0,0.0
Fatal Fury: City of the Wolves,Graphics,14,12,2,0,85.71,14.29,0.0
Fatal Fury: City of the Wolves,Characters,16,13,3,0,81.25,18.75,0.0
Fatal Fury: City of the Wolves,Level Design,2,1,1,0,50.0,50.0,0.0
Fatal Fury: City of the Wolves,Music & Sound,7,6,1,0,85.71,14.29,0.0
Fatal Fury: City of the Wolves,Difficulty,8,6,2,0,75.0,25.0,0.0
Fatal Fury: City of the Wolves,Performance,6,6,0,0,100.0,0.0,0.0
Fatal Fury: City of the Wolves,Replayability,21,16,5,0,76.19,23.81,0.0
Fate/Samurai Remnant,Gameplay,36,30,6,0,83.33,16.67,0.0
Fate/Samurai Remnant,Story,39,34,5,0,87.18,12.82,0.0
Fate/Samurai Remnant,Graphics,5,5,0,0,100.0,0.0,0.0
Fate/Samurai Remnant,Characters,17,16,1,0,94.12,5.88,0.0
Fate/Samurai Remnant,Level Design,2,2,0,0,100.0,0.0,0.0
Fate/Samurai Remnant,Music & Sound,3,3,0,0,100.0,0.0,0.0
Fate/Samurai Remnant,Difficulty,7,6,1,0,85.71,14.29,0.0
Fate/Samurai Remnant,Performance,6,4,2,0,66.67,33.33,0.0
Fate/Samurai Remnant,Replayability,3,3,0,0,100.0,0.0,0.0
Fate/Stay Night Remastered,Gameplay,1,1,0,0,100.0,0.0,0.0
Fate/Stay Night Remastered,Story,7,7,0,0,100.0,0.0,0.0
Fate/Stay Night Remastered,Graphics,10,10,0,0,100.0,0.0,0.0
Fate/Stay Night Remastered,Characters,2,2,0,0,100.0,0.0,0.0
Fate/Stay Night Remastered,Difficulty,2,2,0,0,100.0,0.0,0.0
Fate/Stay Night Remastered,Replayability,2,2,0,0,100.0,0.0,0.0
Fear The Spotlight,Gameplay,15,11,4,0,73.33,26.67,0.0
Fear The Spotlight,Story,23,20,3,0,86.96,13.04,0.0
Fear The Spotlight,Graphics,6,5,1,0,83.33,16.67,0.0
Fear The Spotlight,Characters,4,3,1,0,75.0,25.0,0.0
Fear The Spotlight,Level Design,1,1,0,0,100.0,0.0,0.0
Fear The Spotlight,Music & Sound,3,2,1,0,66.67,33.33,0.0
Fear The Spotlight,Difficulty,8,8,0,0,100.0,0.0,0.0
Fear The Spotlight,Performance,2,2,0,0,100.0,0.0,0.0
Fear The Spotlight,Replayability,2,1,1,0,50.0,50.0,0.0
Fell Seal: Arbiter's Mark,Gameplay,10,8,2,0,80.0,20.0,0.0
Fell Seal: Arbiter's Mark,Story,14,10,4,0,71.43,28.57,0.0
Fell Seal: Arbiter's Mark,Graphics,3,3,0,0,100.0,0.0,0.0
Fell Seal: Arbiter's Mark,Characters,7,7,0,0,100.0,0.0,0.0
Fell Seal: Arbiter's Mark,Level Design,3,2,1,0,66.67,33.33,0.0
Fell Seal: Arbiter's Mark,Music & Sound,4,4,0,0,100.0,0.0,0.0
Fell Seal: Arbiter's Mark,Difficulty,7,6,1,0,85.71,14.29,0.0
Fell Seal: Arbiter's Mark,Replayability,2,2,0,0,100.0,0.0,0.0
Fez,Gameplay,12,11,1,0,91.67,8.33,0.0
Fez,Story,2,2,0,0,100.0,0.0,0.0
Fez,Graphics,8,8,0,0,100.0,0.0,0.0
Fez,Level Design,5,4,1,0,80.0,20.0,0.0
Fez,Music & Sound,4,4,0,0,100.0,0.0,0.0
Fez,Difficulty,5,4,1,0,80.0,20.0,0.0
Fez,Performance,2,2,0,0,100.0,0.0,0.0
Field of Glory II,Performance,1,1,0,0,100.0,0.0,0.0
Field of Glory II,Replayability,1,1,0,0,100.0,0.0,0.0
Fight'N Rage,Gameplay,10,7,3,0,70.0,30.0,0.0
Fight'N Rage,Graphics,3,1,2,0,33.33,66.67,0.0
Fight'N Rage,Characters,3,3,0,0,100.0,0.0,0.0
Fight'N Rage,Level Design,3,3,0,0,100.0,0.0,0.0
Fight'N Rage,Music & Sound,6,4,2,0,66.67,33.33,0.0
Fight'N Rage,Difficulty,4,4,0,0,100.0,0.0,0.0
Fight'N Rage,Replayability,6,5,1,0,83.33,16.67,0.0
Fights in Tight Spaces,Gameplay,8,8,0,0,100.0,0.0,0.0
Fights in Tight Spaces,Graphics,3,3,0,0,100.0,0.0,0.0
Fights in Tight Spaces,Level Design,2,2,0,0,100.0,0.0,0.0
Fights in Tight Spaces,Music & Sound,1,1,0,0,100.0,0.0,0.0
Fights in Tight Spaces,Difficulty,5,5,0,0,100.0,0.0,0.0
Fights in Tight Spaces,Performance,1,1,0,0,100.0,0.0,0.0
Fights in Tight Spaces,Replayability,1,0,1,0,0.0,100.0,0.0
Filament,Gameplay,4,2,2,0,50.0,50.0,0.0
Filament,Story,3,1,2,0,33.33,66.67,0.0
Filament,Level Design,2,1,1,0,50.0,50.0,0.0
Filament,Difficulty,8,5,3,0,62.5,37.5,0.0
Final Fantasy II Pixel Remaster,Gameplay,5,3,2,0,60.0,40.0,0.0
Final Fantasy II Pixel Remaster,Story,1,1,0,0,100.0,0.0,0.0
Final Fantasy II Pixel Remaster,Graphics,4,3,1,0,75.0,25.0,0.0
Final Fantasy II Pixel Remaster,Characters,1,0,1,0,0.0,100.0,0.0
Final Fantasy II Pixel Remaster,Level Design,1,1,0,0,100.0,0.0,0.0
Final Fantasy II Pixel Remaster,Music & Sound,3,2,1,0,66.67,33.33,0.0
Final Fantasy II Pixel Remaster,Difficulty,4,3,1,0,75.0,25.0,0.0
Final Fantasy II Pixel Remaster,Performance,1,0,1,0,0.0,100.0,0.0
Final Fantasy II Pixel Remaster,Replayability,7,5,2,0,71.43,28.57,0.0
Final Fantasy III Pixel Remaster,Gameplay,4,3,1,0,75.0,25.0,0.0
Final Fantasy III Pixel Remaster,Story,2,2,0,0,100.0,0.0,0.0
Final Fantasy III Pixel Remaster,Graphics,4,3,1,0,75.0,25.0,0.0
Final Fantasy III Pixel Remaster,Level Design,1,1,0,0,100.0,0.0,0.0
Final Fantasy III Pixel Remaster,Music & Sound,4,3,1,0,75.0,25.0,0.0
Final Fantasy III Pixel Remaster,Difficulty,3,2,1,0,66.67,33.33,0.0
Final Fantasy III Pixel Remaster,Performance,1,0,1,0,0.0,100.0,0.0
Final Fantasy III Pixel Remaster,Replayability,6,5,1,0,83.33,16.67,0.0
Final Fantasy IV Pixel Remaster,Gameplay,6,6,0,0,100.0,0.0,0.0
Final Fantasy IV Pixel Remaster,Story,5,5,0,0,100.0,0.0,0.0
Final Fantasy IV Pixel Remaster,Graphics,4,4,0,0,100.0,0.0,0.0
Final Fantasy IV Pixel Remaster,Characters,1,1,0,0,100.0,0.0,0.0
Final Fantasy IV Pixel Remaster,Level Design,1,1,0,0,100.0,0.0,0.0
Final Fantasy IV Pixel Remaster,Music & Sound,5,5,0,0,100.0,0.0,0.0
Final Fantasy IV Pixel Remaster,Difficulty,4,4,0,0,100.0,0.0,0.0
Final Fantasy IV Pixel Remaster,Performance,2,1,1,0,50.0,50.0,0.0
Final Fantasy IV Pixel Remaster,Replayability,6,6,0,0,100.0,0.0,0.0
Final Fantasy IX,Gameplay,3,3,0,0,100.0,0.0,0.0
Final Fantasy IX,Story,7,6,1,0,85.71,14.29,0.0
Final Fantasy IX,Graphics,2,2,0,0,100.0,0.0,0.0
Final Fantasy IX,Characters,5,5,0,0,100.0,0.0,0.0
Final Fantasy IX,Level Design,1,1,0,0,100.0,0.0,0.0
Final Fantasy IX,Music & Sound,1,0,1,0,0.0,100.0,0.0
Final Fantasy IX,Difficulty,3,2,1,0,66.67,33.33,0.0
Final Fantasy IX,Performance,1,1,0,0,100.0,0.0,0.0
Final Fantasy IX,Replayability,1,1,0,0,100.0,0.0,0.0
Final Fantasy IX (Steam),Gameplay,1,1,0,0,100.0,0.0,0.0
Final Fantasy IX (Steam),Story,3,3,0,0,100.0,0.0,0.0
Final Fantasy IX (Steam),Characters,1,1,0,0,100.0,0.0,0.0
Final Fantasy IX (Steam),Difficulty,1,1,0,0,100.0,0.0,0.0
Final Fantasy IX (Steam),Replayability,1,1,0,0,100.0,0.0,0.0
Final Fantasy Pixel Remaster,Gameplay,9,9,0,0,100.0,0.0,0.0
Final Fantasy Pixel Remaster,Story,4,4,0,0,100.0,0.0,0.0
Final Fantasy Pixel Remaster,Graphics,7,5,2,0,71.43,28.57,0.0
Final Fantasy Pixel Remaster,Characters,1,1,0,0,100.0,0.0,0.0
Final Fantasy Pixel Remaster,Level Design,3,3,0,0,100.0,0.0,0.0
Final Fantasy Pixel Remaster,Music & Sound,11,8,3,0,72.73,27.27,0.0
Final Fantasy Pixel Remaster,Difficulty,5,2,3,0,40.0,60.0,0.0
Final Fantasy Pixel Remaster,Performance,1,0,1,0,0.0,100.0,0.0
Final Fantasy Pixel Remaster,Replayability,9,7,2,0,77.78,22.22,0.0
Final Fantasy Tactics - The Ivalice Chronicles,Gameplay,24,22,2,0,91.67,8.33,0.0
Final Fantasy Tactics - The Ivalice Chronicles,Story,40,38,2,0,95.0,5.0,0.0
Final Fantasy Tactics - The Ivalice Chronicles,Graphics,20,19,1,0,95.0,5.0,0.0
Final Fantasy Tactics - The Ivalice Chronicles,Characters,9,8,1,0,88.89,11.11,0.0
Final Fantasy Tactics - The Ivalice Chronicles,Level Design,4,4,0,0,100.0,0.0,0.0
Final Fantasy Tactics - The Ivalice Chronicles,Music & Sound,2,2,0,0,100.0,0.0,0.0
Final Fantasy Tactics - The Ivalice Chronicles,Difficulty,12,12,0,0,100.0,0.0,0.0
Final Fantasy Tactics - The Ivalice Chronicles,Performance,2,1,1,0,50.0,50.0,0.0
Final Fantasy Tactics - The Ivalice Chronicles,Replayability,13,13,0,0,100.0,0.0,0.0
Final Fantasy V Pixel Remaster,Gameplay,6,4,2,0,66.67,33.33,0.0
Final Fantasy V Pixel Remaster,Story,5,3,2,0,60.0,40.0,0.0
Final Fantasy V Pixel Remaster,Graphics,5,5,0,0,100.0,0.0,0.0
Final Fantasy V Pixel Remaster,Characters,4,2,2,0,50.0,50.0,0.0
Final Fantasy V Pixel Remaster,Level Design,1,1,0,0,100.0,0.0,0.0
Final Fantasy V Pixel Remaster,Music & Sound,6,6,0,0,100.0,0.0,0.0
Final Fantasy V Pixel Remaster,Difficulty,2,2,0,0,100.0,0.0,0.0
Final Fantasy V Pixel Remaster,Replayability,6,6,0,0,100.0,0.0,0.0
Final Fantasy VI Pixel Remaster,Gameplay,5,5,0,0,100.0,0.0,0.0
Final Fantasy VI Pixel Remaster,Story,3,3,0,0,100.0,0.0,0.0
Final Fantasy VI Pixel Remaster,Graphics,5,5,0,0,100.0,0.0,0.0
Final Fantasy VI Pixel Remaster,Characters,2,2,0,0,100.0,0.0,0.0
Final Fantasy VI Pixel Remaster,Level Design,1,1,0,0,100.0,0.0,0.0
Final Fantasy VI Pixel Remaster,Music & Sound,5,5,0,0,100.0,0.0,0.0
Final Fantasy VI Pixel Remaster,Difficulty,3,3,0,0,100.0,0.0,0.0
Final Fantasy VI Pixel Remaster,Replayability,4,4,0,0,100.0,0.0,0.0
Final Fantasy VII,Gameplay,1,1,0,0,100.0,0.0,0.0
Final Fantasy VII,Story,3,3,0,0,100.0,0.0,0.0
Final Fantasy VII,Graphics,1,1,0,0,100.0,0.0,0.0
Final Fantasy VII,Characters,3,2,1,0,66.67,33.33,0.0
Final Fantasy VII,Music & Sound,3,2,1,0,66.67,33.33,0.0
Final Fantasy VII,Performance,2,1,1,0,50.0,50.0,0.0
Final Fantasy VII,Replayability,1,0,1,0,0.0,100.0,0.0
Final Fantasy VII Rebirth,Gameplay,66,60,6,0,90.91,9.09,0.0
Final Fantasy VII Rebirth,Story,84,76,8,0,90.48,9.52,0.0
Final Fantasy VII Rebirth,Graphics,25,23,2,0,92.0,8.0,0.0
Final Fantasy VII Rebirth,Characters,36,32,4,0,88.89,11.11,0.0
Final Fantasy VII Rebirth,Level Design,8,8,0,0,100.0,0.0,0.0
Final Fantasy VII Rebirth,Music & Sound,11,9,2,0,81.82,18.18,0.0
Final Fantasy VII Rebirth,Difficulty,17,13,4,0,76.47,23.53,0.0
Final Fantasy VII Rebirth,Performance,29,28,1,0,96.55,3.45,0.0
Final Fantasy VII Rebirth,Replayability,32,30,2,0,93.75,6.25,0.0
Final Fantasy VII Remake,Gameplay,37,34,3,0,91.89,8.11,0.0
Final Fantasy VII Remake,Story,52,43,9,0,82.69,17.31,0.0
Final Fantasy VII Remake,Graphics,17,15,2,0,88.24,11.76,0.0
Final Fantasy VII Remake,Characters,31,29,2,0,93.55,6.45,0.0
Final Fantasy VII Remake,Level Design,7,6,0,1,85.71,0.0,14.29
Final Fantasy VII Remake,Music & Sound,11,8,3,0,72.73,27.27,0.0
Final Fantasy VII Remake,Difficulty,12,9,2,1,75.0,16.67,8.33
Final Fantasy VII Remake,Performance,3,2,1,0,66.67,33.33,0.0
Final Fantasy VII Remake,Replayability,4,4,0,0,100.0,0.0,0.0
Final Fantasy VII Remake Intergrade,Gameplay,37,34,3,0,91.89,8.11,0.0
Final Fantasy VII Remake Intergrade,Story,46,41,5,0,89.13,10.87,0.0
Final Fantasy VII Remake Intergrade,Graphics,28,27,1,0,96.43,3.57,0.0
Final Fantasy VII Remake Intergrade,Characters,32,29,3,0,90.62,9.38,0.0
Final Fantasy VII Remake Intergrade,Level Design,2,2,0,0,100.0,0.0,0.0
Final Fantasy VII Remake Intergrade,Music & Sound,8,8,0,0,100.0,0.0,0.0
Final Fantasy VII Remake Intergrade,Difficulty,10,7,3,0,70.0,30.0,0.0
Final Fantasy VII Remake Intergrade,Performance,38,33,5,0,86.84,13.16,0.0
Final Fantasy VII Remake Intergrade,Replayability,24,20,4,0,83.33,16.67,0.0
Final Fantasy VIII Remastered,Gameplay,14,10,4,0,71.43,28.57,0.0
Final Fantasy VIII Remastered,Story,15,12,3,0,80.0,20.0,0.0
Final Fantasy VIII Remastered,Graphics,12,7,5,0,58.33,41.67,0.0
Final Fantasy VIII Remastered,Characters,12,9,3,0,75.0,25.0,0.0
Final Fantasy VIII Remastered,Level Design,1,1,0,0,100.0,0.0,0.0
Final Fantasy VIII Remastered,Music & Sound,3,3,0,0,100.0,0.0,0.0
Final Fantasy VIII Remastered,Difficulty,4,1,3,0,25.0,75.0,0.0
Final Fantasy VIII Remastered,Performance,1,1,0,0,100.0,0.0,0.0
Final Fantasy VIII Remastered,Replayability,3,3,0,0,100.0,0.0,0.0
Final Fantasy X / X-2 HD Remaster,Gameplay,6,4,2,0,66.67,33.33,0.0
Final Fantasy X / X-2 HD Remaster,Story,6,4,2,0,66.67,33.33,0.0
Final Fantasy X / X-2 HD Remaster,Graphics,9,8,1,0,88.89,11.11,0.0
Final Fantasy X / X-2 HD Remaster,Characters,3,1,2,0,33.33,66.67,0.0
Final Fantasy X / X-2 HD Remaster,Music & Sound,5,4,1,0,80.0,20.0,0.0
Final Fantasy X / X-2 HD Remaster,Difficulty,9,8,1,0,88.89,11.11,0.0
Final Fantasy X / X-2 HD Remaster,Performance,2,2,0,0,100.0,0.0,0.0
Final Fantasy X / X-2 HD Remaster,Replayability,9,8,1,0,88.89,11.11,0.0
Final Fantasy XII: The Zodiac Age,Gameplay,32,27,5,0,84.38,15.62,0.0
Final Fantasy XII: The Zodiac Age,Story,18,15,3,0,83.33,16.67,0.0
Final Fantasy XII: The Zodiac Age,Graphics,15,14,1,0,93.33,6.67,0.0
Final Fantasy XII: The Zodiac Age,Characters,5,4,1,0,80.0,20.0,0.0
Final Fantasy XII: The Zodiac Age,Level Design,1,1,0,0,100.0,0.0,0.0
Final Fantasy XII: The Zodiac Age,Music & Sound,8,7,1,0,87.5,12.5,0.0
Final Fantasy XII: The Zodiac Age,Difficulty,2,2,0,0,100.0,0.0,0.0
Final Fantasy XII: The Zodiac Age,Performance,2,2,0,0,100.0,0.0,0.0
Final Fantasy XII: The Zodiac Age,Replayability,1,1,0,0,100.0,0.0,0.0
Final Fantasy XIV Online: A Realm Reborn,Gameplay,1,1,0,0,100.0,0.0,0.0
Final Fantasy XIV Online: A Realm Reborn,Story,3,3,0,0,100.0,0.0,0.0
Final Fantasy XIV Online: A Realm Reborn,Graphics,5,5,0,0,100.0,0.0,0.0
Final Fantasy XIV Online: A Realm Reborn,Level Design,1,1,0,0,100.0,0.0,0.0
Final Fantasy XIV Online: A Realm Reborn,Music & Sound,1,1,0,0,100.0,0.0,0.0
Final Fantasy XIV Online: A Realm Reborn,Difficulty,1,1,0,0,100.0,0.0,0.0
Final Fantasy XIV Online: A Realm Reborn,Performance,1,1,0,0,100.0,0.0,0.0
Final Fantasy XIV Online: A Realm Reborn,Replayability,6,6,0,0,100.0,0.0,0.0
Final Fantasy XIV: Dawntrail,Gameplay,10,5,5,0,50.0,50.0,0.0
Final Fantasy XIV: Dawntrail,Story,29,25,4,0,86.21,13.79,0.0
Final Fantasy XIV: Dawntrail,Graphics,2,2,0,0,100.0,0.0,0.0
Final Fantasy XIV: Dawntrail,Characters,7,7,0,0,100.0,0.0,0.0
Final Fantasy XIV: Dawntrail,Level Design,1,1,0,0,100.0,0.0,0.0
Final Fantasy XIV: Dawntrail,Music & Sound,5,5,0,0,100.0,0.0,0.0
Final Fantasy XIV: Dawntrail,Difficulty,3,3,0,0,100.0,0.0,0.0
Final Fantasy XIV: Dawntrail,Replayability,7,5,2,0,71.43,28.57,0.0
Final Fantasy XIV: Endwalker,Gameplay,3,3,0,0,100.0,0.0,0.0
Final Fantasy XIV: Endwalker,Story,29,26,3,0,89.66,10.34,0.0
Final Fantasy XIV: Endwalker,Graphics,2,2,0,0,100.0,0.0,0.0
Final Fantasy XIV: Endwalker,Characters,3,3,0,0,100.0,0.0,0.0
Final Fantasy XIV: Endwalker,Level Design,1,1,0,0,100.0,0.0,0.0
Final Fantasy XIV: Endwalker,Music & Sound,2,2,0,0,100.0,0.0,0.0
Final Fantasy XIV: Endwalker,Difficulty,4,4,0,0,100.0,0.0,0.0
Final Fantasy XIV: Endwalker,Replayability,4,3,1,0,75.0,25.0,0.0
Final Fantasy XIV: Heavensward,Gameplay,3,2,1,0,66.67,33.33,0.0
Final Fantasy XIV: Heavensward,Story,8,7,1,0,87.5,12.5,0.0
Final Fantasy XIV: Heavensward,Level Design,3,3,0,0,100.0,0.0,0.0
Final Fantasy XIV: Heavensward,Difficulty,1,1,0,0,100.0,0.0,0.0
Final Fantasy XIV: Heavensward,Replayability,8,8,0,0,100.0,0.0,0.0
Final Fantasy XIV: Shadowbringers,Gameplay,8,8,0,0,100.0,0.0,0.0
Final Fantasy XIV: Shadowbringers,Story,25,25,0,0,100.0,0.0,0.0
Final Fantasy XIV: Shadowbringers,Graphics,2,1,1,0,50.0,50.0,0.0
Final Fantasy XIV: Shadowbringers,Characters,3,3,0,0,100.0,0.0,0.0
Final Fantasy XIV: Shadowbringers,Level Design,5,5,0,0,100.0,0.0,0.0
Final Fantasy XIV: Shadowbringers,Music & Sound,8,8,0,0,100.0,0.0,0.0
Final Fantasy XIV: Shadowbringers,Difficulty,1,1,0,0,100.0,0.0,0.0
Final Fantasy XIV: Shadowbringers,Replayability,8,8,0,0,100.0,0.0,0.0
Final Fantasy XIV: Stormblood,Gameplay,6,6,0,0,100.0,0.0,0.0
Final Fantasy XIV: Stormblood,Story,13,13,0,0,100.0,0.0,0.0
Final Fantasy XIV: Stormblood,Graphics,2,2,0,0,100.0,0.0,0.0
Final Fantasy XIV: Stormblood,Characters,6,4,2,0,66.67,33.33,0.0
Final Fantasy XIV: Stormblood,Level Design,1,1,0,0,100.0,0.0,0.0
Final Fantasy XIV: Stormblood,Music & Sound,1,1,0,0,100.0,0.0,0.0
Final Fantasy XIV: Stormblood,Difficulty,1,1,0,0,100.0,0.0,0.0
Final Fantasy XIV: Stormblood,Replayability,5,5,0,0,100.0,0.0,0.0
Final Fantasy XV,Gameplay,43,29,14,0,67.44,32.56,0.0
Final Fantasy XV,Story,41,26,13,2,63.41,31.71,4.88
Final Fantasy XV,Graphics,6,4,2,0,66.67,33.33,0.0
Final Fantasy XV,Characters,28,20,6,2,71.43,21.43,7.14
Final Fantasy XV,Level Design,2,1,1,0,50.0,50.0,0.0
Final Fantasy XV,Music & Sound,7,4,3,0,57.14,42.86,0.0
Final Fantasy XV,Difficulty,9,6,3,0,66.67,33.33,0.0
Final Fantasy XV,Performance,2,0,1,1,0.0,50.0,50.0
Final Fantasy XV,Replayability,5,4,1,0,80.0,20.0,0.0
Final Fantasy XV: Windows Edition,Gameplay,2,2,0,0,100.0,0.0,0.0
Final Fantasy XV: Windows Edition,Story,4,4,0,0,100.0,0.0,0.0
Final Fantasy XV: Windows Edition,Graphics,2,2,0,0,100.0,0.0,0.0
Final Fantasy XV: Windows Edition,Characters,2,2,0,0,100.0,0.0,0.0
Final Fantasy XV: Windows Edition,Performance,2,2,0,0,100.0,0.0,0.0
Final Fantasy XV: Windows Edition,Replayability,3,3,0,0,100.0,0.0,0.0
Final Fantasy XVI,Gameplay,95,78,16,1,82.11,16.84,1.05
Final Fantasy XVI,Story,108,92,15,1,85.19,13.89,0.93
Final Fantasy XVI,Graphics,27,24,2,1,88.89,7.41,3.7
Final Fantasy XVI,Characters,44,37,6,1,84.09,13.64,2.27
Final Fantasy XVI,Level Design,12,10,2,0,83.33,16.67,0.0
Final Fantasy XVI,Music & Sound,20,20,0,0,100.0,0.0,0.0
Final Fantasy XVI,Difficulty,19,14,4,1,73.68,21.05,5.26
Final Fantasy XVI,Performance,9,7,2,0,77.78,22.22,0.0
Final Fantasy XVI,Replayability,4,3,1,0,75.0,25.0,0.0
Find Your Words,Difficulty,1,1,0,0,100.0,0.0,0.0
Finding Paradise,Gameplay,2,2,0,0,100.0,0.0,0.0
Finding Paradise,Story,11,10,1,0,90.91,9.09,0.0
Finding Paradise,Music & Sound,3,3,0,0,100.0,0.0,0.0
Fire Emblem Echoes: Shadows of Valentia,Gameplay,24,19,5,0,79.17,20.83,0.0
Fire Emblem Echoes: Shadows of Valentia,Story,16,11,4,1,68.75,25.0,6.25
Fire Emblem Echoes: Shadows of Valentia,Graphics,2,1,1,0,50.0,50.0,0.0
Fire Emblem Echoes: Shadows of Valentia,Characters,8,5,2,1,62.5,25.0,12.5
Fire Emblem Echoes: Shadows of Valentia,Level Design,3,2,0,1,66.67,0.0,33.33
Fire Emblem Echoes: Shadows of Valentia,Difficulty,7,5,2,0,71.43,28.57,0.0
Fire Emblem Echoes: Shadows of Valentia,Replayability,3,2,1,0,66.67,33.33,0.0
Fire Emblem Engage,Gameplay,75,53,22,0,70.67,29.33,0.0
Fire Emblem Engage,Story,52,34,18,0,65.38,34.62,0.0
Fire Emblem Engage,Graphics,10,5,5,0,50.0,50.0,0.0
Fire Emblem Engage,Characters,35,19,16,0,54.29,45.71,0.0
Fire Emblem Engage,Level Design,6,5,1,0,83.33,16.67,0.0
Fire Emblem Engage,Music & Sound,5,4,1,0,80.0,20.0,0.0
Fire Emblem Engage,Difficulty,12,8,4,0,66.67,33.33,0.0
Fire Emblem Engage,Performance,3,2,1,0,66.67,33.33,0.0
Fire Emblem Engage,Replayability,5,3,2,0,60.0,40.0,0.0
Fire Emblem Fates: Birthright,Gameplay,17,13,3,1,76.47,17.65,5.88
Fire Emblem Fates: Birthright,Story,21,15,4,2,71.43,19.05,9.52
Fire Emblem Fates: Birthright,Characters,8,7,1,0,87.5,12.5,0.0
Fire Emblem Fates: Birthright,Level Design,2,1,0,1,50.0,0.0,50.0
Fire Emblem Fates: Birthright,Music & Sound,2,1,1,0,50.0,50.0,0.0
Fire Emblem Fates: Birthright,Difficulty,3,1,1,1,33.33,33.33,33.33
Fire Emblem Fates: Birthright,Replayability,7,6,0,1,85.71,0.0,14.29
Fire Emblem Fates: Conquest,Gameplay,18,14,3,1,77.78,16.67,5.56
Fire Emblem Fates: Conquest,Story,20,17,2,1,85.0,10.0,5.0
Fire Emblem Fates: Conquest,Graphics,2,2,0,0,100.0,0.0,0.0
Fire Emblem Fates: Conquest,Characters,8,7,1,0,87.5,12.5,0.0
Fire Emblem Fates: Conquest,Level Design,2,2,0,0,100.0,0.0,0.0
Fire Emblem Fates: Conquest,Music & Sound,1,1,0,0,100.0,0.0,0.0
Fire Emblem Fates: Conquest,Difficulty,10,10,0,0,100.0,0.0,0.0
Fire Emblem Fates: Conquest,Replayability,6,6,0,0,100.0,0.0,0.0
Fire Emblem Fates: Revelation,Gameplay,6,6,0,0,100.0,0.0,0.0
Fire Emblem Fates: Revelation,Story,8,6,2,0,75.0,25.0,0.0
Fire Emblem Fates: Revelation,Graphics,1,1,0,0,100.0,0.0,0.0
Fire Emblem Fates: Revelation,Characters,4,3,1,0,75.0,25.0,0.0
Fire Emblem Fates: Revelation,Level Design,1,1,0,0,100.0,0.0,0.0
Fire Emblem Fates: Revelation,Difficulty,1,1,0,0,100.0,0.0,0.0
Fire Emblem Warriors: Three Hopes,Gameplay,39,29,10,0,74.36,25.64,0.0
Fire Emblem Warriors: Three Hopes,Story,36,29,7,0,80.56,19.44,0.0
Fire Emblem Warriors: Three Hopes,Graphics,4,2,2,0,50.0,50.0,0.0
Fire Emblem Warriors: Three Hopes,Characters,29,26,3,0,89.66,10.34,0.0
Fire Emblem Warriors: Three Hopes,Level Design,5,5,0,0,100.0,0.0,0.0
Fire Emblem Warriors: Three Hopes,Music & Sound,2,1,1,0,50.0,50.0,0.0
Fire Emblem Warriors: Three Hopes,Difficulty,7,6,1,0,85.71,14.29,0.0
Fire Emblem Warriors: Three Hopes,Performance,4,2,2,0,50.0,50.0,0.0
Fire Emblem Warriors: Three Hopes,Replayability,7,6,1,0,85.71,14.29,0.0
Fire Emblem: Three Houses,Gameplay,38,33,5,0,86.84,13.16,0.0
Fire Emblem: Three Houses,Story,37,35,2,0,94.59,5.41,0.0
Fire Emblem: Three Houses,Graphics,5,5,0,0,100.0,0.0,0.0
Fire Emblem: Three Houses,Characters,32,29,3,0,90.62,9.38,0.0
Fire Emblem: Three Houses,Level Design,5,5,0,0,100.0,0.0,0.0
Fire Emblem: Three Houses,Music & Sound,4,4,0,0,100.0,0.0,0.0
Fire Emblem: Three Houses,Difficulty,11,10,1,0,90.91,9.09,0.0
Fire Emblem: Three Houses,Performance,5,3,2,0,60.0,40.0,0.0
Fire Emblem: Three Houses,Replayability,8,7,1,0,87.5,12.5,0.0
Fire Pro Wrestling World,Gameplay,10,8,2,0,80.0,20.0,0.0
Fire Pro Wrestling World,Story,4,2,2,0,50.0,50.0,0.0
Fire Pro Wrestling World,Graphics,2,2,0,0,100.0,0.0,0.0
Fire Pro Wrestling World,Characters,3,2,1,0,66.67,33.33,0.0
Fire Pro Wrestling World,Level Design,1,1,0,0,100.0,0.0,0.0
Fire Pro Wrestling World,Difficulty,1,1,0,0,100.0,0.0,0.0
Fire Pro Wrestling World,Performance,2,1,1,0,50.0,50.0,0.0
Fire Pro Wrestling World,Replayability,1,1,0,0,100.0,0.0,0.0
Firewatch,Gameplay,12,10,2,0,83.33,16.67,0.0
Firewatch,Story,59,47,11,1,79.66,18.64,1.69
Firewatch,Graphics,7,7,0,0,100.0,0.0,0.0
Firewatch,Characters,25,16,9,0,64.0,36.0,0.0
Firewatch,Level Design,4,4,0,0,100.0,0.0,0.0
Firewatch,Difficulty,6,6,0,0,100.0,0.0,0.0
Firewatch,Performance,10,4,6,0,40.0,60.0,0.0
Firewatch,Replayability,5,4,1,0,80.0,20.0,0.0
Five Nights at Freddy's: Into the Pit,Gameplay,11,7,4,0,63.64,36.36,0.0
Five Nights at Freddy's: Into the Pit,Story,10,6,4,0,60.0,40.0,0.0
Five Nights at Freddy's: Into the Pit,Graphics,3,2,1,0,66.67,33.33,0.0
Five Nights at Freddy's: Into the Pit,Characters,1,0,1,0,0.0,100.0,0.0
Five Nights at Freddy's: Into the Pit,Music & Sound,1,0,1,0,0.0,100.0,0.0
Five Nights at Freddy's: Into the Pit,Difficulty,1,1,0,0,100.0,0.0,0.0
Five Nights at Freddy's: Into the Pit,Performance,2,0,2,0,0.0,100.0,0.0
Five Nights at Freddy's: Into the Pit,Replayability,1,1,0,0,100.0,0.0,0.0
Floppy Knights,Gameplay,1,0,1,0,0.0,100.0,0.0
Floppy Knights,Story,2,0,2,0,0.0,100.0,0.0
Floppy Knights,Graphics,1,0,1,0,0.0,100.0,0.0
Floppy Knights,Characters,3,3,0,0,100.0,0.0,0.0
Floppy Knights,Level Design,1,0,1,0,0.0,100.0,0.0
Floppy Knights,Music & Sound,2,0,2,0,0.0,100.0,0.0
Floppy Knights,Difficulty,1,0,1,0,0.0,100.0,0.0
Floppy Knights,Performance,1,0,1,0,0.0,100.0,0.0
Floppy Knights,Replayability,1,0,1,0,0.0,100.0,0.0
Florence,Gameplay,3,3,0,0,100.0,0.0,0.0
Florence,Story,10,9,1,0,90.0,10.0,0.0
Florence,Graphics,1,1,0,0,100.0,0.0,0.0
Florence,Music & Sound,2,2,0,0,100.0,0.0,0.0
Florence,Replayability,1,1,0,0,100.0,0.0,0.0
Football Manager 2016,Gameplay,1,1,0,0,100.0,0.0,0.0
Football Manager 2016,Characters,1,0,1,0,0.0,100.0,0.0
Football Manager 2017,Graphics,1,1,0,0,100.0,0.0,0.0
Football Manager 2017,Level Design,1,1,0,0,100.0,0.0,0.0
Football Manager 2017,Difficulty,1,1,0,0,100.0,0.0,0.0
Football Manager 2017,Performance,1,1,0,0,100.0,0.0,0.0
Football Manager 2018,Gameplay,1,1,0,0,100.0,0.0,0.0
Football Manager 2018,Level Design,1,1,0,0,100.0,0.0,0.0
Football Manager 2018,Difficulty,1,1,0,0,100.0,0.0,0.0
Football Manager 2018,Performance,1,0,1,0,0.0,100.0,0.0
Football Manager 2019,Gameplay,2,2,0,0,100.0,0.0,0.0
Football Manager 2019,Graphics,1,0,1,0,0.0,100.0,0.0
Football Manager 2019,Level Design,2,2,0,0,100.0,0.0,0.0
Football Manager 2019,Difficulty,3,3,0,0,100.0,0.0,0.0
Football Manager 2019,Performance,3,2,1,0,66.67,33.33,0.0
Football Manager 2019,Replayability,2,2,0,0,100.0,0.0,0.0
Football Manager 2020,Gameplay,2,2,0,0,100.0,0.0,0.0
Football Manager 2020,Graphics,1,1,0,0,100.0,0.0,0.0
Football Manager 2020,Level Design,1,1,0,0,100.0,0.0,0.0
Football Manager 2020,Difficulty,1,1,0,0,100.0,0.0,0.0
Football Manager 2020,Performance,1,0,1,0,0.0,100.0,0.0
Football Manager 2020,Replayability,2,2,0,0,100.0,0.0,0.0
Football Manager 2021,Gameplay,2,2,0,0,100.0,0.0,0.0
Football Manager 2021,Graphics,1,1,0,0,100.0,0.0,0.0
Football Manager 2021,Level Design,1,1,0,0,100.0,0.0,0.0
Football Manager 2021,Music & Sound,1,1,0,0,100.0,0.0,0.0
Football Manager 2021,Difficulty,4,4,0,0,100.0,0.0,0.0
Football Manager 2021,Performance,3,3,0,0,100.0,0.0,0.0
Football Manager 2022,Gameplay,3,3,0,0,100.0,0.0,0.0
Football Manager 2022,Graphics,3,3,0,0,100.0,0.0,0.0
Football Manager 2022,Level Design,1,1,0,0,100.0,0.0,0.0
Football Manager 2022,Difficulty,1,1,0,0,100.0,0.0,0.0
Football Manager 2022,Performance,1,1,0,0,100.0,0.0,0.0
Football Manager 2023,Gameplay,1,1,0,0,100.0,0.0,0.0
Football Manager 2023,Story,1,0,1,0,0.0,100.0,0.0
Football Manager 2023,Graphics,2,1,1,0,50.0,50.0,0.0
Football Manager 2023,Music & Sound,1,1,0,0,100.0,0.0,0.0
Football Manager 2023,Difficulty,2,2,0,0,100.0,0.0,0.0
Football Manager 2023,Performance,1,1,0,0,100.0,0.0,0.0
Football Manager 2023,Replayability,1,0,1,0,0.0,100.0,0.0
Football Manager 2024,Gameplay,6,5,1,0,83.33,16.67,0.0
Football Manager 2024,Graphics,2,1,1,0,50.0,50.0,0.0
Football Manager 2024,Level Design,3,3,0,0,100.0,0.0,0.0
Football Manager 2024,Music & Sound,1,0,1,0,0.0,100.0,0.0
Football Manager 2024,Difficulty,3,1,1,1,33.33,33.33,33.33
Football Manager 2024,Performance,1,1,0,0,100.0,0.0,0.0
Football Manager 2024,Replayability,2,1,1,0,50.0,50.0,0.0
Forbidden Solitaire,Gameplay,1,1,0,0,100.0,0.0,0.0
Forbidden Solitaire,Story,2,2,0,0,100.0,0.0,0.0
Forbidden Solitaire,Graphics,1,1,0,0,100.0,0.0,0.0
Forbidden Solitaire,Difficulty,1,1,0,0,100.0,0.0,0.0
ForeVR Bowl,Gameplay,1,1,0,0,100.0,0.0,0.0
ForeVR Bowl,Music & Sound,1,0,1,0,0.0,100.0,0.0
ForeVR Bowl,Difficulty,3,2,1,0,66.67,33.33,0.0
Fortnite: Battle Royale,Gameplay,3,3,0,0,100.0,0.0,0.0
Fortnite: Battle Royale,Performance,1,1,0,0,100.0,0.0,0.0
Fortnite: Battle Royale,Replayability,2,2,0,0,100.0,0.0,0.0
Forza Horizon 2,Gameplay,6,5,1,0,83.33,16.67,0.0
Forza Horizon 2,Story,2,1,1,0,50.0,50.0,0.0
Forza Horizon 2,Graphics,7,6,1,0,85.71,14.29,0.0
Forza Horizon 2,Characters,1,1,0,0,100.0,0.0,0.0
Forza Horizon 2,Level Design,6,6,0,0,100.0,0.0,0.0
Forza Horizon 2,Music & Sound,3,3,0,0,100.0,0.0,0.0
Forza Horizon 2,Difficulty,4,4,0,0,100.0,0.0,0.0
Forza Horizon 2,Performance,1,1,0,0,100.0,0.0,0.0
Forza Horizon 2,Replayability,5,5,0,0,100.0,0.0,0.0
Forza Horizon 2: Storm Island,Gameplay,2,1,1,0,50.0,50.0,0.0
Forza Horizon 2: Storm Island,Graphics,1,1,0,0,100.0,0.0,0.0
Forza Horizon 2: Storm Island,Level Design,1,0,1,0,0.0,100.0,0.0
Forza Horizon 2: Storm Island,Difficulty,2,2,0,0,100.0,0.0,0.0
Forza Horizon 2: Storm Island,Replayability,5,4,1,0,80.0,20.0,0.0
Forza Horizon 3,Gameplay,10,9,1,0,90.0,10.0,0.0
Forza Horizon 3,Graphics,11,10,1,0,90.91,9.09,0.0
Forza Horizon 3,Level Design,9,8,1,0,88.89,11.11,0.0
Forza Horizon 3,Music & Sound,5,5,0,0,100.0,0.0,0.0
Forza Horizon 3,Difficulty,7,6,1,0,85.71,14.29,0.0
Forza Horizon 3,Performance,6,5,1,0,83.33,16.67,0.0
Forza Horizon 3,Replayability,7,7,0,0,100.0,0.0,0.0
Forza Horizon 3 - Blizzard Mountain,Level Design,3,3,0,0,100.0,0.0,0.0
Forza Horizon 3 - Blizzard Mountain,Music & Sound,1,1,0,0,100.0,0.0,0.0
Forza Horizon 3 - Blizzard Mountain,Difficulty,2,2,0,0,100.0,0.0,0.0
Forza Horizon 3 - Blizzard Mountain,Replayability,1,1,0,0,100.0,0.0,0.0
Forza Horizon 3 - Hot Wheels Expansion,Gameplay,1,1,0,0,100.0,0.0,0.0
Forza Horizon 3 - Hot Wheels Expansion,Graphics,1,1,0,0,100.0,0.0,0.0
Forza Horizon 3 - Hot Wheels Expansion,Difficulty,1,1,0,0,100.0,0.0,0.0
Forza Horizon 3 - Hot Wheels Expansion,Replayability,3,3,0,0,100.0,0.0,0.0
Forza Horizon 4,Gameplay,16,16,0,0,100.0,0.0,0.0
Forza Horizon 4,Story,1,1,0,0,100.0,0.0,0.0
Forza Horizon 4,Graphics,16,16,0,0,100.0,0.0,0.0
Forza Horizon 4,Characters,2,2,0,0,100.0,0.0,0.0
Forza Horizon 4,Level Design,8,8,0,0,100.0,0.0,0.0
Forza Horizon 4,Music & Sound,5,5,0,0,100.0,0.0,0.0
Forza Horizon 4,Difficulty,7,7,0,0,100.0,0.0,0.0
Forza Horizon 4,Performance,4,4,0,0,100.0,0.0,0.0
Forza Horizon 4,Replayability,16,16,0,0,100.0,0.0,0.0
Forza Horizon 4 - LEGO Speed Champions,Graphics,1,0,1,0,0.0,100.0,0.0
Forza Horizon 4 - LEGO Speed Champions,Replayability,3,1,2,0,33.33,66.67,0.0
Forza Horizon 4: Fortune Island,Gameplay,1,0,1,0,0.0,100.0,0.0
Forza Horizon 4: Fortune Island,Graphics,1,0,1,0,0.0,100.0,0.0
Forza Horizon 4: Fortune Island,Level Design,1,0,1,0,0.0,100.0,0.0
Forza Horizon 4: Fortune Island,Replayability,4,1,3,0,25.0,75.0,0.0
Forza Horizon 5,Gameplay,23,23,0,0,100.0,0.0,0.0
Forza Horizon 5,Story,8,8,0,0,100.0,0.0,0.0
Forza Horizon 5,Graphics,21,21,0,0,100.0,0.0,0.0
Forza Horizon 5,Characters,2,2,0,0,100.0,0.0,0.0
Forza Horizon 5,Level Design,18,17,1,0,94.44,5.56,0.0
Forza Horizon 5,Music & Sound,6,6,0,0,100.0,0.0,0.0
Forza Horizon 5,Difficulty,10,10,0,0,100.0,0.0,0.0
Forza Horizon 5,Performance,15,14,1,0,93.33,6.67,0.0
Forza Horizon 5,Replayability,23,23,0,0,100.0,0.0,0.0
Forza Horizon 5: Hot Wheels,Gameplay,3,2,1,0,66.67,33.33,0.0
Forza Horizon 5: Hot Wheels,Graphics,1,1,0,0,100.0,0.0,0.0
Forza Horizon 5: Hot Wheels,Level Design,3,2,1,0,66.67,33.33,0.0
Forza Horizon 5: Hot Wheels,Difficulty,1,1,0,0,100.0,0.0,0.0
Forza Horizon 5: Hot Wheels,Replayability,6,4,2,0,66.67,33.33,0.0
Forza Horizon 6,Gameplay,18,16,2,0,88.89,11.11,0.0
Forza Horizon 6,Story,1,1,0,0,100.0,0.0,0.0
Forza Horizon 6,Graphics,10,10,0,0,100.0,0.0,0.0
Forza Horizon 6,Characters,1,1,0,0,100.0,0.0,0.0
Forza Horizon 6,Level Design,16,16,0,0,100.0,0.0,0.0
Forza Horizon 6,Music & Sound,12,12,0,0,100.0,0.0,0.0
Forza Horizon 6,Difficulty,11,11,0,0,100.0,0.0,0.0
Forza Horizon 6,Performance,9,9,0,0,100.0,0.0,0.0
Forza Horizon 6,Replayability,18,18,0,0,100.0,0.0,0.0
Forza Motorsport,Gameplay,23,21,2,0,91.3,8.7,0.0
Forza Motorsport,Story,2,0,2,0,0.0,100.0,0.0
Forza Motorsport,Graphics,22,21,1,0,95.45,4.55,0.0
Forza Motorsport,Level Design,7,6,1,0,85.71,14.29,0.0
Forza Motorsport,Music & Sound,4,4,0,0,100.0,0.0,0.0
Forza Motorsport,Difficulty,9,6,3,0,66.67,33.33,0.0
Forza Motorsport,Performance,12,10,2,0,83.33,16.67,0.0
Forza Motorsport,Replayability,17,11,6,0,64.71,35.29,0.0
Forza Motorsport 6,Gameplay,5,5,0,0,100.0,0.0,0.0
Forza Motorsport 6,Graphics,14,13,1,0,92.86,7.14,0.0
Forza Motorsport 6,Level Design,5,4,1,0,80.0,20.0,0.0
Forza Motorsport 6,Music & Sound,4,4,0,0,100.0,0.0,0.0
Forza Motorsport 6,Difficulty,5,5,0,0,100.0,0.0,0.0
Forza Motorsport 6,Performance,4,3,1,0,75.0,25.0,0.0
Forza Motorsport 6,Replayability,13,13,0,0,100.0,0.0,0.0
Forza Motorsport 7,Gameplay,18,16,2,0,88.89,11.11,0.0
Forza Motorsport 7,Graphics,16,16,0,0,100.0,0.0,0.0
Forza Motorsport 7,Level Design,4,4,0,0,100.0,0.0,0.0
Forza Motorsport 7,Music & Sound,4,2,2,0,50.0,50.0,0.0
Forza Motorsport 7,Difficulty,5,5,0,0,100.0,0.0,0.0
Forza Motorsport 7,Performance,13,9,4,0,69.23,30.77,0.0
Forza Motorsport 7,Replayability,10,9,1,0,90.0,10.0,0.0
Four Last Things,Graphics,1,0,1,0,0.0,100.0,0.0
Four Last Things,Characters,1,0,1,0,0.0,100.0,0.0
Four Last Things,Music & Sound,1,0,1,0,0.0,100.0,0.0
Freedom Planet,Gameplay,10,6,4,0,60.0,40.0,0.0
Freedom Planet,Story,7,4,3,0,57.14,42.86,0.0
Freedom Planet,Graphics,3,3,0,0,100.0,0.0,0.0
Freedom Planet,Characters,10,7,3,0,70.0,30.0,0.0
Freedom Planet,Level Design,7,5,2,0,71.43,28.57,0.0
Freedom Planet,Music & Sound,2,2,0,0,100.0,0.0,0.0
Freedom Planet,Difficulty,5,4,1,0,80.0,20.0,0.0
Freedom Planet,Replayability,8,6,2,0,75.0,25.0,0.0
Freedom Planet 2,Gameplay,13,9,4,0,69.23,30.77,0.0
Freedom Planet 2,Story,8,5,3,0,62.5,37.5,0.0
Freedom Planet 2,Graphics,4,3,1,0,75.0,25.0,0.0
Freedom Planet 2,Characters,5,4,1,0,80.0,20.0,0.0
Freedom Planet 2,Level Design,7,5,2,0,71.43,28.57,0.0
Freedom Planet 2,Music & Sound,3,2,1,0,66.67,33.33,0.0
Freedom Planet 2,Difficulty,4,4,0,0,100.0,0.0,0.0
Freedom Planet 2,Performance,1,1,0,0,100.0,0.0,0.0
Freedom Planet 2,Replayability,3,3,0,0,100.0,0.0,0.0
Fresh Tracks,Gameplay,5,4,1,0,80.0,20.0,0.0
Fresh Tracks,Story,3,3,0,0,100.0,0.0,0.0
Fresh Tracks,Characters,1,1,0,0,100.0,0.0,0.0
Fresh Tracks,Music & Sound,10,7,3,0,70.0,30.0,0.0
Fresh Tracks,Difficulty,3,2,1,0,66.67,33.33,0.0
Fresh Tracks,Replayability,3,3,0,0,100.0,0.0,0.0
Freshly Frosted,Gameplay,4,4,0,0,100.0,0.0,0.0
Freshly Frosted,Graphics,2,2,0,0,100.0,0.0,0.0
Freshly Frosted,Level Design,2,2,0,0,100.0,0.0,0.0
Freshly Frosted,Music & Sound,2,2,0,0,100.0,0.0,0.0
Freshly Frosted,Difficulty,7,7,0,0,100.0,0.0,0.0
Fretless - The Wrath of Riffson,Gameplay,8,6,2,0,75.0,25.0,0.0
Fretless - The Wrath of Riffson,Story,3,2,1,0,66.67,33.33,0.0
Fretless - The Wrath of Riffson,Graphics,1,0,1,0,0.0,100.0,0.0
Fretless - The Wrath of Riffson,Level Design,2,2,0,0,100.0,0.0,0.0
Fretless - The Wrath of Riffson,Music & Sound,7,5,2,0,71.43,28.57,0.0
Fretless - The Wrath of Riffson,Difficulty,3,2,1,0,66.67,33.33,0.0
Fretless - The Wrath of Riffson,Performance,2,1,1,0,50.0,50.0,0.0
Fretless - The Wrath of Riffson,Replayability,2,2,0,0,100.0,0.0,0.0
Frog Detective 2: The Case of the Invisible Wizard,Graphics,1,1,0,0,100.0,0.0,0.0
Frog Detective 2: The Case of the Invisible Wizard,Replayability,1,1,0,0,100.0,0.0,0.0
Frog Detective 3: Corruption at Cowboy County,Story,1,1,0,0,100.0,0.0,0.0
Frog Detective 3: Corruption at Cowboy County,Characters,2,2,0,0,100.0,0.0,0.0
Frog Detective 3: Corruption at Cowboy County,Music & Sound,1,1,0,0,100.0,0.0,0.0
Frostpunk,Gameplay,18,15,3,0,83.33,16.67,0.0
Frostpunk,Story,7,7,0,0,100.0,0.0,0.0
Frostpunk,Graphics,2,2,0,0,100.0,0.0,0.0
Frostpunk,Level Design,2,2,0,0,100.0,0.0,0.0
Frostpunk,Music & Sound,2,2,0,0,100.0,0.0,0.0
Frostpunk,Difficulty,28,24,4,0,85.71,14.29,0.0
Frostpunk,Performance,3,3,0,0,100.0,0.0,0.0
Frostpunk,Replayability,7,7,0,0,100.0,0.0,0.0
Frostpunk 2,Gameplay,29,22,7,0,75.86,24.14,0.0
Frostpunk 2,Story,11,8,3,0,72.73,27.27,0.0
Frostpunk 2,Graphics,8,6,2,0,75.0,25.0,0.0
Frostpunk 2,Characters,1,1,0,0,100.0,0.0,0.0
Frostpunk 2,Level Design,5,5,0,0,100.0,0.0,0.0
Frostpunk 2,Music & Sound,3,3,0,0,100.0,0.0,0.0
Frostpunk 2,Difficulty,26,21,5,0,80.77,19.23,0.0
Frostpunk 2,Performance,4,3,1,0,75.0,25.0,0.0
Frostpunk 2,Replayability,3,2,1,0,66.67,33.33,0.0
Frostpunk 2: Console Edition,Gameplay,4,3,1,0,75.0,25.0,0.0
Frostpunk 2: Console Edition,Story,1,1,0,0,100.0,0.0,0.0
Frostpunk 2: Console Edition,Graphics,1,0,1,0,0.0,100.0,0.0
Frostpunk 2: Console Edition,Difficulty,1,0,1,0,0.0,100.0,0.0
Frostpunk 2: Console Edition,Performance,2,0,2,0,0.0,100.0,0.0
Frostpunk: The Last Autumn,Gameplay,5,5,0,0,100.0,0.0,0.0
Frostpunk: The Last Autumn,Story,5,5,0,0,100.0,0.0,0.0
Frostpunk: The Last Autumn,Graphics,1,1,0,0,100.0,0.0,0.0
Frostpunk: The Last Autumn,Difficulty,2,2,0,0,100.0,0.0,0.0
Frostpunk: The Last Autumn,Replayability,2,2,0,0,100.0,0.0,0.0
Fuga: Melodies of Steel,Gameplay,14,10,4,0,71.43,28.57,0.0
Fuga: Melodies of Steel,Story,14,11,3,0,78.57,21.43,0.0
Fuga: Melodies of Steel,Graphics,1,1,0,0,100.0,0.0,0.0
Fuga: Melodies of Steel,Characters,7,6,1,0,85.71,14.29,0.0
Fuga: Melodies of Steel,Level Design,1,1,0,0,100.0,0.0,0.0
Fuga: Melodies of Steel,Music & Sound,5,5,0,0,100.0,0.0,0.0
Fuga: Melodies of Steel,Difficulty,7,3,4,0,42.86,57.14,0.0
Fuga: Melodies of Steel 2,Gameplay,11,11,0,0,100.0,0.0,0.0
Fuga: Melodies of Steel 2,Story,9,8,1,0,88.89,11.11,0.0
Fuga: Melodies of Steel 2,Characters,4,4,0,0,100.0,0.0,0.0
Fuga: Melodies of Steel 2,Level Design,1,1,0,0,100.0,0.0,0.0
Fuga: Melodies of Steel 2,Music & Sound,1,1,0,0,100.0,0.0,0.0
Fuga: Melodies of Steel 2,Difficulty,5,5,0,0,100.0,0.0,0.0
Fuga: Melodies of Steel 3,Gameplay,13,11,2,0,84.62,15.38,0.0
Fuga: Melodies of Steel 3,Story,8,7,1,0,87.5,12.5,0.0
Fuga: Melodies of Steel 3,Graphics,1,1,0,0,100.0,0.0,0.0
Fuga: Melodies of Steel 3,Characters,2,1,1,0,50.0,50.0,0.0
Fuga: Melodies of Steel 3,Level Design,1,1,0,0,100.0,0.0,0.0
Fuga: Melodies of Steel 3,Difficulty,2,1,1,0,50.0,50.0,0.0
Fuga: Melodies of Steel 3,Replayability,1,1,0,0,100.0,0.0,0.0
Full Metal Furies,Gameplay,9,8,1,0,88.89,11.11,0.0
Full Metal Furies,Story,5,4,1,0,80.0,20.0,0.0
Full Metal Furies,Graphics,2,1,0,1,50.0,0.0,50.0
Full Metal Furies,Characters,6,1,4,1,16.67,66.67,16.67
Full Metal Furies,Level Design,1,0,0,1,0.0,0.0,100.0
Full Metal Furies,Difficulty,6,3,3,0,50.0,50.0,0.0
Full Metal Furies,Replayability,1,1,0,0,100.0,0.0,0.0
Fuser,Gameplay,9,5,4,0,55.56,44.44,0.0
Fuser,Level Design,4,4,0,0,100.0,0.0,0.0
Fuser,Music & Sound,28,20,8,0,71.43,28.57,0.0
Fuser,Difficulty,4,2,2,0,50.0,50.0,0.0
Fuser,Performance,2,1,1,0,50.0,50.0,0.0
Fuser,Replayability,2,2,0,0,100.0,0.0,0.0
GRIME,Gameplay,25,18,7,0,72.0,28.0,0.0
GRIME,Story,8,4,4,0,50.0,50.0,0.0
GRIME,Graphics,5,3,2,0,60.0,40.0,0.0
GRIME,Characters,3,3,0,0,100.0,0.0,0.0
GRIME,Level Design,4,4,0,0,100.0,0.0,0.0
GRIME,Music & Sound,3,3,0,0,100.0,0.0,0.0
GRIME,Difficulty,13,8,5,0,61.54,38.46,0.0
GRIME,Performance,3,1,2,0,33.33,66.67,0.0
GRIME,Replayability,3,2,1,0,66.67,33.33,0.0
GRIS,Gameplay,37,30,7,0,81.08,18.92,0.0
GRIS,Story,21,20,1,0,95.24,4.76,0.0
GRIS,Graphics,35,31,4,0,88.57,11.43,0.0
GRIS,Characters,5,5,0,0,100.0,0.0,0.0
GRIS,Level Design,8,7,1,0,87.5,12.5,0.0
GRIS,Music & Sound,31,30,1,0,96.77,3.23,0.0
GRIS,Difficulty,5,5,0,0,100.0,0.0,0.0
GRIS,Replayability,4,4,0,0,100.0,0.0,0.0
Gal Guardians: Servants of the Dark,Gameplay,14,8,5,1,57.14,35.71,7.14
Gal Guardians: Servants of the Dark,Story,3,1,2,0,33.33,66.67,0.0
Gal Guardians: Servants of the Dark,Graphics,2,0,2,0,0.0,100.0,0.0
Gal Guardians: Servants of the Dark,Characters,5,3,2,0,60.0,40.0,0.0
Gal Guardians: Servants of the Dark,Level Design,2,1,1,0,50.0,50.0,0.0
Gal Guardians: Servants of the Dark,Difficulty,2,2,0,0,100.0,0.0,0.0
Gal Guardians: Servants of the Dark,Replayability,1,1,0,0,100.0,0.0,0.0
Galactic Civilizations III,Gameplay,2,1,1,0,50.0,50.0,0.0
Galactic Civilizations III,Level Design,1,1,0,0,100.0,0.0,0.0
Galactic Civilizations III,Performance,1,0,1,0,0.0,100.0,0.0
Galactic Civilizations III,Replayability,1,1,0,0,100.0,0.0,0.0
Galactic Civilizations III: Crusade,Performance,1,0,1,0,0.0,100.0,0.0
Galactic Civilizations III: Crusade,Replayability,1,0,1,0,0.0,100.0,0.0
Galactic Civilizations III: Intrigue,Story,1,0,1,0,0.0,100.0,0.0
Galactic Civilizations III: Intrigue,Replayability,1,0,1,0,0.0,100.0,0.0
Galacticare,Gameplay,2,2,0,0,100.0,0.0,0.0
Galacticare,Graphics,1,1,0,0,100.0,0.0,0.0
Galacticare,Characters,1,1,0,0,100.0,0.0,0.0
Galacticare,Level Design,1,1,0,0,100.0,0.0,0.0
Galacticare,Difficulty,1,1,0,0,100.0,0.0,0.0
Gears 5,Gameplay,30,23,7,0,76.67,23.33,0.0
Gears 5,Story,34,30,3,1,88.24,8.82,2.94
Gears 5,Graphics,10,8,2,0,80.0,20.0,0.0
Gears 5,Characters,14,13,1,0,92.86,7.14,0.0
Gears 5,Level Design,8,5,2,1,62.5,25.0,12.5
Gears 5,Difficulty,8,6,2,0,75.0,25.0,0.0
Gears 5,Performance,11,6,5,0,54.55,45.45,0.0
Gears 5,Replayability,11,10,1,0,90.91,9.09,0.0
Gears 5: Hivebusters,Gameplay,8,6,2,0,75.0,25.0,0.0
Gears 5: Hivebusters,Story,5,4,1,0,80.0,20.0,0.0
Gears 5: Hivebusters,Graphics,2,2,0,0,100.0,0.0,0.0
Gears 5: Hivebusters,Characters,5,5,0,0,100.0,0.0,0.0
Gears 5: Hivebusters,Level Design,1,1,0,0,100.0,0.0,0.0
Gears 5: Hivebusters,Difficulty,3,3,0,0,100.0,0.0,0.0
Gears 5: Hivebusters,Replayability,1,0,1,0,0.0,100.0,0.0
Gears Tactics,Gameplay,32,27,5,0,84.38,15.62,0.0
Gears Tactics,Story,12,8,3,1,66.67,25.0,8.33
Gears Tactics,Graphics,3,2,1,0,66.67,33.33,0.0
Gears Tactics,Characters,8,7,0,1,87.5,0.0,12.5
Gears Tactics,Level Design,2,1,1,0,50.0,50.0,0.0
Gears Tactics,Difficulty,9,6,3,0,66.67,33.33,0.0
Gears Tactics,Performance,2,2,0,0,100.0,0.0,0.0
Gears Tactics,Replayability,2,2,0,0,100.0,0.0,0.0
Gears of War 4,Gameplay,26,22,4,0,84.62,15.38,0.0
Gears of War 4,Story,28,21,7,0,75.0,25.0,0.0
Gears of War 4,Graphics,7,7,0,0,100.0,0.0,0.0
Gears of War 4,Characters,13,11,2,0,84.62,15.38,0.0
Gears of War 4,Level Design,5,5,0,0,100.0,0.0,0.0
Gears of War 4,Music & Sound,4,3,1,0,75.0,25.0,0.0
Gears of War 4,Difficulty,6,5,1,0,83.33,16.67,0.0
Gears of War 4,Performance,1,1,0,0,100.0,0.0,0.0
Gears of War 4,Replayability,8,8,0,0,100.0,0.0,0.0
Gears of War: Reloaded,Gameplay,25,18,6,1,72.0,24.0,4.0
Gears of War: Reloaded,Story,9,7,1,1,77.78,11.11,11.11
Gears of War: Reloaded,Graphics,21,13,7,1,61.9,33.33,4.76
Gears of War: Reloaded,Characters,1,1,0,0,100.0,0.0,0.0
Gears of War: Reloaded,Level Design,3,2,1,0,66.67,33.33,0.0
Gears of War: Reloaded,Music & Sound,5,3,1,1,60.0,20.0,20.0
Gears of War: Reloaded,Difficulty,9,7,2,0,77.78,22.22,0.0
Gears of War: Reloaded,Performance,18,16,2,0,88.89,11.11,0.0
Gears of War: Reloaded,Replayability,6,6,0,0,100.0,0.0,0.0
Gears of War: Ultimate Edition,Gameplay,14,12,2,0,85.71,14.29,0.0
Gears of War: Ultimate Edition,Story,3,3,0,0,100.0,0.0,0.0
Gears of War: Ultimate Edition,Graphics,12,12,0,0,100.0,0.0,0.0
Gears of War: Ultimate Edition,Level Design,4,4,0,0,100.0,0.0,0.0
Gears of War: Ultimate Edition,Music & Sound,2,2,0,0,100.0,0.0,0.0
Gears of War: Ultimate Edition,Difficulty,3,3,0,0,100.0,0.0,0.0
Gears of War: Ultimate Edition,Performance,8,8,0,0,100.0,0.0,0.0
Gears of War: Ultimate Edition,Replayability,8,8,0,0,100.0,0.0,0.0
Genshin Impact,Gameplay,19,17,2,0,89.47,10.53,0.0
Genshin Impact,Story,6,6,0,0,100.0,0.0,0.0
Genshin Impact,Graphics,2,0,2,0,0.0,100.0,0.0
Genshin Impact,Characters,10,9,1,0,90.0,10.0,0.0
Genshin Impact,Level Design,2,2,0,0,100.0,0.0,0.0
Genshin Impact,Music & Sound,2,1,1,0,50.0,50.0,0.0
Genshin Impact,Difficulty,3,2,1,0,66.67,33.33,0.0
Genshin Impact,Replayability,6,5,1,0,83.33,16.67,0.0
Geometry Wars 3: Dimensions,Gameplay,8,8,0,0,100.0,0.0,0.0
Geometry Wars 3: Dimensions,Graphics,1,0,1,0,0.0,100.0,0.0
Geometry Wars 3: Dimensions,Level Design,3,2,1,0,66.67,33.33,0.0
Geometry Wars 3: Dimensions,Music & Sound,2,2,0,0,100.0,0.0,0.0
Geometry Wars 3: Dimensions,Difficulty,8,5,3,0,62.5,37.5,0.0
Geometry Wars 3: Dimensions,Replayability,6,4,2,0,66.67,33.33,0.0
Gerda: A Flame in Winter,Gameplay,3,0,3,0,0.0,100.0,0.0
Gerda: A Flame in Winter,Story,13,10,3,0,76.92,23.08,0.0
Gerda: A Flame in Winter,Graphics,2,0,2,0,0.0,100.0,0.0
Gerda: A Flame in Winter,Characters,3,3,0,0,100.0,0.0,0.0
Gerda: A Flame in Winter,Level Design,3,2,1,0,66.67,33.33,0.0
Gerda: A Flame in Winter,Music & Sound,2,1,1,0,50.0,50.0,0.0
Gerda: A Flame in Winter,Difficulty,4,4,0,0,100.0,0.0,0.0
Gerda: A Flame in Winter,Performance,1,1,0,0,100.0,0.0,0.0
Gerda: A Flame in Winter,Replayability,1,0,1,0,0.0,100.0,0.0
Ghost Giant,Gameplay,6,6,0,0,100.0,0.0,0.0
Ghost Giant,Story,13,11,2,0,84.62,15.38,0.0
Ghost Giant,Graphics,2,2,0,0,100.0,0.0,0.0
Ghost Giant,Characters,6,6,0,0,100.0,0.0,0.0
Ghost Giant,Level Design,3,3,0,0,100.0,0.0,0.0
Ghost Giant,Music & Sound,2,1,1,0,50.0,50.0,0.0
Ghost Giant,Difficulty,1,1,0,0,100.0,0.0,0.0
Ghost Giant,Performance,1,1,0,0,100.0,0.0,0.0
Ghost Giant,Replayability,1,1,0,0,100.0,0.0,0.0
Ghost Trick: Phantom Detective,Gameplay,17,16,1,0,94.12,5.88,0.0
Ghost Trick: Phantom Detective,Story,37,36,1,0,97.3,2.7,0.0
Ghost Trick: Phantom Detective,Graphics,15,14,1,0,93.33,6.67,0.0
Ghost Trick: Phantom Detective,Characters,12,11,1,0,91.67,8.33,0.0
Ghost Trick: Phantom Detective,Music & Sound,6,6,0,0,100.0,0.0,0.0
Ghost Trick: Phantom Detective,Difficulty,7,7,0,0,100.0,0.0,0.0
Ghost Trick: Phantom Detective,Performance,1,1,0,0,100.0,0.0,0.0
Ghost Trick: Phantom Detective,Replayability,4,4,0,0,100.0,0.0,0.0
Ghost of Tsushima,Gameplay,67,55,11,1,82.09,16.42,1.49
Ghost of Tsushima,Story,40,33,7,0,82.5,17.5,0.0
Ghost of Tsushima,Graphics,19,18,1,0,94.74,5.26,0.0
Ghost of Tsushima,Characters,18,17,1,0,94.44,5.56,0.0
Ghost of Tsushima,Level Design,9,9,0,0,100.0,0.0,0.0
Ghost of Tsushima,Music & Sound,3,3,0,0,100.0,0.0,0.0
Ghost of Tsushima,Difficulty,9,8,1,0,88.89,11.11,0.0
Ghost of Tsushima,Performance,4,4,0,0,100.0,0.0,0.0
Ghost of Tsushima,Replayability,7,7,0,0,100.0,0.0,0.0
Ghost of Tsushima Director's Cut,Gameplay,23,22,1,0,95.65,4.35,0.0
Ghost of Tsushima Director's Cut,Story,25,23,2,0,92.0,8.0,0.0
Ghost of Tsushima Director's Cut,Graphics,12,11,1,0,91.67,8.33,0.0
Ghost of Tsushima Director's Cut,Characters,6,5,1,0,83.33,16.67,0.0
Ghost of Tsushima Director's Cut,Level Design,2,2,0,0,100.0,0.0,0.0
Ghost of Tsushima Director's Cut,Music & Sound,3,3,0,0,100.0,0.0,0.0
Ghost of Tsushima Director's Cut,Difficulty,1,1,0,0,100.0,0.0,0.0
Ghost of Tsushima Director's Cut,Performance,16,16,0,0,100.0,0.0,0.0
Ghost of Tsushima Director's Cut,Replayability,20,20,0,0,100.0,0.0,0.0
Ghost of Yotei,Gameplay,83,73,10,0,87.95,12.05,0.0
Ghost of Yotei,Story,64,57,7,0,89.06,10.94,0.0
Ghost of Yotei,Graphics,16,12,4,0,75.0,25.0,0.0
Ghost of Yotei,Characters,24,20,4,0,83.33,16.67,0.0
Ghost of Yotei,Level Design,15,13,2,0,86.67,13.33,0.0
Ghost of Yotei,Music & Sound,8,6,2,0,75.0,25.0,0.0
Ghost of Yotei,Difficulty,8,8,0,0,100.0,0.0,0.0
Ghost of Yotei,Performance,7,6,1,0,85.71,14.29,0.0
Ghost of Yotei,Replayability,7,5,2,0,71.43,28.57,0.0
Ghostrunner,Gameplay,51,40,11,0,78.43,21.57,0.0
Ghostrunner,Story,11,10,1,0,90.91,9.09,0.0
Ghostrunner,Graphics,13,9,3,1,69.23,23.08,7.69
Ghostrunner,Characters,1,1,0,0,100.0,0.0,0.0
Ghostrunner,Level Design,15,11,4,0,73.33,26.67,0.0
Ghostrunner,Music & Sound,8,7,1,0,87.5,12.5,0.0
Ghostrunner,Difficulty,24,21,3,0,87.5,12.5,0.0
Ghostrunner,Performance,12,9,2,1,75.0,16.67,8.33
Ghostrunner,Replayability,3,2,1,0,66.67,33.33,0.0
Gleylancer,Gameplay,5,3,2,0,60.0,40.0,0.0
Gleylancer,Story,1,1,0,0,100.0,0.0,0.0
Gleylancer,Graphics,3,3,0,0,100.0,0.0,0.0
Gleylancer,Level Design,2,2,0,0,100.0,0.0,0.0
Gleylancer,Music & Sound,1,1,0,0,100.0,0.0,0.0
Gleylancer,Difficulty,7,5,2,0,71.43,28.57,0.0
Gleylancer,Replayability,2,2,0,0,100.0,0.0,0.0
Gnosia,Gameplay,12,10,2,0,83.33,16.67,0.0
Gnosia,Story,19,14,5,0,73.68,26.32,0.0
Gnosia,Graphics,12,11,1,0,91.67,8.33,0.0
Gnosia,Characters,13,10,3,0,76.92,23.08,0.0
Gnosia,Level Design,1,1,0,0,100.0,0.0,0.0
Gnosia,Music & Sound,2,2,0,0,100.0,0.0,0.0
Gnosia,Replayability,1,1,0,0,100.0,0.0,0.0
Go! Go! Kokopolo 3D,Gameplay,2,2,0,0,100.0,0.0,0.0
Go! Go! Kokopolo 3D,Replayability,2,2,0,0,100.0,0.0,0.0
God of War,Gameplay,63,62,1,0,98.41,1.59,0.0
God of War,Story,72,69,3,0,95.83,4.17,0.0
God of War,Graphics,24,24,0,0,100.0,0.0,0.0
God of War,Characters,22,22,0,0,100.0,0.0,0.0
God of War,Level Design,9,9,0,0,100.0,0.0,0.0
God of War,Music & Sound,12,12,0,0,100.0,0.0,0.0
God of War,Difficulty,7,7,0,0,100.0,0.0,0.0
God of War,Performance,13,12,1,0,92.31,7.69,0.0
God of War,Replayability,8,8,0,0,100.0,0.0,0.0
God of War III Remastered,Gameplay,5,4,1,0,80.0,20.0,0.0
God of War III Remastered,Story,6,5,1,0,83.33,16.67,0.0
God of War III Remastered,Graphics,5,4,0,1,80.0,0.0,20.0
God of War III Remastered,Characters,1,1,0,0,100.0,0.0,0.0
God of War III Remastered,Level Design,1,1,0,0,100.0,0.0,0.0
God of War III Remastered,Music & Sound,1,1,0,0,100.0,0.0,0.0
God of War III Remastered,Difficulty,3,2,1,0,66.67,33.33,0.0
God of War III Remastered,Replayability,3,2,1,0,66.67,33.33,0.0
God of War Ragnarok: Valhalla,Gameplay,8,7,1,0,87.5,12.5,0.0
God of War Ragnarok: Valhalla,Story,10,10,0,0,100.0,0.0,0.0
God of War Ragnarok: Valhalla,Characters,2,2,0,0,100.0,0.0,0.0
God of War Ragnarok: Valhalla,Difficulty,1,1,0,0,100.0,0.0,0.0
God of War Ragnarok: Valhalla,Replayability,3,3,0,0,100.0,0.0,0.0
God of War Ragnarök,Gameplay,73,72,1,0,98.63,1.37,0.0
God of War Ragnarök,Story,80,73,7,0,91.25,8.75,0.0
God of War Ragnarök,Graphics,21,21,0,0,100.0,0.0,0.0
God of War Ragnarök,Characters,35,32,3,0,91.43,8.57,0.0
God of War Ragnarök,Level Design,11,11,0,0,100.0,0.0,0.0
God of War Ragnarök,Music & Sound,7,7,0,0,100.0,0.0,0.0
God of War Ragnarök,Difficulty,18,17,1,0,94.44,5.56,0.0
God of War Ragnarök,Performance,19,16,3,0,84.21,15.79,0.0
God of War Ragnarök,Replayability,10,10,0,0,100.0,0.0,0.0
Going Under,Gameplay,16,9,6,1,56.25,37.5,6.25
Going Under,Story,8,4,4,0,50.0,50.0,0.0
Going Under,Graphics,3,1,2,0,33.33,66.67,0.0
Going Under,Characters,2,1,0,1,50.0,0.0,50.0
Going Under,Level Design,2,1,1,0,50.0,50.0,0.0
Going Under,Music & Sound,2,1,1,0,50.0,50.0,0.0
Going Under,Difficulty,9,7,2,0,77.78,22.22,0.0
Going Under,Performance,3,2,1,0,66.67,33.33,0.0
Going Under,Replayability,4,2,2,0,50.0,50.0,0.0
GoldenEye 007,Gameplay,1,1,0,0,100.0,0.0,0.0
GoldenEye 007,Graphics,2,2,0,0,100.0,0.0,0.0
GoldenEye 007,Music & Sound,1,1,0,0,100.0,0.0,0.0
GoldenEye 007,Performance,2,2,0,0,100.0,0.0,0.0
Golf Story,Gameplay,9,7,2,0,77.78,22.22,0.0
Golf Story,Story,35,26,9,0,74.29,25.71,0.0
Golf Story,Characters,4,2,2,0,50.0,50.0,0.0
Golf Story,Level Design,1,1,0,0,100.0,0.0,0.0
Golf Story,Music & Sound,1,0,1,0,0.0,100.0,0.0
Golf Story,Difficulty,6,4,2,0,66.67,33.33,0.0
Golf Story,Performance,2,2,0,0,100.0,0.0,0.0
Golf Story,Replayability,3,2,1,0,66.67,33.33,0.0
Gone Home,Gameplay,1,1,0,0,100.0,0.0,0.0
Gone Home,Story,9,8,1,0,88.89,11.11,0.0
Gone Home,Characters,1,1,0,0,100.0,0.0,0.0
Goodnight Universe,Gameplay,10,9,1,0,90.0,10.0,0.0
Goodnight Universe,Story,20,17,3,0,85.0,15.0,0.0
Goodnight Universe,Graphics,3,3,0,0,100.0,0.0,0.0
Goodnight Universe,Characters,4,3,1,0,75.0,25.0,0.0
Goodnight Universe,Music & Sound,1,1,0,0,100.0,0.0,0.0
Goodnight Universe,Performance,1,1,0,0,100.0,0.0,0.0
Goodnight Universe,Replayability,1,1,0,0,100.0,0.0,0.0
Gorogoa,Gameplay,5,4,1,0,80.0,20.0,0.0
Gorogoa,Story,9,7,2,0,77.78,22.22,0.0
Gorogoa,Graphics,2,2,0,0,100.0,0.0,0.0
Gorogoa,Characters,3,2,1,0,66.67,33.33,0.0
Gorogoa,Level Design,1,1,0,0,100.0,0.0,0.0
Gorogoa,Music & Sound,2,2,0,0,100.0,0.0,0.0
Gorogoa,Difficulty,3,2,1,0,66.67,33.33,0.0
Gorogoa,Replayability,6,5,1,0,83.33,16.67,0.0
Gotta Protectors,Story,1,1,0,0,100.0,0.0,0.0
Gotta Protectors,Level Design,2,2,0,0,100.0,0.0,0.0
Gotta Protectors,Music & Sound,1,1,0,0,100.0,0.0,0.0
Gotta Protectors: Cart of Darkness,Gameplay,3,3,0,0,100.0,0.0,0.0
Gotta Protectors: Cart of Darkness,Story,1,1,0,0,100.0,0.0,0.0
Gotta Protectors: Cart of Darkness,Replayability,2,2,0,0,100.0,0.0,0.0
Gradius Origins,Gameplay,3,2,1,0,66.67,33.33,0.0
Gradius Origins,Graphics,3,3,0,0,100.0,0.0,0.0
Gradius Origins,Level Design,1,0,1,0,0.0,100.0,0.0
Gradius Origins,Music & Sound,2,2,0,0,100.0,0.0,0.0
Gradius Origins,Difficulty,8,7,1,0,87.5,12.5,0.0
Gradius Origins,Performance,1,1,0,0,100.0,0.0,0.0
Gradius Origins,Replayability,4,4,0,0,100.0,0.0,0.0
Gran Turismo 7,Gameplay,12,11,0,1,91.67,0.0,8.33
Gran Turismo 7,Story,4,3,0,1,75.0,0.0,25.0
Gran Turismo 7,Graphics,15,13,2,0,86.67,13.33,0.0
Gran Turismo 7,Level Design,6,6,0,0,100.0,0.0,0.0
Gran Turismo 7,Music & Sound,4,3,1,0,75.0,25.0,0.0
Gran Turismo 7,Difficulty,11,9,2,0,81.82,18.18,0.0
Gran Turismo 7,Performance,6,6,0,0,100.0,0.0,0.0
Gran Turismo 7,Replayability,14,13,1,0,92.86,7.14,0.0
Granblue Fantasy Versus: Rising,Gameplay,26,22,4,0,84.62,15.38,0.0
Granblue Fantasy Versus: Rising,Story,11,8,3,0,72.73,27.27,0.0
Granblue Fantasy Versus: Rising,Graphics,3,2,1,0,66.67,33.33,0.0
Granblue Fantasy Versus: Rising,Characters,14,13,1,0,92.86,7.14,0.0
Granblue Fantasy Versus: Rising,Level Design,7,7,0,0,100.0,0.0,0.0
Granblue Fantasy Versus: Rising,Difficulty,6,6,0,0,100.0,0.0,0.0
Granblue Fantasy Versus: Rising,Performance,3,3,0,0,100.0,0.0,0.0
Granblue Fantasy Versus: Rising,Replayability,16,14,2,0,87.5,12.5,0.0
Granblue Fantasy: Relink,Gameplay,57,43,14,0,75.44,24.56,0.0
Granblue Fantasy: Relink,Story,44,33,11,0,75.0,25.0,0.0
Granblue Fantasy: Relink,Graphics,12,10,2,0,83.33,16.67,0.0
Granblue Fantasy: Relink,Characters,43,30,13,0,69.77,30.23,0.0
Granblue Fantasy: Relink,Level Design,5,5,0,0,100.0,0.0,0.0
Granblue Fantasy: Relink,Music & Sound,9,4,5,0,44.44,55.56,0.0
Granblue Fantasy: Relink,Difficulty,6,5,1,0,83.33,16.67,0.0
Granblue Fantasy: Relink,Performance,4,3,1,0,75.0,25.0,0.0
Granblue Fantasy: Relink,Replayability,12,9,3,0,75.0,25.0,0.0
Grand Theft Auto IV,Gameplay,1,1,0,0,100.0,0.0,0.0
Grand Theft Auto IV,Story,3,3,0,0,100.0,0.0,0.0
Grand Theft Auto IV,Graphics,2,2,0,0,100.0,0.0,0.0
Grand Theft Auto IV,Characters,1,1,0,0,100.0,0.0,0.0
Grand Theft Auto IV,Performance,1,1,0,0,100.0,0.0,0.0
Grand Theft Auto V,Gameplay,19,18,1,0,94.74,5.26,0.0
Grand Theft Auto V,Story,16,14,2,0,87.5,12.5,0.0
Grand Theft Auto V,Graphics,27,25,2,0,92.59,7.41,0.0
Grand Theft Auto V,Characters,10,9,1,0,90.0,10.0,0.0
Grand Theft Auto V,Level Design,6,6,0,0,100.0,0.0,0.0
Grand Theft Auto V,Music & Sound,2,2,0,0,100.0,0.0,0.0
Grand Theft Auto V,Difficulty,5,5,0,0,100.0,0.0,0.0
Grand Theft Auto V,Performance,21,18,3,0,85.71,14.29,0.0
Grand Theft Auto V,Replayability,16,14,2,0,87.5,12.5,0.0
Grapple Dogs: Cosmic Canines,Gameplay,6,6,0,0,100.0,0.0,0.0
Grapple Dogs: Cosmic Canines,Story,1,1,0,0,100.0,0.0,0.0
Grapple Dogs: Cosmic Canines,Characters,2,2,0,0,100.0,0.0,0.0
Grapple Dogs: Cosmic Canines,Level Design,4,4,0,0,100.0,0.0,0.0
Grapple Dogs: Cosmic Canines,Music & Sound,1,1,0,0,100.0,0.0,0.0
Grapple Dogs: Cosmic Canines,Difficulty,5,5,0,0,100.0,0.0,0.0
Grapple Dogs: Cosmic Canines,Replayability,1,1,0,0,100.0,0.0,0.0
Gravity Circuit,Gameplay,3,3,0,0,100.0,0.0,0.0
Gravity Circuit,Story,2,2,0,0,100.0,0.0,0.0
Gravity Circuit,Characters,1,1,0,0,100.0,0.0,0.0
Gravity Circuit,Level Design,1,0,1,0,0.0,100.0,0.0
Gravity Circuit,Music & Sound,3,3,0,0,100.0,0.0,0.0
Gravity Circuit,Difficulty,6,6,0,0,100.0,0.0,0.0
Gravity Circuit,Replayability,1,1,0,0,100.0,0.0,0.0
Gravity Rush 2,Gameplay,34,26,8,0,76.47,23.53,0.0
Gravity Rush 2,Story,20,13,7,0,65.0,35.0,0.0
Gravity Rush 2,Graphics,7,6,1,0,85.71,14.29,0.0
Gravity Rush 2,Characters,15,11,4,0,73.33,26.67,0.0
Gravity Rush 2,Level Design,4,2,2,0,50.0,50.0,0.0
Gravity Rush 2,Music & Sound,6,5,1,0,83.33,16.67,0.0
Gravity Rush 2,Difficulty,8,5,3,0,62.5,37.5,0.0
Gravity Rush 2,Replayability,3,2,1,0,66.67,33.33,0.0
"Gremlins, Inc.",Level Design,1,1,0,0,100.0,0.0,0.0
"Gremlins, Inc.",Difficulty,2,0,2,0,0.0,100.0,0.0
Griftlands,Gameplay,4,2,2,0,50.0,50.0,0.0
Griftlands,Story,4,2,2,0,50.0,50.0,0.0
Griftlands,Graphics,1,0,1,0,0.0,100.0,0.0
Griftlands,Characters,3,3,0,0,100.0,0.0,0.0
Griftlands,Music & Sound,1,0,1,0,0.0,100.0,0.0
Griftlands,Difficulty,1,0,1,0,0.0,100.0,0.0
Griftlands,Replayability,2,0,2,0,0.0,100.0,0.0
Grim Dawn,Gameplay,7,6,1,0,85.71,14.29,0.0
Grim Dawn,Story,4,2,2,0,50.0,50.0,0.0
Grim Dawn,Graphics,1,1,0,0,100.0,0.0,0.0
Grim Dawn,Characters,1,1,0,0,100.0,0.0,0.0
Grim Dawn,Level Design,1,1,0,0,100.0,0.0,0.0
Grim Dawn,Music & Sound,1,1,0,0,100.0,0.0,0.0
Grim Dawn,Replayability,3,3,0,0,100.0,0.0,0.0
Grim Fandango Remastered,Gameplay,6,4,2,0,66.67,33.33,0.0
Grim Fandango Remastered,Story,20,17,3,0,85.0,15.0,0.0
Grim Fandango Remastered,Graphics,5,5,0,0,100.0,0.0,0.0
Grim Fandango Remastered,Characters,12,11,1,0,91.67,8.33,0.0
Grim Fandango Remastered,Level Design,2,2,0,0,100.0,0.0,0.0
Grim Fandango Remastered,Music & Sound,5,5,0,0,100.0,0.0,0.0
Grim Fandango Remastered,Difficulty,10,8,2,0,80.0,20.0,0.0
Grim Fandango Remastered,Performance,7,4,2,1,57.14,28.57,14.29
Grim Fandango Remastered,Replayability,1,1,0,0,100.0,0.0,0.0
Grime II,Gameplay,19,15,4,0,78.95,21.05,0.0
Grime II,Story,7,6,1,0,85.71,14.29,0.0
Grime II,Graphics,5,4,1,0,80.0,20.0,0.0
Grime II,Level Design,7,5,2,0,71.43,28.57,0.0
Grime II,Difficulty,7,4,3,0,57.14,42.86,0.0
Grime II,Performance,3,2,1,0,66.67,33.33,0.0
Grime II,Replayability,2,2,0,0,100.0,0.0,0.0
Grindstone,Gameplay,6,6,0,0,100.0,0.0,0.0
Grindstone,Graphics,4,4,0,0,100.0,0.0,0.0
Grindstone,Characters,1,1,0,0,100.0,0.0,0.0
Grindstone,Level Design,1,1,0,0,100.0,0.0,0.0
Grindstone,Difficulty,3,3,0,0,100.0,0.0,0.0
Grindstone,Replayability,3,3,0,0,100.0,0.0,0.0
Groove Coaster: Wai Wai Party!,Gameplay,3,3,0,0,100.0,0.0,0.0
Groove Coaster: Wai Wai Party!,Graphics,1,1,0,0,100.0,0.0,0.0
Groove Coaster: Wai Wai Party!,Difficulty,2,2,0,0,100.0,0.0,0.0
Groove Coaster: Wai Wai Party!,Replayability,1,1,0,0,100.0,0.0,0.0
Ground Zero,Gameplay,9,7,2,0,77.78,22.22,0.0
Ground Zero,Story,1,1,0,0,100.0,0.0,0.0
Ground Zero,Graphics,3,1,2,0,33.33,66.67,0.0
Ground Zero,Level Design,4,2,2,0,50.0,50.0,0.0
Ground Zero,Music & Sound,1,0,1,0,0.0,100.0,0.0
Ground Zero,Difficulty,1,1,0,0,100.0,0.0,0.0
Ground Zero,Performance,1,0,1,0,0.0,100.0,0.0
Ground Zero,Replayability,3,3,0,0,100.0,0.0,0.0
Grounded,Gameplay,14,8,6,0,57.14,42.86,0.0
Grounded,Story,12,7,5,0,58.33,41.67,0.0
Grounded,Graphics,4,2,2,0,50.0,50.0,0.0
Grounded,Level Design,3,2,1,0,66.67,33.33,0.0
Grounded,Music & Sound,2,1,1,0,50.0,50.0,0.0
Grounded,Difficulty,9,4,5,0,44.44,55.56,0.0
Grounded,Performance,10,6,4,0,60.0,40.0,0.0
Grounded,Replayability,3,3,0,0,100.0,0.0,0.0
Guacamelee! 2,Gameplay,45,38,7,0,84.44,15.56,0.0
Guacamelee! 2,Story,11,10,1,0,90.91,9.09,0.0
Guacamelee! 2,Graphics,8,8,0,0,100.0,0.0,0.0
Guacamelee! 2,Characters,4,3,1,0,75.0,25.0,0.0
Guacamelee! 2,Level Design,12,12,0,0,100.0,0.0,0.0
Guacamelee! 2,Music & Sound,8,8,0,0,100.0,0.0,0.0
Guacamelee! 2,Difficulty,26,25,1,0,96.15,3.85,0.0
Guacamelee! 2,Performance,1,1,0,0,100.0,0.0,0.0
Guacamelee! 2,Replayability,4,3,1,0,75.0,25.0,0.0
Guacamelee! Super Turbo Championship Edition,Gameplay,17,17,0,0,100.0,0.0,0.0
Guacamelee! Super Turbo Championship Edition,Story,3,3,0,0,100.0,0.0,0.0
Guacamelee! Super Turbo Championship Edition,Graphics,5,4,1,0,80.0,20.0,0.0
Guacamelee! Super Turbo Championship Edition,Characters,1,1,0,0,100.0,0.0,0.0
Guacamelee! Super Turbo Championship Edition,Level Design,4,4,0,0,100.0,0.0,0.0
Guacamelee! Super Turbo Championship Edition,Music & Sound,2,1,1,0,50.0,50.0,0.0
Guacamelee! Super Turbo Championship Edition,Difficulty,9,8,1,0,88.89,11.11,0.0
Guacamelee! Super Turbo Championship Edition,Performance,2,2,0,0,100.0,0.0,0.0
Guacamelee! Super Turbo Championship Edition,Replayability,8,7,1,0,87.5,12.5,0.0
Guardians of the Galaxy,Gameplay,58,50,8,0,86.21,13.79,0.0
Guardians of the Galaxy,Story,72,62,10,0,86.11,13.89,0.0
Guardians of the Galaxy,Graphics,12,9,3,0,75.0,25.0,0.0
Guardians of the Galaxy,Characters,50,40,10,0,80.0,20.0,0.0
Guardians of the Galaxy,Level Design,6,4,2,0,66.67,33.33,0.0
Guardians of the Galaxy,Music & Sound,20,17,3,0,85.0,15.0,0.0
Guardians of the Galaxy,Difficulty,7,6,1,0,85.71,14.29,0.0
Guardians of the Galaxy,Performance,18,16,2,0,88.89,11.11,0.0
Guardians of the Galaxy,Replayability,5,5,0,0,100.0,0.0,0.0
Guild Wars 2: Heart of Thorns,Story,1,1,0,0,100.0,0.0,0.0
Guild Wars 2: Heart of Thorns,Level Design,3,3,0,0,100.0,0.0,0.0
Guild Wars 2: Heart of Thorns,Replayability,2,2,0,0,100.0,0.0,0.0
Guild Wars 2: Path of Fire,Story,4,1,3,0,25.0,75.0,0.0
Guild Wars 2: Path of Fire,Graphics,1,1,0,0,100.0,0.0,0.0
Guild Wars 2: Path of Fire,Characters,1,0,1,0,0.0,100.0,0.0
Guild Wars 2: Path of Fire,Performance,1,0,1,0,0.0,100.0,0.0
Guild Wars 2: Path of Fire,Replayability,5,2,3,0,40.0,60.0,0.0
Guilty Gear -Strive-,Gameplay,42,41,1,0,97.62,2.38,0.0
Guilty Gear -Strive-,Story,13,12,1,0,92.31,7.69,0.0
Guilty Gear -Strive-,Graphics,22,21,1,0,95.45,4.55,0.0
Guilty Gear -Strive-,Characters,22,22,0,0,100.0,0.0,0.0
Guilty Gear -Strive-,Level Design,7,7,0,0,100.0,0.0,0.0
Guilty Gear -Strive-,Music & Sound,12,12,0,0,100.0,0.0,0.0
Guilty Gear -Strive-,Difficulty,8,7,1,0,87.5,12.5,0.0
Guilty Gear -Strive-,Performance,8,7,1,0,87.5,12.5,0.0
Guilty Gear -Strive-,Replayability,15,15,0,0,100.0,0.0,0.0
Guilty Gear Xrd -SIGN-,Gameplay,5,5,0,0,100.0,0.0,0.0
Guilty Gear Xrd -SIGN-,Story,2,2,0,0,100.0,0.0,0.0
Guilty Gear Xrd -SIGN-,Graphics,3,3,0,0,100.0,0.0,0.0
Guilty Gear Xrd -SIGN-,Characters,3,3,0,0,100.0,0.0,0.0
Guilty Gear Xrd -SIGN-,Music & Sound,2,2,0,0,100.0,0.0,0.0
Guilty Gear Xrd -SIGN-,Difficulty,3,3,0,0,100.0,0.0,0.0
Guilty Gear Xrd -SIGN-,Performance,1,1,0,0,100.0,0.0,0.0
Guilty Gear Xrd -SIGN-,Replayability,2,2,0,0,100.0,0.0,0.0
Guilty Gear Xrd REV 2,Gameplay,9,8,1,0,88.89,11.11,0.0
Guilty Gear Xrd REV 2,Story,8,6,2,0,75.0,25.0,0.0
Guilty Gear Xrd REV 2,Graphics,4,3,1,0,75.0,25.0,0.0
Guilty Gear Xrd REV 2,Characters,8,8,0,0,100.0,0.0,0.0
Guilty Gear Xrd REV 2,Level Design,3,3,0,0,100.0,0.0,0.0
Guilty Gear Xrd REV 2,Music & Sound,2,2,0,0,100.0,0.0,0.0
Guilty Gear Xrd REV 2,Difficulty,4,4,0,0,100.0,0.0,0.0
Guilty Gear Xrd REV 2,Performance,2,1,1,0,50.0,50.0,0.0
Guilty Gear Xrd REV 2,Replayability,9,7,2,0,77.78,22.22,0.0
Guilty Gear Xrd Revelator,Gameplay,7,7,0,0,100.0,0.0,0.0
Guilty Gear Xrd Revelator,Story,5,4,1,0,80.0,20.0,0.0
Guilty Gear Xrd Revelator,Graphics,2,2,0,0,100.0,0.0,0.0
Guilty Gear Xrd Revelator,Characters,5,4,1,0,80.0,20.0,0.0
Guilty Gear Xrd Revelator,Level Design,1,0,1,0,0.0,100.0,0.0
Guilty Gear Xrd Revelator,Music & Sound,1,1,0,0,100.0,0.0,0.0
Guilty Gear Xrd Revelator,Difficulty,6,5,1,0,83.33,16.67,0.0
Guilty Gear Xrd Revelator,Replayability,2,2,0,0,100.0,0.0,0.0
Guitar Hero Live,Gameplay,9,7,2,0,77.78,22.22,0.0
Guitar Hero Live,Graphics,1,1,0,0,100.0,0.0,0.0
Guitar Hero Live,Level Design,3,2,1,0,66.67,33.33,0.0
Guitar Hero Live,Music & Sound,26,18,7,1,69.23,26.92,3.85
Guitar Hero Live,Difficulty,5,2,3,0,40.0,60.0,0.0
Guitar Hero Live,Performance,2,2,0,0,100.0,0.0,0.0
Guitar Hero Live,Replayability,5,2,3,0,40.0,60.0,0.0
Gundam Breaker 3,Gameplay,1,1,0,0,100.0,0.0,0.0
Gundam Breaker 3,Story,1,1,0,0,100.0,0.0,0.0
Gunman Clive 2,Gameplay,4,3,1,0,75.0,25.0,0.0
Gunman Clive 2,Graphics,2,1,1,0,50.0,50.0,0.0
Gunman Clive 2,Level Design,2,0,2,0,0.0,100.0,0.0
Gunman Clive 2,Music & Sound,1,1,0,0,100.0,0.0,0.0
Gunman Clive 2,Replayability,2,2,0,0,100.0,0.0,0.0
Gunman Clive HD,Graphics,1,1,0,0,100.0,0.0,0.0
Gunman Clive HD,Level Design,1,1,0,0,100.0,0.0,0.0
Gunman Clive HD,Music & Sound,1,1,0,0,100.0,0.0,0.0
Gunman Clive HD,Difficulty,1,1,0,0,100.0,0.0,0.0
Gunman Clive HD,Replayability,3,2,1,0,66.67,33.33,0.0
Gwent,Gameplay,1,1,0,0,100.0,0.0,0.0
Gwent,Difficulty,1,0,1,0,0.0,100.0,0.0
Gwent,Replayability,1,1,0,0,100.0,0.0,0.0
HROT,Gameplay,3,2,1,0,66.67,33.33,0.0
HROT,Graphics,1,0,1,0,0.0,100.0,0.0
HROT,Level Design,2,1,1,0,50.0,50.0,0.0
HROT,Performance,2,1,1,0,50.0,50.0,0.0
HROT,Replayability,1,0,1,0,0.0,100.0,0.0
HYPER DEMON,Gameplay,1,1,0,0,100.0,0.0,0.0
HYPER DEMON,Graphics,2,2,0,0,100.0,0.0,0.0
HYPER DEMON,Level Design,1,1,0,0,100.0,0.0,0.0
HYPER DEMON,Difficulty,1,1,0,0,100.0,0.0,0.0
HYPER DEMON,Performance,2,2,0,0,100.0,0.0,0.0
HYPER DEMON,Replayability,1,1,0,0,100.0,0.0,0.0
Hacknet,Gameplay,3,3,0,0,100.0,0.0,0.0
Hacknet,Story,3,3,0,0,100.0,0.0,0.0
Hacknet,Graphics,1,0,1,0,0.0,100.0,0.0
Hacknet,Music & Sound,1,1,0,0,100.0,0.0,0.0
Hades,Gameplay,74,73,1,0,98.65,1.35,0.0
Hades,Story,68,67,1,0,98.53,1.47,0.0
Hades,Graphics,18,18,0,0,100.0,0.0,0.0
Hades,Characters,29,28,1,0,96.55,3.45,0.0
Hades,Level Design,7,7,0,0,100.0,0.0,0.0
Hades,Music & Sound,21,21,0,0,100.0,0.0,0.0
Hades,Difficulty,17,17,0,0,100.0,0.0,0.0
Hades,Performance,5,5,0,0,100.0,0.0,0.0
Hades,Replayability,10,10,0,0,100.0,0.0,0.0
Hades II,Gameplay,58,57,1,0,98.28,1.72,0.0
Hades II,Story,44,43,1,0,97.73,2.27,0.0
Hades II,Graphics,11,11,0,0,100.0,0.0,0.0
Hades II,Characters,17,17,0,0,100.0,0.0,0.0
Hades II,Level Design,5,5,0,0,100.0,0.0,0.0
Hades II,Music & Sound,13,13,0,0,100.0,0.0,0.0
Hades II,Difficulty,10,10,0,0,100.0,0.0,0.0
Hades II,Performance,2,2,0,0,100.0,0.0,0.0
Hades II,Replayability,17,17,0,0,100.0,0.0,0.0
Hakuoki: Kyoto Winds,Story,9,8,1,0,88.89,11.11,0.0
Hakuoki: Kyoto Winds,Graphics,10,7,3,0,70.0,30.0,0.0
Hakuoki: Kyoto Winds,Characters,5,2,3,0,40.0,60.0,0.0
Hakuoki: Kyoto Winds,Music & Sound,2,1,1,0,50.0,50.0,0.0
Hakuoki: Kyoto Winds,Difficulty,2,1,1,0,50.0,50.0,0.0
Hakuoki: Kyoto Winds,Replayability,2,0,2,0,0.0,100.0,0.0
Half-Life: Alyx,Gameplay,10,9,1,0,90.0,10.0,0.0
Half-Life: Alyx,Story,12,12,0,0,100.0,0.0,0.0
Half-Life: Alyx,Graphics,2,2,0,0,100.0,0.0,0.0
Half-Life: Alyx,Characters,1,1,0,0,100.0,0.0,0.0
Half-Life: Alyx,Level Design,7,7,0,0,100.0,0.0,0.0
Half-Life: Alyx,Music & Sound,1,1,0,0,100.0,0.0,0.0
Half-Life: Alyx,Difficulty,2,2,0,0,100.0,0.0,0.0
Half-Life: Alyx,Performance,2,1,1,0,50.0,50.0,0.0
Half-Life: Alyx,Replayability,3,1,2,0,33.33,66.67,0.0
Halls of Torment,Gameplay,4,4,0,0,100.0,0.0,0.0
Halls of Torment,Graphics,2,2,0,0,100.0,0.0,0.0
Halls of Torment,Characters,3,3,0,0,100.0,0.0,0.0
Halls of Torment,Difficulty,3,3,0,0,100.0,0.0,0.0
Halls of Torment,Replayability,3,3,0,0,100.0,0.0,0.0
Halo 5: Guardians,Gameplay,28,24,4,0,85.71,14.29,0.0
Halo 5: Guardians,Story,33,24,9,0,72.73,27.27,0.0
Halo 5: Guardians,Graphics,3,3,0,0,100.0,0.0,0.0
Halo 5: Guardians,Characters,5,4,1,0,80.0,20.0,0.0
Halo 5: Guardians,Level Design,4,2,2,0,50.0,50.0,0.0
Halo 5: Guardians,Music & Sound,1,1,0,0,100.0,0.0,0.0
Halo 5: Guardians,Difficulty,8,6,2,0,75.0,25.0,0.0
Halo 5: Guardians,Performance,10,8,2,0,80.0,20.0,0.0
Halo 5: Guardians,Replayability,3,2,1,0,66.67,33.33,0.0
Halo Infinite,Gameplay,55,48,7,0,87.27,12.73,0.0
Halo Infinite,Story,36,31,5,0,86.11,13.89,0.0
Halo Infinite,Graphics,7,5,2,0,71.43,28.57,0.0
Halo Infinite,Characters,6,5,1,0,83.33,16.67,0.0
Halo Infinite,Level Design,15,12,2,1,80.0,13.33,6.67
Halo Infinite,Music & Sound,5,4,1,0,80.0,20.0,0.0
Halo Infinite,Difficulty,7,6,1,0,85.71,14.29,0.0
Halo Infinite,Performance,11,11,0,0,100.0,0.0,0.0
Halo Infinite,Replayability,5,4,1,0,80.0,20.0,0.0
Halo: The Master Chief Collection,Gameplay,9,9,0,0,100.0,0.0,0.0
Halo: The Master Chief Collection,Story,3,3,0,0,100.0,0.0,0.0
Halo: The Master Chief Collection,Graphics,5,5,0,0,100.0,0.0,0.0
Halo: The Master Chief Collection,Level Design,5,5,0,0,100.0,0.0,0.0
Halo: The Master Chief Collection,Music & Sound,3,3,0,0,100.0,0.0,0.0
Halo: The Master Chief Collection,Difficulty,8,8,0,0,100.0,0.0,0.0
Halo: The Master Chief Collection,Performance,11,9,2,0,81.82,18.18,0.0
Halo: The Master Chief Collection,Replayability,16,16,0,0,100.0,0.0,0.0
Hand of Fate 2,Gameplay,34,29,5,0,85.29,14.71,0.0
Hand of Fate 2,Story,12,8,4,0,66.67,33.33,0.0
Hand of Fate 2,Graphics,3,3,0,0,100.0,0.0,0.0
Hand of Fate 2,Characters,2,2,0,0,100.0,0.0,0.0
Hand of Fate 2,Level Design,3,3,0,0,100.0,0.0,0.0
Hand of Fate 2,Music & Sound,1,1,0,0,100.0,0.0,0.0
Hand of Fate 2,Difficulty,2,1,1,0,50.0,50.0,0.0
Hand of Fate 2,Replayability,2,2,0,0,100.0,0.0,0.0
Hardspace: Shipbreaker,Gameplay,12,10,2,0,83.33,16.67,0.0
Hardspace: Shipbreaker,Story,10,9,1,0,90.0,10.0,0.0
Hardspace: Shipbreaker,Level Design,1,0,1,0,0.0,100.0,0.0
Hardspace: Shipbreaker,Music & Sound,1,1,0,0,100.0,0.0,0.0
Hardspace: Shipbreaker,Difficulty,5,3,2,0,60.0,40.0,0.0
Hardspace: Shipbreaker,Performance,1,1,0,0,100.0,0.0,0.0
Hardspace: Shipbreaker,Replayability,1,1,0,0,100.0,0.0,0.0
Haste,Gameplay,3,3,0,0,100.0,0.0,0.0
Haste,Story,1,1,0,0,100.0,0.0,0.0
Haste,Graphics,1,1,0,0,100.0,0.0,0.0
Haste,Characters,1,1,0,0,100.0,0.0,0.0
Haste,Level Design,1,1,0,0,100.0,0.0,0.0
Haste,Music & Sound,2,2,0,0,100.0,0.0,0.0
Haste,Difficulty,2,2,0,0,100.0,0.0,0.0
Hatsune Miku Logic Paint S,Gameplay,1,1,0,0,100.0,0.0,0.0
Hatsune Miku Logic Paint S,Level Design,1,1,0,0,100.0,0.0,0.0
Hatsune Miku Logic Paint S,Music & Sound,2,2,0,0,100.0,0.0,0.0
Hatsune Miku Logic Paint S,Difficulty,1,0,1,0,0.0,100.0,0.0
Hatsune Miku: Project Diva Future Tone,Gameplay,11,10,1,0,90.91,9.09,0.0
Hatsune Miku: Project Diva Future Tone,Story,3,1,2,0,33.33,66.67,0.0
Hatsune Miku: Project Diva Future Tone,Graphics,5,5,0,0,100.0,0.0,0.0
Hatsune Miku: Project Diva Future Tone,Music & Sound,3,3,0,0,100.0,0.0,0.0
Hatsune Miku: Project Diva Future Tone,Difficulty,5,4,1,0,80.0,20.0,0.0
Hatsune Miku: Project Diva Future Tone,Replayability,10,9,1,0,90.0,10.0,0.0
Headquarters: World War II,Gameplay,3,2,1,0,66.67,33.33,0.0
Headquarters: World War II,Graphics,1,1,0,0,100.0,0.0,0.0
Headquarters: World War II,Performance,1,1,0,0,100.0,0.0,0.0
Hearthstone: Blackrock Mountain,Gameplay,1,1,0,0,100.0,0.0,0.0
Hearthstone: Heroes of Warcraft,Gameplay,3,3,0,0,100.0,0.0,0.0
Hearthstone: Heroes of Warcraft,Story,1,1,0,0,100.0,0.0,0.0
Hearthstone: Heroes of Warcraft,Characters,1,1,0,0,100.0,0.0,0.0
Hearthstone: Heroes of Warcraft,Level Design,2,2,0,0,100.0,0.0,0.0
Hearthstone: Heroes of Warcraft,Music & Sound,1,1,0,0,100.0,0.0,0.0
Hearthstone: Heroes of Warcraft,Difficulty,3,3,0,0,100.0,0.0,0.0
Hearthstone: March of the Lich King,Difficulty,1,1,0,0,100.0,0.0,0.0
Hearthstone: March of the Lich King,Replayability,1,1,0,0,100.0,0.0,0.0
Hearthstone: Murder at Castle Nathria,Gameplay,2,2,0,0,100.0,0.0,0.0
Hearthstone: The Grand Tournament,Gameplay,2,2,0,0,100.0,0.0,0.0
Hearthstone: The League of Explorers,Gameplay,2,2,0,0,100.0,0.0,0.0
Hearthstone: The League of Explorers,Story,1,1,0,0,100.0,0.0,0.0
Hearts of Iron IV,Gameplay,1,1,0,0,100.0,0.0,0.0
Hearts of Iron IV,Level Design,2,2,0,0,100.0,0.0,0.0
Hearts of Iron IV,Difficulty,2,1,1,0,50.0,50.0,0.0
Hearts of Iron IV,Replayability,4,4,0,0,100.0,0.0,0.0
Hell Clock,Gameplay,15,12,3,0,80.0,20.0,0.0
Hell Clock,Story,11,9,2,0,81.82,18.18,0.0
Hell Clock,Graphics,1,1,0,0,100.0,0.0,0.0
Hell Clock,Characters,3,1,2,0,33.33,66.67,0.0
Hell Clock,Level Design,1,0,1,0,0.0,100.0,0.0
Hell Clock,Music & Sound,1,1,0,0,100.0,0.0,0.0
Hell Clock,Difficulty,8,6,2,0,75.0,25.0,0.0
Hell Clock,Performance,2,0,2,0,0.0,100.0,0.0
Hell Clock,Replayability,3,2,1,0,66.67,33.33,0.0
Hellblade: Senua's Sacrifice,Gameplay,61,49,12,0,80.33,19.67,0.0
Hellblade: Senua's Sacrifice,Story,55,52,3,0,94.55,5.45,0.0
Hellblade: Senua's Sacrifice,Graphics,22,17,5,0,77.27,22.73,0.0
Hellblade: Senua's Sacrifice,Characters,12,9,3,0,75.0,25.0,0.0
Hellblade: Senua's Sacrifice,Level Design,5,4,1,0,80.0,20.0,0.0
Hellblade: Senua's Sacrifice,Music & Sound,19,16,3,0,84.21,15.79,0.0
Hellblade: Senua's Sacrifice,Difficulty,14,14,0,0,100.0,0.0,0.0
Hellblade: Senua's Sacrifice,Performance,11,8,3,0,72.73,27.27,0.0
Hellblade: Senua's Sacrifice,Replayability,1,1,0,0,100.0,0.0,0.0
Helldivers,Gameplay,9,6,3,0,66.67,33.33,0.0
Helldivers,Story,4,1,3,0,25.0,75.0,0.0
Helldivers,Graphics,2,2,0,0,100.0,0.0,0.0
Helldivers,Characters,2,1,1,0,50.0,50.0,0.0
Helldivers,Level Design,3,3,0,0,100.0,0.0,0.0
Helldivers,Music & Sound,1,1,0,0,100.0,0.0,0.0
Helldivers,Difficulty,9,8,1,0,88.89,11.11,0.0
Helldivers,Performance,2,1,1,0,50.0,50.0,0.0
Helldivers,Replayability,1,1,0,0,100.0,0.0,0.0
Helldivers II,Gameplay,49,41,8,0,83.67,16.33,0.0
Helldivers II,Story,7,5,2,0,71.43,28.57,0.0
Helldivers II,Graphics,5,3,2,0,60.0,40.0,0.0
Helldivers II,Characters,3,3,0,0,100.0,0.0,0.0
Helldivers II,Level Design,8,6,1,1,75.0,12.5,12.5
Helldivers II,Music & Sound,5,3,2,0,60.0,40.0,0.0
Helldivers II,Difficulty,21,16,4,1,76.19,19.05,4.76
Helldivers II,Performance,26,21,3,2,80.77,11.54,7.69
Helldivers II,Replayability,19,15,3,1,78.95,15.79,5.26
Hello Kitty Island Adventure,Gameplay,15,10,5,0,66.67,33.33,0.0
Hello Kitty Island Adventure,Story,4,2,2,0,50.0,50.0,0.0
Hello Kitty Island Adventure,Graphics,4,3,1,0,75.0,25.0,0.0
Hello Kitty Island Adventure,Characters,18,14,4,0,77.78,22.22,0.0
Hello Kitty Island Adventure,Level Design,2,2,0,0,100.0,0.0,0.0
Hello Kitty Island Adventure,Music & Sound,1,1,0,0,100.0,0.0,0.0
Hello Kitty Island Adventure,Difficulty,3,3,0,0,100.0,0.0,0.0
Hello Kitty Island Adventure,Performance,4,2,2,0,50.0,50.0,0.0
Hello Kitty Island Adventure,Replayability,3,2,1,0,66.67,33.33,0.0
Henchman Story,Story,4,3,1,0,75.0,25.0,0.0
Henchman Story,Graphics,3,3,0,0,100.0,0.0,0.0
Henchman Story,Difficulty,1,1,0,0,100.0,0.0,0.0
Her Story,Gameplay,3,3,0,0,100.0,0.0,0.0
Her Story,Story,40,36,4,0,90.0,10.0,0.0
Her Story,Characters,2,2,0,0,100.0,0.0,0.0
Her Story,Music & Sound,1,1,0,0,100.0,0.0,0.0
Her Story,Difficulty,3,2,1,0,66.67,33.33,0.0
Her Story,Performance,3,2,1,0,66.67,33.33,0.0
Heretic + Hexen,Gameplay,11,10,1,0,90.91,9.09,0.0
Heretic + Hexen,Graphics,2,0,2,0,0.0,100.0,0.0
Heretic + Hexen,Characters,1,1,0,0,100.0,0.0,0.0
Heretic + Hexen,Level Design,4,4,0,0,100.0,0.0,0.0
Heretic + Hexen,Music & Sound,3,2,1,0,66.67,33.33,0.0
Heretic + Hexen,Difficulty,1,1,0,0,100.0,0.0,0.0
Heretic + Hexen,Performance,14,12,2,0,85.71,14.29,0.0
Heretic + Hexen,Replayability,10,9,1,0,90.0,10.0,0.0
Hermit and Pig,Gameplay,3,3,0,0,100.0,0.0,0.0
Hermit and Pig,Story,4,3,1,0,75.0,25.0,0.0
Hermit and Pig,Characters,3,3,0,0,100.0,0.0,0.0
Hermit and Pig,Difficulty,2,1,1,0,50.0,50.0,0.0
Hermit and Pig,Replayability,1,0,1,0,0.0,100.0,0.0
Heroes of Hammerwatch - Ultimate Edition,Gameplay,7,6,1,0,85.71,14.29,0.0
Heroes of Hammerwatch - Ultimate Edition,Story,1,1,0,0,100.0,0.0,0.0
Heroes of Hammerwatch - Ultimate Edition,Level Design,1,1,0,0,100.0,0.0,0.0
Heroes of Hammerwatch - Ultimate Edition,Difficulty,3,2,1,0,66.67,33.33,0.0
Heroes of Hammerwatch - Ultimate Edition,Replayability,3,3,0,0,100.0,0.0,0.0
Heroes of the Storm,Gameplay,4,3,1,0,75.0,25.0,0.0
Heroes of the Storm,Characters,3,3,0,0,100.0,0.0,0.0
Heroes of the Storm,Level Design,3,3,0,0,100.0,0.0,0.0
Heroes of the Storm,Difficulty,6,5,1,0,83.33,16.67,0.0
Heroes of the Storm,Replayability,2,1,1,0,50.0,50.0,0.0
Hi-Fi Rush,Gameplay,53,51,2,0,96.23,3.77,0.0
Hi-Fi Rush,Story,16,16,0,0,100.0,0.0,0.0
Hi-Fi Rush,Graphics,20,20,0,0,100.0,0.0,0.0
Hi-Fi Rush,Characters,28,28,0,0,100.0,0.0,0.0
Hi-Fi Rush,Level Design,9,8,1,0,88.89,11.11,0.0
Hi-Fi Rush,Music & Sound,32,31,1,0,96.88,3.12,0.0
Hi-Fi Rush,Difficulty,14,13,1,0,92.86,7.14,0.0
Hi-Fi Rush,Performance,5,5,0,0,100.0,0.0,0.0
Hi-Fi Rush,Replayability,5,5,0,0,100.0,0.0,0.0
Hidden in my Paradise,Gameplay,3,1,2,0,33.33,66.67,0.0
Hidden in my Paradise,Graphics,1,1,0,0,100.0,0.0,0.0
Hidden in my Paradise,Level Design,6,4,2,0,66.67,33.33,0.0
Hidden in my Paradise,Difficulty,4,2,2,0,50.0,50.0,0.0
Hidden in my Paradise,Replayability,1,1,0,0,100.0,0.0,0.0
Highway Blossoms,Story,2,2,0,0,100.0,0.0,0.0
Highway Blossoms,Characters,2,2,0,0,100.0,0.0,0.0
Hitman - Episode 2: Sapienza,Gameplay,7,6,1,0,85.71,14.29,0.0
Hitman - Episode 2: Sapienza,Story,5,4,1,0,80.0,20.0,0.0
Hitman - Episode 2: Sapienza,Level Design,18,16,2,0,88.89,11.11,0.0
Hitman - Episode 2: Sapienza,Music & Sound,1,1,0,0,100.0,0.0,0.0
Hitman - Episode 2: Sapienza,Difficulty,7,5,2,0,71.43,28.57,0.0
Hitman - Episode 2: Sapienza,Performance,4,3,1,0,75.0,25.0,0.0
Hitman - Episode 2: Sapienza,Replayability,7,6,1,0,85.71,14.29,0.0
Hitman - Episode 6: Hokkaido,Gameplay,1,0,1,0,0.0,100.0,0.0
Hitman - Episode 6: Hokkaido,Story,4,2,2,0,50.0,50.0,0.0
Hitman - Episode 6: Hokkaido,Level Design,10,8,2,0,80.0,20.0,0.0
Hitman - Episode 6: Hokkaido,Difficulty,4,2,2,0,50.0,50.0,0.0
Hitman - Episode 6: Hokkaido,Replayability,3,3,0,0,100.0,0.0,0.0
Hitman - The Complete First Season,Gameplay,12,11,1,0,91.67,8.33,0.0
Hitman - The Complete First Season,Story,8,6,2,0,75.0,25.0,0.0
Hitman - The Complete First Season,Characters,1,1,0,0,100.0,0.0,0.0
Hitman - The Complete First Season,Level Design,17,17,0,0,100.0,0.0,0.0
Hitman - The Complete First Season,Difficulty,5,5,0,0,100.0,0.0,0.0
Hitman - The Complete First Season,Replayability,11,11,0,0,100.0,0.0,0.0
Hitman 2,Gameplay,28,26,2,0,92.86,7.14,0.0
Hitman 2,Story,18,16,1,1,88.89,5.56,5.56
Hitman 2,Characters,4,2,2,0,50.0,50.0,0.0
Hitman 2,Level Design,30,26,3,1,86.67,10.0,3.33
Hitman 2,Difficulty,5,5,0,0,100.0,0.0,0.0
Hitman 2,Performance,2,2,0,0,100.0,0.0,0.0
Hitman 2,Replayability,21,20,1,0,95.24,4.76,0.0
Hitman 3,Gameplay,46,38,8,0,82.61,17.39,0.0
Hitman 3,Story,34,29,5,0,85.29,14.71,0.0
Hitman 3,Graphics,7,7,0,0,100.0,0.0,0.0
Hitman 3,Level Design,41,38,3,0,92.68,7.32,0.0
Hitman 3,Music & Sound,3,3,0,0,100.0,0.0,0.0
Hitman 3,Difficulty,10,9,1,0,90.0,10.0,0.0
Hitman 3,Performance,7,5,2,0,71.43,28.57,0.0
Hitman 3,Replayability,25,23,2,0,92.0,8.0,0.0
Hitman: Definitive Edition,Level Design,1,1,0,0,100.0,0.0,0.0
Hitman: Definitive Edition,Replayability,1,1,0,0,100.0,0.0,0.0
Hogwarts Legacy,Gameplay,54,47,7,0,87.04,12.96,0.0
Hogwarts Legacy,Story,39,34,5,0,87.18,12.82,0.0
Hogwarts Legacy,Graphics,4,4,0,0,100.0,0.0,0.0
Hogwarts Legacy,Characters,16,14,2,0,87.5,12.5,0.0
Hogwarts Legacy,Level Design,6,5,1,0,83.33,16.67,0.0
Hogwarts Legacy,Music & Sound,3,3,0,0,100.0,0.0,0.0
Hogwarts Legacy,Difficulty,17,14,3,0,82.35,17.65,0.0
Hogwarts Legacy,Performance,10,10,0,0,100.0,0.0,0.0
Hogwarts Legacy,Replayability,16,13,3,0,81.25,18.75,0.0
Hollow Knight,Gameplay,19,18,1,0,94.74,5.26,0.0
Hollow Knight,Story,5,5,0,0,100.0,0.0,0.0
Hollow Knight,Graphics,7,7,0,0,100.0,0.0,0.0
Hollow Knight,Characters,3,3,0,0,100.0,0.0,0.0
Hollow Knight,Level Design,6,6,0,0,100.0,0.0,0.0
Hollow Knight,Music & Sound,6,6,0,0,100.0,0.0,0.0
Hollow Knight,Difficulty,21,21,0,0,100.0,0.0,0.0
Hollow Knight,Replayability,7,7,0,0,100.0,0.0,0.0
Hollow Knight: Silksong,Gameplay,42,40,2,0,95.24,4.76,0.0
Hollow Knight: Silksong,Story,14,13,1,0,92.86,7.14,0.0
Hollow Knight: Silksong,Graphics,11,11,0,0,100.0,0.0,0.0
Hollow Knight: Silksong,Characters,8,7,1,0,87.5,12.5,0.0
Hollow Knight: Silksong,Level Design,14,13,1,0,92.86,7.14,0.0
Hollow Knight: Silksong,Music & Sound,16,14,2,0,87.5,12.5,0.0
Hollow Knight: Silksong,Difficulty,40,36,4,0,90.0,10.0,0.0
Hollow Knight: Silksong,Performance,4,3,1,0,75.0,25.0,0.0
Hollow Knight: Silksong,Replayability,6,6,0,0,100.0,0.0,0.0
Hollow Knight: Voidheart Edition,Gameplay,7,7,0,0,100.0,0.0,0.0
Hollow Knight: Voidheart Edition,Story,2,2,0,0,100.0,0.0,0.0
Hollow Knight: Voidheart Edition,Graphics,2,2,0,0,100.0,0.0,0.0
Hollow Knight: Voidheart Edition,Level Design,1,1,0,0,100.0,0.0,0.0
Hollow Knight: Voidheart Edition,Music & Sound,3,3,0,0,100.0,0.0,0.0
Hollow Knight: Voidheart Edition,Difficulty,4,4,0,0,100.0,0.0,0.0
Hollow Knight: Voidheart Edition,Performance,1,1,0,0,100.0,0.0,0.0
Hollow Knight: Voidheart Edition,Replayability,4,4,0,0,100.0,0.0,0.0
Homeworld Remastered Collection,Gameplay,11,10,1,0,90.91,9.09,0.0
Homeworld Remastered Collection,Story,1,1,0,0,100.0,0.0,0.0
Homeworld Remastered Collection,Graphics,9,9,0,0,100.0,0.0,0.0
Homeworld Remastered Collection,Music & Sound,5,3,2,0,60.0,40.0,0.0
Homeworld Remastered Collection,Difficulty,4,3,1,0,75.0,25.0,0.0
Homeworld Remastered Collection,Performance,1,0,1,0,0.0,100.0,0.0
Homeworld Remastered Collection,Replayability,1,1,0,0,100.0,0.0,0.0
Honkai: Star Rail,Gameplay,14,12,2,0,85.71,14.29,0.0
Honkai: Star Rail,Story,11,11,0,0,100.0,0.0,0.0
Honkai: Star Rail,Graphics,5,5,0,0,100.0,0.0,0.0
Honkai: Star Rail,Characters,9,9,0,0,100.0,0.0,0.0
Honkai: Star Rail,Difficulty,4,2,2,0,50.0,50.0,0.0
Honkai: Star Rail,Replayability,7,6,1,0,85.71,14.29,0.0
Horace,Gameplay,10,8,2,0,80.0,20.0,0.0
Horace,Story,9,6,3,0,66.67,33.33,0.0
Horace,Graphics,1,1,0,0,100.0,0.0,0.0
Horace,Characters,5,5,0,0,100.0,0.0,0.0
Horace,Level Design,1,1,0,0,100.0,0.0,0.0
Horace,Music & Sound,3,2,1,0,66.67,33.33,0.0
Horace,Difficulty,8,6,2,0,75.0,25.0,0.0
Horace,Performance,1,1,0,0,100.0,0.0,0.0
Horace,Replayability,2,1,1,0,50.0,50.0,0.0
Horizon Call of the Mountain,Gameplay,31,24,7,0,77.42,22.58,0.0
Horizon Call of the Mountain,Story,8,5,3,0,62.5,37.5,0.0
Horizon Call of the Mountain,Graphics,8,8,0,0,100.0,0.0,0.0
Horizon Call of the Mountain,Characters,5,4,1,0,80.0,20.0,0.0
Horizon Call of the Mountain,Level Design,2,2,0,0,100.0,0.0,0.0
Horizon Call of the Mountain,Difficulty,3,2,1,0,66.67,33.33,0.0
Horizon Call of the Mountain,Performance,10,8,2,0,80.0,20.0,0.0
Horizon Call of the Mountain,Replayability,2,2,0,0,100.0,0.0,0.0
Horizon Chase Turbo: Senna Forever,Gameplay,2,2,0,0,100.0,0.0,0.0
Horizon Chase Turbo: Senna Forever,Story,1,1,0,0,100.0,0.0,0.0
Horizon Chase Turbo: Senna Forever,Level Design,1,1,0,0,100.0,0.0,0.0
Horizon Chase Turbo: Senna Forever,Music & Sound,1,1,0,0,100.0,0.0,0.0
Horizon Chase Turbo: Senna Forever,Replayability,2,2,0,0,100.0,0.0,0.0
Horizon Forbidden West,Gameplay,59,54,5,0,91.53,8.47,0.0
Horizon Forbidden West,Story,61,56,5,0,91.8,8.2,0.0
Horizon Forbidden West,Graphics,21,20,1,0,95.24,4.76,0.0
Horizon Forbidden West,Characters,18,17,1,0,94.44,5.56,0.0
Horizon Forbidden West,Level Design,14,14,0,0,100.0,0.0,0.0
Horizon Forbidden West,Music & Sound,4,4,0,0,100.0,0.0,0.0
Horizon Forbidden West,Difficulty,11,10,1,0,90.91,9.09,0.0
Horizon Forbidden West,Performance,18,14,4,0,77.78,22.22,0.0
Horizon Forbidden West,Replayability,12,10,2,0,83.33,16.67,0.0
Horizon Forbidden West Complete Edition,Gameplay,4,3,1,0,75.0,25.0,0.0
Horizon Forbidden West Complete Edition,Story,4,3,1,0,75.0,25.0,0.0
Horizon Forbidden West Complete Edition,Graphics,5,5,0,0,100.0,0.0,0.0
Horizon Forbidden West Complete Edition,Characters,2,2,0,0,100.0,0.0,0.0
Horizon Forbidden West Complete Edition,Performance,9,9,0,0,100.0,0.0,0.0
Horizon Forbidden West Complete Edition,Replayability,3,3,0,0,100.0,0.0,0.0
Horizon Forbidden West: Burning Shores,Gameplay,22,17,4,1,77.27,18.18,4.55
Horizon Forbidden West: Burning Shores,Story,35,27,7,1,77.14,20.0,2.86
Horizon Forbidden West: Burning Shores,Graphics,10,10,0,0,100.0,0.0,0.0
Horizon Forbidden West: Burning Shores,Characters,20,15,4,1,75.0,20.0,5.0
Horizon Forbidden West: Burning Shores,Level Design,5,4,1,0,80.0,20.0,0.0
Horizon Forbidden West: Burning Shores,Difficulty,3,3,0,0,100.0,0.0,0.0
Horizon Forbidden West: Burning Shores,Performance,5,4,1,0,80.0,20.0,0.0
Horizon Forbidden West: Burning Shores,Replayability,17,14,2,1,82.35,11.76,5.88
Horizon Zero Dawn,Gameplay,51,50,1,0,98.04,1.96,0.0
Horizon Zero Dawn,Story,44,40,4,0,90.91,9.09,0.0
Horizon Zero Dawn,Graphics,20,20,0,0,100.0,0.0,0.0
Horizon Zero Dawn,Characters,20,19,1,0,95.0,5.0,0.0
Horizon Zero Dawn,Level Design,3,2,1,0,66.67,33.33,0.0
Horizon Zero Dawn,Music & Sound,2,2,0,0,100.0,0.0,0.0
Horizon Zero Dawn,Difficulty,11,11,0,0,100.0,0.0,0.0
Horizon Zero Dawn,Performance,6,6,0,0,100.0,0.0,0.0
Horizon Zero Dawn,Replayability,4,3,1,0,75.0,25.0,0.0
Horizon Zero Dawn Complete Edition,Gameplay,5,3,2,0,60.0,40.0,0.0
Horizon Zero Dawn Complete Edition,Story,4,3,1,0,75.0,25.0,0.0
Horizon Zero Dawn Complete Edition,Graphics,7,4,3,0,57.14,42.86,0.0
Horizon Zero Dawn Complete Edition,Characters,1,0,1,0,0.0,100.0,0.0
Horizon Zero Dawn Complete Edition,Level Design,2,2,0,0,100.0,0.0,0.0
Horizon Zero Dawn Complete Edition,Music & Sound,1,0,1,0,0.0,100.0,0.0
Horizon Zero Dawn Complete Edition,Difficulty,2,2,0,0,100.0,0.0,0.0
Horizon Zero Dawn Complete Edition,Performance,9,7,2,0,77.78,22.22,0.0
Horizon Zero Dawn Complete Edition,Replayability,1,1,0,0,100.0,0.0,0.0
Horizon Zero Dawn Remastered,Gameplay,17,14,3,0,82.35,17.65,0.0
Horizon Zero Dawn Remastered,Story,12,9,3,0,75.0,25.0,0.0
Horizon Zero Dawn Remastered,Graphics,24,21,3,0,87.5,12.5,0.0
Horizon Zero Dawn Remastered,Characters,7,6,1,0,85.71,14.29,0.0
Horizon Zero Dawn Remastered,Level Design,7,7,0,0,100.0,0.0,0.0
Horizon Zero Dawn Remastered,Music & Sound,1,1,0,0,100.0,0.0,0.0
Horizon Zero Dawn Remastered,Difficulty,2,2,0,0,100.0,0.0,0.0
Horizon Zero Dawn Remastered,Performance,8,5,3,0,62.5,37.5,0.0
Horizon Zero Dawn Remastered,Replayability,6,4,2,0,66.67,33.33,0.0
Horizon Zero Dawn: The Frozen Wilds,Gameplay,13,10,3,0,76.92,23.08,0.0
Horizon Zero Dawn: The Frozen Wilds,Story,20,16,4,0,80.0,20.0,0.0
Horizon Zero Dawn: The Frozen Wilds,Graphics,3,3,0,0,100.0,0.0,0.0
Horizon Zero Dawn: The Frozen Wilds,Characters,7,6,1,0,85.71,14.29,0.0
Horizon Zero Dawn: The Frozen Wilds,Level Design,4,3,1,0,75.0,25.0,0.0
Horizon Zero Dawn: The Frozen Wilds,Difficulty,5,5,0,0,100.0,0.0,0.0
Horizon Zero Dawn: The Frozen Wilds,Performance,1,0,1,0,0.0,100.0,0.0
Horizon Zero Dawn: The Frozen Wilds,Replayability,16,14,2,0,87.5,12.5,0.0
Hotline Miami Collection,Gameplay,4,4,0,0,100.0,0.0,0.0
Hotline Miami Collection,Graphics,2,2,0,0,100.0,0.0,0.0
Hotline Miami Collection,Characters,1,1,0,0,100.0,0.0,0.0
Hotline Miami Collection,Level Design,1,1,0,0,100.0,0.0,0.0
Hotline Miami Collection,Music & Sound,3,3,0,0,100.0,0.0,0.0
Hotline Miami Collection,Difficulty,2,2,0,0,100.0,0.0,0.0
Hotline Miami Collection,Replayability,1,1,0,0,100.0,0.0,0.0
House Flipper 2,Gameplay,13,11,2,0,84.62,15.38,0.0
House Flipper 2,Story,3,2,1,0,66.67,33.33,0.0
House Flipper 2,Graphics,12,8,4,0,66.67,33.33,0.0
House Flipper 2,Level Design,1,1,0,0,100.0,0.0,0.0
House Flipper 2,Music & Sound,2,1,1,0,50.0,50.0,0.0
House Flipper 2,Difficulty,2,1,1,0,50.0,50.0,0.0
House Flipper 2,Performance,2,2,0,0,100.0,0.0,0.0
House Flipper 2,Replayability,6,2,4,0,33.33,66.67,0.0
Hover Junkers (VR),Performance,1,0,1,0,0.0,100.0,0.0
Humanity,Gameplay,14,12,2,0,85.71,14.29,0.0
Humanity,Story,10,7,3,0,70.0,30.0,0.0
Humanity,Graphics,7,6,1,0,85.71,14.29,0.0
Humanity,Characters,1,1,0,0,100.0,0.0,0.0
Humanity,Level Design,16,15,1,0,93.75,6.25,0.0
Humanity,Music & Sound,6,6,0,0,100.0,0.0,0.0
Humanity,Difficulty,8,7,1,0,87.5,12.5,0.0
Humanity,Performance,1,1,0,0,100.0,0.0,0.0
Humanity,Replayability,3,2,1,0,66.67,33.33,0.0
Huntdown,Gameplay,7,7,0,0,100.0,0.0,0.0
Huntdown,Graphics,2,2,0,0,100.0,0.0,0.0
Huntdown,Characters,3,2,1,0,66.67,33.33,0.0
Huntdown,Level Design,4,4,0,0,100.0,0.0,0.0
Huntdown,Music & Sound,2,2,0,0,100.0,0.0,0.0
Huntdown,Difficulty,6,6,0,0,100.0,0.0,0.0
Huntdown,Performance,1,1,0,0,100.0,0.0,0.0
Hyper Light Drifter,Gameplay,27,22,5,0,81.48,18.52,0.0
Hyper Light Drifter,Story,8,5,3,0,62.5,37.5,0.0
Hyper Light Drifter,Graphics,8,8,0,0,100.0,0.0,0.0
Hyper Light Drifter,Characters,1,1,0,0,100.0,0.0,0.0
Hyper Light Drifter,Level Design,2,1,1,0,50.0,50.0,0.0
Hyper Light Drifter,Music & Sound,7,7,0,0,100.0,0.0,0.0
Hyper Light Drifter,Difficulty,15,13,2,0,86.67,13.33,0.0
Hyper Light Drifter,Replayability,2,2,0,0,100.0,0.0,0.0
Hyper Light Drifter - Special Edition,Gameplay,7,7,0,0,100.0,0.0,0.0
Hyper Light Drifter - Special Edition,Story,1,1,0,0,100.0,0.0,0.0
Hyper Light Drifter - Special Edition,Graphics,2,2,0,0,100.0,0.0,0.0
Hyper Light Drifter - Special Edition,Music & Sound,2,2,0,0,100.0,0.0,0.0
Hyper Light Drifter - Special Edition,Difficulty,5,5,0,0,100.0,0.0,0.0
Hyper Light Drifter - Special Edition,Performance,3,3,0,0,100.0,0.0,0.0
Hyper Light Drifter - Special Edition,Replayability,2,2,0,0,100.0,0.0,0.0
Hypnospace Outlaw,Gameplay,2,1,1,0,50.0,50.0,0.0
Hypnospace Outlaw,Story,2,2,0,0,100.0,0.0,0.0
Hypnospace Outlaw,Graphics,1,1,0,0,100.0,0.0,0.0
Hypnospace Outlaw,Music & Sound,3,2,1,0,66.67,33.33,0.0
I Expect You To Die,Story,1,1,0,0,100.0,0.0,0.0
I Expect You To Die,Difficulty,3,1,2,0,33.33,66.67,0.0
I Expect You To Die,Replayability,2,2,0,0,100.0,0.0,0.0
I Expect You To Die 2,Gameplay,5,4,1,0,80.0,20.0,0.0
I Expect You To Die 2,Story,2,2,0,0,100.0,0.0,0.0
I Expect You To Die 2,Graphics,1,0,1,0,0.0,100.0,0.0
I Expect You To Die 2,Level Design,4,2,2,0,50.0,50.0,0.0
I Expect You To Die 2,Difficulty,1,0,1,0,0.0,100.0,0.0
I Expect You To Die 3: Cog in the Machine,Story,1,1,0,0,100.0,0.0,0.0
I Expect You To Die 3: Cog in the Machine,Graphics,1,1,0,0,100.0,0.0,0.0
I Expect You To Die 3: Cog in the Machine,Level Design,2,1,1,0,50.0,50.0,0.0
I Expect You To Die 3: Cog in the Machine,Music & Sound,1,1,0,0,100.0,0.0,0.0
I Expect You To Die 3: Cog in the Machine,Difficulty,3,2,1,0,66.67,33.33,0.0
I Expect You To Die 3: Cog in the Machine,Performance,1,1,0,0,100.0,0.0,0.0
"I Have No Mouth, and I Must Scream",Gameplay,2,1,1,0,50.0,50.0,0.0
"I Have No Mouth, and I Must Scream",Story,5,4,1,0,80.0,20.0,0.0
"I Have No Mouth, and I Must Scream",Difficulty,2,1,1,0,50.0,50.0,0.0
"I Have No Mouth, and I Must Scream",Replayability,1,1,0,0,100.0,0.0,0.0
I Was a Teenage Exocolonist,Gameplay,5,4,1,0,80.0,20.0,0.0
I Was a Teenage Exocolonist,Story,12,10,2,0,83.33,16.67,0.0
I Was a Teenage Exocolonist,Graphics,1,1,0,0,100.0,0.0,0.0
I Was a Teenage Exocolonist,Characters,6,6,0,0,100.0,0.0,0.0
I Was a Teenage Exocolonist,Level Design,1,1,0,0,100.0,0.0,0.0
I Was a Teenage Exocolonist,Music & Sound,2,2,0,0,100.0,0.0,0.0
I Was a Teenage Exocolonist,Difficulty,1,1,0,0,100.0,0.0,0.0
I Was a Teenage Exocolonist,Replayability,3,3,0,0,100.0,0.0,0.0
"I, Robot",Gameplay,3,3,0,0,100.0,0.0,0.0
"I, Robot",Graphics,1,1,0,0,100.0,0.0,0.0
"I, Robot",Level Design,1,1,0,0,100.0,0.0,0.0
Ib,Gameplay,3,3,0,0,100.0,0.0,0.0
Ib,Story,3,2,1,0,66.67,33.33,0.0
Ib,Characters,4,4,0,0,100.0,0.0,0.0
Ib,Level Design,1,1,0,0,100.0,0.0,0.0
Ib,Music & Sound,3,2,1,0,66.67,33.33,0.0
Ib,Difficulty,1,1,0,0,100.0,0.0,0.0
Ib,Replayability,2,2,0,0,100.0,0.0,0.0
Iconoclasts,Gameplay,18,14,4,0,77.78,22.22,0.0
Iconoclasts,Story,24,20,4,0,83.33,16.67,0.0
Iconoclasts,Graphics,6,6,0,0,100.0,0.0,0.0
Iconoclasts,Characters,8,6,2,0,75.0,25.0,0.0
Iconoclasts,Level Design,8,6,2,0,75.0,25.0,0.0
Iconoclasts,Music & Sound,2,1,1,0,50.0,50.0,0.0
Iconoclasts,Difficulty,7,3,3,1,42.86,42.86,14.29
Iconoclasts,Performance,1,1,0,0,100.0,0.0,0.0
Iconoclasts,Replayability,1,1,0,0,100.0,0.0,0.0
If Found...,Gameplay,3,2,1,0,66.67,33.33,0.0
If Found...,Story,13,11,2,0,84.62,15.38,0.0
If Found...,Graphics,3,3,0,0,100.0,0.0,0.0
If Found...,Characters,3,3,0,0,100.0,0.0,0.0
If Found...,Music & Sound,1,1,0,0,100.0,0.0,0.0
Ikaruga,Gameplay,5,4,1,0,80.0,20.0,0.0
Ikaruga,Level Design,1,0,1,0,0.0,100.0,0.0
Ikaruga,Difficulty,9,8,1,0,88.89,11.11,0.0
Ikaruga,Performance,1,1,0,0,100.0,0.0,0.0
Ikaruga,Replayability,4,4,0,0,100.0,0.0,0.0
Immortality,Gameplay,9,8,1,0,88.89,11.11,0.0
Immortality,Story,35,32,3,0,91.43,8.57,0.0
Immortality,Graphics,2,2,0,0,100.0,0.0,0.0
Immortality,Characters,6,6,0,0,100.0,0.0,0.0
Immortality,Level Design,1,1,0,0,100.0,0.0,0.0
Immortality,Music & Sound,3,3,0,0,100.0,0.0,0.0
Immortality,Difficulty,5,4,1,0,80.0,20.0,0.0
Impostor Factory,Gameplay,2,2,0,0,100.0,0.0,0.0
Impostor Factory,Story,11,9,2,0,81.82,18.18,0.0
Impostor Factory,Graphics,1,1,0,0,100.0,0.0,0.0
Impostor Factory,Characters,2,2,0,0,100.0,0.0,0.0
In Stars and Time,Gameplay,3,3,0,0,100.0,0.0,0.0
In Stars and Time,Story,12,8,4,0,66.67,33.33,0.0
In Stars and Time,Graphics,3,3,0,0,100.0,0.0,0.0
In Stars and Time,Characters,8,7,1,0,87.5,12.5,0.0
In Stars and Time,Music & Sound,2,1,1,0,50.0,50.0,0.0
In Stars and Time,Difficulty,2,2,0,0,100.0,0.0,0.0
In Stars and Time,Performance,1,0,1,0,0.0,100.0,0.0
In Stars and Time,Replayability,2,0,2,0,0.0,100.0,0.0
Inazuma Eleven: Victory Road,Gameplay,11,9,2,0,81.82,18.18,0.0
Inazuma Eleven: Victory Road,Story,6,5,1,0,83.33,16.67,0.0
Inazuma Eleven: Victory Road,Graphics,2,2,0,0,100.0,0.0,0.0
Inazuma Eleven: Victory Road,Level Design,6,5,1,0,83.33,16.67,0.0
Inazuma Eleven: Victory Road,Music & Sound,1,1,0,0,100.0,0.0,0.0
Inazuma Eleven: Victory Road,Difficulty,1,0,1,0,0.0,100.0,0.0
Inazuma Eleven: Victory Road,Performance,1,1,0,0,100.0,0.0,0.0
Inazuma Eleven: Victory Road,Replayability,7,6,1,0,85.71,14.29,0.0
Indiana Jones and the Great Circle,Gameplay,88,78,10,0,88.64,11.36,0.0
Indiana Jones and the Great Circle,Story,63,53,10,0,84.13,15.87,0.0
Indiana Jones and the Great Circle,Graphics,19,17,2,0,89.47,10.53,0.0
Indiana Jones and the Great Circle,Characters,26,25,1,0,96.15,3.85,0.0
Indiana Jones and the Great Circle,Level Design,16,14,2,0,87.5,12.5,0.0
Indiana Jones and the Great Circle,Music & Sound,3,3,0,0,100.0,0.0,0.0
Indiana Jones and the Great Circle,Difficulty,21,20,1,0,95.24,4.76,0.0
Indiana Jones and the Great Circle,Performance,34,31,3,0,91.18,8.82,0.0
Indiana Jones and the Great Circle,Replayability,1,1,0,0,100.0,0.0,0.0
Inertial Drift,Gameplay,8,5,3,0,62.5,37.5,0.0
Inertial Drift,Story,2,2,0,0,100.0,0.0,0.0
Inertial Drift,Graphics,5,3,2,0,60.0,40.0,0.0
Inertial Drift,Characters,1,1,0,0,100.0,0.0,0.0
Inertial Drift,Level Design,5,4,1,0,80.0,20.0,0.0
Inertial Drift,Difficulty,9,6,3,0,66.67,33.33,0.0
Inertial Drift,Performance,2,0,2,0,0.0,100.0,0.0
Inertial Drift,Replayability,6,3,3,0,50.0,50.0,0.0
Infernax,Gameplay,26,20,6,0,76.92,23.08,0.0
Infernax,Story,3,2,1,0,66.67,33.33,0.0
Infernax,Graphics,4,3,1,0,75.0,25.0,0.0
Infernax,Level Design,4,3,1,0,75.0,25.0,0.0
Infernax,Music & Sound,5,4,1,0,80.0,20.0,0.0
Infernax,Difficulty,16,14,2,0,87.5,12.5,0.0
Infernax,Performance,1,0,1,0,0.0,100.0,0.0
Infernax,Replayability,4,3,1,0,75.0,25.0,0.0
Infinity Nikki,Gameplay,14,9,5,0,64.29,35.71,0.0
Infinity Nikki,Story,11,9,2,0,81.82,18.18,0.0
Infinity Nikki,Graphics,5,4,1,0,80.0,20.0,0.0
Infinity Nikki,Characters,3,2,1,0,66.67,33.33,0.0
Infinity Nikki,Level Design,2,2,0,0,100.0,0.0,0.0
Infinity Nikki,Music & Sound,1,1,0,0,100.0,0.0,0.0
Infinity Nikki,Difficulty,2,1,1,0,50.0,50.0,0.0
Infinity Nikki,Performance,3,1,2,0,33.33,66.67,0.0
Infinity Nikki,Replayability,1,0,1,0,0.0,100.0,0.0
Injustice 2,Gameplay,38,34,4,0,89.47,10.53,0.0
Injustice 2,Story,46,44,2,0,95.65,4.35,0.0
Injustice 2,Graphics,11,11,0,0,100.0,0.0,0.0
Injustice 2,Characters,21,21,0,0,100.0,0.0,0.0
Injustice 2,Level Design,6,6,0,0,100.0,0.0,0.0
Injustice 2,Music & Sound,3,3,0,0,100.0,0.0,0.0
Injustice 2,Difficulty,12,12,0,0,100.0,0.0,0.0
Injustice 2,Performance,5,5,0,0,100.0,0.0,0.0
Injustice 2,Replayability,32,31,1,0,96.88,3.12,0.0
Injustice 2: Legendary Edition,Gameplay,1,1,0,0,100.0,0.0,0.0
Injustice 2: Legendary Edition,Characters,1,1,0,0,100.0,0.0,0.0
Injustice 2: Legendary Edition,Level Design,1,1,0,0,100.0,0.0,0.0
Injustice 2: Legendary Edition,Performance,2,2,0,0,100.0,0.0,0.0
Injustice 2: Legendary Edition,Replayability,2,2,0,0,100.0,0.0,0.0
Injustice: Gods Among Us - Ultimate Edition,Gameplay,3,2,1,0,66.67,33.33,0.0
Injustice: Gods Among Us - Ultimate Edition,Graphics,2,1,1,0,50.0,50.0,0.0
Injustice: Gods Among Us - Ultimate Edition,Characters,3,2,1,0,66.67,33.33,0.0
Injustice: Gods Among Us - Ultimate Edition,Level Design,1,0,1,0,0.0,100.0,0.0
Injustice: Gods Among Us - Ultimate Edition,Difficulty,1,1,0,0,100.0,0.0,0.0
Injustice: Gods Among Us - Ultimate Edition,Performance,1,0,1,0,0.0,100.0,0.0
Injustice: Gods Among Us - Ultimate Edition,Replayability,2,2,0,0,100.0,0.0,0.0
Inkbound,Gameplay,2,1,1,0,50.0,50.0,0.0
Inkbound,Story,1,0,1,0,0.0,100.0,0.0
Inkbound,Characters,3,1,2,0,33.33,66.67,0.0
Inkbound,Level Design,1,0,1,0,0.0,100.0,0.0
Inkbound,Difficulty,2,0,2,0,0.0,100.0,0.0
Inmost,Gameplay,7,7,0,0,100.0,0.0,0.0
Inmost,Story,11,10,1,0,90.91,9.09,0.0
Inmost,Graphics,5,4,1,0,80.0,20.0,0.0
Inmost,Characters,4,4,0,0,100.0,0.0,0.0
Inmost,Level Design,2,1,1,0,50.0,50.0,0.0
Inmost,Music & Sound,7,5,2,0,71.43,28.57,0.0
Inmost,Difficulty,3,2,1,0,66.67,33.33,0.0
Inmost,Replayability,1,1,0,0,100.0,0.0,0.0
Inscryption,Gameplay,19,19,0,0,100.0,0.0,0.0
Inscryption,Story,29,28,1,0,96.55,3.45,0.0
Inscryption,Graphics,1,1,0,0,100.0,0.0,0.0
Inscryption,Characters,1,1,0,0,100.0,0.0,0.0
Inscryption,Level Design,1,1,0,0,100.0,0.0,0.0
Inscryption,Music & Sound,3,3,0,0,100.0,0.0,0.0
Inscryption,Difficulty,8,8,0,0,100.0,0.0,0.0
Inscryption,Replayability,1,1,0,0,100.0,0.0,0.0
Inside,Gameplay,22,20,2,0,90.91,9.09,0.0
Inside,Story,24,23,1,0,95.83,4.17,0.0
Inside,Graphics,10,10,0,0,100.0,0.0,0.0
Inside,Characters,4,4,0,0,100.0,0.0,0.0
Inside,Level Design,5,5,0,0,100.0,0.0,0.0
Inside,Music & Sound,6,5,1,0,83.33,16.67,0.0
Inside,Difficulty,9,7,2,0,77.78,22.22,0.0
Inside,Performance,2,2,0,0,100.0,0.0,0.0
Inside,Replayability,5,4,1,0,80.0,20.0,0.0
Into The Breach,Gameplay,21,19,2,0,90.48,9.52,0.0
Into The Breach,Story,4,2,2,0,50.0,50.0,0.0
Into The Breach,Graphics,6,5,1,0,83.33,16.67,0.0
Into The Breach,Characters,1,1,0,0,100.0,0.0,0.0
Into The Breach,Level Design,3,2,1,0,66.67,33.33,0.0
Into The Breach,Music & Sound,3,3,0,0,100.0,0.0,0.0
Into The Breach,Difficulty,15,14,1,0,93.33,6.67,0.0
Into The Breach,Performance,3,3,0,0,100.0,0.0,0.0
Into The Breach,Replayability,4,4,0,0,100.0,0.0,0.0
Inversus,Gameplay,4,3,1,0,75.0,25.0,0.0
Inversus,Level Design,2,2,0,0,100.0,0.0,0.0
Inversus,Difficulty,4,3,1,0,75.0,25.0,0.0
Inversus,Replayability,3,3,0,0,100.0,0.0,0.0
Invincible Presents: Atom Eve,Gameplay,2,1,1,0,50.0,50.0,0.0
Invincible Presents: Atom Eve,Story,6,4,1,1,66.67,16.67,16.67
Invincible Presents: Atom Eve,Graphics,3,3,0,0,100.0,0.0,0.0
Invincible Presents: Atom Eve,Characters,1,1,0,0,100.0,0.0,0.0
Invincible Presents: Atom Eve,Difficulty,1,1,0,0,100.0,0.0,0.0
Invisible Inc.,Gameplay,9,6,3,0,66.67,33.33,0.0
Invisible Inc.,Story,3,1,2,0,33.33,66.67,0.0
Invisible Inc.,Level Design,5,3,2,0,60.0,40.0,0.0
Invisible Inc.,Difficulty,12,7,5,0,58.33,41.67,0.0
Invisible Inc.,Replayability,3,3,0,0,100.0,0.0,0.0
Is This Seat Taken?,Gameplay,5,5,0,0,100.0,0.0,0.0
Is This Seat Taken?,Story,10,8,2,0,80.0,20.0,0.0
Is This Seat Taken?,Graphics,3,3,0,0,100.0,0.0,0.0
Is This Seat Taken?,Characters,2,2,0,0,100.0,0.0,0.0
Is This Seat Taken?,Level Design,3,3,0,0,100.0,0.0,0.0
Is This Seat Taken?,Music & Sound,5,5,0,0,100.0,0.0,0.0
Is This Seat Taken?,Difficulty,9,8,1,0,88.89,11.11,0.0
Is This Seat Taken?,Replayability,1,1,0,0,100.0,0.0,0.0
Islanders: New Shores,Gameplay,6,5,1,0,83.33,16.67,0.0
Islanders: New Shores,Graphics,4,4,0,0,100.0,0.0,0.0
Islanders: New Shores,Music & Sound,2,2,0,0,100.0,0.0,0.0
Islanders: New Shores,Difficulty,1,1,0,0,100.0,0.0,0.0
Islanders: New Shores,Replayability,1,1,0,0,100.0,0.0,0.0
It Takes Two,Gameplay,59,51,8,0,86.44,13.56,0.0
It Takes Two,Story,48,40,8,0,83.33,16.67,0.0
It Takes Two,Graphics,7,7,0,0,100.0,0.0,0.0
It Takes Two,Characters,7,5,2,0,71.43,28.57,0.0
It Takes Two,Level Design,18,15,3,0,83.33,16.67,0.0
It Takes Two,Music & Sound,1,1,0,0,100.0,0.0,0.0
It Takes Two,Difficulty,15,13,2,0,86.67,13.33,0.0
It Takes Two,Performance,2,1,1,0,50.0,50.0,0.0
It Takes Two,Replayability,2,1,1,0,50.0,50.0,0.0
Iwakura Aria,Story,7,3,4,0,42.86,57.14,0.0
Iwakura Aria,Graphics,9,6,3,0,66.67,33.33,0.0
Iwakura Aria,Characters,8,4,4,0,50.0,50.0,0.0
Iwakura Aria,Music & Sound,2,1,1,0,50.0,50.0,0.0
Iwakura Aria,Difficulty,2,1,1,0,50.0,50.0,0.0
Jack Jeanne,Gameplay,2,1,1,0,50.0,50.0,0.0
Jack Jeanne,Story,6,5,1,0,83.33,16.67,0.0
Jack Jeanne,Graphics,5,4,1,0,80.0,20.0,0.0
Jack Jeanne,Characters,4,4,0,0,100.0,0.0,0.0
Jack Jeanne,Music & Sound,3,2,1,0,66.67,33.33,0.0
Jack Jeanne,Difficulty,1,1,0,0,100.0,0.0,0.0
Jack Jeanne,Performance,2,1,1,0,50.0,50.0,0.0
Jack Move,Gameplay,6,5,1,0,83.33,16.67,0.0
Jack Move,Story,11,9,2,0,81.82,18.18,0.0
Jack Move,Graphics,5,3,1,1,60.0,20.0,20.0
Jack Move,Characters,6,5,1,0,83.33,16.67,0.0
Jack Move,Level Design,2,1,1,0,50.0,50.0,0.0
Jack Move,Music & Sound,3,2,0,1,66.67,0.0,33.33
Jack Move,Difficulty,1,1,0,0,100.0,0.0,0.0
Jagged Alliance 3,Gameplay,17,15,2,0,88.24,11.76,0.0
Jagged Alliance 3,Story,5,3,2,0,60.0,40.0,0.0
Jagged Alliance 3,Graphics,3,3,0,0,100.0,0.0,0.0
Jagged Alliance 3,Characters,6,6,0,0,100.0,0.0,0.0
Jagged Alliance 3,Level Design,4,4,0,0,100.0,0.0,0.0
Jagged Alliance 3,Music & Sound,2,1,1,0,50.0,50.0,0.0
Jagged Alliance 3,Difficulty,10,9,1,0,90.0,10.0,0.0
Jagged Alliance 3,Performance,1,1,0,0,100.0,0.0,0.0
Jagged Alliance 3,Replayability,4,4,0,0,100.0,0.0,0.0
Jet Lancer,Gameplay,3,3,0,0,100.0,0.0,0.0
Jet Lancer,Story,1,1,0,0,100.0,0.0,0.0
Jet Lancer,Level Design,1,1,0,0,100.0,0.0,0.0
Jet Lancer,Difficulty,1,1,0,0,100.0,0.0,0.0
Jimmy and the Pulsating Mass,Gameplay,4,4,0,0,100.0,0.0,0.0
Jimmy and the Pulsating Mass,Story,6,4,2,0,66.67,33.33,0.0
Jimmy and the Pulsating Mass,Graphics,1,0,1,0,0.0,100.0,0.0
Jimmy and the Pulsating Mass,Music & Sound,1,0,1,0,0.0,100.0,0.0
Jimmy and the Pulsating Mass,Difficulty,1,1,0,0,100.0,0.0,0.0
Journey,Gameplay,4,4,0,0,100.0,0.0,0.0
Journey,Story,4,4,0,0,100.0,0.0,0.0
Journey,Graphics,4,4,0,0,100.0,0.0,0.0
Journey,Level Design,2,2,0,0,100.0,0.0,0.0
Journey,Music & Sound,4,4,0,0,100.0,0.0,0.0
Journey,Difficulty,2,2,0,0,100.0,0.0,0.0
Journey,Performance,3,3,0,0,100.0,0.0,0.0
Journey,Replayability,2,2,0,0,100.0,0.0,0.0
Judgment,Gameplay,58,50,8,0,86.21,13.79,0.0
Judgment,Story,70,65,5,0,92.86,7.14,0.0
Judgment,Graphics,10,9,1,0,90.0,10.0,0.0
Judgment,Characters,35,32,3,0,91.43,8.57,0.0
Judgment,Level Design,5,5,0,0,100.0,0.0,0.0
Judgment,Difficulty,13,11,2,0,84.62,15.38,0.0
Judgment,Performance,11,9,2,0,81.82,18.18,0.0
Judgment,Replayability,16,15,1,0,93.75,6.25,0.0
Jurassic World Evolution 2: Dominion Malta Expansion,Level Design,1,1,0,0,100.0,0.0,0.0
Jurassic World Evolution 3,Gameplay,6,5,1,0,83.33,16.67,0.0
Jurassic World Evolution 3,Story,2,1,1,0,50.0,50.0,0.0
Jurassic World Evolution 3,Graphics,3,2,1,0,66.67,33.33,0.0
Jurassic World Evolution 3,Level Design,3,3,0,0,100.0,0.0,0.0
Jurassic World Evolution 3,Difficulty,3,1,2,0,33.33,66.67,0.0
Jurassic World Evolution 3,Performance,4,2,2,0,50.0,50.0,0.0
Jurassic World Evolution 3,Replayability,1,0,1,0,0.0,100.0,0.0
Jusant,Gameplay,43,32,11,0,74.42,25.58,0.0
Jusant,Story,28,25,3,0,89.29,10.71,0.0
Jusant,Graphics,9,8,1,0,88.89,11.11,0.0
Jusant,Characters,3,3,0,0,100.0,0.0,0.0
Jusant,Level Design,9,7,2,0,77.78,22.22,0.0
Jusant,Music & Sound,13,10,3,0,76.92,23.08,0.0
Jusant,Difficulty,8,8,0,0,100.0,0.0,0.0
Jusant,Performance,2,0,2,0,0.0,100.0,0.0
Jusant,Replayability,2,1,1,0,50.0,50.0,0.0
Just Shapes & Beats,Gameplay,3,2,1,0,66.67,33.33,0.0
Just Shapes & Beats,Story,4,3,1,0,75.0,25.0,0.0
Just Shapes & Beats,Graphics,4,3,1,0,75.0,25.0,0.0
Just Shapes & Beats,Characters,1,1,0,0,100.0,0.0,0.0
Just Shapes & Beats,Level Design,7,6,1,0,85.71,14.29,0.0
Just Shapes & Beats,Music & Sound,10,8,2,0,80.0,20.0,0.0
Just Shapes & Beats,Difficulty,6,5,1,0,83.33,16.67,0.0
Just Shapes & Beats,Performance,2,0,2,0,0.0,100.0,0.0
Just Shapes & Beats,Replayability,4,3,1,0,75.0,25.0,0.0
Just a To the Moon Series Beach Episode,Gameplay,1,1,0,0,100.0,0.0,0.0
Just a To the Moon Series Beach Episode,Story,3,3,0,0,100.0,0.0,0.0
KILL KNIGHT,Gameplay,12,11,1,0,91.67,8.33,0.0
KILL KNIGHT,Story,1,1,0,0,100.0,0.0,0.0
KILL KNIGHT,Graphics,5,5,0,0,100.0,0.0,0.0
KILL KNIGHT,Level Design,3,2,1,0,66.67,33.33,0.0
KILL KNIGHT,Music & Sound,3,3,0,0,100.0,0.0,0.0
KILL KNIGHT,Difficulty,9,7,2,0,77.78,22.22,0.0
KILL KNIGHT,Replayability,2,2,0,0,100.0,0.0,0.0
Kaizen: A Factory Story,Story,3,3,0,0,100.0,0.0,0.0
Kaizen: A Factory Story,Characters,1,1,0,0,100.0,0.0,0.0
Kaizen: A Factory Story,Difficulty,1,1,0,0,100.0,0.0,0.0
Kalimba,Gameplay,7,5,2,0,71.43,28.57,0.0
Kalimba,Story,3,3,0,0,100.0,0.0,0.0
Kalimba,Graphics,3,2,1,0,66.67,33.33,0.0
Kalimba,Characters,3,2,1,0,66.67,33.33,0.0
Kalimba,Level Design,4,4,0,0,100.0,0.0,0.0
Kalimba,Difficulty,9,7,2,0,77.78,22.22,0.0
Katamari Damacy Reroll,Gameplay,15,13,2,0,86.67,13.33,0.0
Katamari Damacy Reroll,Story,1,0,1,0,0.0,100.0,0.0
Katamari Damacy Reroll,Graphics,11,8,3,0,72.73,27.27,0.0
Katamari Damacy Reroll,Characters,1,1,0,0,100.0,0.0,0.0
Katamari Damacy Reroll,Level Design,4,2,1,1,50.0,25.0,25.0
Katamari Damacy Reroll,Music & Sound,7,5,2,0,71.43,28.57,0.0
Katamari Damacy Reroll,Difficulty,7,7,0,0,100.0,0.0,0.0
Katamari Damacy Reroll,Performance,2,1,1,0,50.0,50.0,0.0
Katamari Damacy Reroll,Replayability,5,5,0,0,100.0,0.0,0.0
Katana Zero,Gameplay,24,16,8,0,66.67,33.33,0.0
Katana Zero,Story,42,33,9,0,78.57,21.43,0.0
Katana Zero,Graphics,10,9,1,0,90.0,10.0,0.0
Katana Zero,Characters,6,4,2,0,66.67,33.33,0.0
Katana Zero,Level Design,4,1,3,0,25.0,75.0,0.0
Katana Zero,Music & Sound,13,11,2,0,84.62,15.38,0.0
Katana Zero,Difficulty,7,5,2,0,71.43,28.57,0.0
Katana Zero,Replayability,6,4,2,0,66.67,33.33,0.0
Kathy Rain,Story,11,8,3,0,72.73,27.27,0.0
Kathy Rain,Characters,4,3,1,0,75.0,25.0,0.0
Kathy Rain,Level Design,1,1,0,0,100.0,0.0,0.0
Kathy Rain,Difficulty,1,1,0,0,100.0,0.0,0.0
Kathy Rain,Replayability,1,0,1,0,0.0,100.0,0.0
Kathy Rain 2: Soothsayer,Gameplay,2,2,0,0,100.0,0.0,0.0
Kathy Rain 2: Soothsayer,Story,7,7,0,0,100.0,0.0,0.0
Kathy Rain 2: Soothsayer,Characters,3,3,0,0,100.0,0.0,0.0
Kathy Rain 2: Soothsayer,Difficulty,5,5,0,0,100.0,0.0,0.0
Kathy Rain 2: Soothsayer,Replayability,1,1,0,0,100.0,0.0,0.0
Kaze and the Wild Masks,Gameplay,19,18,1,0,94.74,5.26,0.0
Kaze and the Wild Masks,Story,3,2,1,0,66.67,33.33,0.0
Kaze and the Wild Masks,Graphics,6,5,1,0,83.33,16.67,0.0
Kaze and the Wild Masks,Characters,1,1,0,0,100.0,0.0,0.0
Kaze and the Wild Masks,Level Design,10,9,1,0,90.0,10.0,0.0
Kaze and the Wild Masks,Music & Sound,5,3,2,0,60.0,40.0,0.0
Kaze and the Wild Masks,Difficulty,15,12,3,0,80.0,20.0,0.0
Kaze and the Wild Masks,Replayability,2,2,0,0,100.0,0.0,0.0
Keep Driving,Gameplay,4,4,0,0,100.0,0.0,0.0
Keep Driving,Story,1,0,1,0,0.0,100.0,0.0
Keep Driving,Graphics,1,1,0,0,100.0,0.0,0.0
Keep Driving,Characters,2,2,0,0,100.0,0.0,0.0
Keep Driving,Level Design,1,1,0,0,100.0,0.0,0.0
Keep Driving,Music & Sound,5,5,0,0,100.0,0.0,0.0
Keep Driving,Difficulty,4,4,0,0,100.0,0.0,0.0
Keep Driving,Replayability,2,2,0,0,100.0,0.0,0.0
Keep Talking and Nobody Explodes,Gameplay,2,2,0,0,100.0,0.0,0.0
Keep Talking and Nobody Explodes,Difficulty,2,1,1,0,50.0,50.0,0.0
Keep Talking and Nobody Explodes,Replayability,3,3,0,0,100.0,0.0,0.0
Keeper,Gameplay,43,25,18,0,58.14,41.86,0.0
Keeper,Story,32,22,10,0,68.75,31.25,0.0
Keeper,Graphics,19,16,3,0,84.21,15.79,0.0
Keeper,Characters,3,2,1,0,66.67,33.33,0.0
Keeper,Level Design,5,5,0,0,100.0,0.0,0.0
Keeper,Music & Sound,10,7,3,0,70.0,30.0,0.0
Keeper,Difficulty,8,4,4,0,50.0,50.0,0.0
Keeper,Performance,6,2,4,0,33.33,66.67,0.0
Keeper,Replayability,4,3,1,0,75.0,25.0,0.0
Kelvin and the Infamous Machine,Gameplay,2,1,1,0,50.0,50.0,0.0
Kelvin and the Infamous Machine,Story,2,2,0,0,100.0,0.0,0.0
Kelvin and the Infamous Machine,Characters,2,2,0,0,100.0,0.0,0.0
Kelvin and the Infamous Machine,Level Design,1,1,0,0,100.0,0.0,0.0
Kelvin and the Infamous Machine,Difficulty,1,1,0,0,100.0,0.0,0.0
Kelvin and the Infamous Machine,Performance,1,1,0,0,100.0,0.0,0.0
Kelvin and the Infamous Machine,Replayability,1,0,1,0,0.0,100.0,0.0
Kena: Bridge of Spirits,Gameplay,77,53,24,0,68.83,31.17,0.0
Kena: Bridge of Spirits,Story,36,29,7,0,80.56,19.44,0.0
Kena: Bridge of Spirits,Graphics,35,24,11,0,68.57,31.43,0.0
Kena: Bridge of Spirits,Characters,14,11,3,0,78.57,21.43,0.0
Kena: Bridge of Spirits,Level Design,13,7,6,0,53.85,46.15,0.0
Kena: Bridge of Spirits,Music & Sound,10,6,4,0,60.0,40.0,0.0
Kena: Bridge of Spirits,Difficulty,29,20,9,0,68.97,31.03,0.0
Kena: Bridge of Spirits,Performance,11,8,3,0,72.73,27.27,0.0
Kena: Bridge of Spirits,Replayability,1,0,1,0,0.0,100.0,0.0
Kentucky Route Zero,Story,2,2,0,0,100.0,0.0,0.0
Kentucky Route Zero,Graphics,1,1,0,0,100.0,0.0,0.0
Kentucky Route Zero,Characters,1,1,0,0,100.0,0.0,0.0
Kentucky Route Zero,Performance,1,1,0,0,100.0,0.0,0.0
Kentucky Route Zero: The Complete Season,Gameplay,2,2,0,0,100.0,0.0,0.0
Kentucky Route Zero: The Complete Season,Story,14,12,2,0,85.71,14.29,0.0
Kentucky Route Zero: The Complete Season,Graphics,2,1,1,0,50.0,50.0,0.0
Kentucky Route Zero: The Complete Season,Characters,7,5,1,1,71.43,14.29,14.29
Kentucky Route Zero: The Complete Season,Level Design,1,1,0,0,100.0,0.0,0.0
Kentucky Route Zero: The Complete Season,Music & Sound,4,4,0,0,100.0,0.0,0.0
Kentucky Route Zero: The Complete Season,Difficulty,3,2,1,0,66.67,33.33,0.0
Kentucky Route Zero: The Complete Season,Replayability,1,0,1,0,0.0,100.0,0.0
Kerbal Space Program,Gameplay,11,9,2,0,81.82,18.18,0.0
Kerbal Space Program,Story,1,0,1,0,0.0,100.0,0.0
Kerbal Space Program,Level Design,3,3,0,0,100.0,0.0,0.0
Kerbal Space Program,Difficulty,4,3,1,0,75.0,25.0,0.0
Keylocker | Turn Based Cyberpunk Action,Gameplay,7,6,1,0,85.71,14.29,0.0
Keylocker | Turn Based Cyberpunk Action,Story,7,5,2,0,71.43,28.57,0.0
Keylocker | Turn Based Cyberpunk Action,Graphics,2,2,0,0,100.0,0.0,0.0
Keylocker | Turn Based Cyberpunk Action,Characters,4,3,1,0,75.0,25.0,0.0
Keylocker | Turn Based Cyberpunk Action,Level Design,2,2,0,0,100.0,0.0,0.0
Keylocker | Turn Based Cyberpunk Action,Music & Sound,5,5,0,0,100.0,0.0,0.0
Keylocker | Turn Based Cyberpunk Action,Difficulty,5,4,1,0,80.0,20.0,0.0
Keylocker | Turn Based Cyberpunk Action,Performance,1,0,1,0,0.0,100.0,0.0
Keylocker | Turn Based Cyberpunk Action,Replayability,1,1,0,0,100.0,0.0,0.0
Killer Instinct: Season 3,Gameplay,1,1,0,0,100.0,0.0,0.0
Killer Instinct: Season 3,Characters,3,3,0,0,100.0,0.0,0.0
Killer Instinct: Season 3,Level Design,1,1,0,0,100.0,0.0,0.0
Killer Instinct: Season 3,Replayability,7,5,2,0,71.43,28.57,0.0
Killer Queen Black,Gameplay,5,4,1,0,80.0,20.0,0.0
Killer Queen Black,Graphics,1,1,0,0,100.0,0.0,0.0
Killer Queen Black,Characters,1,1,0,0,100.0,0.0,0.0
Killer Queen Black,Level Design,1,1,0,0,100.0,0.0,0.0
Killer Queen Black,Music & Sound,1,1,0,0,100.0,0.0,0.0
Killer Queen Black,Difficulty,4,2,2,0,50.0,50.0,0.0
Killer Queen Black,Performance,1,0,1,0,0.0,100.0,0.0
Killer Queen Black,Replayability,2,2,0,0,100.0,0.0,0.0
King's Quest - Chapter 1: A Knight to Remember,Gameplay,8,6,1,1,75.0,12.5,12.5
King's Quest - Chapter 1: A Knight to Remember,Story,12,8,3,1,66.67,25.0,8.33
King's Quest - Chapter 1: A Knight to Remember,Graphics,8,6,1,1,75.0,12.5,12.5
King's Quest - Chapter 1: A Knight to Remember,Characters,6,4,2,0,66.67,33.33,0.0
King's Quest - Chapter 1: A Knight to Remember,Level Design,1,1,0,0,100.0,0.0,0.0
King's Quest - Chapter 1: A Knight to Remember,Music & Sound,1,0,1,0,0.0,100.0,0.0
King's Quest - Chapter 1: A Knight to Remember,Difficulty,3,3,0,0,100.0,0.0,0.0
King's Quest - Chapter 1: A Knight to Remember,Performance,2,2,0,0,100.0,0.0,0.0
King's Quest - Chapter 1: A Knight to Remember,Replayability,2,1,1,0,50.0,50.0,0.0
King's Quest - Chapter 3: Once Upon a Climb,Gameplay,2,2,0,0,100.0,0.0,0.0
King's Quest - Chapter 3: Once Upon a Climb,Story,6,6,0,0,100.0,0.0,0.0
King's Quest - Chapter 3: Once Upon a Climb,Characters,3,3,0,0,100.0,0.0,0.0
King's Quest - Chapter 3: Once Upon a Climb,Performance,1,1,0,0,100.0,0.0,0.0
Kingdom Come: Deliverance 2 - Mysteria Ecclesia,Story,2,2,0,0,100.0,0.0,0.0
Kingdom Come: Deliverance 2 - Mysteria Ecclesia,Characters,1,1,0,0,100.0,0.0,0.0
Kingdom Come: Deliverance II,Gameplay,54,48,6,0,88.89,11.11,0.0
Kingdom Come: Deliverance II,Story,50,43,6,1,86.0,12.0,2.0
Kingdom Come: Deliverance II,Graphics,6,6,0,0,100.0,0.0,0.0
Kingdom Come: Deliverance II,Characters,21,18,3,0,85.71,14.29,0.0
Kingdom Come: Deliverance II,Level Design,9,8,1,0,88.89,11.11,0.0
Kingdom Come: Deliverance II,Music & Sound,5,5,0,0,100.0,0.0,0.0
Kingdom Come: Deliverance II,Difficulty,21,20,1,0,95.24,4.76,0.0
Kingdom Come: Deliverance II,Performance,19,14,4,1,73.68,21.05,5.26
Kingdom Come: Deliverance II,Replayability,5,5,0,0,100.0,0.0,0.0
Kingdom Eighties,Gameplay,4,3,1,0,75.0,25.0,0.0
Kingdom Eighties,Story,4,4,0,0,100.0,0.0,0.0
Kingdom Eighties,Graphics,2,0,2,0,0.0,100.0,0.0
Kingdom Eighties,Characters,2,2,0,0,100.0,0.0,0.0
Kingdom Eighties,Level Design,1,1,0,0,100.0,0.0,0.0
Kingdom Eighties,Music & Sound,3,2,1,0,66.67,33.33,0.0
Kingdom Eighties,Difficulty,1,1,0,0,100.0,0.0,0.0
Kingdom Eighties,Replayability,1,0,1,0,0.0,100.0,0.0
Kingdom Hearts HD 1.5 + 2.5 ReMIX,Gameplay,8,7,1,0,87.5,12.5,0.0
Kingdom Hearts HD 1.5 + 2.5 ReMIX,Story,9,7,1,1,77.78,11.11,11.11
Kingdom Hearts HD 1.5 + 2.5 ReMIX,Graphics,2,2,0,0,100.0,0.0,0.0
Kingdom Hearts HD 1.5 + 2.5 ReMIX,Characters,4,4,0,0,100.0,0.0,0.0
Kingdom Hearts HD 1.5 + 2.5 ReMIX,Music & Sound,1,1,0,0,100.0,0.0,0.0
Kingdom Hearts HD 1.5 + 2.5 ReMIX,Difficulty,1,1,0,0,100.0,0.0,0.0
Kingdom Hearts HD 1.5 + 2.5 ReMIX,Performance,10,8,1,1,80.0,10.0,10.0
Kingdom Hearts HD 1.5 + 2.5 ReMIX,Replayability,3,2,1,0,66.67,33.33,0.0
Kingdom Hearts III,Gameplay,49,37,12,0,75.51,24.49,0.0
Kingdom Hearts III,Story,55,42,13,0,76.36,23.64,0.0
Kingdom Hearts III,Graphics,10,7,3,0,70.0,30.0,0.0
Kingdom Hearts III,Characters,11,8,3,0,72.73,27.27,0.0
Kingdom Hearts III,Level Design,4,3,1,0,75.0,25.0,0.0
Kingdom Hearts III,Music & Sound,4,4,0,0,100.0,0.0,0.0
Kingdom Hearts III,Difficulty,17,15,2,0,88.24,11.76,0.0
Kingdom Hearts III,Performance,2,1,1,0,50.0,50.0,0.0
Kingdom Hearts III,Replayability,4,4,0,0,100.0,0.0,0.0
Kingdom Hearts: All-In-One Package,Story,1,1,0,0,100.0,0.0,0.0
Kingdom Hearts: All-In-One Package,Difficulty,1,1,0,0,100.0,0.0,0.0
Kirby Air Riders,Gameplay,30,25,5,0,83.33,16.67,0.0
Kirby Air Riders,Story,4,4,0,0,100.0,0.0,0.0
Kirby Air Riders,Graphics,8,8,0,0,100.0,0.0,0.0
Kirby Air Riders,Characters,2,2,0,0,100.0,0.0,0.0
Kirby Air Riders,Level Design,4,3,1,0,75.0,25.0,0.0
Kirby Air Riders,Music & Sound,5,4,1,0,80.0,20.0,0.0
Kirby Air Riders,Difficulty,12,10,2,0,83.33,16.67,0.0
Kirby Air Riders,Performance,3,3,0,0,100.0,0.0,0.0
Kirby Air Riders,Replayability,27,22,5,0,81.48,18.52,0.0
Kirby Triple Deluxe,Gameplay,12,9,3,0,75.0,25.0,0.0
Kirby Triple Deluxe,Story,2,1,1,0,50.0,50.0,0.0
Kirby Triple Deluxe,Graphics,1,1,0,0,100.0,0.0,0.0
Kirby Triple Deluxe,Level Design,10,7,3,0,70.0,30.0,0.0
Kirby Triple Deluxe,Difficulty,7,5,2,0,71.43,28.57,0.0
Kirby Triple Deluxe,Replayability,4,3,1,0,75.0,25.0,0.0
Kirby and the Forgotten Land,Gameplay,48,42,6,0,87.5,12.5,0.0
Kirby and the Forgotten Land,Story,2,2,0,0,100.0,0.0,0.0
Kirby and the Forgotten Land,Graphics,10,8,2,0,80.0,20.0,0.0
Kirby and the Forgotten Land,Characters,4,4,0,0,100.0,0.0,0.0
Kirby and the Forgotten Land,Level Design,25,23,2,0,92.0,8.0,0.0
Kirby and the Forgotten Land,Music & Sound,5,5,0,0,100.0,0.0,0.0
Kirby and the Forgotten Land,Difficulty,22,16,6,0,72.73,27.27,0.0
Kirby and the Forgotten Land,Performance,4,4,0,0,100.0,0.0,0.0
Kirby and the Forgotten Land,Replayability,14,13,1,0,92.86,7.14,0.0
Kirby and the Forgotten Land - Nintendo Switch 2 Edition + Star-Crossed World,Gameplay,12,10,2,0,83.33,16.67,0.0
Kirby and the Forgotten Land - Nintendo Switch 2 Edition + Star-Crossed World,Story,7,7,0,0,100.0,0.0,0.0
Kirby and the Forgotten Land - Nintendo Switch 2 Edition + Star-Crossed World,Graphics,9,8,1,0,88.89,11.11,0.0
Kirby and the Forgotten Land - Nintendo Switch 2 Edition + Star-Crossed World,Characters,2,2,0,0,100.0,0.0,0.0
Kirby and the Forgotten Land - Nintendo Switch 2 Edition + Star-Crossed World,Level Design,23,20,3,0,86.96,13.04,0.0
Kirby and the Forgotten Land - Nintendo Switch 2 Edition + Star-Crossed World,Music & Sound,5,5,0,0,100.0,0.0,0.0
Kirby and the Forgotten Land - Nintendo Switch 2 Edition + Star-Crossed World,Difficulty,10,9,1,0,90.0,10.0,0.0
Kirby and the Forgotten Land - Nintendo Switch 2 Edition + Star-Crossed World,Performance,19,19,0,0,100.0,0.0,0.0
Kirby and the Forgotten Land - Nintendo Switch 2 Edition + Star-Crossed World,Replayability,28,24,4,0,85.71,14.29,0.0
Kirby's Return to Dream Land Deluxe,Gameplay,22,15,7,0,68.18,31.82,0.0
Kirby's Return to Dream Land Deluxe,Story,8,5,3,0,62.5,37.5,0.0
Kirby's Return to Dream Land Deluxe,Graphics,18,14,4,0,77.78,22.22,0.0
Kirby's Return to Dream Land Deluxe,Characters,4,4,0,0,100.0,0.0,0.0
Kirby's Return to Dream Land Deluxe,Level Design,5,4,1,0,80.0,20.0,0.0
Kirby's Return to Dream Land Deluxe,Music & Sound,2,2,0,0,100.0,0.0,0.0
Kirby's Return to Dream Land Deluxe,Difficulty,15,8,7,0,53.33,46.67,0.0
Kirby's Return to Dream Land Deluxe,Performance,2,1,1,0,50.0,50.0,0.0
Kirby's Return to Dream Land Deluxe,Replayability,34,26,8,0,76.47,23.53,0.0
Kirby: Planet Robobot,Gameplay,17,16,1,0,94.12,5.88,0.0
Kirby: Planet Robobot,Story,8,6,2,0,75.0,25.0,0.0
Kirby: Planet Robobot,Graphics,6,6,0,0,100.0,0.0,0.0
Kirby: Planet Robobot,Characters,3,2,1,0,66.67,33.33,0.0
Kirby: Planet Robobot,Level Design,10,10,0,0,100.0,0.0,0.0
Kirby: Planet Robobot,Music & Sound,2,2,0,0,100.0,0.0,0.0
Kirby: Planet Robobot,Difficulty,7,6,1,0,85.71,14.29,0.0
Kirby: Planet Robobot,Replayability,3,2,1,0,66.67,33.33,0.0
Knights of Pen and Paper +1 Deluxier Edition,Gameplay,2,1,1,0,50.0,50.0,0.0
Knights of Pen and Paper +1 Deluxier Edition,Story,2,0,2,0,0.0,100.0,0.0
Knights of Pen and Paper +1 Deluxier Edition,Graphics,1,1,0,0,100.0,0.0,0.0
Knights of Pen and Paper +1 Deluxier Edition,Characters,1,0,1,0,0.0,100.0,0.0
Knights of Pen and Paper +1 Deluxier Edition,Level Design,1,1,0,0,100.0,0.0,0.0
Knights of Pen and Paper +1 Deluxier Edition,Difficulty,1,1,0,0,100.0,0.0,0.0
Knights of Pen and Paper +1 Deluxier Edition,Replayability,2,1,1,0,50.0,50.0,0.0
Knockout City,Gameplay,23,18,5,0,78.26,21.74,0.0
Knockout City,Graphics,6,5,1,0,83.33,16.67,0.0
Knockout City,Level Design,4,2,2,0,50.0,50.0,0.0
Knockout City,Music & Sound,2,2,0,0,100.0,0.0,0.0
Knockout City,Difficulty,13,12,1,0,92.31,7.69,0.0
Knockout City,Performance,2,2,0,0,100.0,0.0,0.0
Knockout City,Replayability,12,7,5,0,58.33,41.67,0.0
Knockout League,Gameplay,1,1,0,0,100.0,0.0,0.0
Knockout League,Graphics,1,1,0,0,100.0,0.0,0.0
Knockout League,Characters,3,3,0,0,100.0,0.0,0.0
Koira,Gameplay,15,10,5,0,66.67,33.33,0.0
Koira,Story,17,15,2,0,88.24,11.76,0.0
Koira,Graphics,9,6,3,0,66.67,33.33,0.0
Koira,Characters,2,1,1,0,50.0,50.0,0.0
Koira,Level Design,1,0,1,0,0.0,100.0,0.0
Koira,Music & Sound,11,8,3,0,72.73,27.27,0.0
Koira,Difficulty,6,3,3,0,50.0,50.0,0.0
Koira,Performance,5,4,1,0,80.0,20.0,0.0
Koira,Replayability,4,2,2,0,50.0,50.0,0.0
Kombinera,Gameplay,1,1,0,0,100.0,0.0,0.0
Kombinera,Story,1,0,1,0,0.0,100.0,0.0
Kombinera,Graphics,2,2,0,0,100.0,0.0,0.0
Kombinera,Level Design,2,1,1,0,50.0,50.0,0.0
Kombinera,Music & Sound,2,0,2,0,0.0,100.0,0.0
Kombinera,Difficulty,8,5,3,0,62.5,37.5,0.0
Kombinera,Replayability,1,1,0,0,100.0,0.0,0.0
Kraino Origins,Gameplay,4,0,4,0,0.0,100.0,0.0
Kraino Origins,Graphics,1,0,1,0,0.0,100.0,0.0
Kraino Origins,Music & Sound,1,0,1,0,0.0,100.0,0.0
Kraino Origins,Difficulty,1,0,1,0,0.0,100.0,0.0
Kraino Origins,Replayability,1,0,1,0,0.0,100.0,0.0
KuloNiku: Bowl Up!,Gameplay,7,6,1,0,85.71,14.29,0.0
KuloNiku: Bowl Up!,Story,4,4,0,0,100.0,0.0,0.0
KuloNiku: Bowl Up!,Graphics,2,1,1,0,50.0,50.0,0.0
KuloNiku: Bowl Up!,Characters,6,5,1,0,83.33,16.67,0.0
KuloNiku: Bowl Up!,Music & Sound,1,1,0,0,100.0,0.0,0.0
KuloNiku: Bowl Up!,Difficulty,4,3,1,0,75.0,25.0,0.0
KuloNiku: Bowl Up!,Replayability,1,1,0,0,100.0,0.0,0.0
Kunitsu-Gami: Path of the Goddess,Gameplay,51,40,11,0,78.43,21.57,0.0
Kunitsu-Gami: Path of the Goddess,Story,11,7,4,0,63.64,36.36,0.0
Kunitsu-Gami: Path of the Goddess,Graphics,7,7,0,0,100.0,0.0,0.0
Kunitsu-Gami: Path of the Goddess,Characters,2,2,0,0,100.0,0.0,0.0
Kunitsu-Gami: Path of the Goddess,Level Design,8,6,2,0,75.0,25.0,0.0
Kunitsu-Gami: Path of the Goddess,Music & Sound,6,6,0,0,100.0,0.0,0.0
Kunitsu-Gami: Path of the Goddess,Difficulty,11,8,3,0,72.73,27.27,0.0
Kunitsu-Gami: Path of the Goddess,Performance,3,2,1,0,66.67,33.33,0.0
Kunitsu-Gami: Path of the Goddess,Replayability,3,3,0,0,100.0,0.0,0.0
Kynseed,Gameplay,2,1,1,0,50.0,50.0,0.0
Kynseed,Story,2,2,0,0,100.0,0.0,0.0
Kynseed,Music & Sound,2,1,1,0,50.0,50.0,0.0
Kynseed,Performance,1,0,1,0,0.0,100.0,0.0
L.A. Noire: The VR Case Files,Gameplay,4,0,4,0,0.0,100.0,0.0
L.A. Noire: The VR Case Files,Story,4,0,4,0,0.0,100.0,0.0
L.A. Noire: The VR Case Files,Difficulty,1,0,1,0,0.0,100.0,0.0
L.A. Noire: The VR Case Files,Performance,1,1,0,0,100.0,0.0,0.0
L.A. Noire: The VR Case Files,Replayability,1,0,1,0,0.0,100.0,0.0
LEGO Batman: Legacy of the Dark Knight,Gameplay,51,46,5,0,90.2,9.8,0.0
LEGO Batman: Legacy of the Dark Knight,Story,18,17,1,0,94.44,5.56,0.0
LEGO Batman: Legacy of the Dark Knight,Graphics,4,4,0,0,100.0,0.0,0.0
LEGO Batman: Legacy of the Dark Knight,Characters,23,22,1,0,95.65,4.35,0.0
LEGO Batman: Legacy of the Dark Knight,Level Design,4,4,0,0,100.0,0.0,0.0
LEGO Batman: Legacy of the Dark Knight,Music & Sound,1,1,0,0,100.0,0.0,0.0
LEGO Batman: Legacy of the Dark Knight,Difficulty,13,12,1,0,92.31,7.69,0.0
LEGO Batman: Legacy of the Dark Knight,Performance,5,4,1,0,80.0,20.0,0.0
LEGO Batman: Legacy of the Dark Knight,Replayability,7,7,0,0,100.0,0.0,0.0
LEGO Bricktales VR,Gameplay,2,2,0,0,100.0,0.0,0.0
LEGO Bricktales VR,Level Design,1,1,0,0,100.0,0.0,0.0
LEGO Bricktales VR,Difficulty,2,2,0,0,100.0,0.0,0.0
LEGO Marvel Super Heroes,Gameplay,4,4,0,0,100.0,0.0,0.0
LEGO Marvel Super Heroes,Story,4,4,0,0,100.0,0.0,0.0
LEGO Marvel Super Heroes,Characters,7,7,0,0,100.0,0.0,0.0
LEGO Marvel Super Heroes,Level Design,3,3,0,0,100.0,0.0,0.0
LEGO Marvel Super Heroes,Difficulty,5,4,1,0,80.0,20.0,0.0
LEGO Marvel Super Heroes,Performance,3,2,1,0,66.67,33.33,0.0
LEGO Marvel Super Heroes,Replayability,8,7,1,0,87.5,12.5,0.0
LISA: Definitive Edition,Gameplay,6,2,4,0,33.33,66.67,0.0
LISA: Definitive Edition,Story,8,4,4,0,50.0,50.0,0.0
LISA: Definitive Edition,Graphics,1,0,1,0,0.0,100.0,0.0
LISA: Definitive Edition,Level Design,1,0,1,0,0.0,100.0,0.0
LISA: Definitive Edition,Music & Sound,1,1,0,0,100.0,0.0,0.0
LISA: Definitive Edition,Difficulty,1,0,1,0,0.0,100.0,0.0
LISA: Definitive Edition,Replayability,1,1,0,0,100.0,0.0,0.0
LOK Digital,Gameplay,1,1,0,0,100.0,0.0,0.0
LOK Digital,Graphics,1,0,1,0,0.0,100.0,0.0
LOK Digital,Level Design,1,1,0,0,100.0,0.0,0.0
La-Mulana 2,Gameplay,6,4,2,0,66.67,33.33,0.0
La-Mulana 2,Story,3,1,2,0,33.33,66.67,0.0
La-Mulana 2,Graphics,1,1,0,0,100.0,0.0,0.0
La-Mulana 2,Characters,1,0,1,0,0.0,100.0,0.0
La-Mulana 2,Level Design,4,3,1,0,75.0,25.0,0.0
La-Mulana 2,Music & Sound,2,2,0,0,100.0,0.0,0.0
La-Mulana 2,Difficulty,8,6,2,0,75.0,25.0,0.0
La-Mulana 2,Replayability,1,1,0,0,100.0,0.0,0.0
Labyrinth of Galleria: The Moon Society,Gameplay,11,10,1,0,90.91,9.09,0.0
Labyrinth of Galleria: The Moon Society,Story,11,7,4,0,63.64,36.36,0.0
Labyrinth of Galleria: The Moon Society,Graphics,2,2,0,0,100.0,0.0,0.0
Labyrinth of Galleria: The Moon Society,Characters,2,1,1,0,50.0,50.0,0.0
Labyrinth of Galleria: The Moon Society,Level Design,2,2,0,0,100.0,0.0,0.0
Labyrinth of Galleria: The Moon Society,Music & Sound,1,1,0,0,100.0,0.0,0.0
Labyrinth of Galleria: The Moon Society,Difficulty,4,4,0,0,100.0,0.0,0.0
Labyrinth of Galleria: The Moon Society,Replayability,1,1,0,0,100.0,0.0,0.0
Lacuna - A Sci-Fi Noir Adventure,Gameplay,3,1,2,0,33.33,66.67,0.0
Lacuna - A Sci-Fi Noir Adventure,Story,11,8,3,0,72.73,27.27,0.0
Lacuna - A Sci-Fi Noir Adventure,Graphics,1,1,0,0,100.0,0.0,0.0
Lacuna - A Sci-Fi Noir Adventure,Characters,2,1,1,0,50.0,50.0,0.0
Lacuna - A Sci-Fi Noir Adventure,Music & Sound,3,2,1,0,66.67,33.33,0.0
Lacuna - A Sci-Fi Noir Adventure,Difficulty,2,1,1,0,50.0,50.0,0.0
Lacuna - A Sci-Fi Noir Adventure,Replayability,2,1,1,0,50.0,50.0,0.0
Lair of the Clockwork God,Gameplay,7,4,3,0,57.14,42.86,0.0
Lair of the Clockwork God,Story,2,1,1,0,50.0,50.0,0.0
Lair of the Clockwork God,Characters,1,0,1,0,0.0,100.0,0.0
Lair of the Clockwork God,Level Design,1,0,1,0,0.0,100.0,0.0
Lair of the Clockwork God,Difficulty,2,1,1,0,50.0,50.0,0.0
Lair of the Clockwork God,Performance,2,1,1,0,50.0,50.0,0.0
Land of the Vikings,Gameplay,2,0,2,0,0.0,100.0,0.0
Land of the Vikings,Story,2,0,2,0,0.0,100.0,0.0
Land of the Vikings,Graphics,1,1,0,0,100.0,0.0,0.0
Land of the Vikings,Level Design,1,1,0,0,100.0,0.0,0.0
Land of the Vikings,Music & Sound,2,1,1,0,50.0,50.0,0.0
Land of the Vikings,Performance,1,0,1,0,0.0,100.0,0.0
Lara Croft Go,Gameplay,8,4,4,0,50.0,50.0,0.0
Lara Croft Go,Graphics,1,1,0,0,100.0,0.0,0.0
Lara Croft Go,Music & Sound,2,1,1,0,50.0,50.0,0.0
Lara Croft Go,Difficulty,3,3,0,0,100.0,0.0,0.0
Lara Croft Go,Performance,2,1,1,0,50.0,50.0,0.0
Lara Croft Go,Replayability,2,2,0,0,100.0,0.0,0.0
Laser League,Gameplay,9,8,1,0,88.89,11.11,0.0
Laser League,Characters,2,2,0,0,100.0,0.0,0.0
Laser League,Level Design,3,3,0,0,100.0,0.0,0.0
Laser League,Difficulty,13,11,2,0,84.62,15.38,0.0
Laser League,Replayability,1,1,0,0,100.0,0.0,0.0
Last Epoch,Gameplay,5,3,2,0,60.0,40.0,0.0
Last Epoch,Story,7,5,2,0,71.43,28.57,0.0
Last Epoch,Characters,5,4,1,0,80.0,20.0,0.0
Last Epoch,Level Design,1,1,0,0,100.0,0.0,0.0
Last Epoch,Difficulty,3,2,1,0,66.67,33.33,0.0
Last Epoch,Performance,1,1,0,0,100.0,0.0,0.0
Last Epoch,Replayability,2,2,0,0,100.0,0.0,0.0
Later Alligator,Graphics,2,2,0,0,100.0,0.0,0.0
Later Alligator,Characters,1,1,0,0,100.0,0.0,0.0
Later Alligator,Music & Sound,2,2,0,0,100.0,0.0,0.0
League of Legends,Characters,2,2,0,0,100.0,0.0,0.0
Legend of Grimrock II,Gameplay,3,2,1,0,66.67,33.33,0.0
Legend of Grimrock II,Difficulty,3,2,1,0,66.67,33.33,0.0
Legends of Runeterra,Gameplay,3,3,0,0,100.0,0.0,0.0
Legends of Runeterra,Level Design,1,1,0,0,100.0,0.0,0.0
Legends of Runeterra,Music & Sound,1,1,0,0,100.0,0.0,0.0
Legends of Runeterra,Difficulty,2,2,0,0,100.0,0.0,0.0
Lego Dimensions: Ghostbusters Story Pack,Story,5,4,1,0,80.0,20.0,0.0
Lego Dimensions: Ghostbusters Story Pack,Level Design,1,1,0,0,100.0,0.0,0.0
Lego Dimensions: Ghostbusters Story Pack,Performance,1,1,0,0,100.0,0.0,0.0
Lego Star Wars: The Skywalker Saga,Gameplay,56,49,6,1,87.5,10.71,1.79
Lego Star Wars: The Skywalker Saga,Story,14,10,4,0,71.43,28.57,0.0
Lego Star Wars: The Skywalker Saga,Graphics,8,6,2,0,75.0,25.0,0.0
Lego Star Wars: The Skywalker Saga,Characters,15,15,0,0,100.0,0.0,0.0
Lego Star Wars: The Skywalker Saga,Level Design,10,8,2,0,80.0,20.0,0.0
Lego Star Wars: The Skywalker Saga,Music & Sound,2,2,0,0,100.0,0.0,0.0
Lego Star Wars: The Skywalker Saga,Difficulty,16,14,2,0,87.5,12.5,0.0
Lego Star Wars: The Skywalker Saga,Performance,9,7,2,0,77.78,22.22,0.0
Lego Star Wars: The Skywalker Saga,Replayability,32,27,5,0,84.38,15.62,0.0
Let's Build a Zoo,Gameplay,8,7,1,0,87.5,12.5,0.0
Let's Build a Zoo,Graphics,2,1,1,0,50.0,50.0,0.0
Let's Build a Zoo,Level Design,1,0,1,0,0.0,100.0,0.0
Let's Build a Zoo,Music & Sound,1,1,0,0,100.0,0.0,0.0
Let's Build a Zoo,Difficulty,2,2,0,0,100.0,0.0,0.0
Let's Build a Zoo,Performance,1,0,1,0,0.0,100.0,0.0
Let's! Revolution!,Gameplay,7,4,3,0,57.14,42.86,0.0
Let's! Revolution!,Graphics,3,2,1,0,66.67,33.33,0.0
Let's! Revolution!,Characters,5,3,2,0,60.0,40.0,0.0
Let's! Revolution!,Level Design,2,2,0,0,100.0,0.0,0.0
Let's! Revolution!,Difficulty,3,3,0,0,100.0,0.0,0.0
Let's! Revolution!,Replayability,2,1,1,0,50.0,50.0,0.0
Lethal League Blaze,Gameplay,4,3,1,0,75.0,25.0,0.0
Lethal League Blaze,Story,2,1,1,0,50.0,50.0,0.0
Lethal League Blaze,Graphics,2,1,1,0,50.0,50.0,0.0
Lethal League Blaze,Characters,2,1,1,0,50.0,50.0,0.0
Lethal League Blaze,Music & Sound,3,2,1,0,66.67,33.33,0.0
Lethal League Blaze,Difficulty,3,2,1,0,66.67,33.33,0.0
Lethal League Blaze,Performance,1,0,1,0,0.0,100.0,0.0
Lethal League Blaze,Replayability,2,2,0,0,100.0,0.0,0.0
Levelhead,Gameplay,3,2,1,0,66.67,33.33,0.0
Levelhead,Level Design,6,4,2,0,66.67,33.33,0.0
Levelhead,Difficulty,1,1,0,0,100.0,0.0,0.0
Lies of P,Gameplay,73,66,7,0,90.41,9.59,0.0
Lies of P,Story,42,38,4,0,90.48,9.52,0.0
Lies of P,Graphics,9,8,1,0,88.89,11.11,0.0
Lies of P,Characters,13,13,0,0,100.0,0.0,0.0
Lies of P,Level Design,19,18,1,0,94.74,5.26,0.0
Lies of P,Music & Sound,9,9,0,0,100.0,0.0,0.0
Lies of P,Difficulty,36,30,6,0,83.33,16.67,0.0
Lies of P,Performance,4,3,1,0,75.0,25.0,0.0
Lies of P,Replayability,6,6,0,0,100.0,0.0,0.0
Lies of P: Overture,Gameplay,11,11,0,0,100.0,0.0,0.0
Lies of P: Overture,Story,19,17,2,0,89.47,10.53,0.0
Lies of P: Overture,Graphics,1,1,0,0,100.0,0.0,0.0
Lies of P: Overture,Characters,4,4,0,0,100.0,0.0,0.0
Lies of P: Overture,Level Design,10,10,0,0,100.0,0.0,0.0
Lies of P: Overture,Music & Sound,2,2,0,0,100.0,0.0,0.0
Lies of P: Overture,Difficulty,8,7,1,0,87.5,12.5,0.0
Lies of P: Overture,Performance,4,4,0,0,100.0,0.0,0.0
Lies of P: Overture,Replayability,7,7,0,0,100.0,0.0,0.0
Life is Strange - Season One,Gameplay,5,2,3,0,40.0,60.0,0.0
Life is Strange - Season One,Story,11,8,3,0,72.73,27.27,0.0
Life is Strange - Season One,Characters,5,3,2,0,60.0,40.0,0.0
Life is Strange - Season One,Level Design,3,2,1,0,66.67,33.33,0.0
Life is Strange - Season One,Difficulty,2,1,1,0,50.0,50.0,0.0
Life is Strange 2 - Episode 5 : Wolves,Story,6,3,3,0,50.0,50.0,0.0
Life is Strange 2 - Episode 5 : Wolves,Characters,2,1,1,0,50.0,50.0,0.0
Life is Strange 2 - Episode 5 : Wolves,Difficulty,2,1,1,0,50.0,50.0,0.0
Life is Strange 2 - Episode 5 : Wolves,Replayability,1,0,1,0,0.0,100.0,0.0
Life is Strange: Episode 4 - Dark Room,Gameplay,6,4,2,0,66.67,33.33,0.0
Life is Strange: Episode 4 - Dark Room,Story,16,12,4,0,75.0,25.0,0.0
Life is Strange: Episode 4 - Dark Room,Graphics,1,1,0,0,100.0,0.0,0.0
Life is Strange: Episode 4 - Dark Room,Characters,2,1,1,0,50.0,50.0,0.0
Life is Strange: Episode 4 - Dark Room,Level Design,2,2,0,0,100.0,0.0,0.0
Life is Strange: Episode 4 - Dark Room,Difficulty,2,1,1,0,50.0,50.0,0.0
Life is Strange: Episode 5 - Polarized,Gameplay,2,2,0,0,100.0,0.0,0.0
Life is Strange: Episode 5 - Polarized,Story,10,5,5,0,50.0,50.0,0.0
Life is Strange: Episode 5 - Polarized,Graphics,1,1,0,0,100.0,0.0,0.0
Life is Strange: Episode 5 - Polarized,Characters,4,4,0,0,100.0,0.0,0.0
Life is Strange: Episode 5 - Polarized,Difficulty,2,2,0,0,100.0,0.0,0.0
Life is Strange: True Colors,Gameplay,7,2,5,0,28.57,71.43,0.0
Life is Strange: True Colors,Story,81,63,18,0,77.78,22.22,0.0
Life is Strange: True Colors,Graphics,9,7,2,0,77.78,22.22,0.0
Life is Strange: True Colors,Characters,58,44,14,0,75.86,24.14,0.0
Life is Strange: True Colors,Level Design,5,3,2,0,60.0,40.0,0.0
Life is Strange: True Colors,Music & Sound,12,10,2,0,83.33,16.67,0.0
Life is Strange: True Colors,Difficulty,10,8,2,0,80.0,20.0,0.0
Life is Strange: True Colors,Performance,10,6,4,0,60.0,40.0,0.0
Life is Strange: True Colors,Replayability,3,2,1,0,66.67,33.33,0.0
Life is Strange: True Colors - Wavelengths,Gameplay,1,0,1,0,0.0,100.0,0.0
Life is Strange: True Colors - Wavelengths,Story,8,5,3,0,62.5,37.5,0.0
Life is Strange: True Colors - Wavelengths,Characters,6,2,4,0,33.33,66.67,0.0
Life is Strange: True Colors - Wavelengths,Level Design,1,0,1,0,0.0,100.0,0.0
Like A Dragon: Infinite Wealth,Gameplay,65,61,4,0,93.85,6.15,0.0
Like A Dragon: Infinite Wealth,Story,73,68,5,0,93.15,6.85,0.0
Like A Dragon: Infinite Wealth,Characters,34,31,3,0,91.18,8.82,0.0
Like A Dragon: Infinite Wealth,Level Design,5,5,0,0,100.0,0.0,0.0
Like A Dragon: Infinite Wealth,Difficulty,12,11,1,0,91.67,8.33,0.0
Like A Dragon: Infinite Wealth,Performance,1,1,0,0,100.0,0.0,0.0
Like A Dragon: Infinite Wealth,Replayability,34,33,1,0,97.06,2.94,0.0
Like a Dragon: Ishin!,Gameplay,49,35,14,0,71.43,28.57,0.0
Like a Dragon: Ishin!,Story,49,33,16,0,67.35,32.65,0.0
Like a Dragon: Ishin!,Graphics,7,3,4,0,42.86,57.14,0.0
Like a Dragon: Ishin!,Characters,19,13,6,0,68.42,31.58,0.0
Like a Dragon: Ishin!,Level Design,5,3,2,0,60.0,40.0,0.0
Like a Dragon: Ishin!,Difficulty,5,3,2,0,60.0,40.0,0.0
Like a Dragon: Ishin!,Performance,9,6,3,0,66.67,33.33,0.0
Like a Dragon: Ishin!,Replayability,12,10,2,0,83.33,16.67,0.0
Like a Dragon: Pirate Yakuza in Hawaii,Gameplay,54,42,11,1,77.78,20.37,1.85
Like a Dragon: Pirate Yakuza in Hawaii,Story,54,42,11,1,77.78,20.37,1.85
Like a Dragon: Pirate Yakuza in Hawaii,Graphics,4,4,0,0,100.0,0.0,0.0
Like a Dragon: Pirate Yakuza in Hawaii,Characters,35,30,5,0,85.71,14.29,0.0
Like a Dragon: Pirate Yakuza in Hawaii,Level Design,4,4,0,0,100.0,0.0,0.0
Like a Dragon: Pirate Yakuza in Hawaii,Music & Sound,3,2,1,0,66.67,33.33,0.0
Like a Dragon: Pirate Yakuza in Hawaii,Difficulty,6,4,2,0,66.67,33.33,0.0
Like a Dragon: Pirate Yakuza in Hawaii,Performance,2,2,0,0,100.0,0.0,0.0
Like a Dragon: Pirate Yakuza in Hawaii,Replayability,19,15,4,0,78.95,21.05,0.0
Lil Gator Game,Gameplay,6,5,1,0,83.33,16.67,0.0
Lil Gator Game,Story,11,10,1,0,90.91,9.09,0.0
Lil Gator Game,Graphics,1,1,0,0,100.0,0.0,0.0
Lil Gator Game,Characters,5,5,0,0,100.0,0.0,0.0
Lil Gator Game,Level Design,1,1,0,0,100.0,0.0,0.0
Lil Gator Game,Music & Sound,1,1,0,0,100.0,0.0,0.0
Lil Gator Game,Difficulty,6,6,0,0,100.0,0.0,0.0
Lil Gator Game,Performance,2,1,1,0,50.0,50.0,0.0
Lil Gator Game,Replayability,1,1,0,0,100.0,0.0,0.0
Lil Guardsman,Gameplay,7,7,0,0,100.0,0.0,0.0
Lil Guardsman,Story,11,11,0,0,100.0,0.0,0.0
Lil Guardsman,Graphics,3,3,0,0,100.0,0.0,0.0
Lil Guardsman,Characters,9,9,0,0,100.0,0.0,0.0
Lil Guardsman,Level Design,1,1,0,0,100.0,0.0,0.0
Lil Guardsman,Music & Sound,2,2,0,0,100.0,0.0,0.0
Lil Guardsman,Replayability,3,2,1,0,66.67,33.33,0.0
Linelight,Gameplay,4,4,0,0,100.0,0.0,0.0
Linelight,Graphics,2,2,0,0,100.0,0.0,0.0
Linelight,Level Design,1,1,0,0,100.0,0.0,0.0
Linelight,Music & Sound,3,3,0,0,100.0,0.0,0.0
Linelight,Difficulty,3,3,0,0,100.0,0.0,0.0
Linelight,Replayability,1,1,0,0,100.0,0.0,0.0
Little Goody Two Shoes,Gameplay,6,5,1,0,83.33,16.67,0.0
Little Goody Two Shoes,Story,10,8,2,0,80.0,20.0,0.0
Little Goody Two Shoes,Graphics,4,4,0,0,100.0,0.0,0.0
Little Goody Two Shoes,Characters,2,2,0,0,100.0,0.0,0.0
Little Goody Two Shoes,Difficulty,3,2,1,0,66.67,33.33,0.0
Little Nightmares II,Gameplay,59,46,12,1,77.97,20.34,1.69
Little Nightmares II,Story,42,33,8,1,78.57,19.05,2.38
Little Nightmares II,Graphics,10,9,1,0,90.0,10.0,0.0
Little Nightmares II,Characters,13,10,3,0,76.92,23.08,0.0
Little Nightmares II,Level Design,10,8,1,1,80.0,10.0,10.0
Little Nightmares II,Music & Sound,14,9,4,1,64.29,28.57,7.14
Little Nightmares II,Difficulty,9,8,1,0,88.89,11.11,0.0
Little Nightmares II,Performance,4,4,0,0,100.0,0.0,0.0
Little Nightmares II,Replayability,9,6,3,0,66.67,33.33,0.0
Little Noah: Scion of Paradise,Gameplay,6,3,3,0,50.0,50.0,0.0
Little Noah: Scion of Paradise,Graphics,2,2,0,0,100.0,0.0,0.0
Little Noah: Scion of Paradise,Level Design,1,0,1,0,0.0,100.0,0.0
Little Noah: Scion of Paradise,Replayability,2,1,1,0,50.0,50.0,0.0
Little Rocket Lab,Characters,1,1,0,0,100.0,0.0,0.0
Little Rocket Lab,Difficulty,3,3,0,0,100.0,0.0,0.0
Littlewood,Gameplay,6,5,1,0,83.33,16.67,0.0
Littlewood,Story,3,2,1,0,66.67,33.33,0.0
Littlewood,Graphics,1,0,1,0,0.0,100.0,0.0
Littlewood,Characters,2,2,0,0,100.0,0.0,0.0
Littlewood,Music & Sound,1,1,0,0,100.0,0.0,0.0
Littlewood,Difficulty,2,1,1,0,50.0,50.0,0.0
Littlewood,Performance,1,1,0,0,100.0,0.0,0.0
Live A Live,Gameplay,33,27,6,0,81.82,18.18,0.0
Live A Live,Story,25,20,5,0,80.0,20.0,0.0
Live A Live,Graphics,19,17,2,0,89.47,10.53,0.0
Live A Live,Characters,12,9,3,0,75.0,25.0,0.0
Live A Live,Level Design,5,5,0,0,100.0,0.0,0.0
Live A Live,Music & Sound,15,13,2,0,86.67,13.33,0.0
Live A Live,Difficulty,7,6,1,0,85.71,14.29,0.0
Live A Live,Performance,2,2,0,0,100.0,0.0,0.0
Live A Live,Replayability,4,3,1,0,75.0,25.0,0.0
Llamasoft: The Jeff Minter Story,Gameplay,1,1,0,0,100.0,0.0,0.0
Llamasoft: The Jeff Minter Story,Story,21,15,5,1,71.43,23.81,4.76
Llamasoft: The Jeff Minter Story,Music & Sound,1,0,1,0,0.0,100.0,0.0
Llamasoft: The Jeff Minter Story,Difficulty,1,0,1,0,0.0,100.0,0.0
Llamasoft: The Jeff Minter Story,Performance,1,0,1,0,0.0,100.0,0.0
Llamasoft: The Jeff Minter Story,Replayability,1,0,1,0,0.0,100.0,0.0
Loddlenaut,Gameplay,8,7,1,0,87.5,12.5,0.0
Loddlenaut,Story,1,1,0,0,100.0,0.0,0.0
Loddlenaut,Graphics,2,2,0,0,100.0,0.0,0.0
Loddlenaut,Level Design,1,0,1,0,0.0,100.0,0.0
Loddlenaut,Music & Sound,1,1,0,0,100.0,0.0,0.0
Loddlenaut,Difficulty,2,1,1,0,50.0,50.0,0.0
Lone Echo,Gameplay,7,7,0,0,100.0,0.0,0.0
Lone Echo,Story,4,4,0,0,100.0,0.0,0.0
Lone Echo,Graphics,1,1,0,0,100.0,0.0,0.0
Lone Echo,Characters,1,1,0,0,100.0,0.0,0.0
Lone Echo,Performance,1,1,0,0,100.0,0.0,0.0
Lone Echo II,Gameplay,2,1,1,0,50.0,50.0,0.0
Lone Echo II,Story,2,2,0,0,100.0,0.0,0.0
Lone Echo II,Graphics,3,3,0,0,100.0,0.0,0.0
Lone Echo II,Level Design,1,1,0,0,100.0,0.0,0.0
Lone Echo II,Performance,1,1,0,0,100.0,0.0,0.0
Lone Echo II,Replayability,1,1,0,0,100.0,0.0,0.0
Lone Survivor,Gameplay,2,1,1,0,50.0,50.0,0.0
Lone Survivor,Story,6,5,1,0,83.33,16.67,0.0
Lone Survivor,Graphics,2,2,0,0,100.0,0.0,0.0
Lone Survivor,Characters,3,2,1,0,66.67,33.33,0.0
Lone Survivor,Level Design,3,2,1,0,66.67,33.33,0.0
Lone Survivor,Music & Sound,1,1,0,0,100.0,0.0,0.0
Lone Survivor,Difficulty,1,1,0,0,100.0,0.0,0.0
Lone Survivor,Performance,1,1,0,0,100.0,0.0,0.0
Lonely Mountains: Downhill,Gameplay,9,7,2,0,77.78,22.22,0.0
Lonely Mountains: Downhill,Graphics,2,2,0,0,100.0,0.0,0.0
Lonely Mountains: Downhill,Level Design,3,2,1,0,66.67,33.33,0.0
Lonely Mountains: Downhill,Music & Sound,2,1,1,0,50.0,50.0,0.0
Lonely Mountains: Downhill,Difficulty,7,6,1,0,85.71,14.29,0.0
Lonely Mountains: Downhill,Performance,4,4,0,0,100.0,0.0,0.0
Lonely Mountains: Downhill,Replayability,2,1,1,0,50.0,50.0,0.0
Lonely Mountains: Snow Riders,Gameplay,7,7,0,0,100.0,0.0,0.0
Lonely Mountains: Snow Riders,Story,1,1,0,0,100.0,0.0,0.0
Lonely Mountains: Snow Riders,Graphics,1,1,0,0,100.0,0.0,0.0
Lonely Mountains: Snow Riders,Level Design,1,1,0,0,100.0,0.0,0.0
Lonely Mountains: Snow Riders,Music & Sound,1,1,0,0,100.0,0.0,0.0
Lonely Mountains: Snow Riders,Difficulty,4,3,1,0,75.0,25.0,0.0
Lonely Mountains: Snow Riders,Replayability,3,2,1,0,66.67,33.33,0.0
Long Live The Queen,Gameplay,3,1,2,0,33.33,66.67,0.0
Long Live The Queen,Story,3,2,1,0,66.67,33.33,0.0
Long Live The Queen,Graphics,3,2,1,0,66.67,33.33,0.0
Long Live The Queen,Characters,1,1,0,0,100.0,0.0,0.0
Long Live The Queen,Music & Sound,2,2,0,0,100.0,0.0,0.0
Long Live The Queen,Difficulty,3,2,1,0,66.67,33.33,0.0
Long Live The Queen,Replayability,3,1,2,0,33.33,66.67,0.0
Look Outside,Gameplay,7,6,1,0,85.71,14.29,0.0
Look Outside,Story,1,1,0,0,100.0,0.0,0.0
Look Outside,Graphics,1,1,0,0,100.0,0.0,0.0
Look Outside,Characters,3,1,2,0,33.33,66.67,0.0
Look Outside,Level Design,1,1,0,0,100.0,0.0,0.0
Look Outside,Music & Sound,1,0,1,0,0.0,100.0,0.0
Look Outside,Difficulty,4,3,1,0,75.0,25.0,0.0
Loop Hero,Gameplay,28,22,6,0,78.57,21.43,0.0
Loop Hero,Story,3,2,1,0,66.67,33.33,0.0
Loop Hero,Graphics,6,5,1,0,83.33,16.67,0.0
Loop Hero,Characters,4,2,2,0,50.0,50.0,0.0
Loop Hero,Level Design,3,3,0,0,100.0,0.0,0.0
Loop Hero,Music & Sound,5,4,1,0,80.0,20.0,0.0
Loop Hero,Difficulty,9,8,1,0,88.89,11.11,0.0
Loop Hero,Replayability,2,2,0,0,100.0,0.0,0.0
Lorelei and the Laser Eyes,Gameplay,2,2,0,0,100.0,0.0,0.0
Lorelei and the Laser Eyes,Story,22,18,4,0,81.82,18.18,0.0
Lorelei and the Laser Eyes,Graphics,5,4,1,0,80.0,20.0,0.0
Lorelei and the Laser Eyes,Level Design,2,2,0,0,100.0,0.0,0.0
Lorelei and the Laser Eyes,Music & Sound,2,1,1,0,50.0,50.0,0.0
Lorelei and the Laser Eyes,Difficulty,10,8,2,0,80.0,20.0,0.0
Lorelei and the Laser Eyes,Performance,2,2,0,0,100.0,0.0,0.0
Lost Ark,Gameplay,22,16,6,0,72.73,27.27,0.0
Lost Ark,Story,11,10,1,0,90.91,9.09,0.0
Lost Ark,Graphics,2,1,1,0,50.0,50.0,0.0
Lost Ark,Characters,3,3,0,0,100.0,0.0,0.0
Lost Ark,Level Design,3,3,0,0,100.0,0.0,0.0
Lost Ark,Difficulty,7,6,1,0,85.71,14.29,0.0
Lost Ark,Replayability,17,13,4,0,76.47,23.53,0.0
Lost Judgment,Gameplay,51,42,9,0,82.35,17.65,0.0
Lost Judgment,Story,73,59,14,0,80.82,19.18,0.0
Lost Judgment,Graphics,2,2,0,0,100.0,0.0,0.0
Lost Judgment,Characters,15,10,5,0,66.67,33.33,0.0
Lost Judgment,Level Design,4,2,2,0,50.0,50.0,0.0
Lost Judgment,Music & Sound,4,3,1,0,75.0,25.0,0.0
Lost Judgment,Difficulty,8,4,4,0,50.0,50.0,0.0
Lost Judgment,Performance,4,3,1,0,75.0,25.0,0.0
Lost Judgment,Replayability,19,18,1,0,94.74,5.26,0.0
Lost and Found Co.,Gameplay,3,2,1,0,66.67,33.33,0.0
Lost and Found Co.,Story,8,8,0,0,100.0,0.0,0.0
Lost and Found Co.,Graphics,3,3,0,0,100.0,0.0,0.0
Lost and Found Co.,Characters,1,1,0,0,100.0,0.0,0.0
Lost and Found Co.,Level Design,4,4,0,0,100.0,0.0,0.0
Lost and Found Co.,Difficulty,2,2,0,0,100.0,0.0,0.0
Lost and Found Co.,Replayability,2,1,1,0,50.0,50.0,0.0
Lost in Play,Gameplay,4,3,1,0,75.0,25.0,0.0
Lost in Play,Story,7,6,1,0,85.71,14.29,0.0
Lost in Play,Graphics,9,8,1,0,88.89,11.11,0.0
Lost in Play,Characters,7,6,1,0,85.71,14.29,0.0
Lost in Play,Level Design,2,2,0,0,100.0,0.0,0.0
Lost in Play,Music & Sound,5,5,0,0,100.0,0.0,0.0
Lost in Play,Difficulty,6,5,1,0,83.33,16.67,0.0
Lost in Random: The Eternal Die,Gameplay,28,21,7,0,75.0,25.0,0.0
Lost in Random: The Eternal Die,Story,16,11,5,0,68.75,31.25,0.0
Lost in Random: The Eternal Die,Graphics,6,4,2,0,66.67,33.33,0.0
Lost in Random: The Eternal Die,Characters,5,4,1,0,80.0,20.0,0.0
Lost in Random: The Eternal Die,Level Design,1,1,0,0,100.0,0.0,0.0
Lost in Random: The Eternal Die,Music & Sound,2,2,0,0,100.0,0.0,0.0
Lost in Random: The Eternal Die,Difficulty,12,9,3,0,75.0,25.0,0.0
Lost in Random: The Eternal Die,Performance,1,1,0,0,100.0,0.0,0.0
Lost in Random: The Eternal Die,Replayability,4,3,1,0,75.0,25.0,0.0
"Love, Ghostie",Story,2,1,1,0,50.0,50.0,0.0
"Love, Ghostie",Graphics,1,1,0,0,100.0,0.0,0.0
"Love, Ghostie",Characters,4,3,1,0,75.0,25.0,0.0
"Love, Ghostie",Music & Sound,2,1,1,0,50.0,50.0,0.0
"Love, Ghostie",Replayability,1,0,1,0,0.0,100.0,0.0
Lovers in a Dangerous Spacetime,Gameplay,8,7,1,0,87.5,12.5,0.0
Lovers in a Dangerous Spacetime,Story,2,2,0,0,100.0,0.0,0.0
Lovers in a Dangerous Spacetime,Graphics,3,3,0,0,100.0,0.0,0.0
Lovers in a Dangerous Spacetime,Characters,1,1,0,0,100.0,0.0,0.0
Lovers in a Dangerous Spacetime,Level Design,1,1,0,0,100.0,0.0,0.0
Lovers in a Dangerous Spacetime,Music & Sound,1,1,0,0,100.0,0.0,0.0
Lovers in a Dangerous Spacetime,Difficulty,8,8,0,0,100.0,0.0,0.0
Lovers in a Dangerous Spacetime,Performance,1,1,0,0,100.0,0.0,0.0
Lovish,Gameplay,5,3,2,0,60.0,40.0,0.0
Lovish,Story,2,2,0,0,100.0,0.0,0.0
Lovish,Level Design,5,2,3,0,40.0,60.0,0.0
Lovish,Music & Sound,1,1,0,0,100.0,0.0,0.0
Lovish,Difficulty,4,3,1,0,75.0,25.0,0.0
Lovish,Replayability,3,1,2,0,33.33,66.67,0.0
Lucy Dreaming,Gameplay,1,1,0,0,100.0,0.0,0.0
Lucy Dreaming,Story,5,5,0,0,100.0,0.0,0.0
Lucy Dreaming,Graphics,1,1,0,0,100.0,0.0,0.0
Lucy Dreaming,Characters,4,4,0,0,100.0,0.0,0.0
Lucy Dreaming,Difficulty,1,1,0,0,100.0,0.0,0.0
Luftrausers,Gameplay,11,8,3,0,72.73,27.27,0.0
Luftrausers,Story,2,1,1,0,50.0,50.0,0.0
Luftrausers,Graphics,2,1,1,0,50.0,50.0,0.0
Luftrausers,Level Design,2,1,1,0,50.0,50.0,0.0
Luftrausers,Music & Sound,6,4,2,0,66.67,33.33,0.0
Luftrausers,Difficulty,10,7,3,0,70.0,30.0,0.0
Luftrausers,Performance,3,3,0,0,100.0,0.0,0.0
Luftrausers,Replayability,1,0,1,0,0.0,100.0,0.0
Luigi's Mansion 3,Gameplay,27,23,4,0,85.19,14.81,0.0
Luigi's Mansion 3,Story,9,9,0,0,100.0,0.0,0.0
Luigi's Mansion 3,Graphics,10,9,0,1,90.0,0.0,10.0
Luigi's Mansion 3,Characters,3,3,0,0,100.0,0.0,0.0
Luigi's Mansion 3,Level Design,16,16,0,0,100.0,0.0,0.0
Luigi's Mansion 3,Music & Sound,3,3,0,0,100.0,0.0,0.0
Luigi's Mansion 3,Difficulty,8,7,1,0,87.5,12.5,0.0
Luigi's Mansion 3,Replayability,5,5,0,0,100.0,0.0,0.0
Lumines Arise,Gameplay,23,22,1,0,95.65,4.35,0.0
Lumines Arise,Story,1,1,0,0,100.0,0.0,0.0
Lumines Arise,Graphics,24,24,0,0,100.0,0.0,0.0
Lumines Arise,Characters,1,1,0,0,100.0,0.0,0.0
Lumines Arise,Level Design,5,5,0,0,100.0,0.0,0.0
Lumines Arise,Music & Sound,25,25,0,0,100.0,0.0,0.0
Lumines Arise,Difficulty,10,10,0,0,100.0,0.0,0.0
Lumines Arise,Replayability,3,3,0,0,100.0,0.0,0.0
Lumines Remastered,Gameplay,10,8,2,0,80.0,20.0,0.0
Lumines Remastered,Graphics,6,6,0,0,100.0,0.0,0.0
Lumines Remastered,Level Design,1,1,0,0,100.0,0.0,0.0
Lumines Remastered,Music & Sound,10,10,0,0,100.0,0.0,0.0
Lumines Remastered,Difficulty,3,3,0,0,100.0,0.0,0.0
Lumines Remastered,Performance,2,1,1,0,50.0,50.0,0.0
Lumines Remastered,Replayability,5,5,0,0,100.0,0.0,0.0
Luna Abyss,Gameplay,24,18,6,0,75.0,25.0,0.0
Luna Abyss,Story,11,8,3,0,72.73,27.27,0.0
Luna Abyss,Graphics,5,2,3,0,40.0,60.0,0.0
Luna Abyss,Characters,2,2,0,0,100.0,0.0,0.0
Luna Abyss,Level Design,5,4,1,0,80.0,20.0,0.0
Luna Abyss,Music & Sound,3,2,1,0,66.67,33.33,0.0
Luna Abyss,Difficulty,4,3,1,0,75.0,25.0,0.0
Luna Abyss,Performance,9,9,0,0,100.0,0.0,0.0
Luna Abyss,Replayability,1,0,1,0,0.0,100.0,0.0
Lunacid,Gameplay,1,1,0,0,100.0,0.0,0.0
Lunar Remastered Collection,Gameplay,15,14,1,0,93.33,6.67,0.0
Lunar Remastered Collection,Story,15,14,1,0,93.33,6.67,0.0
Lunar Remastered Collection,Graphics,13,10,3,0,76.92,23.08,0.0
Lunar Remastered Collection,Characters,17,12,5,0,70.59,29.41,0.0
Lunar Remastered Collection,Level Design,1,1,0,0,100.0,0.0,0.0
Lunar Remastered Collection,Music & Sound,6,4,2,0,66.67,33.33,0.0
Lunar Remastered Collection,Difficulty,8,4,4,0,50.0,50.0,0.0
Lunar Remastered Collection,Performance,1,1,0,0,100.0,0.0,0.0
Luto,Gameplay,10,7,3,0,70.0,30.0,0.0
Luto,Story,14,10,4,0,71.43,28.57,0.0
Luto,Graphics,5,3,2,0,60.0,40.0,0.0
Luto,Level Design,5,4,1,0,80.0,20.0,0.0
Luto,Music & Sound,5,4,1,0,80.0,20.0,0.0
Luto,Difficulty,7,6,1,0,85.71,14.29,0.0
MARVEL Cosmic Invasion,Gameplay,43,34,9,0,79.07,20.93,0.0
MARVEL Cosmic Invasion,Story,8,7,1,0,87.5,12.5,0.0
MARVEL Cosmic Invasion,Graphics,11,10,1,0,90.91,9.09,0.0
MARVEL Cosmic Invasion,Characters,39,28,11,0,71.79,28.21,0.0
MARVEL Cosmic Invasion,Level Design,8,5,3,0,62.5,37.5,0.0
MARVEL Cosmic Invasion,Music & Sound,10,6,4,0,60.0,40.0,0.0
MARVEL Cosmic Invasion,Difficulty,21,17,4,0,80.95,19.05,0.0
MARVEL Cosmic Invasion,Performance,4,4,0,0,100.0,0.0,0.0
MARVEL Cosmic Invasion,Replayability,19,12,7,0,63.16,36.84,0.0
MIO: Memories in Orbit,Gameplay,62,53,8,1,85.48,12.9,1.61
MIO: Memories in Orbit,Story,23,21,2,0,91.3,8.7,0.0
MIO: Memories in Orbit,Graphics,22,17,5,0,77.27,22.73,0.0
MIO: Memories in Orbit,Characters,5,3,2,0,60.0,40.0,0.0
MIO: Memories in Orbit,Level Design,9,9,0,0,100.0,0.0,0.0
MIO: Memories in Orbit,Music & Sound,13,12,1,0,92.31,7.69,0.0
MIO: Memories in Orbit,Difficulty,21,17,3,1,80.95,14.29,4.76
MIO: Memories in Orbit,Performance,2,1,1,0,50.0,50.0,0.0
MIO: Memories in Orbit,Replayability,4,4,0,0,100.0,0.0,0.0
MLB 14: The Show,Gameplay,2,2,0,0,100.0,0.0,0.0
MLB 14: The Show,Graphics,2,1,1,0,50.0,50.0,0.0
MLB 14: The Show,Level Design,2,1,1,0,50.0,50.0,0.0
MLB 14: The Show,Difficulty,1,1,0,0,100.0,0.0,0.0
MLB 14: The Show,Performance,2,0,2,0,0.0,100.0,0.0
MLB 15: The Show,Gameplay,5,5,0,0,100.0,0.0,0.0
MLB 15: The Show,Graphics,5,4,1,0,80.0,20.0,0.0
MLB 15: The Show,Level Design,1,1,0,0,100.0,0.0,0.0
MLB 15: The Show,Difficulty,2,1,1,0,50.0,50.0,0.0
MLB 15: The Show,Performance,1,0,1,0,0.0,100.0,0.0
MLB 16: The Show,Gameplay,5,5,0,0,100.0,0.0,0.0
MLB 16: The Show,Graphics,2,2,0,0,100.0,0.0,0.0
MLB 16: The Show,Replayability,1,1,0,0,100.0,0.0,0.0
MLB 17: The Show,Gameplay,5,4,1,0,80.0,20.0,0.0
MLB 17: The Show,Story,1,0,1,0,0.0,100.0,0.0
MLB 17: The Show,Graphics,4,4,0,0,100.0,0.0,0.0
MLB 17: The Show,Difficulty,4,3,1,0,75.0,25.0,0.0
MLB 17: The Show,Performance,1,1,0,0,100.0,0.0,0.0
MLB 17: The Show,Replayability,6,4,2,0,66.67,33.33,0.0
MLB 18: The Show,Gameplay,11,10,1,0,90.91,9.09,0.0
MLB 18: The Show,Graphics,2,2,0,0,100.0,0.0,0.0
MLB 18: The Show,Level Design,1,1,0,0,100.0,0.0,0.0
MLB 18: The Show,Music & Sound,2,2,0,0,100.0,0.0,0.0
MLB 18: The Show,Difficulty,3,3,0,0,100.0,0.0,0.0
MLB 18: The Show,Replayability,1,1,0,0,100.0,0.0,0.0
MLB 19: The Show,Gameplay,7,6,1,0,85.71,14.29,0.0
MLB 19: The Show,Story,1,0,1,0,0.0,100.0,0.0
MLB 19: The Show,Level Design,1,1,0,0,100.0,0.0,0.0
MLB 19: The Show,Music & Sound,1,1,0,0,100.0,0.0,0.0
MLB 19: The Show,Difficulty,1,1,0,0,100.0,0.0,0.0
MLB 19: The Show,Replayability,2,1,1,0,50.0,50.0,0.0
MLB The Show 20,Gameplay,12,11,1,0,91.67,8.33,0.0
MLB The Show 20,Graphics,1,1,0,0,100.0,0.0,0.0
MLB The Show 20,Difficulty,5,5,0,0,100.0,0.0,0.0
MLB The Show 20,Replayability,5,5,0,0,100.0,0.0,0.0
MLB The Show 23,Gameplay,14,11,3,0,78.57,21.43,0.0
MLB The Show 23,Story,4,4,0,0,100.0,0.0,0.0
MLB The Show 23,Graphics,3,1,2,0,33.33,66.67,0.0
MLB The Show 23,Characters,2,2,0,0,100.0,0.0,0.0
MLB The Show 23,Level Design,1,1,0,0,100.0,0.0,0.0
MLB The Show 23,Difficulty,2,1,1,0,50.0,50.0,0.0
MLB The Show 23,Performance,3,1,2,0,33.33,66.67,0.0
MLB The Show 23,Replayability,1,1,0,0,100.0,0.0,0.0
MLB The Show 25,Gameplay,17,16,1,0,94.12,5.88,0.0
MLB The Show 25,Story,2,2,0,0,100.0,0.0,0.0
MLB The Show 25,Graphics,7,7,0,0,100.0,0.0,0.0
MLB The Show 25,Level Design,2,2,0,0,100.0,0.0,0.0
MLB The Show 25,Music & Sound,1,1,0,0,100.0,0.0,0.0
MLB The Show 25,Difficulty,7,7,0,0,100.0,0.0,0.0
MLB The Show 25,Performance,1,1,0,0,100.0,0.0,0.0
MLB The Show 25,Replayability,3,3,0,0,100.0,0.0,0.0
MOTHERGUNSHIP: FORGE,Gameplay,1,1,0,0,100.0,0.0,0.0
MOTHERGUNSHIP: FORGE,Graphics,2,2,0,0,100.0,0.0,0.0
MOTHERGUNSHIP: FORGE,Level Design,1,1,0,0,100.0,0.0,0.0
MOTHERGUNSHIP: FORGE,Music & Sound,1,1,0,0,100.0,0.0,0.0
MOTHERGUNSHIP: FORGE,Difficulty,1,1,0,0,100.0,0.0,0.0
MOTHERGUNSHIP: FORGE,Replayability,2,1,1,0,50.0,50.0,0.0
MOUSE: P.I. For Hire,Gameplay,67,50,17,0,74.63,25.37,0.0
MOUSE: P.I. For Hire,Story,43,37,6,0,86.05,13.95,0.0
MOUSE: P.I. For Hire,Graphics,58,48,10,0,82.76,17.24,0.0
MOUSE: P.I. For Hire,Characters,13,13,0,0,100.0,0.0,0.0
MOUSE: P.I. For Hire,Level Design,17,13,4,0,76.47,23.53,0.0
MOUSE: P.I. For Hire,Music & Sound,22,18,4,0,81.82,18.18,0.0
MOUSE: P.I. For Hire,Difficulty,20,11,9,0,55.0,45.0,0.0
MOUSE: P.I. For Hire,Performance,25,17,8,0,68.0,32.0,0.0
MOUSE: P.I. For Hire,Replayability,5,3,2,0,60.0,40.0,0.0
MULLET MADJACK,Gameplay,19,19,0,0,100.0,0.0,0.0
MULLET MADJACK,Story,6,6,0,0,100.0,0.0,0.0
MULLET MADJACK,Graphics,8,8,0,0,100.0,0.0,0.0
MULLET MADJACK,Characters,1,1,0,0,100.0,0.0,0.0
MULLET MADJACK,Level Design,5,4,1,0,80.0,20.0,0.0
MULLET MADJACK,Music & Sound,4,3,1,0,75.0,25.0,0.0
MULLET MADJACK,Difficulty,8,7,1,0,87.5,12.5,0.0
MULLET MADJACK,Performance,8,6,2,0,75.0,25.0,0.0
Madden NFL 15,Gameplay,9,8,1,0,88.89,11.11,0.0
Madden NFL 15,Graphics,4,4,0,0,100.0,0.0,0.0
Madden NFL 15,Level Design,2,1,1,0,50.0,50.0,0.0
Madden NFL 15,Difficulty,1,1,0,0,100.0,0.0,0.0
Madden NFL 15,Performance,1,1,0,0,100.0,0.0,0.0
Madden NFL 15,Replayability,2,2,0,0,100.0,0.0,0.0
Madden NFL 16,Gameplay,17,17,0,0,100.0,0.0,0.0
Madden NFL 16,Graphics,2,2,0,0,100.0,0.0,0.0
Madden NFL 16,Level Design,4,4,0,0,100.0,0.0,0.0
Madden NFL 16,Difficulty,3,3,0,0,100.0,0.0,0.0
Madden NFL 16,Performance,6,3,3,0,50.0,50.0,0.0
Madden NFL 16,Replayability,1,1,0,0,100.0,0.0,0.0
Madden NFL 17,Gameplay,18,16,2,0,88.89,11.11,0.0
Madden NFL 17,Graphics,4,4,0,0,100.0,0.0,0.0
Madden NFL 17,Level Design,2,2,0,0,100.0,0.0,0.0
Madden NFL 17,Difficulty,8,8,0,0,100.0,0.0,0.0
Madden NFL 17,Performance,1,1,0,0,100.0,0.0,0.0
Madden NFL 18,Gameplay,17,14,3,0,82.35,17.65,0.0
Madden NFL 18,Story,14,9,5,0,64.29,35.71,0.0
Madden NFL 18,Graphics,6,6,0,0,100.0,0.0,0.0
Madden NFL 18,Level Design,3,3,0,0,100.0,0.0,0.0
Madden NFL 18,Music & Sound,1,1,0,0,100.0,0.0,0.0
Madden NFL 18,Difficulty,2,2,0,0,100.0,0.0,0.0
Madden NFL 18,Performance,4,2,2,0,50.0,50.0,0.0
Madden NFL 18,Replayability,2,2,0,0,100.0,0.0,0.0
Magic: The Gathering Arena,Gameplay,10,7,3,0,70.0,30.0,0.0
Magic: The Gathering Arena,Story,1,1,0,0,100.0,0.0,0.0
Magic: The Gathering Arena,Level Design,2,1,1,0,50.0,50.0,0.0
Magic: The Gathering Arena,Difficulty,2,2,0,0,100.0,0.0,0.0
Magic: The Gathering Arena,Performance,1,1,0,0,100.0,0.0,0.0
Maldita Castilla EX - Cursed Castile,Gameplay,7,7,0,0,100.0,0.0,0.0
Maldita Castilla EX - Cursed Castile,Story,1,1,0,0,100.0,0.0,0.0
Maldita Castilla EX - Cursed Castile,Graphics,1,1,0,0,100.0,0.0,0.0
Maldita Castilla EX - Cursed Castile,Characters,1,1,0,0,100.0,0.0,0.0
Maldita Castilla EX - Cursed Castile,Level Design,5,5,0,0,100.0,0.0,0.0
Maldita Castilla EX - Cursed Castile,Music & Sound,3,3,0,0,100.0,0.0,0.0
Maldita Castilla EX - Cursed Castile,Difficulty,3,3,0,0,100.0,0.0,0.0
Maldita Castilla EX - Cursed Castile,Replayability,1,1,0,0,100.0,0.0,0.0
Manifold Garden,Gameplay,10,7,3,0,70.0,30.0,0.0
Manifold Garden,Story,2,2,0,0,100.0,0.0,0.0
Manifold Garden,Graphics,11,10,1,0,90.91,9.09,0.0
Manifold Garden,Level Design,4,3,1,0,75.0,25.0,0.0
Manifold Garden,Music & Sound,5,4,1,0,80.0,20.0,0.0
Manifold Garden,Difficulty,7,6,1,0,85.71,14.29,0.0
Manifold Garden,Replayability,1,0,1,0,0.0,100.0,0.0
Many Nights a Whisper,Gameplay,1,1,0,0,100.0,0.0,0.0
Many Nights a Whisper,Story,3,3,0,0,100.0,0.0,0.0
Many Nights a Whisper,Characters,1,1,0,0,100.0,0.0,0.0
Many Nights a Whisper,Music & Sound,1,1,0,0,100.0,0.0,0.0
Many Nights a Whisper,Replayability,1,1,0,0,100.0,0.0,0.0
Marathon,Gameplay,36,19,17,0,52.78,47.22,0.0
Marathon,Story,7,6,1,0,85.71,14.29,0.0
Marathon,Graphics,9,5,4,0,55.56,44.44,0.0
Marathon,Characters,1,1,0,0,100.0,0.0,0.0
Marathon,Level Design,14,7,7,0,50.0,50.0,0.0
Marathon,Music & Sound,7,5,2,0,71.43,28.57,0.0
Marathon,Difficulty,20,11,9,0,55.0,45.0,0.0
Marathon,Performance,14,9,5,0,64.29,35.71,0.0
Marathon,Replayability,13,4,9,0,30.77,69.23,0.0
Mario & Luigi: Bowser's Inside Story + Bowser Jr.'s Journey,Gameplay,11,11,0,0,100.0,0.0,0.0
Mario & Luigi: Bowser's Inside Story + Bowser Jr.'s Journey,Story,18,18,0,0,100.0,0.0,0.0
Mario & Luigi: Bowser's Inside Story + Bowser Jr.'s Journey,Graphics,7,7,0,0,100.0,0.0,0.0
Mario & Luigi: Bowser's Inside Story + Bowser Jr.'s Journey,Characters,3,3,0,0,100.0,0.0,0.0
Mario & Luigi: Bowser's Inside Story + Bowser Jr.'s Journey,Music & Sound,3,3,0,0,100.0,0.0,0.0
Mario & Luigi: Bowser's Inside Story + Bowser Jr.'s Journey,Difficulty,2,2,0,0,100.0,0.0,0.0
Mario & Luigi: Bowser's Inside Story + Bowser Jr.'s Journey,Replayability,3,3,0,0,100.0,0.0,0.0
Mario & Luigi: Superstar Saga + Bowser's Minions,Gameplay,10,9,1,0,90.0,10.0,0.0
Mario & Luigi: Superstar Saga + Bowser's Minions,Story,11,11,0,0,100.0,0.0,0.0
Mario & Luigi: Superstar Saga + Bowser's Minions,Graphics,8,8,0,0,100.0,0.0,0.0
Mario & Luigi: Superstar Saga + Bowser's Minions,Characters,3,3,0,0,100.0,0.0,0.0
Mario & Luigi: Superstar Saga + Bowser's Minions,Music & Sound,2,2,0,0,100.0,0.0,0.0
Mario & Luigi: Superstar Saga + Bowser's Minions,Difficulty,1,1,0,0,100.0,0.0,0.0
Mario & Luigi: Superstar Saga + Bowser's Minions,Replayability,4,4,0,0,100.0,0.0,0.0
Mario + Rabbids: Kingdom Battle,Gameplay,37,30,7,0,81.08,18.92,0.0
Mario + Rabbids: Kingdom Battle,Story,3,3,0,0,100.0,0.0,0.0
Mario + Rabbids: Kingdom Battle,Graphics,4,3,1,0,75.0,25.0,0.0
Mario + Rabbids: Kingdom Battle,Characters,16,13,3,0,81.25,18.75,0.0
Mario + Rabbids: Kingdom Battle,Level Design,5,3,2,0,60.0,40.0,0.0
Mario + Rabbids: Kingdom Battle,Music & Sound,3,3,0,0,100.0,0.0,0.0
Mario + Rabbids: Kingdom Battle,Difficulty,17,14,3,0,82.35,17.65,0.0
Mario + Rabbids: Kingdom Battle,Performance,1,1,0,0,100.0,0.0,0.0
Mario + Rabbids: Kingdom Battle,Replayability,5,3,2,0,60.0,40.0,0.0
Mario + Rabbids: Kingdom Battle - Donkey Kong Adventure,Gameplay,3,3,0,0,100.0,0.0,0.0
Mario + Rabbids: Kingdom Battle - Donkey Kong Adventure,Story,2,1,1,0,50.0,50.0,0.0
Mario + Rabbids: Kingdom Battle - Donkey Kong Adventure,Characters,6,6,0,0,100.0,0.0,0.0
Mario + Rabbids: Kingdom Battle - Donkey Kong Adventure,Difficulty,1,1,0,0,100.0,0.0,0.0
Mario + Rabbids: Kingdom Battle - Donkey Kong Adventure,Replayability,3,3,0,0,100.0,0.0,0.0
Mario + Rabbids: Sparks of Hope,Gameplay,47,43,4,0,91.49,8.51,0.0
Mario + Rabbids: Sparks of Hope,Story,13,11,2,0,84.62,15.38,0.0
Mario + Rabbids: Sparks of Hope,Graphics,5,5,0,0,100.0,0.0,0.0
Mario + Rabbids: Sparks of Hope,Characters,17,14,3,0,82.35,17.65,0.0
Mario + Rabbids: Sparks of Hope,Level Design,10,8,2,0,80.0,20.0,0.0
Mario + Rabbids: Sparks of Hope,Music & Sound,6,6,0,0,100.0,0.0,0.0
Mario + Rabbids: Sparks of Hope,Difficulty,16,11,5,0,68.75,31.25,0.0
Mario + Rabbids: Sparks of Hope,Performance,4,4,0,0,100.0,0.0,0.0
Mario + Rabbids: Sparks of Hope,Replayability,5,4,1,0,80.0,20.0,0.0
Mario Kart 8,Gameplay,14,13,1,0,92.86,7.14,0.0
Mario Kart 8,Graphics,12,11,1,0,91.67,8.33,0.0
Mario Kart 8,Characters,4,3,1,0,75.0,25.0,0.0
Mario Kart 8,Music & Sound,3,3,0,0,100.0,0.0,0.0
Mario Kart 8,Difficulty,6,6,0,0,100.0,0.0,0.0
Mario Kart 8,Replayability,3,3,0,0,100.0,0.0,0.0
Mario Kart 8 DLC Pack 1,Graphics,1,1,0,0,100.0,0.0,0.0
Mario Kart 8 DLC Pack 1,Characters,1,1,0,0,100.0,0.0,0.0
Mario Kart 8 DLC Pack 1,Difficulty,1,1,0,0,100.0,0.0,0.0
Mario Kart 8 DLC Pack 1,Replayability,2,2,0,0,100.0,0.0,0.0
Mario Kart 8 DLC Pack 2,Graphics,1,1,0,0,100.0,0.0,0.0
Mario Kart 8 DLC Pack 2,Characters,2,2,0,0,100.0,0.0,0.0
Mario Kart 8 DLC Pack 2,Difficulty,1,1,0,0,100.0,0.0,0.0
Mario Kart 8 DLC Pack 2,Replayability,4,4,0,0,100.0,0.0,0.0
Mario Kart 8 Deluxe,Gameplay,13,13,0,0,100.0,0.0,0.0
Mario Kart 8 Deluxe,Graphics,8,8,0,0,100.0,0.0,0.0
Mario Kart 8 Deluxe,Characters,22,21,1,0,95.45,4.55,0.0
Mario Kart 8 Deluxe,Level Design,4,4,0,0,100.0,0.0,0.0
Mario Kart 8 Deluxe,Music & Sound,2,2,0,0,100.0,0.0,0.0
Mario Kart 8 Deluxe,Difficulty,6,6,0,0,100.0,0.0,0.0
Mario Kart 8 Deluxe,Performance,3,3,0,0,100.0,0.0,0.0
Mario Kart 8 Deluxe,Replayability,28,28,0,0,100.0,0.0,0.0
Mario Kart World,Gameplay,32,30,2,0,93.75,6.25,0.0
Mario Kart World,Story,2,2,0,0,100.0,0.0,0.0
Mario Kart World,Graphics,11,10,1,0,90.91,9.09,0.0
Mario Kart World,Characters,17,14,3,0,82.35,17.65,0.0
Mario Kart World,Level Design,11,10,1,0,90.91,9.09,0.0
Mario Kart World,Music & Sound,11,11,0,0,100.0,0.0,0.0
Mario Kart World,Difficulty,13,12,1,0,92.31,7.69,0.0
Mario Kart World,Performance,7,7,0,0,100.0,0.0,0.0
Mario Kart World,Replayability,24,22,2,0,91.67,8.33,0.0
Mark of the Ninja: Remastered,Gameplay,5,5,0,0,100.0,0.0,0.0
Mark of the Ninja: Remastered,Story,2,2,0,0,100.0,0.0,0.0
Mark of the Ninja: Remastered,Graphics,2,2,0,0,100.0,0.0,0.0
Mark of the Ninja: Remastered,Characters,1,1,0,0,100.0,0.0,0.0
Mark of the Ninja: Remastered,Level Design,1,1,0,0,100.0,0.0,0.0
Mark of the Ninja: Remastered,Music & Sound,2,2,0,0,100.0,0.0,0.0
Mark of the Ninja: Remastered,Difficulty,1,1,0,0,100.0,0.0,0.0
Mark of the Ninja: Remastered,Replayability,2,2,0,0,100.0,0.0,0.0
Marvel Heroes 2015,Story,1,1,0,0,100.0,0.0,0.0
Marvel Heroes 2015,Characters,3,3,0,0,100.0,0.0,0.0
Marvel Heroes 2015,Difficulty,2,2,0,0,100.0,0.0,0.0
Marvel Heroes 2015,Replayability,1,1,0,0,100.0,0.0,0.0
Marvel Snap,Gameplay,6,5,1,0,83.33,16.67,0.0
Marvel Snap,Graphics,1,1,0,0,100.0,0.0,0.0
Marvel Snap,Characters,1,1,0,0,100.0,0.0,0.0
Marvel Snap,Difficulty,2,2,0,0,100.0,0.0,0.0
Marvel Snap,Replayability,2,2,0,0,100.0,0.0,0.0
Marvel vs. Capcom Fighting Collection: Arcade Classics,Gameplay,9,8,1,0,88.89,11.11,0.0
Marvel vs. Capcom Fighting Collection: Arcade Classics,Graphics,2,1,1,0,50.0,50.0,0.0
Marvel vs. Capcom Fighting Collection: Arcade Classics,Characters,2,2,0,0,100.0,0.0,0.0
Marvel vs. Capcom Fighting Collection: Arcade Classics,Music & Sound,3,2,1,0,66.67,33.33,0.0
Marvel vs. Capcom Fighting Collection: Arcade Classics,Difficulty,2,1,1,0,50.0,50.0,0.0
Marvel vs. Capcom Fighting Collection: Arcade Classics,Performance,3,3,0,0,100.0,0.0,0.0
Marvel vs. Capcom Fighting Collection: Arcade Classics,Replayability,4,4,0,0,100.0,0.0,0.0
Marvel's Ant-Man Pinball,Story,1,1,0,0,100.0,0.0,0.0
Marvel's Ant-Man Pinball,Graphics,1,1,0,0,100.0,0.0,0.0
Marvel's Ant-Man Pinball,Characters,2,2,0,0,100.0,0.0,0.0
Marvel's Ant-Man Pinball,Music & Sound,1,1,0,0,100.0,0.0,0.0
Marvel's Midnight Suns,Gameplay,61,54,5,2,88.52,8.2,3.28
Marvel's Midnight Suns,Story,44,34,9,1,77.27,20.45,2.27
Marvel's Midnight Suns,Graphics,4,4,0,0,100.0,0.0,0.0
Marvel's Midnight Suns,Characters,30,25,5,0,83.33,16.67,0.0
Marvel's Midnight Suns,Level Design,4,4,0,0,100.0,0.0,0.0
Marvel's Midnight Suns,Difficulty,12,10,2,0,83.33,16.67,0.0
Marvel's Midnight Suns,Performance,9,7,2,0,77.78,22.22,0.0
Marvel's Midnight Suns,Replayability,7,6,1,0,85.71,14.29,0.0
Marvel's Spider-Man,Gameplay,47,46,1,0,97.87,2.13,0.0
Marvel's Spider-Man,Story,51,49,2,0,96.08,3.92,0.0
Marvel's Spider-Man,Graphics,17,16,1,0,94.12,5.88,0.0
Marvel's Spider-Man,Characters,22,21,1,0,95.45,4.55,0.0
Marvel's Spider-Man,Level Design,9,9,0,0,100.0,0.0,0.0
Marvel's Spider-Man,Difficulty,7,7,0,0,100.0,0.0,0.0
Marvel's Spider-Man,Performance,4,3,1,0,75.0,25.0,0.0
Marvel's Spider-Man,Replayability,10,10,0,0,100.0,0.0,0.0
Marvel's Spider-Man 2,Gameplay,77,71,6,0,92.21,7.79,0.0
Marvel's Spider-Man 2,Story,86,77,8,1,89.53,9.3,1.16
Marvel's Spider-Man 2,Graphics,17,15,2,0,88.24,11.76,0.0
Marvel's Spider-Man 2,Characters,29,28,1,0,96.55,3.45,0.0
Marvel's Spider-Man 2,Level Design,11,10,0,1,90.91,0.0,9.09
Marvel's Spider-Man 2,Music & Sound,3,3,0,0,100.0,0.0,0.0
Marvel's Spider-Man 2,Difficulty,10,9,1,0,90.0,10.0,0.0
Marvel's Spider-Man 2,Performance,32,22,10,0,68.75,31.25,0.0
Marvel's Spider-Man 2,Replayability,8,6,2,0,75.0,25.0,0.0
Marvel's Spider-Man: Miles Morales,Gameplay,41,38,3,0,92.68,7.32,0.0
Marvel's Spider-Man: Miles Morales,Story,73,66,7,0,90.41,9.59,0.0
Marvel's Spider-Man: Miles Morales,Graphics,19,19,0,0,100.0,0.0,0.0
Marvel's Spider-Man: Miles Morales,Characters,26,22,4,0,84.62,15.38,0.0
Marvel's Spider-Man: Miles Morales,Level Design,2,2,0,0,100.0,0.0,0.0
Marvel's Spider-Man: Miles Morales,Music & Sound,5,5,0,0,100.0,0.0,0.0
Marvel's Spider-Man: Miles Morales,Difficulty,4,4,0,0,100.0,0.0,0.0
Marvel's Spider-Man: Miles Morales,Performance,27,26,1,0,96.3,3.7,0.0
Marvel's Spider-Man: Miles Morales,Replayability,15,14,1,0,93.33,6.67,0.0
Marvel's Spider-Man: Remastered,Gameplay,18,17,1,0,94.44,5.56,0.0
Marvel's Spider-Man: Remastered,Story,13,10,3,0,76.92,23.08,0.0
Marvel's Spider-Man: Remastered,Graphics,16,15,1,0,93.75,6.25,0.0
Marvel's Spider-Man: Remastered,Characters,3,2,1,0,66.67,33.33,0.0
Marvel's Spider-Man: Remastered,Level Design,4,4,0,0,100.0,0.0,0.0
Marvel's Spider-Man: Remastered,Music & Sound,2,2,0,0,100.0,0.0,0.0
Marvel's Spider-Man: Remastered,Difficulty,3,2,1,0,66.67,33.33,0.0
Marvel's Spider-Man: Remastered,Performance,15,14,1,0,93.33,6.67,0.0
Marvel's Spider-Man: Remastered,Replayability,3,3,0,0,100.0,0.0,0.0
Mass Effect Legendary Edition,Gameplay,15,13,2,0,86.67,13.33,0.0
Mass Effect Legendary Edition,Story,21,20,1,0,95.24,4.76,0.0
Mass Effect Legendary Edition,Graphics,11,8,3,0,72.73,27.27,0.0
Mass Effect Legendary Edition,Characters,14,13,1,0,92.86,7.14,0.0
Mass Effect Legendary Edition,Level Design,4,4,0,0,100.0,0.0,0.0
Mass Effect Legendary Edition,Difficulty,7,6,1,0,85.71,14.29,0.0
Mass Effect Legendary Edition,Performance,10,9,1,0,90.0,10.0,0.0
Mass Effect Legendary Edition,Replayability,9,8,1,0,88.89,11.11,0.0
Max Mustard,Gameplay,5,4,1,0,80.0,20.0,0.0
Max Mustard,Story,1,1,0,0,100.0,0.0,0.0
Max Mustard,Graphics,1,1,0,0,100.0,0.0,0.0
Max Mustard,Characters,1,1,0,0,100.0,0.0,0.0
Max Mustard,Level Design,2,2,0,0,100.0,0.0,0.0
Max Mustard,Difficulty,3,2,1,0,66.67,33.33,0.0
Max Mustard,Performance,1,0,1,0,0.0,100.0,0.0
Max Payne 3,Gameplay,3,3,0,0,100.0,0.0,0.0
Max Payne 3,Story,3,2,0,1,66.67,0.0,33.33
Max Payne 3,Graphics,3,2,0,1,66.67,0.0,33.33
Max Payne 3,Characters,1,1,0,0,100.0,0.0,0.0
Max Payne 3,Music & Sound,1,1,0,0,100.0,0.0,0.0
Max Payne 3,Replayability,1,1,0,0,100.0,0.0,0.0
Mega City Police,Gameplay,2,1,1,0,50.0,50.0,0.0
Mega City Police,Story,1,0,1,0,0.0,100.0,0.0
Mega City Police,Characters,1,0,1,0,0.0,100.0,0.0
Mega City Police,Music & Sound,1,1,0,0,100.0,0.0,0.0
Mega City Police,Difficulty,1,1,0,0,100.0,0.0,0.0
Mega Man 11,Gameplay,30,23,7,0,76.67,23.33,0.0
Mega Man 11,Story,4,3,1,0,75.0,25.0,0.0
Mega Man 11,Graphics,9,7,2,0,77.78,22.22,0.0
Mega Man 11,Characters,4,4,0,0,100.0,0.0,0.0
Mega Man 11,Level Design,7,5,2,0,71.43,28.57,0.0
Mega Man 11,Music & Sound,6,5,0,1,83.33,0.0,16.67
Mega Man 11,Difficulty,25,22,3,0,88.0,12.0,0.0
Mega Man 11,Replayability,4,3,1,0,75.0,25.0,0.0
Mega Man X Legacy Collection,Gameplay,6,5,1,0,83.33,16.67,0.0
Mega Man X Legacy Collection,Level Design,2,2,0,0,100.0,0.0,0.0
Mega Man X Legacy Collection,Music & Sound,2,2,0,0,100.0,0.0,0.0
Mega Man X Legacy Collection,Difficulty,4,4,0,0,100.0,0.0,0.0
Mega Man X Legacy Collection,Replayability,5,3,2,0,60.0,40.0,0.0
Mega Man X Legacy Collection 1+2,Gameplay,3,3,0,0,100.0,0.0,0.0
Mega Man X Legacy Collection 1+2,Story,2,1,1,0,50.0,50.0,0.0
Mega Man X Legacy Collection 1+2,Characters,1,1,0,0,100.0,0.0,0.0
Mega Man X Legacy Collection 1+2,Music & Sound,1,1,0,0,100.0,0.0,0.0
Mega Man X Legacy Collection 1+2,Difficulty,2,2,0,0,100.0,0.0,0.0
Mega Man X Legacy Collection 1+2,Performance,1,1,0,0,100.0,0.0,0.0
Mega Man X Legacy Collection 1+2,Replayability,1,1,0,0,100.0,0.0,0.0
Mega Man Zero/ZX Legacy Collection,Gameplay,11,6,5,0,54.55,45.45,0.0
Mega Man Zero/ZX Legacy Collection,Story,4,2,2,0,50.0,50.0,0.0
Mega Man Zero/ZX Legacy Collection,Graphics,5,4,1,0,80.0,20.0,0.0
Mega Man Zero/ZX Legacy Collection,Characters,1,1,0,0,100.0,0.0,0.0
Mega Man Zero/ZX Legacy Collection,Level Design,4,4,0,0,100.0,0.0,0.0
Mega Man Zero/ZX Legacy Collection,Music & Sound,2,2,0,0,100.0,0.0,0.0
Mega Man Zero/ZX Legacy Collection,Difficulty,11,10,1,0,90.91,9.09,0.0
Mega Man Zero/ZX Legacy Collection,Replayability,3,2,1,0,66.67,33.33,0.0
Metal Gear Rising: Revengeance,Gameplay,7,5,2,0,71.43,28.57,0.0
Metal Gear Rising: Revengeance,Story,2,2,0,0,100.0,0.0,0.0
Metal Gear Rising: Revengeance,Graphics,1,1,0,0,100.0,0.0,0.0
Metal Gear Rising: Revengeance,Characters,1,1,0,0,100.0,0.0,0.0
Metal Gear Rising: Revengeance,Difficulty,2,2,0,0,100.0,0.0,0.0
Metal Gear Rising: Revengeance,Replayability,2,2,0,0,100.0,0.0,0.0
Metal Gear Solid Delta: Snake Eater,Gameplay,55,48,6,1,87.27,10.91,1.82
Metal Gear Solid Delta: Snake Eater,Story,27,26,0,1,96.3,0.0,3.7
Metal Gear Solid Delta: Snake Eater,Graphics,46,37,8,1,80.43,17.39,2.17
Metal Gear Solid Delta: Snake Eater,Characters,4,4,0,0,100.0,0.0,0.0
Metal Gear Solid Delta: Snake Eater,Level Design,5,4,0,1,80.0,0.0,20.0
Metal Gear Solid Delta: Snake Eater,Music & Sound,5,5,0,0,100.0,0.0,0.0
Metal Gear Solid Delta: Snake Eater,Difficulty,14,11,1,2,78.57,7.14,14.29
Metal Gear Solid Delta: Snake Eater,Performance,15,11,2,2,73.33,13.33,13.33
Metal Gear Solid Delta: Snake Eater,Replayability,8,7,1,0,87.5,12.5,0.0
Metal Gear Solid V: The Phantom Pain,Gameplay,33,27,6,0,81.82,18.18,0.0
Metal Gear Solid V: The Phantom Pain,Story,28,19,9,0,67.86,32.14,0.0
Metal Gear Solid V: The Phantom Pain,Graphics,3,2,1,0,66.67,33.33,0.0
Metal Gear Solid V: The Phantom Pain,Characters,3,3,0,0,100.0,0.0,0.0
Metal Gear Solid V: The Phantom Pain,Level Design,4,4,0,0,100.0,0.0,0.0
Metal Gear Solid V: The Phantom Pain,Music & Sound,4,3,1,0,75.0,25.0,0.0
Metal Gear Solid V: The Phantom Pain,Difficulty,7,3,4,0,42.86,57.14,0.0
Metal Gear Solid V: The Phantom Pain,Performance,4,3,1,0,75.0,25.0,0.0
Metal Gear Solid V: The Phantom Pain,Replayability,2,2,0,0,100.0,0.0,0.0
Metaphor: ReFantazio,Gameplay,75,71,4,0,94.67,5.33,0.0
Metaphor: ReFantazio,Story,65,63,2,0,96.92,3.08,0.0
Metaphor: ReFantazio,Graphics,13,13,0,0,100.0,0.0,0.0
Metaphor: ReFantazio,Characters,38,38,0,0,100.0,0.0,0.0
Metaphor: ReFantazio,Level Design,10,10,0,0,100.0,0.0,0.0
Metaphor: ReFantazio,Music & Sound,18,18,0,0,100.0,0.0,0.0
Metaphor: ReFantazio,Difficulty,11,10,1,0,90.91,9.09,0.0
Metaphor: ReFantazio,Performance,6,5,1,0,83.33,16.67,0.0
Metaphor: ReFantazio,Replayability,2,2,0,0,100.0,0.0,0.0
Metro Exodus,Gameplay,39,32,7,0,82.05,17.95,0.0
Metro Exodus,Story,43,34,9,0,79.07,20.93,0.0
Metro Exodus,Graphics,11,10,1,0,90.91,9.09,0.0
Metro Exodus,Characters,12,8,4,0,66.67,33.33,0.0
Metro Exodus,Level Design,18,15,3,0,83.33,16.67,0.0
Metro Exodus,Music & Sound,7,6,1,0,85.71,14.29,0.0
Metro Exodus,Difficulty,13,12,1,0,92.31,7.69,0.0
Metro Exodus,Performance,29,18,11,0,62.07,37.93,0.0
Metro Exodus,Replayability,2,1,1,0,50.0,50.0,0.0
Metro Exodus Enhanced Edition,Gameplay,1,1,0,0,100.0,0.0,0.0
Metro Exodus Enhanced Edition,Story,4,1,3,0,25.0,75.0,0.0
Metro Exodus Enhanced Edition,Graphics,6,6,0,0,100.0,0.0,0.0
Metro Exodus Enhanced Edition,Level Design,1,1,0,0,100.0,0.0,0.0
Metro Exodus Enhanced Edition,Performance,5,4,1,0,80.0,20.0,0.0
Metro Exodus: Sam's Story,Gameplay,1,1,0,0,100.0,0.0,0.0
Metro Exodus: Sam's Story,Story,3,1,2,0,33.33,66.67,0.0
Metro Exodus: Sam's Story,Level Design,1,1,0,0,100.0,0.0,0.0
Metro Exodus: Sam's Story,Replayability,1,1,0,0,100.0,0.0,0.0
Metro Redux,Gameplay,14,13,1,0,92.86,7.14,0.0
Metro Redux,Story,6,6,0,0,100.0,0.0,0.0
Metro Redux,Graphics,13,11,2,0,84.62,15.38,0.0
Metro Redux,Characters,1,1,0,0,100.0,0.0,0.0
Metro Redux,Music & Sound,1,0,1,0,0.0,100.0,0.0
Metro Redux,Difficulty,2,0,2,0,0.0,100.0,0.0
Metro Redux,Performance,11,8,3,0,72.73,27.27,0.0
Metro Redux,Replayability,7,6,1,0,85.71,14.29,0.0
Metro: 2033 Redux,Gameplay,1,1,0,0,100.0,0.0,0.0
Metro: 2033 Redux,Story,1,0,1,0,0.0,100.0,0.0
Metro: 2033 Redux,Graphics,3,2,1,0,66.67,33.33,0.0
Metro: 2033 Redux,Music & Sound,1,1,0,0,100.0,0.0,0.0
Metro: 2033 Redux,Performance,2,2,0,0,100.0,0.0,0.0
Metro: 2033 Redux,Replayability,1,0,1,0,0.0,100.0,0.0
Metroid Dread,Gameplay,48,41,7,0,85.42,14.58,0.0
Metroid Dread,Story,19,18,1,0,94.74,5.26,0.0
Metroid Dread,Graphics,7,6,1,0,85.71,14.29,0.0
Metroid Dread,Characters,3,3,0,0,100.0,0.0,0.0
Metroid Dread,Level Design,18,18,0,0,100.0,0.0,0.0
Metroid Dread,Music & Sound,2,2,0,0,100.0,0.0,0.0
Metroid Dread,Difficulty,26,25,1,0,96.15,3.85,0.0
Metroid Dread,Performance,2,1,1,0,50.0,50.0,0.0
Metroid Dread,Replayability,1,1,0,0,100.0,0.0,0.0
Metroid Prime 4: Beyond,Gameplay,54,41,13,0,75.93,24.07,0.0
Metroid Prime 4: Beyond,Story,20,16,4,0,80.0,20.0,0.0
Metroid Prime 4: Beyond,Graphics,14,10,3,1,71.43,21.43,7.14
Metroid Prime 4: Beyond,Characters,7,7,0,0,100.0,0.0,0.0
Metroid Prime 4: Beyond,Level Design,17,13,4,0,76.47,23.53,0.0
Metroid Prime 4: Beyond,Music & Sound,11,6,5,0,54.55,45.45,0.0
Metroid Prime 4: Beyond,Difficulty,8,5,3,0,62.5,37.5,0.0
Metroid Prime 4: Beyond,Performance,10,8,2,0,80.0,20.0,0.0
Metroid Prime 4: Beyond,Replayability,1,0,1,0,0.0,100.0,0.0
Metroid Prime Remastered,Gameplay,31,31,0,0,100.0,0.0,0.0
Metroid Prime Remastered,Graphics,29,28,1,0,96.55,3.45,0.0
Metroid Prime Remastered,Characters,1,1,0,0,100.0,0.0,0.0
Metroid Prime Remastered,Level Design,8,8,0,0,100.0,0.0,0.0
Metroid Prime Remastered,Music & Sound,3,3,0,0,100.0,0.0,0.0
Metroid Prime Remastered,Difficulty,3,3,0,0,100.0,0.0,0.0
Metroid Prime Remastered,Performance,11,11,0,0,100.0,0.0,0.0
Metroid Prime Remastered,Replayability,1,1,0,0,100.0,0.0,0.0
Metroid: Samus Returns,Gameplay,25,22,3,0,88.0,12.0,0.0
Metroid: Samus Returns,Story,3,2,1,0,66.67,33.33,0.0
Metroid: Samus Returns,Graphics,8,6,2,0,75.0,25.0,0.0
Metroid: Samus Returns,Level Design,3,3,0,0,100.0,0.0,0.0
Metroid: Samus Returns,Music & Sound,3,3,0,0,100.0,0.0,0.0
Metroid: Samus Returns,Difficulty,6,6,0,0,100.0,0.0,0.0
Metroid: Samus Returns,Performance,1,1,0,0,100.0,0.0,0.0
Metroid: Samus Returns,Replayability,2,2,0,0,100.0,0.0,0.0
Mewgenics,Gameplay,17,15,2,0,88.24,11.76,0.0
Mewgenics,Story,2,2,0,0,100.0,0.0,0.0
Mewgenics,Graphics,5,4,1,0,80.0,20.0,0.0
Mewgenics,Characters,3,1,2,0,33.33,66.67,0.0
Mewgenics,Level Design,1,1,0,0,100.0,0.0,0.0
Mewgenics,Music & Sound,4,3,1,0,75.0,25.0,0.0
Mewgenics,Difficulty,10,10,0,0,100.0,0.0,0.0
Mewgenics,Replayability,7,7,0,0,100.0,0.0,0.0
Microsoft Flight Simulator,Gameplay,15,14,1,0,93.33,6.67,0.0
Microsoft Flight Simulator,Story,2,2,0,0,100.0,0.0,0.0
Microsoft Flight Simulator,Graphics,9,9,0,0,100.0,0.0,0.0
Microsoft Flight Simulator,Level Design,5,5,0,0,100.0,0.0,0.0
Microsoft Flight Simulator,Difficulty,7,5,1,1,71.43,14.29,14.29
Microsoft Flight Simulator,Performance,20,17,3,0,85.0,15.0,0.0
Microsoft Flight Simulator,Replayability,6,6,0,0,100.0,0.0,0.0
Middle-earth: Shadow of Mordor,Gameplay,40,36,4,0,90.0,10.0,0.0
Middle-earth: Shadow of Mordor,Story,19,17,2,0,89.47,10.53,0.0
Middle-earth: Shadow of Mordor,Graphics,2,2,0,0,100.0,0.0,0.0
Middle-earth: Shadow of Mordor,Characters,4,4,0,0,100.0,0.0,0.0
Middle-earth: Shadow of Mordor,Level Design,4,4,0,0,100.0,0.0,0.0
Middle-earth: Shadow of Mordor,Music & Sound,1,1,0,0,100.0,0.0,0.0
Middle-earth: Shadow of Mordor,Difficulty,8,8,0,0,100.0,0.0,0.0
Middle-earth: Shadow of Mordor,Replayability,4,4,0,0,100.0,0.0,0.0
Middle-earth: Shadow of War,Gameplay,41,26,15,0,63.41,36.59,0.0
Middle-earth: Shadow of War,Story,41,28,13,0,68.29,31.71,0.0
Middle-earth: Shadow of War,Graphics,3,2,1,0,66.67,33.33,0.0
Middle-earth: Shadow of War,Characters,5,4,1,0,80.0,20.0,0.0
Middle-earth: Shadow of War,Level Design,4,2,2,0,50.0,50.0,0.0
Middle-earth: Shadow of War,Music & Sound,3,2,1,0,66.67,33.33,0.0
Middle-earth: Shadow of War,Difficulty,8,7,1,0,87.5,12.5,0.0
Middle-earth: Shadow of War,Performance,5,5,0,0,100.0,0.0,0.0
Middle-earth: Shadow of War,Replayability,8,5,3,0,62.5,37.5,0.0
Mighty Switch Force! Collection,Gameplay,4,4,0,0,100.0,0.0,0.0
Mighty Switch Force! Collection,Story,1,1,0,0,100.0,0.0,0.0
Mighty Switch Force! Collection,Level Design,3,2,1,0,66.67,33.33,0.0
Mighty Switch Force! Collection,Difficulty,2,1,1,0,50.0,50.0,0.0
Mighty Switch Force! Collection,Replayability,6,4,2,0,66.67,33.33,0.0
Mina the Hollower,Gameplay,51,47,4,0,92.16,7.84,0.0
Mina the Hollower,Story,8,8,0,0,100.0,0.0,0.0
Mina the Hollower,Graphics,5,4,1,0,80.0,20.0,0.0
Mina the Hollower,Characters,6,6,0,0,100.0,0.0,0.0
Mina the Hollower,Level Design,14,11,3,0,78.57,21.43,0.0
Mina the Hollower,Music & Sound,7,6,1,0,85.71,14.29,0.0
Mina the Hollower,Difficulty,29,27,2,0,93.1,6.9,0.0
Mina the Hollower,Performance,1,1,0,0,100.0,0.0,0.0
Mina the Hollower,Replayability,6,6,0,0,100.0,0.0,0.0
Mindball Play,Gameplay,2,2,0,0,100.0,0.0,0.0
Mindball Play,Difficulty,2,2,0,0,100.0,0.0,0.0
Mindball Play,Replayability,1,1,0,0,100.0,0.0,0.0
Mindcop,Gameplay,10,7,3,0,70.0,30.0,0.0
Mindcop,Story,8,6,2,0,75.0,25.0,0.0
Mindcop,Graphics,5,4,1,0,80.0,20.0,0.0
Mindcop,Characters,5,4,1,0,80.0,20.0,0.0
Mindcop,Level Design,2,2,0,0,100.0,0.0,0.0
Mindcop,Music & Sound,1,1,0,0,100.0,0.0,0.0
Mindcop,Difficulty,5,5,0,0,100.0,0.0,0.0
Mindcop,Replayability,2,0,2,0,0.0,100.0,0.0
Minds Beneath Us,Gameplay,2,2,0,0,100.0,0.0,0.0
Minds Beneath Us,Story,13,11,2,0,84.62,15.38,0.0
Minds Beneath Us,Graphics,3,2,1,0,66.67,33.33,0.0
Minds Beneath Us,Characters,7,6,1,0,85.71,14.29,0.0
Minds Beneath Us,Level Design,1,1,0,0,100.0,0.0,0.0
Minds Beneath Us,Music & Sound,1,0,1,0,0.0,100.0,0.0
Minds Beneath Us,Difficulty,3,1,2,0,33.33,66.67,0.0
Minecraft,Gameplay,8,8,0,0,100.0,0.0,0.0
Minecraft,Story,1,1,0,0,100.0,0.0,0.0
Minecraft,Graphics,2,2,0,0,100.0,0.0,0.0
Minecraft,Level Design,3,3,0,0,100.0,0.0,0.0
Minecraft,Difficulty,3,3,0,0,100.0,0.0,0.0
Minecraft,Performance,4,4,0,0,100.0,0.0,0.0
Minecraft,Replayability,3,3,0,0,100.0,0.0,0.0
Minecraft: Nintendo Switch Edition,Gameplay,5,5,0,0,100.0,0.0,0.0
Minecraft: Nintendo Switch Edition,Level Design,2,2,0,0,100.0,0.0,0.0
Minecraft: Nintendo Switch Edition,Difficulty,1,1,0,0,100.0,0.0,0.0
Minecraft: Nintendo Switch Edition,Replayability,1,1,0,0,100.0,0.0,0.0
Minecraft: Xbox One Edition,Gameplay,1,1,0,0,100.0,0.0,0.0
Minecraft: Xbox One Edition,Graphics,1,1,0,0,100.0,0.0,0.0
Mini Metro,Gameplay,4,4,0,0,100.0,0.0,0.0
Mini Metro,Graphics,1,1,0,0,100.0,0.0,0.0
Mini Metro,Level Design,2,1,1,0,50.0,50.0,0.0
Mini Metro,Music & Sound,1,1,0,0,100.0,0.0,0.0
Mini Metro,Difficulty,1,1,0,0,100.0,0.0,0.0
Mini Metro,Replayability,1,1,0,0,100.0,0.0,0.0
Mini Motorways,Gameplay,9,7,2,0,77.78,22.22,0.0
Mini Motorways,Story,1,1,0,0,100.0,0.0,0.0
Mini Motorways,Graphics,2,0,2,0,0.0,100.0,0.0
Mini Motorways,Level Design,6,6,0,0,100.0,0.0,0.0
Mini Motorways,Music & Sound,2,2,0,0,100.0,0.0,0.0
Mini Motorways,Difficulty,7,6,1,0,85.71,14.29,0.0
Mini Motorways,Replayability,4,2,2,0,50.0,50.0,0.0
Minishoot' Adventures,Gameplay,17,16,1,0,94.12,5.88,0.0
Minishoot' Adventures,Story,4,4,0,0,100.0,0.0,0.0
Minishoot' Adventures,Graphics,4,4,0,0,100.0,0.0,0.0
Minishoot' Adventures,Level Design,7,6,1,0,85.71,14.29,0.0
Minishoot' Adventures,Music & Sound,3,3,0,0,100.0,0.0,0.0
Minishoot' Adventures,Difficulty,10,10,0,0,100.0,0.0,0.0
Minishoot' Adventures,Replayability,1,0,1,0,0.0,100.0,0.0
Minit,Gameplay,13,11,2,0,84.62,15.38,0.0
Minit,Story,2,2,0,0,100.0,0.0,0.0
Minit,Graphics,1,1,0,0,100.0,0.0,0.0
Minit,Characters,1,0,1,0,0.0,100.0,0.0
Minit,Level Design,2,2,0,0,100.0,0.0,0.0
Minit,Music & Sound,3,3,0,0,100.0,0.0,0.0
Minit,Difficulty,6,3,3,0,50.0,50.0,0.0
Minit,Replayability,6,4,2,0,66.67,33.33,0.0
Minos,Gameplay,6,5,1,0,83.33,16.67,0.0
Minos,Story,2,2,0,0,100.0,0.0,0.0
Minos,Graphics,2,1,1,0,50.0,50.0,0.0
Minos,Characters,1,1,0,0,100.0,0.0,0.0
Minos,Level Design,2,1,1,0,50.0,50.0,0.0
Minos,Difficulty,4,2,2,0,50.0,50.0,0.0
Minos,Replayability,1,0,1,0,0.0,100.0,0.0
Mission: It's Complicated,Story,1,1,0,0,100.0,0.0,0.0
Mission: It's Complicated,Graphics,1,1,0,0,100.0,0.0,0.0
Mission: It's Complicated,Characters,1,1,0,0,100.0,0.0,0.0
Mission: It's Complicated,Replayability,1,1,0,0,100.0,0.0,0.0
Mixtape,Gameplay,21,14,7,0,66.67,33.33,0.0
Mixtape,Story,47,42,5,0,89.36,10.64,0.0
Mixtape,Graphics,15,12,2,1,80.0,13.33,6.67
Mixtape,Characters,13,13,0,0,100.0,0.0,0.0
Mixtape,Level Design,2,1,1,0,50.0,50.0,0.0
Mixtape,Music & Sound,52,47,5,0,90.38,9.62,0.0
Mixtape,Difficulty,7,5,2,0,71.43,28.57,0.0
Mixtape,Performance,1,1,0,0,100.0,0.0,0.0
Mixtape,Replayability,1,1,0,0,100.0,0.0,0.0
Modulus,Gameplay,1,1,0,0,100.0,0.0,0.0
Modulus,Graphics,1,1,0,0,100.0,0.0,0.0
Modulus,Difficulty,2,2,0,0,100.0,0.0,0.0
Momodora: Moonlit Farewell,Gameplay,13,9,4,0,69.23,30.77,0.0
Momodora: Moonlit Farewell,Story,7,6,1,0,85.71,14.29,0.0
Momodora: Moonlit Farewell,Graphics,9,6,3,0,66.67,33.33,0.0
Momodora: Moonlit Farewell,Characters,3,3,0,0,100.0,0.0,0.0
Momodora: Moonlit Farewell,Level Design,3,3,0,0,100.0,0.0,0.0
Momodora: Moonlit Farewell,Music & Sound,7,7,0,0,100.0,0.0,0.0
Momodora: Moonlit Farewell,Difficulty,7,6,1,0,85.71,14.29,0.0
Momodora: Moonlit Farewell,Replayability,3,2,1,0,66.67,33.33,0.0
Moncage,Gameplay,1,0,1,0,0.0,100.0,0.0
Moncage,Story,5,3,2,0,60.0,40.0,0.0
Moncage,Graphics,2,2,0,0,100.0,0.0,0.0
Moncage,Music & Sound,1,1,0,0,100.0,0.0,0.0
Moncage,Difficulty,2,0,2,0,0.0,100.0,0.0
Monolith,Level Design,1,1,0,0,100.0,0.0,0.0
Monolith,Music & Sound,1,1,0,0,100.0,0.0,0.0
Monolith,Difficulty,2,2,0,0,100.0,0.0,0.0
Monomals,Gameplay,5,4,1,0,80.0,20.0,0.0
Monomals,Music & Sound,4,3,1,0,75.0,25.0,0.0
Monomals,Difficulty,2,2,0,0,100.0,0.0,0.0
Monomals,Replayability,2,2,0,0,100.0,0.0,0.0
Monster Boy and the Cursed Kingdom,Gameplay,13,13,0,0,100.0,0.0,0.0
Monster Boy and the Cursed Kingdom,Story,4,4,0,0,100.0,0.0,0.0
Monster Boy and the Cursed Kingdom,Graphics,9,9,0,0,100.0,0.0,0.0
Monster Boy and the Cursed Kingdom,Characters,4,3,1,0,75.0,25.0,0.0
Monster Boy and the Cursed Kingdom,Level Design,3,3,0,0,100.0,0.0,0.0
Monster Boy and the Cursed Kingdom,Music & Sound,5,5,0,0,100.0,0.0,0.0
Monster Boy and the Cursed Kingdom,Difficulty,9,8,1,0,88.89,11.11,0.0
Monster Boy and the Cursed Kingdom,Performance,1,1,0,0,100.0,0.0,0.0
Monster Boy and the Cursed Kingdom,Replayability,2,2,0,0,100.0,0.0,0.0
Monster Hunter 4 Ultimate,Gameplay,11,10,0,1,90.91,0.0,9.09
Monster Hunter 4 Ultimate,Story,3,3,0,0,100.0,0.0,0.0
Monster Hunter 4 Ultimate,Characters,2,2,0,0,100.0,0.0,0.0
Monster Hunter 4 Ultimate,Level Design,2,2,0,0,100.0,0.0,0.0
Monster Hunter 4 Ultimate,Music & Sound,2,2,0,0,100.0,0.0,0.0
Monster Hunter 4 Ultimate,Difficulty,11,10,1,0,90.91,9.09,0.0
Monster Hunter 4 Ultimate,Replayability,5,5,0,0,100.0,0.0,0.0
Monster Hunter Generations,Gameplay,18,16,2,0,88.89,11.11,0.0
Monster Hunter Generations,Story,4,4,0,0,100.0,0.0,0.0
Monster Hunter Generations,Graphics,3,3,0,0,100.0,0.0,0.0
Monster Hunter Generations,Characters,1,1,0,0,100.0,0.0,0.0
Monster Hunter Generations,Difficulty,3,2,1,0,66.67,33.33,0.0
Monster Hunter Generations,Performance,2,2,0,0,100.0,0.0,0.0
Monster Hunter Generations,Replayability,7,7,0,0,100.0,0.0,0.0
Monster Hunter Rise,Gameplay,62,61,1,0,98.39,1.61,0.0
Monster Hunter Rise,Story,11,10,1,0,90.91,9.09,0.0
Monster Hunter Rise,Graphics,18,16,2,0,88.89,11.11,0.0
Monster Hunter Rise,Characters,2,2,0,0,100.0,0.0,0.0
Monster Hunter Rise,Level Design,11,11,0,0,100.0,0.0,0.0
Monster Hunter Rise,Music & Sound,3,3,0,0,100.0,0.0,0.0
Monster Hunter Rise,Difficulty,24,23,1,0,95.83,4.17,0.0
Monster Hunter Rise,Performance,16,16,0,0,100.0,0.0,0.0
Monster Hunter Rise,Replayability,16,15,1,0,93.75,6.25,0.0
Monster Hunter Rise: Sunbreak,Gameplay,30,24,6,0,80.0,20.0,0.0
Monster Hunter Rise: Sunbreak,Story,3,2,1,0,66.67,33.33,0.0
Monster Hunter Rise: Sunbreak,Characters,2,2,0,0,100.0,0.0,0.0
Monster Hunter Rise: Sunbreak,Level Design,2,2,0,0,100.0,0.0,0.0
Monster Hunter Rise: Sunbreak,Music & Sound,1,1,0,0,100.0,0.0,0.0
Monster Hunter Rise: Sunbreak,Difficulty,15,15,0,0,100.0,0.0,0.0
Monster Hunter Rise: Sunbreak,Replayability,24,23,1,0,95.83,4.17,0.0
Monster Hunter Stories 2: Wings of Ruin,Gameplay,47,39,8,0,82.98,17.02,0.0
Monster Hunter Stories 2: Wings of Ruin,Story,42,35,7,0,83.33,16.67,0.0
Monster Hunter Stories 2: Wings of Ruin,Graphics,14,12,2,0,85.71,14.29,0.0
Monster Hunter Stories 2: Wings of Ruin,Characters,9,7,2,0,77.78,22.22,0.0
Monster Hunter Stories 2: Wings of Ruin,Level Design,5,3,2,0,60.0,40.0,0.0
Monster Hunter Stories 2: Wings of Ruin,Music & Sound,1,1,0,0,100.0,0.0,0.0
Monster Hunter Stories 2: Wings of Ruin,Difficulty,10,7,3,0,70.0,30.0,0.0
Monster Hunter Stories 2: Wings of Ruin,Performance,9,7,2,0,77.78,22.22,0.0
Monster Hunter Stories 2: Wings of Ruin,Replayability,10,10,0,0,100.0,0.0,0.0
Monster Hunter Stories 3: Twisted Reflection,Gameplay,71,63,8,0,88.73,11.27,0.0
Monster Hunter Stories 3: Twisted Reflection,Story,65,56,9,0,86.15,13.85,0.0
Monster Hunter Stories 3: Twisted Reflection,Graphics,18,16,2,0,88.89,11.11,0.0
Monster Hunter Stories 3: Twisted Reflection,Characters,14,12,2,0,85.71,14.29,0.0
Monster Hunter Stories 3: Twisted Reflection,Level Design,11,10,1,0,90.91,9.09,0.0
Monster Hunter Stories 3: Twisted Reflection,Music & Sound,3,3,0,0,100.0,0.0,0.0
Monster Hunter Stories 3: Twisted Reflection,Difficulty,16,14,2,0,87.5,12.5,0.0
Monster Hunter Stories 3: Twisted Reflection,Performance,8,7,1,0,87.5,12.5,0.0
Monster Hunter Stories 3: Twisted Reflection,Replayability,5,4,1,0,80.0,20.0,0.0
Monster Hunter Wilds,Gameplay,86,81,5,0,94.19,5.81,0.0
Monster Hunter Wilds,Story,48,44,4,0,91.67,8.33,0.0
Monster Hunter Wilds,Graphics,13,11,2,0,84.62,15.38,0.0
Monster Hunter Wilds,Characters,6,6,0,0,100.0,0.0,0.0
Monster Hunter Wilds,Level Design,12,12,0,0,100.0,0.0,0.0
Monster Hunter Wilds,Music & Sound,6,6,0,0,100.0,0.0,0.0
Monster Hunter Wilds,Difficulty,17,15,2,0,88.24,11.76,0.0
Monster Hunter Wilds,Performance,24,22,2,0,91.67,8.33,0.0
Monster Hunter Wilds,Replayability,8,7,1,0,87.5,12.5,0.0
Monster Hunter World,Gameplay,46,45,1,0,97.83,2.17,0.0
Monster Hunter World,Story,11,11,0,0,100.0,0.0,0.0
Monster Hunter World,Graphics,7,7,0,0,100.0,0.0,0.0
Monster Hunter World,Characters,1,1,0,0,100.0,0.0,0.0
Monster Hunter World,Level Design,4,4,0,0,100.0,0.0,0.0
Monster Hunter World,Music & Sound,1,1,0,0,100.0,0.0,0.0
Monster Hunter World,Difficulty,24,23,1,0,95.83,4.17,0.0
Monster Hunter World,Performance,7,7,0,0,100.0,0.0,0.0
Monster Hunter World,Replayability,17,17,0,0,100.0,0.0,0.0
Monster Hunter World: Iceborne,Gameplay,21,20,1,0,95.24,4.76,0.0
Monster Hunter World: Iceborne,Story,3,3,0,0,100.0,0.0,0.0
Monster Hunter World: Iceborne,Graphics,4,4,0,0,100.0,0.0,0.0
Monster Hunter World: Iceborne,Level Design,4,4,0,0,100.0,0.0,0.0
Monster Hunter World: Iceborne,Difficulty,14,14,0,0,100.0,0.0,0.0
Monster Hunter World: Iceborne,Performance,2,2,0,0,100.0,0.0,0.0
Monster Hunter World: Iceborne,Replayability,25,25,0,0,100.0,0.0,0.0
Monster Prom 2: Monster Camp,Gameplay,2,2,0,0,100.0,0.0,0.0
Monster Prom 2: Monster Camp,Story,5,4,1,0,80.0,20.0,0.0
Monster Prom 2: Monster Camp,Graphics,1,1,0,0,100.0,0.0,0.0
Monster Prom 2: Monster Camp,Characters,4,4,0,0,100.0,0.0,0.0
Monster Prom 2: Monster Camp,Difficulty,1,1,0,0,100.0,0.0,0.0
Monster Prom 2: Monster Camp,Replayability,2,2,0,0,100.0,0.0,0.0
Monster Sanctuary,Gameplay,11,10,1,0,90.91,9.09,0.0
Monster Sanctuary,Story,1,1,0,0,100.0,0.0,0.0
Monster Sanctuary,Graphics,2,2,0,0,100.0,0.0,0.0
Monster Sanctuary,Level Design,4,3,1,0,75.0,25.0,0.0
Monster Sanctuary,Music & Sound,1,1,0,0,100.0,0.0,0.0
Monster Sanctuary,Difficulty,4,4,0,0,100.0,0.0,0.0
Monster Sanctuary,Replayability,3,3,0,0,100.0,0.0,0.0
Monster Train,Gameplay,8,6,2,0,75.0,25.0,0.0
Monster Train,Story,1,1,0,0,100.0,0.0,0.0
Monster Train,Graphics,1,1,0,0,100.0,0.0,0.0
Monster Train,Level Design,1,1,0,0,100.0,0.0,0.0
Monster Train,Music & Sound,2,2,0,0,100.0,0.0,0.0
Monster Train,Difficulty,7,7,0,0,100.0,0.0,0.0
Monster Train,Replayability,5,4,1,0,80.0,20.0,0.0
Monster Train 2,Gameplay,14,13,1,0,92.86,7.14,0.0
Monster Train 2,Story,6,6,0,0,100.0,0.0,0.0
Monster Train 2,Characters,2,2,0,0,100.0,0.0,0.0
Monster Train 2,Level Design,1,1,0,0,100.0,0.0,0.0
Monster Train 2,Music & Sound,2,2,0,0,100.0,0.0,0.0
Monster Train 2,Difficulty,8,8,0,0,100.0,0.0,0.0
Monster Train 2,Replayability,9,9,0,0,100.0,0.0,0.0
Monsters Are Coming! Rock and Road,Gameplay,2,2,0,0,100.0,0.0,0.0
Monsters Are Coming! Rock and Road,Graphics,1,1,0,0,100.0,0.0,0.0
Monsters Are Coming! Rock and Road,Level Design,1,1,0,0,100.0,0.0,0.0
Monsters Are Coming! Rock and Road,Difficulty,2,2,0,0,100.0,0.0,0.0
Monsters Are Coming! Rock and Road,Replayability,1,1,0,0,100.0,0.0,0.0
Monument Valley: Panoramic Collection,Gameplay,1,1,0,0,100.0,0.0,0.0
Monument Valley: Panoramic Collection,Replayability,1,1,0,0,100.0,0.0,0.0
Moomintroll: Winter's Warmth,Gameplay,11,7,4,0,63.64,36.36,0.0
Moomintroll: Winter's Warmth,Story,9,8,1,0,88.89,11.11,0.0
Moomintroll: Winter's Warmth,Graphics,2,1,1,0,50.0,50.0,0.0
Moomintroll: Winter's Warmth,Characters,6,5,1,0,83.33,16.67,0.0
Moomintroll: Winter's Warmth,Difficulty,2,2,0,0,100.0,0.0,0.0
Moomintroll: Winter's Warmth,Performance,1,1,0,0,100.0,0.0,0.0
Moon,Gameplay,3,3,0,0,100.0,0.0,0.0
Moon,Story,4,3,1,0,75.0,25.0,0.0
Moon,Characters,4,2,2,0,50.0,50.0,0.0
Moon,Level Design,1,0,1,0,0.0,100.0,0.0
Moon,Music & Sound,1,0,1,0,0.0,100.0,0.0
Moonlighter,Gameplay,41,30,11,0,73.17,26.83,0.0
Moonlighter,Story,6,5,1,0,83.33,16.67,0.0
Moonlighter,Graphics,11,7,4,0,63.64,36.36,0.0
Moonlighter,Characters,2,1,1,0,50.0,50.0,0.0
Moonlighter,Level Design,4,3,1,0,75.0,25.0,0.0
Moonlighter,Music & Sound,7,6,1,0,85.71,14.29,0.0
Moonlighter,Difficulty,14,10,4,0,71.43,28.57,0.0
Moonlighter,Performance,8,3,5,0,37.5,62.5,0.0
Moonlighter,Replayability,3,2,1,0,66.67,33.33,0.0
Moonstone Island,Gameplay,11,8,3,0,72.73,27.27,0.0
Moonstone Island,Story,2,1,1,0,50.0,50.0,0.0
Moonstone Island,Graphics,5,5,0,0,100.0,0.0,0.0
Moonstone Island,Characters,2,1,1,0,50.0,50.0,0.0
Moonstone Island,Music & Sound,2,2,0,0,100.0,0.0,0.0
Moonstone Island,Difficulty,3,2,1,0,66.67,33.33,0.0
Moonstone Island,Performance,1,1,0,0,100.0,0.0,0.0
Moonstone Island,Replayability,2,2,0,0,100.0,0.0,0.0
Mordhau,Gameplay,15,13,2,0,86.67,13.33,0.0
Mordhau,Difficulty,1,1,0,0,100.0,0.0,0.0
Mordhau,Performance,3,2,1,0,66.67,33.33,0.0
Mordhau,Replayability,1,1,0,0,100.0,0.0,0.0
Mortal Kombat 1,Gameplay,69,62,7,0,89.86,10.14,0.0
Mortal Kombat 1,Story,61,52,9,0,85.25,14.75,0.0
Mortal Kombat 1,Graphics,17,14,3,0,82.35,17.65,0.0
Mortal Kombat 1,Characters,27,25,2,0,92.59,7.41,0.0
Mortal Kombat 1,Level Design,4,4,0,0,100.0,0.0,0.0
Mortal Kombat 1,Music & Sound,3,3,0,0,100.0,0.0,0.0
Mortal Kombat 1,Difficulty,8,7,1,0,87.5,12.5,0.0
Mortal Kombat 1,Performance,7,6,1,0,85.71,14.29,0.0
Mortal Kombat 1,Replayability,20,13,7,0,65.0,35.0,0.0
Mortal Kombat 11,Gameplay,40,31,9,0,77.5,22.5,0.0
Mortal Kombat 11,Story,53,45,8,0,84.91,15.09,0.0
Mortal Kombat 11,Graphics,15,11,4,0,73.33,26.67,0.0
Mortal Kombat 11,Characters,17,17,0,0,100.0,0.0,0.0
Mortal Kombat 11,Level Design,7,7,0,0,100.0,0.0,0.0
Mortal Kombat 11,Music & Sound,3,3,0,0,100.0,0.0,0.0
Mortal Kombat 11,Difficulty,12,10,2,0,83.33,16.67,0.0
Mortal Kombat 11,Performance,4,3,1,0,75.0,25.0,0.0
Mortal Kombat 11,Replayability,25,23,2,0,92.0,8.0,0.0
Mortal Kombat 11 Ultimate,Gameplay,8,7,0,1,87.5,0.0,12.5
Mortal Kombat 11 Ultimate,Story,8,8,0,0,100.0,0.0,0.0
Mortal Kombat 11 Ultimate,Graphics,5,5,0,0,100.0,0.0,0.0
Mortal Kombat 11 Ultimate,Characters,11,11,0,0,100.0,0.0,0.0
Mortal Kombat 11 Ultimate,Music & Sound,1,1,0,0,100.0,0.0,0.0
Mortal Kombat 11 Ultimate,Difficulty,1,1,0,0,100.0,0.0,0.0
Mortal Kombat 11 Ultimate,Performance,3,3,0,0,100.0,0.0,0.0
Mortal Kombat 11 Ultimate,Replayability,22,21,0,1,95.45,0.0,4.55
Mortal Kombat X,Gameplay,21,17,4,0,80.95,19.05,0.0
Mortal Kombat X,Story,30,25,5,0,83.33,16.67,0.0
Mortal Kombat X,Graphics,4,3,1,0,75.0,25.0,0.0
Mortal Kombat X,Characters,22,20,2,0,90.91,9.09,0.0
Mortal Kombat X,Level Design,2,2,0,0,100.0,0.0,0.0
Mortal Kombat X,Music & Sound,2,1,1,0,50.0,50.0,0.0
Mortal Kombat X,Difficulty,6,5,1,0,83.33,16.67,0.0
Mortal Kombat X,Performance,5,3,2,0,60.0,40.0,0.0
Mortal Kombat X,Replayability,17,16,1,0,94.12,5.88,0.0
Mortal Kombat XL,Gameplay,1,1,0,0,100.0,0.0,0.0
Mortal Kombat XL,Graphics,1,1,0,0,100.0,0.0,0.0
Mortal Kombat XL,Characters,3,3,0,0,100.0,0.0,0.0
Mortal Kombat XL,Performance,1,1,0,0,100.0,0.0,0.0
Mortal Kombat XL,Replayability,7,6,1,0,85.71,14.29,0.0
Mortal Kombat: Legacy Kollection,Gameplay,5,3,2,0,60.0,40.0,0.0
Mortal Kombat: Legacy Kollection,Story,1,0,1,0,0.0,100.0,0.0
Mortal Kombat: Legacy Kollection,Graphics,2,1,1,0,50.0,50.0,0.0
Mortal Kombat: Legacy Kollection,Level Design,2,0,2,0,0.0,100.0,0.0
Mortal Kombat: Legacy Kollection,Music & Sound,1,0,1,0,0.0,100.0,0.0
Mortal Kombat: Legacy Kollection,Difficulty,7,4,3,0,57.14,42.86,0.0
Mortal Kombat: Legacy Kollection,Performance,4,1,3,0,25.0,75.0,0.0
Mortal Kombat: Legacy Kollection,Replayability,4,3,1,0,75.0,25.0,0.0
Moss,Gameplay,21,20,1,0,95.24,4.76,0.0
Moss,Story,18,18,0,0,100.0,0.0,0.0
Moss,Graphics,6,5,1,0,83.33,16.67,0.0
Moss,Characters,21,21,0,0,100.0,0.0,0.0
Moss,Level Design,7,7,0,0,100.0,0.0,0.0
Moss,Music & Sound,4,4,0,0,100.0,0.0,0.0
Moss,Difficulty,3,3,0,0,100.0,0.0,0.0
Moss,Performance,2,2,0,0,100.0,0.0,0.0
Moss,Replayability,2,2,0,0,100.0,0.0,0.0
Moss: Book II,Gameplay,15,14,1,0,93.33,6.67,0.0
Moss: Book II,Story,12,12,0,0,100.0,0.0,0.0
Moss: Book II,Graphics,3,3,0,0,100.0,0.0,0.0
Moss: Book II,Characters,6,6,0,0,100.0,0.0,0.0
Moss: Book II,Level Design,7,6,1,0,85.71,14.29,0.0
Moss: Book II,Music & Sound,2,2,0,0,100.0,0.0,0.0
Moss: Book II,Difficulty,7,7,0,0,100.0,0.0,0.0
Moss: Book II,Performance,2,2,0,0,100.0,0.0,0.0
Moss: Book II,Replayability,1,1,0,0,100.0,0.0,0.0
MotoGP 25,Gameplay,9,8,1,0,88.89,11.11,0.0
MotoGP 25,Graphics,12,10,2,0,83.33,16.67,0.0
MotoGP 25,Characters,1,1,0,0,100.0,0.0,0.0
MotoGP 25,Level Design,4,4,0,0,100.0,0.0,0.0
MotoGP 25,Music & Sound,1,1,0,0,100.0,0.0,0.0
MotoGP 25,Difficulty,7,7,0,0,100.0,0.0,0.0
MotoGP 25,Performance,5,4,1,0,80.0,20.0,0.0
MotoGP 25,Replayability,1,1,0,0,100.0,0.0,0.0
Motorsport Manager,Gameplay,1,1,0,0,100.0,0.0,0.0
Motorsport Manager,Story,1,1,0,0,100.0,0.0,0.0
Motorsport Manager,Graphics,1,1,0,0,100.0,0.0,0.0
Motorsport Manager,Characters,1,1,0,0,100.0,0.0,0.0
Motorsport Manager,Difficulty,2,2,0,0,100.0,0.0,0.0
Mouthwashing,Gameplay,5,4,1,0,80.0,20.0,0.0
Mouthwashing,Story,14,11,3,0,78.57,21.43,0.0
Mouthwashing,Graphics,4,4,0,0,100.0,0.0,0.0
Mouthwashing,Characters,6,6,0,0,100.0,0.0,0.0
Mouthwashing,Level Design,1,0,1,0,0.0,100.0,0.0
Mouthwashing,Difficulty,1,0,1,0,0.0,100.0,0.0
Mouthwashing,Performance,1,1,0,0,100.0,0.0,0.0
Mouthwashing,Replayability,3,3,0,0,100.0,0.0,0.0
Move or Die,Gameplay,2,2,0,0,100.0,0.0,0.0
Move or Die,Music & Sound,1,1,0,0,100.0,0.0,0.0
Move or Die,Performance,1,1,0,0,100.0,0.0,0.0
Moving Out 2,Gameplay,17,14,3,0,82.35,17.65,0.0
Moving Out 2,Story,3,2,1,0,66.67,33.33,0.0
Moving Out 2,Graphics,3,1,2,0,33.33,66.67,0.0
Moving Out 2,Characters,3,2,1,0,66.67,33.33,0.0
Moving Out 2,Level Design,21,14,6,1,66.67,28.57,4.76
Moving Out 2,Music & Sound,1,0,1,0,0.0,100.0,0.0
Moving Out 2,Difficulty,7,4,2,1,57.14,28.57,14.29
Moving Out 2,Replayability,5,3,2,0,60.0,40.0,0.0
Moving Out: Movers in Paradise,Gameplay,4,3,1,0,75.0,25.0,0.0
Moving Out: Movers in Paradise,Level Design,3,3,0,0,100.0,0.0,0.0
Moving Out: Movers in Paradise,Replayability,2,1,1,0,50.0,50.0,0.0
Murder by Numbers,Gameplay,2,1,1,0,50.0,50.0,0.0
Murder by Numbers,Story,13,8,5,0,61.54,38.46,0.0
Murder by Numbers,Graphics,12,11,1,0,91.67,8.33,0.0
Murder by Numbers,Characters,15,10,5,0,66.67,33.33,0.0
Murder by Numbers,Music & Sound,3,3,0,0,100.0,0.0,0.0
Murder by Numbers,Difficulty,4,2,2,0,50.0,50.0,0.0
Mushihimesama,Gameplay,3,3,0,0,100.0,0.0,0.0
Mushihimesama,Level Design,1,1,0,0,100.0,0.0,0.0
Mushihimesama,Music & Sound,1,0,1,0,0.0,100.0,0.0
Mushihimesama,Difficulty,8,6,2,0,75.0,25.0,0.0
Mushihimesama,Performance,3,2,1,0,66.67,33.33,0.0
Mushihimesama,Replayability,3,2,1,0,66.67,33.33,0.0
Mushroom 11,Gameplay,5,2,3,0,40.0,60.0,0.0
Mushroom 11,Level Design,1,1,0,0,100.0,0.0,0.0
Mushroom 11,Difficulty,4,2,2,0,50.0,50.0,0.0
Mutant Mudds Collection,Gameplay,3,3,0,0,100.0,0.0,0.0
Mutant Mudds Collection,Graphics,1,1,0,0,100.0,0.0,0.0
Mutant Mudds Collection,Characters,1,1,0,0,100.0,0.0,0.0
Mutant Mudds Collection,Level Design,2,2,0,0,100.0,0.0,0.0
Mutant Mudds Collection,Difficulty,1,1,0,0,100.0,0.0,0.0
Muv-Luv Alternative,Story,4,3,1,0,75.0,25.0,0.0
Muv-Luv Alternative,Characters,2,2,0,0,100.0,0.0,0.0
Muv-Luv Alternative,Level Design,1,1,0,0,100.0,0.0,0.0
My Friend Pedro,Gameplay,29,17,12,0,58.62,41.38,0.0
My Friend Pedro,Story,14,9,5,0,64.29,35.71,0.0
My Friend Pedro,Graphics,2,1,1,0,50.0,50.0,0.0
My Friend Pedro,Characters,1,1,0,0,100.0,0.0,0.0
My Friend Pedro,Level Design,14,10,4,0,71.43,28.57,0.0
My Friend Pedro,Music & Sound,1,1,0,0,100.0,0.0,0.0
My Friend Pedro,Difficulty,13,10,3,0,76.92,23.08,0.0
My Friend Pedro,Performance,1,1,0,0,100.0,0.0,0.0
My Friend Pedro,Replayability,7,5,2,0,71.43,28.57,0.0
Mystic Pillars,Gameplay,4,2,2,0,50.0,50.0,0.0
Mystic Pillars,Story,3,2,1,0,66.67,33.33,0.0
Mystic Pillars,Graphics,3,1,2,0,33.33,66.67,0.0
Mystic Pillars,Music & Sound,2,1,1,0,50.0,50.0,0.0
Mystic Pillars,Difficulty,2,1,1,0,50.0,50.0,0.0
Mystic Pillars,Replayability,1,0,1,0,0.0,100.0,0.0
N++,Gameplay,24,22,2,0,91.67,8.33,0.0
N++,Story,1,0,1,0,0.0,100.0,0.0
N++,Graphics,3,2,1,0,66.67,33.33,0.0
N++,Level Design,19,18,1,0,94.74,5.26,0.0
N++,Music & Sound,4,4,0,0,100.0,0.0,0.0
N++,Difficulty,14,14,0,0,100.0,0.0,0.0
N++,Performance,1,1,0,0,100.0,0.0,0.0
N++,Replayability,6,6,0,0,100.0,0.0,0.0
NBA 2K14,Gameplay,3,3,0,0,100.0,0.0,0.0
NBA 2K14,Story,3,2,1,0,66.67,33.33,0.0
NBA 2K14,Graphics,6,6,0,0,100.0,0.0,0.0
NBA 2K14,Level Design,1,1,0,0,100.0,0.0,0.0
NBA 2K14,Difficulty,2,2,0,0,100.0,0.0,0.0
NBA 2K15,Gameplay,9,5,4,0,55.56,44.44,0.0
NBA 2K15,Graphics,10,8,2,0,80.0,20.0,0.0
NBA 2K15,Level Design,1,1,0,0,100.0,0.0,0.0
NBA 2K15,Difficulty,4,2,2,0,50.0,50.0,0.0
NBA 2K15,Performance,4,3,1,0,75.0,25.0,0.0
NBA 2K15,Replayability,1,1,0,0,100.0,0.0,0.0
NBA 2K16,Gameplay,8,8,0,0,100.0,0.0,0.0
NBA 2K16,Story,6,1,5,0,16.67,83.33,0.0
NBA 2K16,Graphics,9,7,2,0,77.78,22.22,0.0
NBA 2K16,Difficulty,1,1,0,0,100.0,0.0,0.0
NBA 2K16,Performance,1,0,1,0,0.0,100.0,0.0
NBA 2K16,Replayability,2,1,1,0,50.0,50.0,0.0
NBA 2K17,Gameplay,9,9,0,0,100.0,0.0,0.0
NBA 2K17,Story,6,6,0,0,100.0,0.0,0.0
NBA 2K17,Graphics,9,8,1,0,88.89,11.11,0.0
NBA 2K17,Level Design,4,3,1,0,75.0,25.0,0.0
NBA 2K17,Music & Sound,1,1,0,0,100.0,0.0,0.0
NBA 2K17,Difficulty,6,6,0,0,100.0,0.0,0.0
NBA 2K17,Performance,2,1,1,0,50.0,50.0,0.0
NBA 2K17,Replayability,3,3,0,0,100.0,0.0,0.0
NBA 2K19,Gameplay,24,18,6,0,75.0,25.0,0.0
NBA 2K19,Story,8,6,2,0,75.0,25.0,0.0
NBA 2K19,Graphics,9,9,0,0,100.0,0.0,0.0
NBA 2K19,Characters,2,0,2,0,0.0,100.0,0.0
NBA 2K19,Difficulty,4,0,4,0,0.0,100.0,0.0
NBA 2K19,Performance,1,1,0,0,100.0,0.0,0.0
NBA 2K19,Replayability,6,3,3,0,50.0,50.0,0.0
NBA 2K21 Next-Gen,Gameplay,8,6,2,0,75.0,25.0,0.0
NBA 2K21 Next-Gen,Graphics,10,8,2,0,80.0,20.0,0.0
NBA 2K21 Next-Gen,Level Design,1,0,1,0,0.0,100.0,0.0
NBA 2K21 Next-Gen,Performance,4,2,2,0,50.0,50.0,0.0
NBA 2K21 Next-Gen,Replayability,5,2,3,0,40.0,60.0,0.0
NBA 2K26,Gameplay,28,23,5,0,82.14,17.86,0.0
NBA 2K26,Story,7,6,1,0,85.71,14.29,0.0
NBA 2K26,Graphics,11,9,2,0,81.82,18.18,0.0
NBA 2K26,Characters,2,2,0,0,100.0,0.0,0.0
NBA 2K26,Level Design,2,1,1,0,50.0,50.0,0.0
NBA 2K26,Music & Sound,1,0,1,0,0.0,100.0,0.0
NBA 2K26,Difficulty,5,3,2,0,60.0,40.0,0.0
NBA 2K26,Performance,1,1,0,0,100.0,0.0,0.0
NBA 2K26,Replayability,8,7,1,0,87.5,12.5,0.0
NEO: The World Ends with You,Gameplay,48,37,11,0,77.08,22.92,0.0
NEO: The World Ends with You,Story,41,30,11,0,73.17,26.83,0.0
NEO: The World Ends with You,Graphics,14,8,6,0,57.14,42.86,0.0
NEO: The World Ends with You,Characters,30,21,9,0,70.0,30.0,0.0
NEO: The World Ends with You,Level Design,2,1,1,0,50.0,50.0,0.0
NEO: The World Ends with You,Music & Sound,19,15,4,0,78.95,21.05,0.0
NEO: The World Ends with You,Difficulty,13,11,2,0,84.62,15.38,0.0
NEO: The World Ends with You,Performance,3,2,1,0,66.67,33.33,0.0
NEO: The World Ends with You,Replayability,8,6,2,0,75.0,25.0,0.0
NHL 16,Gameplay,15,11,4,0,73.33,26.67,0.0
NHL 16,Graphics,3,2,1,0,66.67,33.33,0.0
NHL 16,Difficulty,1,1,0,0,100.0,0.0,0.0
NHL 16,Replayability,3,2,1,0,66.67,33.33,0.0
NINJA GAIDEN: Ragebound,Gameplay,59,56,3,0,94.92,5.08,0.0
NINJA GAIDEN: Ragebound,Story,12,10,2,0,83.33,16.67,0.0
NINJA GAIDEN: Ragebound,Graphics,20,18,2,0,90.0,10.0,0.0
NINJA GAIDEN: Ragebound,Characters,5,5,0,0,100.0,0.0,0.0
NINJA GAIDEN: Ragebound,Level Design,26,24,2,0,92.31,7.69,0.0
NINJA GAIDEN: Ragebound,Music & Sound,13,12,1,0,92.31,7.69,0.0
NINJA GAIDEN: Ragebound,Difficulty,31,27,4,0,87.1,12.9,0.0
NINJA GAIDEN: Ragebound,Performance,5,4,1,0,80.0,20.0,0.0
NINJA GAIDEN: Ragebound,Replayability,9,8,1,0,88.89,11.11,0.0
NORCO,Gameplay,4,3,0,1,75.0,0.0,25.0
NORCO,Story,17,15,1,1,88.24,5.88,5.88
NORCO,Graphics,1,1,0,0,100.0,0.0,0.0
NORCO,Characters,2,2,0,0,100.0,0.0,0.0
NORCO,Level Design,2,2,0,0,100.0,0.0,0.0
NORCO,Difficulty,2,2,0,0,100.0,0.0,0.0
NORCO,Performance,1,1,0,0,100.0,0.0,0.0
NanoApostle,Gameplay,3,2,1,0,66.67,33.33,0.0
NanoApostle,Story,1,1,0,0,100.0,0.0,0.0
NanoApostle,Graphics,1,1,0,0,100.0,0.0,0.0
NanoApostle,Characters,1,1,0,0,100.0,0.0,0.0
NanoApostle,Music & Sound,2,2,0,0,100.0,0.0,0.0
NanoApostle,Difficulty,2,1,1,0,50.0,50.0,0.0
NanoApostle,Replayability,1,1,0,0,100.0,0.0,0.0
Need for Speed: Rivals,Gameplay,11,4,7,0,36.36,63.64,0.0
Need for Speed: Rivals,Story,4,1,3,0,25.0,75.0,0.0
Need for Speed: Rivals,Graphics,5,3,2,0,60.0,40.0,0.0
Need for Speed: Rivals,Level Design,3,1,2,0,33.33,66.67,0.0
Need for Speed: Rivals,Music & Sound,1,1,0,0,100.0,0.0,0.0
Need for Speed: Rivals,Difficulty,4,4,0,0,100.0,0.0,0.0
Need for Speed: Rivals,Performance,1,0,1,0,0.0,100.0,0.0
Need for Speed: Rivals,Replayability,4,2,2,0,50.0,50.0,0.0
Nelly Cootalot - The Fowl Fleet,Gameplay,1,0,1,0,0.0,100.0,0.0
Nelly Cootalot - The Fowl Fleet,Story,3,2,1,0,66.67,33.33,0.0
Nelly Cootalot - The Fowl Fleet,Characters,2,2,0,0,100.0,0.0,0.0
Nelly Cootalot - The Fowl Fleet,Difficulty,2,2,0,0,100.0,0.0,0.0
Neon White,Gameplay,35,33,2,0,94.29,5.71,0.0
Neon White,Story,25,25,0,0,100.0,0.0,0.0
Neon White,Graphics,12,11,1,0,91.67,8.33,0.0
Neon White,Characters,8,7,1,0,87.5,12.5,0.0
Neon White,Level Design,21,21,0,0,100.0,0.0,0.0
Neon White,Music & Sound,7,7,0,0,100.0,0.0,0.0
Neon White,Difficulty,11,10,1,0,90.91,9.09,0.0
Neon White,Performance,7,6,1,0,85.71,14.29,0.0
Neon White,Replayability,2,2,0,0,100.0,0.0,0.0
Neva,Gameplay,47,46,1,0,97.87,2.13,0.0
Neva,Story,49,48,1,0,97.96,2.04,0.0
Neva,Graphics,32,31,1,0,96.88,3.12,0.0
Neva,Characters,10,10,0,0,100.0,0.0,0.0
Neva,Level Design,10,8,2,0,80.0,20.0,0.0
Neva,Music & Sound,19,19,0,0,100.0,0.0,0.0
Neva,Difficulty,8,7,1,0,87.5,12.5,0.0
Neva,Replayability,3,3,0,0,100.0,0.0,0.0
Neva: Prologue,Gameplay,5,3,2,0,60.0,40.0,0.0
Neva: Prologue,Story,4,2,2,0,50.0,50.0,0.0
Neva: Prologue,Characters,1,1,0,0,100.0,0.0,0.0
Neva: Prologue,Level Design,1,1,0,0,100.0,0.0,0.0
Neva: Prologue,Difficulty,1,0,1,0,0.0,100.0,0.0
Neva: Prologue,Replayability,4,3,1,0,75.0,25.0,0.0
NeverAwake,Gameplay,11,11,0,0,100.0,0.0,0.0
NeverAwake,Story,8,6,2,0,75.0,25.0,0.0
NeverAwake,Graphics,6,6,0,0,100.0,0.0,0.0
NeverAwake,Level Design,5,3,2,0,60.0,40.0,0.0
NeverAwake,Music & Sound,1,1,0,0,100.0,0.0,0.0
NeverAwake,Difficulty,4,2,2,0,50.0,50.0,0.0
NeverAwake,Replayability,3,2,1,0,66.67,33.33,0.0
News Tower,Gameplay,3,3,0,0,100.0,0.0,0.0
News Tower,Story,3,3,0,0,100.0,0.0,0.0
News Tower,Difficulty,3,3,0,0,100.0,0.0,0.0
News Tower,Replayability,1,1,0,0,100.0,0.0,0.0
Nex Machina,Gameplay,24,23,1,0,95.83,4.17,0.0
Nex Machina,Graphics,7,6,1,0,85.71,14.29,0.0
Nex Machina,Characters,1,1,0,0,100.0,0.0,0.0
Nex Machina,Level Design,7,7,0,0,100.0,0.0,0.0
Nex Machina,Music & Sound,8,7,1,0,87.5,12.5,0.0
Nex Machina,Difficulty,23,23,0,0,100.0,0.0,0.0
Nex Machina,Performance,1,1,0,0,100.0,0.0,0.0
Nex Machina,Replayability,4,3,1,0,75.0,25.0,0.0
Ni no Kuni 2: Revenant Kingdom,Gameplay,43,34,9,0,79.07,20.93,0.0
Ni no Kuni 2: Revenant Kingdom,Story,30,23,7,0,76.67,23.33,0.0
Ni no Kuni 2: Revenant Kingdom,Graphics,15,13,2,0,86.67,13.33,0.0
Ni no Kuni 2: Revenant Kingdom,Characters,16,15,1,0,93.75,6.25,0.0
Ni no Kuni 2: Revenant Kingdom,Level Design,29,25,4,0,86.21,13.79,0.0
Ni no Kuni 2: Revenant Kingdom,Music & Sound,11,9,2,0,81.82,18.18,0.0
Ni no Kuni 2: Revenant Kingdom,Difficulty,12,10,2,0,83.33,16.67,0.0
Ni no Kuni 2: Revenant Kingdom,Performance,2,0,2,0,0.0,100.0,0.0
Ni no Kuni 2: Revenant Kingdom,Replayability,3,1,2,0,33.33,66.67,0.0
Ni no Kuni II: Revenant Kingdom - Prince's Edition,Gameplay,13,11,2,0,84.62,15.38,0.0
Ni no Kuni II: Revenant Kingdom - Prince's Edition,Story,8,6,2,0,75.0,25.0,0.0
Ni no Kuni II: Revenant Kingdom - Prince's Edition,Graphics,6,3,3,0,50.0,50.0,0.0
Ni no Kuni II: Revenant Kingdom - Prince's Edition,Characters,5,4,1,0,80.0,20.0,0.0
Ni no Kuni II: Revenant Kingdom - Prince's Edition,Level Design,2,1,1,0,50.0,50.0,0.0
Ni no Kuni II: Revenant Kingdom - Prince's Edition,Music & Sound,2,2,0,0,100.0,0.0,0.0
Ni no Kuni II: Revenant Kingdom - Prince's Edition,Difficulty,5,3,2,0,60.0,40.0,0.0
Ni no Kuni II: Revenant Kingdom - Prince's Edition,Performance,9,6,3,0,66.67,33.33,0.0
Ni no Kuni II: Revenant Kingdom - Prince's Edition,Replayability,4,2,2,0,50.0,50.0,0.0
Ni no Kuni: Wrath of the White Witch Remastered,Gameplay,13,12,1,0,92.31,7.69,0.0
Ni no Kuni: Wrath of the White Witch Remastered,Story,17,16,1,0,94.12,5.88,0.0
Ni no Kuni: Wrath of the White Witch Remastered,Graphics,11,8,3,0,72.73,27.27,0.0
Ni no Kuni: Wrath of the White Witch Remastered,Characters,11,9,2,0,81.82,18.18,0.0
Ni no Kuni: Wrath of the White Witch Remastered,Level Design,6,5,1,0,83.33,16.67,0.0
Ni no Kuni: Wrath of the White Witch Remastered,Music & Sound,8,7,1,0,87.5,12.5,0.0
Ni no Kuni: Wrath of the White Witch Remastered,Difficulty,3,3,0,0,100.0,0.0,0.0
Ni no Kuni: Wrath of the White Witch Remastered,Performance,2,1,1,0,50.0,50.0,0.0
Ni no Kuni: Wrath of the White Witch Remastered,Replayability,4,4,0,0,100.0,0.0,0.0
Nidhogg,Gameplay,9,7,2,0,77.78,22.22,0.0
Nidhogg,Graphics,3,3,0,0,100.0,0.0,0.0
Nidhogg,Level Design,2,1,1,0,50.0,50.0,0.0
Nidhogg,Music & Sound,3,3,0,0,100.0,0.0,0.0
Nidhogg,Difficulty,3,2,1,0,66.67,33.33,0.0
Nidhogg,Replayability,1,0,1,0,0.0,100.0,0.0
NieR Replicant ver.1.22474487139,Gameplay,43,35,8,0,81.4,18.6,0.0
NieR Replicant ver.1.22474487139,Story,42,35,7,0,83.33,16.67,0.0
NieR Replicant ver.1.22474487139,Graphics,18,14,4,0,77.78,22.22,0.0
NieR Replicant ver.1.22474487139,Characters,18,15,3,0,83.33,16.67,0.0
NieR Replicant ver.1.22474487139,Level Design,6,3,3,0,50.0,50.0,0.0
NieR Replicant ver.1.22474487139,Music & Sound,16,14,2,0,87.5,12.5,0.0
NieR Replicant ver.1.22474487139,Difficulty,10,8,2,0,80.0,20.0,0.0
NieR Replicant ver.1.22474487139,Performance,7,5,2,0,71.43,28.57,0.0
NieR Replicant ver.1.22474487139,Replayability,16,12,4,0,75.0,25.0,0.0
NieR: Automata 3C3C1D119440927,Gameplay,1,0,1,0,0.0,100.0,0.0
NieR: Automata 3C3C1D119440927,Story,1,1,0,0,100.0,0.0,0.0
NieR: Automata 3C3C1D119440927,Level Design,2,1,1,0,50.0,50.0,0.0
NieR: Automata 3C3C1D119440927,Music & Sound,1,1,0,0,100.0,0.0,0.0
NieR: Automata 3C3C1D119440927,Difficulty,1,0,1,0,0.0,100.0,0.0
NieR: Automata 3C3C1D119440927,Replayability,2,2,0,0,100.0,0.0,0.0
NieR: Automata Become as Gods Edition,Gameplay,7,6,0,1,85.71,0.0,14.29
NieR: Automata Become as Gods Edition,Story,7,6,0,1,85.71,0.0,14.29
NieR: Automata Become as Gods Edition,Characters,4,3,0,1,75.0,0.0,25.0
NieR: Automata Become as Gods Edition,Level Design,1,0,0,1,0.0,0.0,100.0
NieR: Automata Become as Gods Edition,Music & Sound,1,1,0,0,100.0,0.0,0.0
NieR: Automata Become as Gods Edition,Difficulty,2,1,0,1,50.0,0.0,50.0
NieR: Automata Become as Gods Edition,Performance,1,1,0,0,100.0,0.0,0.0
NieR: Automata Become as Gods Edition,Replayability,3,2,1,0,66.67,33.33,0.0
NieR: Automata Game of the YoRHa Edition,Story,1,1,0,0,100.0,0.0,0.0
NieR: Automata Game of the YoRHa Edition,Difficulty,2,2,0,0,100.0,0.0,0.0
NieR: Automata Game of the YoRHa Edition,Performance,1,1,0,0,100.0,0.0,0.0
NieR: Automata Game of the YoRHa Edition,Replayability,5,5,0,0,100.0,0.0,0.0
Nier: Automata,Gameplay,63,61,2,0,96.83,3.17,0.0
Nier: Automata,Story,66,64,2,0,96.97,3.03,0.0
Nier: Automata,Graphics,9,8,1,0,88.89,11.11,0.0
Nier: Automata,Characters,14,14,0,0,100.0,0.0,0.0
Nier: Automata,Level Design,8,8,0,0,100.0,0.0,0.0
Nier: Automata,Music & Sound,22,22,0,0,100.0,0.0,0.0
Nier: Automata,Difficulty,13,12,1,0,92.31,7.69,0.0
Nier: Automata,Performance,7,7,0,0,100.0,0.0,0.0
Nier: Automata,Replayability,4,4,0,0,100.0,0.0,0.0
Nier: Automata - The End of YoRHa Edition,Gameplay,6,6,0,0,100.0,0.0,0.0
Nier: Automata - The End of YoRHa Edition,Story,10,9,1,0,90.0,10.0,0.0
Nier: Automata - The End of YoRHa Edition,Graphics,5,4,1,0,80.0,20.0,0.0
Nier: Automata - The End of YoRHa Edition,Characters,4,4,0,0,100.0,0.0,0.0
Nier: Automata - The End of YoRHa Edition,Music & Sound,3,2,1,0,66.67,33.33,0.0
Nier: Automata - The End of YoRHa Edition,Difficulty,2,2,0,0,100.0,0.0,0.0
Nier: Automata - The End of YoRHa Edition,Performance,4,4,0,0,100.0,0.0,0.0
Nier: Automata - The End of YoRHa Edition,Replayability,1,1,0,0,100.0,0.0,0.0
Night in the Woods,Gameplay,15,13,2,0,86.67,13.33,0.0
Night in the Woods,Story,38,31,7,0,81.58,18.42,0.0
Night in the Woods,Graphics,7,6,1,0,85.71,14.29,0.0
Night in the Woods,Characters,17,16,1,0,94.12,5.88,0.0
Night in the Woods,Level Design,2,1,1,0,50.0,50.0,0.0
Night in the Woods,Music & Sound,10,7,3,0,70.0,30.0,0.0
Night in the Woods,Difficulty,5,4,1,0,80.0,20.0,0.0
Night in the Woods,Performance,2,2,0,0,100.0,0.0,0.0
Night in the Woods,Replayability,1,1,0,0,100.0,0.0,0.0
Nine Sols,Gameplay,31,28,3,0,90.32,9.68,0.0
Nine Sols,Story,21,20,1,0,95.24,4.76,0.0
Nine Sols,Graphics,7,7,0,0,100.0,0.0,0.0
Nine Sols,Characters,7,7,0,0,100.0,0.0,0.0
Nine Sols,Level Design,3,3,0,0,100.0,0.0,0.0
Nine Sols,Music & Sound,1,1,0,0,100.0,0.0,0.0
Nine Sols,Difficulty,15,15,0,0,100.0,0.0,0.0
Nine Sols,Performance,1,1,0,0,100.0,0.0,0.0
Ninja Gaiden 2 Black,Gameplay,30,20,10,0,66.67,33.33,0.0
Ninja Gaiden 2 Black,Story,6,6,0,0,100.0,0.0,0.0
Ninja Gaiden 2 Black,Graphics,21,15,6,0,71.43,28.57,0.0
Ninja Gaiden 2 Black,Characters,4,4,0,0,100.0,0.0,0.0
Ninja Gaiden 2 Black,Level Design,7,4,3,0,57.14,42.86,0.0
Ninja Gaiden 2 Black,Music & Sound,2,1,1,0,50.0,50.0,0.0
Ninja Gaiden 2 Black,Difficulty,22,18,4,0,81.82,18.18,0.0
Ninja Gaiden 2 Black,Performance,9,8,1,0,88.89,11.11,0.0
Ninja Gaiden 2 Black,Replayability,8,6,2,0,75.0,25.0,0.0
Ninja Gaiden 4,Gameplay,83,65,18,0,78.31,21.69,0.0
Ninja Gaiden 4,Story,34,24,10,0,70.59,29.41,0.0
Ninja Gaiden 4,Graphics,13,12,1,0,92.31,7.69,0.0
Ninja Gaiden 4,Characters,17,15,2,0,88.24,11.76,0.0
Ninja Gaiden 4,Level Design,24,18,6,0,75.0,25.0,0.0
Ninja Gaiden 4,Music & Sound,6,6,0,0,100.0,0.0,0.0
Ninja Gaiden 4,Difficulty,21,19,2,0,90.48,9.52,0.0
Ninja Gaiden 4,Performance,13,11,2,0,84.62,15.38,0.0
Ninja Gaiden 4,Replayability,16,14,2,0,87.5,12.5,0.0
Nioh,Gameplay,51,46,5,0,90.2,9.8,0.0
Nioh,Story,12,8,4,0,66.67,33.33,0.0
Nioh,Graphics,3,3,0,0,100.0,0.0,0.0
Nioh,Characters,5,4,1,0,80.0,20.0,0.0
Nioh,Level Design,12,11,1,0,91.67,8.33,0.0
Nioh,Difficulty,29,28,1,0,96.55,3.45,0.0
Nioh,Performance,1,1,0,0,100.0,0.0,0.0
Nioh,Replayability,5,5,0,0,100.0,0.0,0.0
Nioh 2,Gameplay,45,42,3,0,93.33,6.67,0.0
Nioh 2,Story,9,8,1,0,88.89,11.11,0.0
Nioh 2,Graphics,3,3,0,0,100.0,0.0,0.0
Nioh 2,Characters,11,10,1,0,90.91,9.09,0.0
Nioh 2,Level Design,8,8,0,0,100.0,0.0,0.0
Nioh 2,Difficulty,22,22,0,0,100.0,0.0,0.0
Nioh 2,Replayability,4,4,0,0,100.0,0.0,0.0
Nioh 2 - The Complete Edition,Gameplay,15,14,1,0,93.33,6.67,0.0
Nioh 2 - The Complete Edition,Story,5,5,0,0,100.0,0.0,0.0
Nioh 2 - The Complete Edition,Graphics,1,1,0,0,100.0,0.0,0.0
Nioh 2 - The Complete Edition,Characters,1,1,0,0,100.0,0.0,0.0
Nioh 2 - The Complete Edition,Level Design,2,2,0,0,100.0,0.0,0.0
Nioh 2 - The Complete Edition,Music & Sound,1,1,0,0,100.0,0.0,0.0
Nioh 2 - The Complete Edition,Difficulty,12,12,0,0,100.0,0.0,0.0
Nioh 2 - The Complete Edition,Performance,10,8,2,0,80.0,20.0,0.0
Nioh 2 - The Complete Edition,Replayability,9,9,0,0,100.0,0.0,0.0
Nioh 2: Darkness in the Capital,Gameplay,3,3,0,0,100.0,0.0,0.0
Nioh 2: Darkness in the Capital,Story,3,2,1,0,66.67,33.33,0.0
Nioh 2: Darkness in the Capital,Characters,1,1,0,0,100.0,0.0,0.0
Nioh 2: Darkness in the Capital,Level Design,2,2,0,0,100.0,0.0,0.0
Nioh 2: Darkness in the Capital,Difficulty,2,2,0,0,100.0,0.0,0.0
Nioh 2: Darkness in the Capital,Replayability,5,4,1,0,80.0,20.0,0.0
Nioh 3,Gameplay,89,84,5,0,94.38,5.62,0.0
Nioh 3,Story,24,19,5,0,79.17,20.83,0.0
Nioh 3,Graphics,10,10,0,0,100.0,0.0,0.0
Nioh 3,Characters,9,8,1,0,88.89,11.11,0.0
Nioh 3,Level Design,21,18,3,0,85.71,14.29,0.0
Nioh 3,Music & Sound,3,3,0,0,100.0,0.0,0.0
Nioh 3,Difficulty,21,20,1,0,95.24,4.76,0.0
Nioh 3,Performance,10,8,2,0,80.0,20.0,0.0
Nioh 3,Replayability,13,13,0,0,100.0,0.0,0.0
Nioh: Bloodshed's End,Story,1,1,0,0,100.0,0.0,0.0
Nioh: Bloodshed's End,Level Design,1,0,1,0,0.0,100.0,0.0
Nioh: Bloodshed's End,Difficulty,1,1,0,0,100.0,0.0,0.0
Nioh: Bloodshed's End,Replayability,1,0,1,0,0.0,100.0,0.0
Nioh: Complete Edition,Gameplay,10,9,1,0,90.0,10.0,0.0
Nioh: Complete Edition,Story,2,2,0,0,100.0,0.0,0.0
Nioh: Complete Edition,Level Design,2,2,0,0,100.0,0.0,0.0
Nioh: Complete Edition,Difficulty,7,7,0,0,100.0,0.0,0.0
Nioh: Complete Edition,Performance,1,1,0,0,100.0,0.0,0.0
Nioh: Complete Edition,Replayability,3,2,1,0,66.67,33.33,0.0
No Man's Sky - Beyond,Gameplay,1,0,1,0,0.0,100.0,0.0
No Man's Sky - Beyond,Difficulty,1,0,1,0,0.0,100.0,0.0
No Man's Sky - Beyond,Performance,1,1,0,0,100.0,0.0,0.0
No More Heroes,Gameplay,14,11,3,0,78.57,21.43,0.0
No More Heroes,Story,5,4,1,0,80.0,20.0,0.0
No More Heroes,Characters,1,1,0,0,100.0,0.0,0.0
No More Heroes,Difficulty,2,2,0,0,100.0,0.0,0.0
No More Heroes,Performance,1,1,0,0,100.0,0.0,0.0
No More Heroes,Replayability,3,3,0,0,100.0,0.0,0.0
Nobody Saves the World,Gameplay,35,22,13,0,62.86,37.14,0.0
Nobody Saves the World,Story,10,7,3,0,70.0,30.0,0.0
Nobody Saves the World,Graphics,9,7,2,0,77.78,22.22,0.0
Nobody Saves the World,Characters,10,6,4,0,60.0,40.0,0.0
Nobody Saves the World,Level Design,9,7,2,0,77.78,22.22,0.0
Nobody Saves the World,Music & Sound,5,4,1,0,80.0,20.0,0.0
Nobody Saves the World,Difficulty,9,8,1,0,88.89,11.11,0.0
Nobody Saves the World,Replayability,4,3,1,0,75.0,25.0,0.0
Not For Broadcast,Gameplay,6,4,2,0,66.67,33.33,0.0
Not For Broadcast,Story,6,6,0,0,100.0,0.0,0.0
Not For Broadcast,Level Design,2,1,1,0,50.0,50.0,0.0
Not For Broadcast,Difficulty,1,0,1,0,0.0,100.0,0.0
Not For Broadcast,Replayability,3,2,1,0,66.67,33.33,0.0
Not for Broadcast VR,Gameplay,2,1,1,0,50.0,50.0,0.0
Not for Broadcast VR,Story,3,2,1,0,66.67,33.33,0.0
Nowhere Prophet,Gameplay,4,2,2,0,50.0,50.0,0.0
Nowhere Prophet,Story,3,3,0,0,100.0,0.0,0.0
Nowhere Prophet,Graphics,2,2,0,0,100.0,0.0,0.0
Nowhere Prophet,Characters,1,1,0,0,100.0,0.0,0.0
Nowhere Prophet,Difficulty,3,1,2,0,33.33,66.67,0.0
Nowhere Prophet,Replayability,2,1,1,0,50.0,50.0,0.0
Nuclear Throne,Gameplay,1,1,0,0,100.0,0.0,0.0
Nuclear Throne,Characters,3,3,0,0,100.0,0.0,0.0
Nuclear Throne,Level Design,2,2,0,0,100.0,0.0,0.0
Nuclear Throne,Difficulty,5,5,0,0,100.0,0.0,0.0
ONE BTN BOSSES,Gameplay,1,1,0,0,100.0,0.0,0.0
ONE BTN BOSSES,Story,1,0,1,0,0.0,100.0,0.0
ONE BTN BOSSES,Graphics,1,1,0,0,100.0,0.0,0.0
ONE BTN BOSSES,Music & Sound,1,1,0,0,100.0,0.0,0.0
ONE BTN BOSSES,Performance,1,1,0,0,100.0,0.0,0.0
ONE BTN BOSSES,Replayability,2,1,1,0,50.0,50.0,0.0
Octahedron,Gameplay,11,6,5,0,54.55,45.45,0.0
Octahedron,Graphics,5,3,2,0,60.0,40.0,0.0
Octahedron,Level Design,6,6,0,0,100.0,0.0,0.0
Octahedron,Music & Sound,6,6,0,0,100.0,0.0,0.0
Octahedron,Difficulty,9,7,2,0,77.78,22.22,0.0
Octahedron,Replayability,1,1,0,0,100.0,0.0,0.0
Octopath Traveler,Gameplay,45,37,8,0,82.22,17.78,0.0
Octopath Traveler,Story,34,26,8,0,76.47,23.53,0.0
Octopath Traveler,Graphics,18,14,4,0,77.78,22.22,0.0
Octopath Traveler,Characters,23,17,6,0,73.91,26.09,0.0
Octopath Traveler,Level Design,5,4,1,0,80.0,20.0,0.0
Octopath Traveler,Music & Sound,14,14,0,0,100.0,0.0,0.0
Octopath Traveler,Difficulty,7,6,1,0,85.71,14.29,0.0
Octopath Traveler,Performance,1,1,0,0,100.0,0.0,0.0
Octopath Traveler,Replayability,4,3,1,0,75.0,25.0,0.0
Octopath Traveler 0,Gameplay,64,52,12,0,81.25,18.75,0.0
Octopath Traveler 0,Story,62,47,15,0,75.81,24.19,0.0
Octopath Traveler 0,Graphics,20,16,4,0,80.0,20.0,0.0
Octopath Traveler 0,Characters,28,24,4,0,85.71,14.29,0.0
Octopath Traveler 0,Level Design,2,1,1,0,50.0,50.0,0.0
Octopath Traveler 0,Music & Sound,19,14,5,0,73.68,26.32,0.0
Octopath Traveler 0,Difficulty,5,2,3,0,40.0,60.0,0.0
Octopath Traveler 0,Performance,4,3,1,0,75.0,25.0,0.0
Octopath Traveler 0,Replayability,10,10,0,0,100.0,0.0,0.0
Octopath Traveler II,Gameplay,47,42,5,0,89.36,10.64,0.0
Octopath Traveler II,Story,22,20,2,0,90.91,9.09,0.0
Octopath Traveler II,Graphics,13,12,1,0,92.31,7.69,0.0
Octopath Traveler II,Characters,37,32,5,0,86.49,13.51,0.0
Octopath Traveler II,Level Design,3,3,0,0,100.0,0.0,0.0
Octopath Traveler II,Music & Sound,20,19,1,0,95.0,5.0,0.0
Octopath Traveler II,Difficulty,9,8,1,0,88.89,11.11,0.0
Octopath Traveler II,Performance,1,1,0,0,100.0,0.0,0.0
Octopath Traveler II,Replayability,6,6,0,0,100.0,0.0,0.0
Oculus Rift,Level Design,1,1,0,0,100.0,0.0,0.0
Oculus Rift,Difficulty,1,1,0,0,100.0,0.0,0.0
Oddworld: Abe's Oddysee - New 'n' Tasty,Gameplay,17,13,4,0,76.47,23.53,0.0
Oddworld: Abe's Oddysee - New 'n' Tasty,Story,4,4,0,0,100.0,0.0,0.0
Oddworld: Abe's Oddysee - New 'n' Tasty,Graphics,6,3,3,0,50.0,50.0,0.0
Oddworld: Abe's Oddysee - New 'n' Tasty,Characters,3,2,1,0,66.67,33.33,0.0
Oddworld: Abe's Oddysee - New 'n' Tasty,Level Design,3,2,1,0,66.67,33.33,0.0
Oddworld: Abe's Oddysee - New 'n' Tasty,Music & Sound,2,1,1,0,50.0,50.0,0.0
Oddworld: Abe's Oddysee - New 'n' Tasty,Difficulty,7,4,3,0,57.14,42.86,0.0
Oddworld: Abe's Oddysee - New 'n' Tasty,Performance,1,0,1,0,0.0,100.0,0.0
Oddworld: Abe's Oddysee - New 'n' Tasty,Replayability,3,2,0,1,66.67,0.0,33.33
Ode,Gameplay,5,5,0,0,100.0,0.0,0.0
Ode,Story,1,1,0,0,100.0,0.0,0.0
Ode,Graphics,2,2,0,0,100.0,0.0,0.0
Ode,Level Design,1,1,0,0,100.0,0.0,0.0
Ode,Music & Sound,8,7,1,0,87.5,12.5,0.0
Odin Sphere Leifthrasir,Gameplay,17,16,1,0,94.12,5.88,0.0
Odin Sphere Leifthrasir,Story,8,8,0,0,100.0,0.0,0.0
Odin Sphere Leifthrasir,Graphics,11,11,0,0,100.0,0.0,0.0
Odin Sphere Leifthrasir,Characters,4,4,0,0,100.0,0.0,0.0
Odin Sphere Leifthrasir,Level Design,2,2,0,0,100.0,0.0,0.0
Odin Sphere Leifthrasir,Music & Sound,2,2,0,0,100.0,0.0,0.0
Odin Sphere Leifthrasir,Difficulty,5,5,0,0,100.0,0.0,0.0
Odin Sphere Leifthrasir,Performance,1,1,0,0,100.0,0.0,0.0
Odin Sphere Leifthrasir,Replayability,5,5,0,0,100.0,0.0,0.0
Offworld Trading Company,Gameplay,3,1,2,0,33.33,66.67,0.0
Offworld Trading Company,Difficulty,4,3,1,0,75.0,25.0,0.0
Offworld Trading Company,Replayability,1,0,1,0,0.0,100.0,0.0
Okami HD,Gameplay,27,25,2,0,92.59,7.41,0.0
Okami HD,Story,13,12,1,0,92.31,7.69,0.0
Okami HD,Graphics,19,17,2,0,89.47,10.53,0.0
Okami HD,Characters,6,5,1,0,83.33,16.67,0.0
Okami HD,Level Design,3,3,0,0,100.0,0.0,0.0
Okami HD,Music & Sound,4,3,1,0,75.0,25.0,0.0
Okami HD,Difficulty,7,7,0,0,100.0,0.0,0.0
Okami HD,Performance,8,8,0,0,100.0,0.0,0.0
Okami HD,Replayability,5,4,1,0,80.0,20.0,0.0
Okinawa Rush,Gameplay,2,2,0,0,100.0,0.0,0.0
Okinawa Rush,Story,1,1,0,0,100.0,0.0,0.0
Okinawa Rush,Characters,1,1,0,0,100.0,0.0,0.0
Okinawa Rush,Music & Sound,2,1,1,0,50.0,50.0,0.0
Okinawa Rush,Difficulty,2,0,2,0,0.0,100.0,0.0
Okinawa Rush,Replayability,1,0,1,0,0.0,100.0,0.0
Okunoka Madness,Gameplay,5,4,1,0,80.0,20.0,0.0
Okunoka Madness,Story,1,1,0,0,100.0,0.0,0.0
Okunoka Madness,Graphics,4,3,1,0,75.0,25.0,0.0
Okunoka Madness,Level Design,4,3,1,0,75.0,25.0,0.0
Okunoka Madness,Music & Sound,1,1,0,0,100.0,0.0,0.0
Okunoka Madness,Difficulty,3,2,1,0,66.67,33.33,0.0
Okunoka Madness,Replayability,2,2,0,0,100.0,0.0,0.0
Old Skies,Gameplay,2,0,2,0,0.0,100.0,0.0
Old Skies,Story,15,11,4,0,73.33,26.67,0.0
Old Skies,Graphics,4,4,0,0,100.0,0.0,0.0
Old Skies,Characters,8,7,1,0,87.5,12.5,0.0
Old Skies,Level Design,1,0,1,0,0.0,100.0,0.0
Old Skies,Music & Sound,2,1,1,0,50.0,50.0,0.0
Old Skies,Difficulty,3,2,1,0,66.67,33.33,0.0
OlliOlli World,Gameplay,50,48,2,0,96.0,4.0,0.0
OlliOlli World,Story,10,10,0,0,100.0,0.0,0.0
OlliOlli World,Graphics,25,24,1,0,96.0,4.0,0.0
OlliOlli World,Characters,12,12,0,0,100.0,0.0,0.0
OlliOlli World,Level Design,33,32,1,0,96.97,3.03,0.0
OlliOlli World,Music & Sound,8,7,1,0,87.5,12.5,0.0
OlliOlli World,Difficulty,35,31,4,0,88.57,11.43,0.0
OlliOlli World,Performance,4,2,2,0,50.0,50.0,0.0
OlliOlli World,Replayability,13,13,0,0,100.0,0.0,0.0
OlliOlli World: Finding The Flowzone,Gameplay,1,1,0,0,100.0,0.0,0.0
OlliOlli World: Finding The Flowzone,Story,1,0,1,0,0.0,100.0,0.0
OlliOlli World: Finding The Flowzone,Level Design,2,2,0,0,100.0,0.0,0.0
OlliOlli World: Finding The Flowzone,Difficulty,2,2,0,0,100.0,0.0,0.0
OlliOlli World: Finding The Flowzone,Replayability,1,1,0,0,100.0,0.0,0.0
OlliOlli World: VOID Riders,Gameplay,3,3,0,0,100.0,0.0,0.0
OlliOlli World: VOID Riders,Story,2,2,0,0,100.0,0.0,0.0
OlliOlli World: VOID Riders,Graphics,1,1,0,0,100.0,0.0,0.0
OlliOlli World: VOID Riders,Characters,1,1,0,0,100.0,0.0,0.0
OlliOlli World: VOID Riders,Level Design,8,8,0,0,100.0,0.0,0.0
OlliOlli World: VOID Riders,Music & Sound,1,1,0,0,100.0,0.0,0.0
OlliOlli World: VOID Riders,Difficulty,2,2,0,0,100.0,0.0,0.0
OlliOlli World: VOID Riders,Replayability,2,2,0,0,100.0,0.0,0.0
OlliOlli2: Welcome to Olliwood,Gameplay,7,7,0,0,100.0,0.0,0.0
OlliOlli2: Welcome to Olliwood,Graphics,2,1,1,0,50.0,50.0,0.0
OlliOlli2: Welcome to Olliwood,Level Design,5,3,2,0,60.0,40.0,0.0
OlliOlli2: Welcome to Olliwood,Music & Sound,2,2,0,0,100.0,0.0,0.0
OlliOlli2: Welcome to Olliwood,Difficulty,9,8,1,0,88.89,11.11,0.0
OlliOlli2: Welcome to Olliwood,Performance,1,1,0,0,100.0,0.0,0.0
OlliOlli2: Welcome to Olliwood,Replayability,3,3,0,0,100.0,0.0,0.0
Omori,Gameplay,4,4,0,0,100.0,0.0,0.0
Omori,Story,5,5,0,0,100.0,0.0,0.0
Omori,Characters,4,3,1,0,75.0,25.0,0.0
Omori,Difficulty,4,4,0,0,100.0,0.0,0.0
Omori,Replayability,1,1,0,0,100.0,0.0,0.0
Once Upon a Jester...,Gameplay,4,3,1,0,75.0,25.0,0.0
Once Upon a Jester...,Story,7,7,0,0,100.0,0.0,0.0
Once Upon a Jester...,Characters,3,3,0,0,100.0,0.0,0.0
Once Upon a Jester...,Music & Sound,5,5,0,0,100.0,0.0,0.0
Once Upon a Jester...,Replayability,3,3,0,0,100.0,0.0,0.0
Once Upon a Katamari,Gameplay,24,20,4,0,83.33,16.67,0.0
Once Upon a Katamari,Story,4,4,0,0,100.0,0.0,0.0
Once Upon a Katamari,Graphics,5,4,1,0,80.0,20.0,0.0
Once Upon a Katamari,Characters,3,3,0,0,100.0,0.0,0.0
Once Upon a Katamari,Level Design,8,6,2,0,75.0,25.0,0.0
Once Upon a Katamari,Music & Sound,16,13,3,0,81.25,18.75,0.0
Once Upon a Katamari,Difficulty,16,13,3,0,81.25,18.75,0.0
Once Upon a Katamari,Performance,6,5,1,0,83.33,16.67,0.0
Once Upon a Katamari,Replayability,7,7,0,0,100.0,0.0,0.0
One Dreamer,Story,2,2,0,0,100.0,0.0,0.0
One Dreamer,Music & Sound,1,1,0,0,100.0,0.0,0.0
One Finger Death Punch 2,Gameplay,5,5,0,0,100.0,0.0,0.0
One Finger Death Punch 2,Graphics,2,1,1,0,50.0,50.0,0.0
One Finger Death Punch 2,Level Design,4,4,0,0,100.0,0.0,0.0
One Finger Death Punch 2,Music & Sound,1,1,0,0,100.0,0.0,0.0
One Finger Death Punch 2,Difficulty,2,2,0,0,100.0,0.0,0.0
OneShot,Gameplay,3,1,2,0,33.33,66.67,0.0
OneShot,Story,4,3,1,0,75.0,25.0,0.0
OneShot,Graphics,2,2,0,0,100.0,0.0,0.0
OneShot,Characters,3,3,0,0,100.0,0.0,0.0
OneShot,Level Design,1,1,0,0,100.0,0.0,0.0
Opus: Prism Peak,Gameplay,16,15,1,0,93.75,6.25,0.0
Opus: Prism Peak,Story,28,27,1,0,96.43,3.57,0.0
Opus: Prism Peak,Graphics,9,9,0,0,100.0,0.0,0.0
Opus: Prism Peak,Characters,11,11,0,0,100.0,0.0,0.0
Opus: Prism Peak,Music & Sound,2,2,0,0,100.0,0.0,0.0
Opus: Prism Peak,Difficulty,5,4,1,0,80.0,20.0,0.0
Opus: Prism Peak,Performance,1,0,1,0,0.0,100.0,0.0
Orcs Must Die!,Gameplay,2,2,0,0,100.0,0.0,0.0
Orcs Must Die!,Difficulty,1,1,0,0,100.0,0.0,0.0
Orcs Must Die!,Replayability,1,1,0,0,100.0,0.0,0.0
Orcs Must Die: Unchained,Gameplay,4,4,0,0,100.0,0.0,0.0
Orcs Must Die: Unchained,Graphics,1,1,0,0,100.0,0.0,0.0
Orcs Must Die: Unchained,Characters,1,1,0,0,100.0,0.0,0.0
Order of Battle: Pacific,Difficulty,2,2,0,0,100.0,0.0,0.0
Ori and the Blind Forest,Gameplay,31,28,3,0,90.32,9.68,0.0
Ori and the Blind Forest,Story,19,17,2,0,89.47,10.53,0.0
Ori and the Blind Forest,Graphics,10,9,1,0,90.0,10.0,0.0
Ori and the Blind Forest,Characters,1,1,0,0,100.0,0.0,0.0
Ori and the Blind Forest,Level Design,6,6,0,0,100.0,0.0,0.0
Ori and the Blind Forest,Music & Sound,9,8,1,0,88.89,11.11,0.0
Ori and the Blind Forest,Difficulty,26,22,4,0,84.62,15.38,0.0
Ori and the Blind Forest,Performance,2,0,2,0,0.0,100.0,0.0
Ori and the Blind Forest,Replayability,2,1,1,0,50.0,50.0,0.0
Ori and the Blind Forest: Definitive Edition,Gameplay,10,9,1,0,90.0,10.0,0.0
Ori and the Blind Forest: Definitive Edition,Story,5,5,0,0,100.0,0.0,0.0
Ori and the Blind Forest: Definitive Edition,Graphics,6,6,0,0,100.0,0.0,0.0
Ori and the Blind Forest: Definitive Edition,Characters,1,1,0,0,100.0,0.0,0.0
Ori and the Blind Forest: Definitive Edition,Level Design,4,4,0,0,100.0,0.0,0.0
Ori and the Blind Forest: Definitive Edition,Music & Sound,3,3,0,0,100.0,0.0,0.0
Ori and the Blind Forest: Definitive Edition,Difficulty,7,7,0,0,100.0,0.0,0.0
Ori and the Blind Forest: Definitive Edition,Replayability,6,5,1,0,83.33,16.67,0.0
Ori and the Will of the Wisps,Gameplay,53,49,4,0,92.45,7.55,0.0
Ori and the Will of the Wisps,Story,24,24,0,0,100.0,0.0,0.0
Ori and the Will of the Wisps,Graphics,18,17,1,0,94.44,5.56,0.0
Ori and the Will of the Wisps,Characters,8,8,0,0,100.0,0.0,0.0
Ori and the Will of the Wisps,Level Design,10,10,0,0,100.0,0.0,0.0
Ori and the Will of the Wisps,Music & Sound,19,19,0,0,100.0,0.0,0.0
Ori and the Will of the Wisps,Difficulty,18,18,0,0,100.0,0.0,0.0
Ori and the Will of the Wisps,Performance,22,20,2,0,90.91,9.09,0.0
Orwell - Keeping an Eye on You,Gameplay,2,2,0,0,100.0,0.0,0.0
Orwell - Keeping an Eye on You,Story,4,3,1,0,75.0,25.0,0.0
Orwell - Keeping an Eye on You,Graphics,1,1,0,0,100.0,0.0,0.0
Orwell - Keeping an Eye on You,Difficulty,1,0,1,0,0.0,100.0,0.0
Orwell - Keeping an Eye on You,Replayability,2,2,0,0,100.0,0.0,0.0
Out of the Park Baseball 15,Gameplay,1,1,0,0,100.0,0.0,0.0
Out of the Park Baseball 16,Gameplay,1,1,0,0,100.0,0.0,0.0
Out of the Park Baseball 16,Difficulty,1,1,0,0,100.0,0.0,0.0
Outer Wilds,Gameplay,20,17,3,0,85.0,15.0,0.0
Outer Wilds,Story,8,6,2,0,75.0,25.0,0.0
Outer Wilds,Graphics,1,1,0,0,100.0,0.0,0.0
Outer Wilds,Level Design,2,2,0,0,100.0,0.0,0.0
Outer Wilds,Music & Sound,3,3,0,0,100.0,0.0,0.0
Outer Wilds,Difficulty,1,1,0,0,100.0,0.0,0.0
Outer Wilds,Performance,3,3,0,0,100.0,0.0,0.0
Outer Wilds: Echoes of the Eye,Gameplay,1,0,1,0,0.0,100.0,0.0
Outer Wilds: Echoes of the Eye,Story,1,1,0,0,100.0,0.0,0.0
Overboard!,Gameplay,3,3,0,0,100.0,0.0,0.0
Overboard!,Story,9,8,1,0,88.89,11.11,0.0
Overboard!,Graphics,5,4,1,0,80.0,20.0,0.0
Overboard!,Characters,4,4,0,0,100.0,0.0,0.0
Overboard!,Music & Sound,3,3,0,0,100.0,0.0,0.0
Overboard!,Replayability,2,2,0,0,100.0,0.0,0.0
Overcooked 2,Gameplay,20,19,1,0,95.0,5.0,0.0
Overcooked 2,Story,5,5,0,0,100.0,0.0,0.0
Overcooked 2,Graphics,6,4,2,0,66.67,33.33,0.0
Overcooked 2,Characters,2,2,0,0,100.0,0.0,0.0
Overcooked 2,Level Design,22,20,2,0,90.91,9.09,0.0
Overcooked 2,Music & Sound,3,3,0,0,100.0,0.0,0.0
Overcooked 2,Difficulty,14,10,4,0,71.43,28.57,0.0
Overcooked 2,Performance,2,1,1,0,50.0,50.0,0.0
Overcooked 2,Replayability,5,3,2,0,60.0,40.0,0.0
Overcooked 2 - Surf 'n' Turf,Gameplay,4,2,2,0,50.0,50.0,0.0
Overcooked 2 - Surf 'n' Turf,Story,1,0,1,0,0.0,100.0,0.0
Overcooked 2 - Surf 'n' Turf,Graphics,1,1,0,0,100.0,0.0,0.0
Overcooked 2 - Surf 'n' Turf,Level Design,6,3,3,0,50.0,50.0,0.0
Overcooked 2 - Surf 'n' Turf,Music & Sound,1,1,0,0,100.0,0.0,0.0
Overcooked 2 - Surf 'n' Turf,Difficulty,6,4,2,0,66.67,33.33,0.0
Overcooked 2 - Surf 'n' Turf,Performance,1,0,1,0,0.0,100.0,0.0
Overcooked 2 - Surf 'n' Turf,Replayability,4,2,2,0,50.0,50.0,0.0
Overcooked! All You Can Eat,Gameplay,2,1,1,0,50.0,50.0,0.0
Overcooked! All You Can Eat,Graphics,5,4,0,1,80.0,0.0,20.0
Overcooked! All You Can Eat,Level Design,3,3,0,0,100.0,0.0,0.0
Overcooked! All You Can Eat,Music & Sound,1,1,0,0,100.0,0.0,0.0
Overcooked! All You Can Eat,Difficulty,2,1,1,0,50.0,50.0,0.0
Overcooked! All You Can Eat,Performance,4,4,0,0,100.0,0.0,0.0
Overcooked! All You Can Eat,Replayability,17,16,0,1,94.12,0.0,5.88
Overfall,Gameplay,3,2,1,0,66.67,33.33,0.0
Overfall,Story,1,1,0,0,100.0,0.0,0.0
Overfall,Characters,1,0,1,0,0.0,100.0,0.0
Overfall,Difficulty,1,1,0,0,100.0,0.0,0.0
Overfall,Replayability,1,0,1,0,0.0,100.0,0.0
Overwatch,Gameplay,23,21,2,0,91.3,8.7,0.0
Overwatch,Story,4,4,0,0,100.0,0.0,0.0
Overwatch,Graphics,7,7,0,0,100.0,0.0,0.0
Overwatch,Characters,20,20,0,0,100.0,0.0,0.0
Overwatch,Level Design,7,7,0,0,100.0,0.0,0.0
Overwatch,Music & Sound,3,3,0,0,100.0,0.0,0.0
Overwatch,Difficulty,7,6,1,0,85.71,14.29,0.0
Overwatch,Performance,16,16,0,0,100.0,0.0,0.0
Overwatch,Replayability,10,9,1,0,90.0,10.0,0.0
Owlboy,Gameplay,35,33,2,0,94.29,5.71,0.0
Owlboy,Story,34,33,1,0,97.06,2.94,0.0
Owlboy,Graphics,25,24,1,0,96.0,4.0,0.0
Owlboy,Characters,27,27,0,0,100.0,0.0,0.0
Owlboy,Level Design,6,6,0,0,100.0,0.0,0.0
Owlboy,Music & Sound,20,19,1,0,95.0,5.0,0.0
Owlboy,Difficulty,7,7,0,0,100.0,0.0,0.0
Owlboy,Replayability,1,0,1,0,0.0,100.0,0.0
Oxenfree,Gameplay,15,9,6,0,60.0,40.0,0.0
Oxenfree,Story,49,40,9,0,81.63,18.37,0.0
Oxenfree,Graphics,2,2,0,0,100.0,0.0,0.0
Oxenfree,Characters,27,20,7,0,74.07,25.93,0.0
Oxenfree,Level Design,3,2,1,0,66.67,33.33,0.0
Oxenfree,Music & Sound,7,7,0,0,100.0,0.0,0.0
Oxenfree,Difficulty,4,3,1,0,75.0,25.0,0.0
Oxenfree,Performance,1,0,1,0,0.0,100.0,0.0
Oxenfree,Replayability,1,1,0,0,100.0,0.0,0.0
PARANORMASIGHT: The Mermaid's Curse,Gameplay,6,5,1,0,83.33,16.67,0.0
PARANORMASIGHT: The Mermaid's Curse,Story,14,12,2,0,85.71,14.29,0.0
PARANORMASIGHT: The Mermaid's Curse,Graphics,13,11,2,0,84.62,15.38,0.0
PARANORMASIGHT: The Mermaid's Curse,Characters,8,7,1,0,87.5,12.5,0.0
PARANORMASIGHT: The Mermaid's Curse,Music & Sound,4,4,0,0,100.0,0.0,0.0
PARANORMASIGHT: The Mermaid's Curse,Difficulty,3,3,0,0,100.0,0.0,0.0
PARANORMASIGHT: The Mermaid's Curse,Performance,1,1,0,0,100.0,0.0,0.0
PARANORMASIGHT: The Seven Mysteries of Honjo,Gameplay,8,5,2,1,62.5,25.0,12.5
PARANORMASIGHT: The Seven Mysteries of Honjo,Story,18,17,0,1,94.44,0.0,5.56
PARANORMASIGHT: The Seven Mysteries of Honjo,Graphics,20,19,1,0,95.0,5.0,0.0
PARANORMASIGHT: The Seven Mysteries of Honjo,Characters,7,7,0,0,100.0,0.0,0.0
PARANORMASIGHT: The Seven Mysteries of Honjo,Music & Sound,1,1,0,0,100.0,0.0,0.0
PARANORMASIGHT: The Seven Mysteries of Honjo,Difficulty,8,7,1,0,87.5,12.5,0.0
PEAK,Gameplay,1,1,0,0,100.0,0.0,0.0
PEAK,Level Design,1,1,0,0,100.0,0.0,0.0
PEAK,Difficulty,1,1,0,0,100.0,0.0,0.0
PEAK,Performance,2,2,0,0,100.0,0.0,0.0
PGA TOUR 2K25,Gameplay,15,12,3,0,80.0,20.0,0.0
PGA TOUR 2K25,Graphics,12,10,2,0,83.33,16.67,0.0
PGA TOUR 2K25,Level Design,4,4,0,0,100.0,0.0,0.0
PGA TOUR 2K25,Music & Sound,4,3,1,0,75.0,25.0,0.0
PGA TOUR 2K25,Difficulty,3,2,1,0,66.67,33.33,0.0
PGA TOUR 2K25,Performance,7,2,5,0,28.57,71.43,0.0
PGA TOUR 2K25,Replayability,8,4,4,0,50.0,50.0,0.0
POPUCOM,Gameplay,6,6,0,0,100.0,0.0,0.0
POPUCOM,Story,1,1,0,0,100.0,0.0,0.0
POPUCOM,Level Design,2,2,0,0,100.0,0.0,0.0
POPUCOM,Difficulty,4,4,0,0,100.0,0.0,0.0
POPUCOM,Replayability,1,1,0,0,100.0,0.0,0.0
Pacific Drive: Whispers in the Woods,Gameplay,2,2,0,0,100.0,0.0,0.0
Pacific Drive: Whispers in the Woods,Story,1,1,0,0,100.0,0.0,0.0
Pacific Drive: Whispers in the Woods,Characters,1,1,0,0,100.0,0.0,0.0
Pacific Drive: Whispers in the Woods,Level Design,1,1,0,0,100.0,0.0,0.0
Pacific Drive: Whispers in the Woods,Music & Sound,1,1,0,0,100.0,0.0,0.0
Pacific Drive: Whispers in the Woods,Performance,1,1,0,0,100.0,0.0,0.0
Pacific Drive: Whispers in the Woods,Replayability,3,3,0,0,100.0,0.0,0.0
Panzer Corps 2,Gameplay,1,1,0,0,100.0,0.0,0.0
Panzer Corps 2,Graphics,2,1,1,0,50.0,50.0,0.0
Panzer Corps 2,Level Design,1,1,0,0,100.0,0.0,0.0
Panzer Corps 2,Performance,1,1,0,0,100.0,0.0,0.0
Panzer Corps 2,Replayability,1,1,0,0,100.0,0.0,0.0
Panzer Paladin,Gameplay,12,9,2,1,75.0,16.67,8.33
Panzer Paladin,Story,1,1,0,0,100.0,0.0,0.0
Panzer Paladin,Graphics,3,2,0,1,66.67,0.0,33.33
Panzer Paladin,Level Design,7,5,1,1,71.43,14.29,14.29
Panzer Paladin,Music & Sound,4,2,2,0,50.0,50.0,0.0
Panzer Paladin,Difficulty,5,3,1,1,60.0,20.0,20.0
Panzer Paladin,Replayability,3,3,0,0,100.0,0.0,0.0
Paper Beast,Gameplay,6,2,4,0,33.33,66.67,0.0
Paper Beast,Story,5,3,2,0,60.0,40.0,0.0
Paper Beast,Graphics,2,0,2,0,0.0,100.0,0.0
Paper Beast,Level Design,2,1,1,0,50.0,50.0,0.0
Paper Beast,Music & Sound,1,0,1,0,0.0,100.0,0.0
Paper Beast,Replayability,1,0,1,0,0.0,100.0,0.0
Paper Mario: The Thousand-Year Door,Gameplay,28,27,1,0,96.43,3.57,0.0
Paper Mario: The Thousand-Year Door,Story,22,20,2,0,90.91,9.09,0.0
Paper Mario: The Thousand-Year Door,Graphics,24,23,1,0,95.83,4.17,0.0
Paper Mario: The Thousand-Year Door,Characters,13,13,0,0,100.0,0.0,0.0
Paper Mario: The Thousand-Year Door,Level Design,2,2,0,0,100.0,0.0,0.0
Paper Mario: The Thousand-Year Door,Music & Sound,11,11,0,0,100.0,0.0,0.0
Paper Mario: The Thousand-Year Door,Difficulty,8,7,1,0,87.5,12.5,0.0
Paper Mario: The Thousand-Year Door,Performance,4,4,0,0,100.0,0.0,0.0
Paper Mario: The Thousand-Year Door,Replayability,8,7,1,0,87.5,12.5,0.0
Paradigm,Gameplay,1,1,0,0,100.0,0.0,0.0
Paradigm,Story,1,1,0,0,100.0,0.0,0.0
Paradigm,Characters,1,1,0,0,100.0,0.0,0.0
Paradigm,Difficulty,1,1,0,0,100.0,0.0,0.0
Paradise Killer,Gameplay,11,9,2,0,81.82,18.18,0.0
Paradise Killer,Story,13,8,5,0,61.54,38.46,0.0
Paradise Killer,Graphics,4,3,1,0,75.0,25.0,0.0
Paradise Killer,Characters,15,12,3,0,80.0,20.0,0.0
Paradise Killer,Level Design,2,1,1,0,50.0,50.0,0.0
Paradise Killer,Music & Sound,6,5,1,0,83.33,16.67,0.0
Paradise Killer,Difficulty,3,2,1,0,66.67,33.33,0.0
Paradise Killer,Performance,1,1,0,0,100.0,0.0,0.0
Parking Garage Rally Circuit,Gameplay,1,1,0,0,100.0,0.0,0.0
Parking Garage Rally Circuit,Graphics,1,1,0,0,100.0,0.0,0.0
Parking Garage Rally Circuit,Music & Sound,1,1,0,0,100.0,0.0,0.0
Parking Garage Rally Circuit,Difficulty,2,2,0,0,100.0,0.0,0.0
Parking Garage Rally Circuit,Replayability,1,0,1,0,0.0,100.0,0.0
Parkitect,Gameplay,1,1,0,0,100.0,0.0,0.0
Parkitect,Difficulty,1,1,0,0,100.0,0.0,0.0
Patch Quest,Gameplay,3,2,1,0,66.67,33.33,0.0
Patch Quest,Difficulty,2,1,1,0,50.0,50.0,0.0
Path of Exile 2,Gameplay,2,1,1,0,50.0,50.0,0.0
Path of Exile 2,Characters,2,1,1,0,50.0,50.0,0.0
Path of Exile 2,Level Design,3,3,0,0,100.0,0.0,0.0
Path of Exile 2,Difficulty,3,3,0,0,100.0,0.0,0.0
Path of Exile 2,Performance,2,1,1,0,50.0,50.0,0.0
Path of Exile 2,Replayability,1,1,0,0,100.0,0.0,0.0
Path of Exile: The Fall of Oriath,Gameplay,1,1,0,0,100.0,0.0,0.0
Path of Exile: The Fall of Oriath,Story,2,2,0,0,100.0,0.0,0.0
Path of Exile: The Fall of Oriath,Characters,3,3,0,0,100.0,0.0,0.0
Path of Exile: The Fall of Oriath,Difficulty,1,1,0,0,100.0,0.0,0.0
Path of Exile: The Fall of Oriath,Performance,1,1,0,0,100.0,0.0,0.0
Path of Exile: The Fall of Oriath,Replayability,1,1,0,0,100.0,0.0,0.0
Path of the Midnight Sun,Gameplay,3,3,0,0,100.0,0.0,0.0
Path of the Midnight Sun,Story,1,1,0,0,100.0,0.0,0.0
Path of the Midnight Sun,Characters,2,2,0,0,100.0,0.0,0.0
Pathfinder: Wrath of the Righteous,Gameplay,20,14,6,0,70.0,30.0,0.0
Pathfinder: Wrath of the Righteous,Story,17,14,3,0,82.35,17.65,0.0
Pathfinder: Wrath of the Righteous,Characters,7,6,1,0,85.71,14.29,0.0
Pathfinder: Wrath of the Righteous,Music & Sound,1,1,0,0,100.0,0.0,0.0
Pathfinder: Wrath of the Righteous,Difficulty,4,4,0,0,100.0,0.0,0.0
Pathfinder: Wrath of the Righteous,Performance,9,7,2,0,77.78,22.22,0.0
Pathfinder: Wrath of the Righteous,Replayability,9,8,1,0,88.89,11.11,0.0
Patrick's Parabox,Gameplay,1,1,0,0,100.0,0.0,0.0
Patrick's Parabox,Level Design,2,2,0,0,100.0,0.0,0.0
Patrick's Parabox,Music & Sound,1,1,0,0,100.0,0.0,0.0
Patrick's Parabox,Difficulty,3,3,0,0,100.0,0.0,0.0
Pentiment,Gameplay,17,14,3,0,82.35,17.65,0.0
Pentiment,Story,78,69,9,0,88.46,11.54,0.0
Pentiment,Graphics,14,12,2,0,85.71,14.29,0.0
Pentiment,Characters,25,22,3,0,88.0,12.0,0.0
Pentiment,Level Design,2,1,1,0,50.0,50.0,0.0
Pentiment,Music & Sound,4,3,1,0,75.0,25.0,0.0
Pentiment,Difficulty,5,5,0,0,100.0,0.0,0.0
Pentiment,Performance,2,2,0,0,100.0,0.0,0.0
Pentiment,Replayability,4,3,1,0,75.0,25.0,0.0
Perfect Tides: Station to Station,Gameplay,4,4,0,0,100.0,0.0,0.0
Perfect Tides: Station to Station,Story,10,10,0,0,100.0,0.0,0.0
Perfect Tides: Station to Station,Graphics,1,1,0,0,100.0,0.0,0.0
Perfect Tides: Station to Station,Characters,2,2,0,0,100.0,0.0,0.0
Perfect Tides: Station to Station,Difficulty,3,3,0,0,100.0,0.0,0.0
Persona 3 Portable,Gameplay,17,13,4,0,76.47,23.53,0.0
Persona 3 Portable,Story,13,9,4,0,69.23,30.77,0.0
Persona 3 Portable,Graphics,6,5,1,0,83.33,16.67,0.0
Persona 3 Portable,Characters,16,13,3,0,81.25,18.75,0.0
Persona 3 Portable,Level Design,3,1,2,0,33.33,66.67,0.0
Persona 3 Portable,Music & Sound,7,5,2,0,71.43,28.57,0.0
Persona 3 Portable,Difficulty,4,3,1,0,75.0,25.0,0.0
Persona 3 Portable,Performance,1,1,0,0,100.0,0.0,0.0
Persona 3 Portable,Replayability,9,7,2,0,77.78,22.22,0.0
Persona 3 Reload,Gameplay,57,53,4,0,92.98,7.02,0.0
Persona 3 Reload,Story,52,47,5,0,90.38,9.62,0.0
Persona 3 Reload,Graphics,32,29,3,0,90.62,9.38,0.0
Persona 3 Reload,Characters,29,27,2,0,93.1,6.9,0.0
Persona 3 Reload,Level Design,1,1,0,0,100.0,0.0,0.0
Persona 3 Reload,Music & Sound,12,11,1,0,91.67,8.33,0.0
Persona 3 Reload,Difficulty,10,6,4,0,60.0,40.0,0.0
Persona 3 Reload,Performance,9,7,1,1,77.78,11.11,11.11
Persona 3 Reload,Replayability,21,17,4,0,80.95,19.05,0.0
Persona 4 Golden,Gameplay,21,21,0,0,100.0,0.0,0.0
Persona 4 Golden,Story,28,28,0,0,100.0,0.0,0.0
Persona 4 Golden,Graphics,13,13,0,0,100.0,0.0,0.0
Persona 4 Golden,Characters,18,18,0,0,100.0,0.0,0.0
Persona 4 Golden,Level Design,2,2,0,0,100.0,0.0,0.0
Persona 4 Golden,Music & Sound,13,12,1,0,92.31,7.69,0.0
Persona 4 Golden,Difficulty,10,9,1,0,90.0,10.0,0.0
Persona 4 Golden,Performance,5,4,1,0,80.0,20.0,0.0
Persona 4 Golden,Replayability,6,5,1,0,83.33,16.67,0.0
Persona 5,Gameplay,39,39,0,0,100.0,0.0,0.0
Persona 5,Story,42,42,0,0,100.0,0.0,0.0
Persona 5,Graphics,18,18,0,0,100.0,0.0,0.0
Persona 5,Characters,18,18,0,0,100.0,0.0,0.0
Persona 5,Level Design,7,7,0,0,100.0,0.0,0.0
Persona 5,Music & Sound,16,16,0,0,100.0,0.0,0.0
Persona 5,Difficulty,4,4,0,0,100.0,0.0,0.0
Persona 5,Performance,1,1,0,0,100.0,0.0,0.0
Persona 5,Replayability,7,7,0,0,100.0,0.0,0.0
Persona 5 Royal,Gameplay,31,30,1,0,96.77,3.23,0.0
Persona 5 Royal,Story,37,35,2,0,94.59,5.41,0.0
Persona 5 Royal,Graphics,10,9,1,0,90.0,10.0,0.0
Persona 5 Royal,Characters,27,25,2,0,92.59,7.41,0.0
Persona 5 Royal,Level Design,5,5,0,0,100.0,0.0,0.0
Persona 5 Royal,Music & Sound,11,10,1,0,90.91,9.09,0.0
Persona 5 Royal,Difficulty,10,8,2,0,80.0,20.0,0.0
Persona 5 Royal,Performance,6,6,0,0,100.0,0.0,0.0
Persona 5 Royal,Replayability,29,29,0,0,100.0,0.0,0.0
Persona 5 Strikers,Gameplay,56,49,7,0,87.5,12.5,0.0
Persona 5 Strikers,Story,44,38,6,0,86.36,13.64,0.0
Persona 5 Strikers,Graphics,6,6,0,0,100.0,0.0,0.0
Persona 5 Strikers,Characters,27,25,2,0,92.59,7.41,0.0
Persona 5 Strikers,Level Design,5,5,0,0,100.0,0.0,0.0
Persona 5 Strikers,Music & Sound,9,8,1,0,88.89,11.11,0.0
Persona 5 Strikers,Difficulty,9,6,3,0,66.67,33.33,0.0
Persona 5 Strikers,Replayability,7,5,2,0,71.43,28.57,0.0
Persona Q2: New Cinema Labyrinth,Gameplay,8,8,0,0,100.0,0.0,0.0
Persona Q2: New Cinema Labyrinth,Story,6,5,1,0,83.33,16.67,0.0
Persona Q2: New Cinema Labyrinth,Characters,7,7,0,0,100.0,0.0,0.0
Persona Q2: New Cinema Labyrinth,Level Design,3,2,1,0,66.67,33.33,0.0
Persona Q2: New Cinema Labyrinth,Music & Sound,2,2,0,0,100.0,0.0,0.0
Persona Q2: New Cinema Labyrinth,Difficulty,4,3,1,0,75.0,25.0,0.0
Persona Q2: New Cinema Labyrinth,Replayability,2,2,0,0,100.0,0.0,0.0
Persona Q: Shadow of the Labyrinth,Gameplay,8,7,1,0,87.5,12.5,0.0
Persona Q: Shadow of the Labyrinth,Story,6,5,1,0,83.33,16.67,0.0
Persona Q: Shadow of the Labyrinth,Graphics,2,2,0,0,100.0,0.0,0.0
Persona Q: Shadow of the Labyrinth,Characters,8,6,2,0,75.0,25.0,0.0
Persona Q: Shadow of the Labyrinth,Level Design,2,1,1,0,50.0,50.0,0.0
Persona Q: Shadow of the Labyrinth,Music & Sound,2,2,0,0,100.0,0.0,0.0
Persona Q: Shadow of the Labyrinth,Difficulty,6,4,2,0,66.67,33.33,0.0
Persona Q: Shadow of the Labyrinth,Replayability,2,2,0,0,100.0,0.0,0.0
Phantom Brave,Gameplay,3,1,2,0,33.33,66.67,0.0
Phantom Brave,Story,1,1,0,0,100.0,0.0,0.0
Phantom Brave,Characters,2,1,1,0,50.0,50.0,0.0
Phoenix Wright: Ace Attorney - Spirit of Justice,Gameplay,11,10,1,0,90.91,9.09,0.0
Phoenix Wright: Ace Attorney - Spirit of Justice,Story,20,14,6,0,70.0,30.0,0.0
Phoenix Wright: Ace Attorney - Spirit of Justice,Graphics,6,4,2,0,66.67,33.33,0.0
Phoenix Wright: Ace Attorney - Spirit of Justice,Characters,19,17,2,0,89.47,10.53,0.0
Phoenix Wright: Ace Attorney - Spirit of Justice,Level Design,1,1,0,0,100.0,0.0,0.0
Phoenix Wright: Ace Attorney - Spirit of Justice,Music & Sound,6,6,0,0,100.0,0.0,0.0
Phoenix Wright: Ace Attorney - Spirit of Justice,Difficulty,5,3,2,0,60.0,40.0,0.0
Phoenix Wright: Ace Attorney Trilogy,Gameplay,5,5,0,0,100.0,0.0,0.0
Phoenix Wright: Ace Attorney Trilogy,Story,13,11,2,0,84.62,15.38,0.0
Phoenix Wright: Ace Attorney Trilogy,Graphics,18,17,1,0,94.44,5.56,0.0
Phoenix Wright: Ace Attorney Trilogy,Characters,13,12,1,0,92.31,7.69,0.0
Phoenix Wright: Ace Attorney Trilogy,Music & Sound,3,2,1,0,66.67,33.33,0.0
Phoenix Wright: Ace Attorney Trilogy,Difficulty,2,2,0,0,100.0,0.0,0.0
Phoenix Wright: Ace Attorney Trilogy,Replayability,4,4,0,0,100.0,0.0,0.0
Phonopolis,Gameplay,1,1,0,0,100.0,0.0,0.0
Phonopolis,Story,2,2,0,0,100.0,0.0,0.0
Phonopolis,Characters,2,1,1,0,50.0,50.0,0.0
Phonopolis,Difficulty,1,1,0,0,100.0,0.0,0.0
Phonopolis,Replayability,1,1,0,0,100.0,0.0,0.0
Picross 3D Round 2,Graphics,1,1,0,0,100.0,0.0,0.0
Picross 3D Round 2,Music & Sound,1,1,0,0,100.0,0.0,0.0
Picross 3D Round 2,Difficulty,3,3,0,0,100.0,0.0,0.0
Picross 3D Round 2,Replayability,1,1,0,0,100.0,0.0,0.0
Pieced Together,Gameplay,1,1,0,0,100.0,0.0,0.0
Pieced Together,Story,2,2,0,0,100.0,0.0,0.0
Pieced Together,Level Design,1,1,0,0,100.0,0.0,0.0
Pieced Together,Replayability,1,0,1,0,0.0,100.0,0.0
Pig Eat Ball,Gameplay,1,0,1,0,0.0,100.0,0.0
Pig Eat Ball,Characters,2,1,1,0,50.0,50.0,0.0
Pikmin 3 Deluxe,Gameplay,13,12,1,0,92.31,7.69,0.0
Pikmin 3 Deluxe,Story,5,5,0,0,100.0,0.0,0.0
Pikmin 3 Deluxe,Graphics,5,5,0,0,100.0,0.0,0.0
Pikmin 3 Deluxe,Characters,1,1,0,0,100.0,0.0,0.0
Pikmin 3 Deluxe,Level Design,4,4,0,0,100.0,0.0,0.0
Pikmin 3 Deluxe,Music & Sound,1,1,0,0,100.0,0.0,0.0
Pikmin 3 Deluxe,Difficulty,7,7,0,0,100.0,0.0,0.0
Pikmin 3 Deluxe,Performance,2,2,0,0,100.0,0.0,0.0
Pikmin 3 Deluxe,Replayability,14,13,1,0,92.86,7.14,0.0
Pikmin 4,Gameplay,37,36,1,0,97.3,2.7,0.0
Pikmin 4,Story,8,7,1,0,87.5,12.5,0.0
Pikmin 4,Graphics,4,4,0,0,100.0,0.0,0.0
Pikmin 4,Characters,4,4,0,0,100.0,0.0,0.0
Pikmin 4,Level Design,8,7,1,0,87.5,12.5,0.0
Pikmin 4,Difficulty,21,21,0,0,100.0,0.0,0.0
Pikmin 4,Performance,2,2,0,0,100.0,0.0,0.0
Pikmin 4,Replayability,7,6,1,0,85.71,14.29,0.0
Pillars of Eternity,Gameplay,15,14,1,0,93.33,6.67,0.0
Pillars of Eternity,Story,19,18,1,0,94.74,5.26,0.0
Pillars of Eternity,Characters,4,4,0,0,100.0,0.0,0.0
Pillars of Eternity,Level Design,2,2,0,0,100.0,0.0,0.0
Pillars of Eternity,Music & Sound,1,1,0,0,100.0,0.0,0.0
Pillars of Eternity,Difficulty,6,6,0,0,100.0,0.0,0.0
Pillars of Eternity,Performance,5,5,0,0,100.0,0.0,0.0
Pillars of Eternity,Replayability,4,4,0,0,100.0,0.0,0.0
Pillars of Eternity II: Deadfire,Gameplay,30,27,3,0,90.0,10.0,0.0
Pillars of Eternity II: Deadfire,Story,23,21,2,0,91.3,8.7,0.0
Pillars of Eternity II: Deadfire,Graphics,5,4,1,0,80.0,20.0,0.0
Pillars of Eternity II: Deadfire,Characters,13,13,0,0,100.0,0.0,0.0
Pillars of Eternity II: Deadfire,Level Design,1,0,1,0,0.0,100.0,0.0
Pillars of Eternity II: Deadfire,Music & Sound,1,0,1,0,0.0,100.0,0.0
Pillars of Eternity II: Deadfire,Difficulty,9,7,2,0,77.78,22.22,0.0
Pillars of Eternity II: Deadfire,Performance,4,2,2,0,50.0,50.0,0.0
Pillars of Eternity II: Deadfire,Replayability,5,5,0,0,100.0,0.0,0.0
Pillars of Eternity II: Deadfire - Ultimate Edition,Gameplay,9,6,3,0,66.67,33.33,0.0
Pillars of Eternity II: Deadfire - Ultimate Edition,Story,11,9,2,0,81.82,18.18,0.0
Pillars of Eternity II: Deadfire - Ultimate Edition,Graphics,1,1,0,0,100.0,0.0,0.0
Pillars of Eternity II: Deadfire - Ultimate Edition,Characters,2,1,1,0,50.0,50.0,0.0
Pillars of Eternity II: Deadfire - Ultimate Edition,Level Design,2,2,0,0,100.0,0.0,0.0
Pillars of Eternity II: Deadfire - Ultimate Edition,Music & Sound,1,1,0,0,100.0,0.0,0.0
Pillars of Eternity II: Deadfire - Ultimate Edition,Difficulty,1,1,0,0,100.0,0.0,0.0
Pillars of Eternity II: Deadfire - Ultimate Edition,Performance,12,10,2,0,83.33,16.67,0.0
Pillars of Eternity II: Deadfire - Ultimate Edition,Replayability,5,5,0,0,100.0,0.0,0.0
Pillars of Eternity: Complete Edition,Gameplay,10,8,2,0,80.0,20.0,0.0
Pillars of Eternity: Complete Edition,Story,14,12,2,0,85.71,14.29,0.0
Pillars of Eternity: Complete Edition,Characters,4,3,1,0,75.0,25.0,0.0
Pillars of Eternity: Complete Edition,Level Design,1,1,0,0,100.0,0.0,0.0
Pillars of Eternity: Complete Edition,Music & Sound,1,1,0,0,100.0,0.0,0.0
Pillars of Eternity: Complete Edition,Difficulty,5,5,0,0,100.0,0.0,0.0
Pillars of Eternity: Complete Edition,Performance,7,5,2,0,71.43,28.57,0.0
Pillars of Eternity: Complete Edition,Replayability,3,3,0,0,100.0,0.0,0.0
Pinball FX VR,Gameplay,1,1,0,0,100.0,0.0,0.0
Pinball FX3,Gameplay,4,3,1,0,75.0,25.0,0.0
Pinball FX3,Graphics,3,3,0,0,100.0,0.0,0.0
Pinball FX3,Level Design,1,1,0,0,100.0,0.0,0.0
Pinball FX3,Music & Sound,1,1,0,0,100.0,0.0,0.0
Pinball FX3,Difficulty,3,2,1,0,66.67,33.33,0.0
Pinball FX3,Performance,2,0,2,0,0.0,100.0,0.0
Pinball FX3,Replayability,4,2,2,0,50.0,50.0,0.0
Pinball FX3 - Universal Monsters Pinball Pack,Gameplay,1,1,0,0,100.0,0.0,0.0
Pinball FX3 - Universal Monsters Pinball Pack,Graphics,1,1,0,0,100.0,0.0,0.0
Pinball FX3 - Universal Monsters Pinball Pack,Difficulty,3,2,1,0,66.67,33.33,0.0
Pinball FX3: Jurassic World,Difficulty,1,0,1,0,0.0,100.0,0.0
Pinball FX3: Williams Pinball - Volume 5,Difficulty,1,1,0,0,100.0,0.0,0.0
Pine Hearts,Gameplay,2,1,1,0,50.0,50.0,0.0
Pine Hearts,Story,5,5,0,0,100.0,0.0,0.0
Pine Hearts,Graphics,1,1,0,0,100.0,0.0,0.0
Pine Hearts,Characters,1,1,0,0,100.0,0.0,0.0
Pine Hearts,Music & Sound,1,1,0,0,100.0,0.0,0.0
Pine Hearts,Replayability,1,1,0,0,100.0,0.0,0.0
Piofiore: Episodio 1926,Story,4,1,3,0,25.0,75.0,0.0
Piofiore: Episodio 1926,Graphics,2,2,0,0,100.0,0.0,0.0
Piofiore: Episodio 1926,Characters,1,0,1,0,0.0,100.0,0.0
Piofiore: Episodio 1926,Difficulty,1,0,1,0,0.0,100.0,0.0
Pioneers of Pagonia,Gameplay,3,2,1,0,66.67,33.33,0.0
Pipistrello and the Cursed Yoyo,Gameplay,26,23,3,0,88.46,11.54,0.0
Pipistrello and the Cursed Yoyo,Story,10,10,0,0,100.0,0.0,0.0
Pipistrello and the Cursed Yoyo,Graphics,6,6,0,0,100.0,0.0,0.0
Pipistrello and the Cursed Yoyo,Characters,8,8,0,0,100.0,0.0,0.0
Pipistrello and the Cursed Yoyo,Level Design,6,5,1,0,83.33,16.67,0.0
Pipistrello and the Cursed Yoyo,Music & Sound,5,5,0,0,100.0,0.0,0.0
Pipistrello and the Cursed Yoyo,Difficulty,11,10,1,0,90.91,9.09,0.0
Pistol Whip,Gameplay,9,7,2,0,77.78,22.22,0.0
Pistol Whip,Story,2,2,0,0,100.0,0.0,0.0
Pistol Whip,Graphics,3,3,0,0,100.0,0.0,0.0
Pistol Whip,Level Design,5,3,2,0,60.0,40.0,0.0
Pistol Whip,Music & Sound,9,9,0,0,100.0,0.0,0.0
Pistol Whip,Difficulty,5,5,0,0,100.0,0.0,0.0
Pistol Whip,Performance,3,3,0,0,100.0,0.0,0.0
Pistol Whip,Replayability,7,7,0,0,100.0,0.0,0.0
Pixel Ripped 1995,Gameplay,6,6,0,0,100.0,0.0,0.0
Pixel Ripped 1995,Story,1,1,0,0,100.0,0.0,0.0
Pixel Ripped 1995,Graphics,2,2,0,0,100.0,0.0,0.0
Pixel Ripped 1995,Characters,1,1,0,0,100.0,0.0,0.0
Pixel Ripped 1995,Difficulty,2,2,0,0,100.0,0.0,0.0
Pixel Ripped 1995,Replayability,3,2,1,0,66.67,33.33,0.0
Pizza Tower,Gameplay,2,2,0,0,100.0,0.0,0.0
Pizza Tower,Graphics,1,1,0,0,100.0,0.0,0.0
Pizza Tower,Music & Sound,2,2,0,0,100.0,0.0,0.0
Pizza Tower,Performance,1,1,0,0,100.0,0.0,0.0
Plague Inc: Evolved,Replayability,1,0,1,0,0.0,100.0,0.0
Planescape: Torment Enhanced Edition,Gameplay,1,1,0,0,100.0,0.0,0.0
Planescape: Torment Enhanced Edition,Story,2,2,0,0,100.0,0.0,0.0
Planescape: Torment Enhanced Edition,Performance,1,1,0,0,100.0,0.0,0.0
Planet Coaster,Gameplay,4,4,0,0,100.0,0.0,0.0
Planet Coaster,Graphics,4,4,0,0,100.0,0.0,0.0
Planet Coaster,Level Design,2,2,0,0,100.0,0.0,0.0
Planet Coaster,Music & Sound,1,1,0,0,100.0,0.0,0.0
Planet Coaster,Difficulty,6,5,1,0,83.33,16.67,0.0
Planet Coaster,Replayability,3,3,0,0,100.0,0.0,0.0
Planet Coaster: Console Edition,Gameplay,7,6,1,0,85.71,14.29,0.0
Planet Coaster: Console Edition,Graphics,1,1,0,0,100.0,0.0,0.0
Planet Coaster: Console Edition,Level Design,1,1,0,0,100.0,0.0,0.0
Planet Coaster: Console Edition,Difficulty,6,5,1,0,83.33,16.67,0.0
Planet Coaster: Console Edition,Performance,2,2,0,0,100.0,0.0,0.0
Planet Coaster: Console Edition,Replayability,2,1,1,0,50.0,50.0,0.0
Planet Zoo,Gameplay,5,5,0,0,100.0,0.0,0.0
Planet Zoo,Story,1,1,0,0,100.0,0.0,0.0
Planet Zoo,Graphics,4,4,0,0,100.0,0.0,0.0
Planet Zoo,Level Design,6,5,1,0,83.33,16.67,0.0
Planet Zoo,Difficulty,3,2,1,0,66.67,33.33,0.0
Planet Zoo,Performance,6,4,2,0,66.67,33.33,0.0
Planet Zoo,Replayability,4,4,0,0,100.0,0.0,0.0
Planet of Lana,Gameplay,36,28,8,0,77.78,22.22,0.0
Planet of Lana,Story,25,23,2,0,92.0,8.0,0.0
Planet of Lana,Graphics,27,18,9,0,66.67,33.33,0.0
Planet of Lana,Characters,6,5,1,0,83.33,16.67,0.0
Planet of Lana,Level Design,7,6,1,0,85.71,14.29,0.0
Planet of Lana,Music & Sound,19,15,4,0,78.95,21.05,0.0
Planet of Lana,Difficulty,7,4,3,0,57.14,42.86,0.0
Planet of Lana,Performance,1,1,0,0,100.0,0.0,0.0
Planet of Lana,Replayability,1,1,0,0,100.0,0.0,0.0
Planet of Lana II: Children of the Leaf,Gameplay,46,40,6,0,86.96,13.04,0.0
Planet of Lana II: Children of the Leaf,Story,40,36,4,0,90.0,10.0,0.0
Planet of Lana II: Children of the Leaf,Graphics,17,16,1,0,94.12,5.88,0.0
Planet of Lana II: Children of the Leaf,Characters,15,13,2,0,86.67,13.33,0.0
Planet of Lana II: Children of the Leaf,Level Design,8,8,0,0,100.0,0.0,0.0
Planet of Lana II: Children of the Leaf,Music & Sound,13,12,1,0,92.31,7.69,0.0
Planet of Lana II: Children of the Leaf,Difficulty,6,4,2,0,66.67,33.33,0.0
Planet of Lana II: Children of the Leaf,Performance,5,4,1,0,80.0,20.0,0.0
Planet of Lana II: Children of the Leaf,Replayability,3,2,1,0,66.67,33.33,0.0
Plants vs. Zombies: Garden Warfare 2,Gameplay,12,7,5,0,58.33,41.67,0.0
Plants vs. Zombies: Garden Warfare 2,Story,1,0,1,0,0.0,100.0,0.0
Plants vs. Zombies: Garden Warfare 2,Graphics,1,1,0,0,100.0,0.0,0.0
Plants vs. Zombies: Garden Warfare 2,Characters,15,12,3,0,80.0,20.0,0.0
Plants vs. Zombies: Garden Warfare 2,Level Design,5,5,0,0,100.0,0.0,0.0
Plants vs. Zombies: Garden Warfare 2,Music & Sound,1,1,0,0,100.0,0.0,0.0
Plants vs. Zombies: Garden Warfare 2,Difficulty,2,1,1,0,50.0,50.0,0.0
Plants vs. Zombies: Garden Warfare 2,Replayability,13,11,2,0,84.62,15.38,0.0
Platypus Reclayed,Gameplay,4,4,0,0,100.0,0.0,0.0
Platypus Reclayed,Story,2,2,0,0,100.0,0.0,0.0
Platypus Reclayed,Graphics,4,2,2,0,50.0,50.0,0.0
Platypus Reclayed,Level Design,2,1,1,0,50.0,50.0,0.0
Platypus Reclayed,Music & Sound,1,0,1,0,0.0,100.0,0.0
Platypus Reclayed,Difficulty,5,3,2,0,60.0,40.0,0.0
"Please, Don't Touch Anything (VR)",Gameplay,1,1,0,0,100.0,0.0,0.0
"Please, Don't Touch Anything (VR)",Difficulty,1,1,0,0,100.0,0.0,0.0
"Please, Don't Touch Anything (VR)",Replayability,1,0,1,0,0.0,100.0,0.0
"Please, Touch the Artwork",Gameplay,3,3,0,0,100.0,0.0,0.0
"Please, Touch the Artwork",Story,2,2,0,0,100.0,0.0,0.0
"Please, Touch the Artwork",Graphics,1,1,0,0,100.0,0.0,0.0
"Please, Touch the Artwork",Level Design,1,1,0,0,100.0,0.0,0.0
"Please, Touch the Artwork",Music & Sound,1,1,0,0,100.0,0.0,0.0
Plebby Quest: The Crusades,Level Design,2,1,1,0,50.0,50.0,0.0
Pocket Card Jockey,Gameplay,4,2,2,0,50.0,50.0,0.0
Pocket Card Jockey,Story,3,3,0,0,100.0,0.0,0.0
Pocket Card Jockey,Graphics,1,1,0,0,100.0,0.0,0.0
Pocket Card Jockey,Characters,2,2,0,0,100.0,0.0,0.0
Pocket Card Jockey,Music & Sound,1,1,0,0,100.0,0.0,0.0
Pocket Card Jockey,Difficulty,4,3,1,0,75.0,25.0,0.0
Pocket Card Jockey,Replayability,1,1,0,0,100.0,0.0,0.0
Poi,Gameplay,1,1,0,0,100.0,0.0,0.0
Poi,Difficulty,1,1,0,0,100.0,0.0,0.0
Pokemon Omega Ruby & Alpha Sapphire,Gameplay,7,6,1,0,85.71,14.29,0.0
Pokemon Omega Ruby & Alpha Sapphire,Story,3,3,0,0,100.0,0.0,0.0
Pokemon Omega Ruby & Alpha Sapphire,Graphics,2,2,0,0,100.0,0.0,0.0
Pokemon Omega Ruby & Alpha Sapphire,Level Design,1,1,0,0,100.0,0.0,0.0
Pokemon Omega Ruby & Alpha Sapphire,Difficulty,6,4,2,0,66.67,33.33,0.0
Pokemon Omega Ruby & Alpha Sapphire,Replayability,5,5,0,0,100.0,0.0,0.0
Pokemon Ultra Sun and Moon,Gameplay,3,3,0,0,100.0,0.0,0.0
Pokemon Ultra Sun and Moon,Story,20,18,2,0,90.0,10.0,0.0
Pokemon Ultra Sun and Moon,Graphics,2,1,1,0,50.0,50.0,0.0
Pokemon Ultra Sun and Moon,Characters,2,2,0,0,100.0,0.0,0.0
Pokemon Ultra Sun and Moon,Music & Sound,2,0,2,0,0.0,100.0,0.0
Pokemon Ultra Sun and Moon,Difficulty,3,2,1,0,66.67,33.33,0.0
Pokemon Ultra Sun and Moon,Performance,2,1,1,0,50.0,50.0,0.0
Pokemon Ultra Sun and Moon,Replayability,15,12,3,0,80.0,20.0,0.0
Pokemon X and Y,Gameplay,3,3,0,0,100.0,0.0,0.0
Pokemon X and Y,Story,2,2,0,0,100.0,0.0,0.0
Pokemon X and Y,Graphics,6,5,1,0,83.33,16.67,0.0
Pokemon X and Y,Characters,2,1,1,0,50.0,50.0,0.0
Pokemon X and Y,Performance,1,1,0,0,100.0,0.0,0.0
Pokemon X and Y,Replayability,2,1,1,0,50.0,50.0,0.0
Poker Night at the Inventory,Gameplay,2,0,2,0,0.0,100.0,0.0
Poker Night at the Inventory,Story,3,0,3,0,0.0,100.0,0.0
Poker Night at the Inventory,Characters,4,0,4,0,0.0,100.0,0.0
Poker Night at the Inventory,Difficulty,3,1,2,0,33.33,66.67,0.0
Pokken Tournament DX,Gameplay,13,13,0,0,100.0,0.0,0.0
Pokken Tournament DX,Story,1,0,1,0,0.0,100.0,0.0
Pokken Tournament DX,Graphics,2,2,0,0,100.0,0.0,0.0
Pokken Tournament DX,Characters,12,12,0,0,100.0,0.0,0.0
Pokken Tournament DX,Music & Sound,2,2,0,0,100.0,0.0,0.0
Pokken Tournament DX,Difficulty,3,0,3,0,0.0,100.0,0.0
Pokken Tournament DX,Performance,2,2,0,0,100.0,0.0,0.0
Pokken Tournament DX,Replayability,11,9,2,0,81.82,18.18,0.0
Pokémon Legends: Arceus,Gameplay,34,28,6,0,82.35,17.65,0.0
Pokémon Legends: Arceus,Story,11,10,1,0,90.91,9.09,0.0
Pokémon Legends: Arceus,Graphics,27,23,4,0,85.19,14.81,0.0
Pokémon Legends: Arceus,Characters,5,3,1,1,60.0,20.0,20.0
Pokémon Legends: Arceus,Level Design,11,9,1,1,81.82,9.09,9.09
Pokémon Legends: Arceus,Music & Sound,2,2,0,0,100.0,0.0,0.0
Pokémon Legends: Arceus,Difficulty,7,7,0,0,100.0,0.0,0.0
Pokémon Legends: Arceus,Performance,15,13,2,0,86.67,13.33,0.0
Pokémon Legends: Arceus,Replayability,4,3,1,0,75.0,25.0,0.0
Pokémon Pokopia,Gameplay,28,28,0,0,100.0,0.0,0.0
Pokémon Pokopia,Story,12,12,0,0,100.0,0.0,0.0
Pokémon Pokopia,Graphics,1,1,0,0,100.0,0.0,0.0
Pokémon Pokopia,Characters,5,5,0,0,100.0,0.0,0.0
Pokémon Pokopia,Level Design,5,5,0,0,100.0,0.0,0.0
Pokémon Pokopia,Music & Sound,4,4,0,0,100.0,0.0,0.0
Pokémon Pokopia,Difficulty,4,4,0,0,100.0,0.0,0.0
Pokémon Pokopia,Performance,5,5,0,0,100.0,0.0,0.0
Pokémon Pokopia,Replayability,7,7,0,0,100.0,0.0,0.0
Pokémon Sun and Moon,Gameplay,11,10,1,0,90.91,9.09,0.0
Pokémon Sun and Moon,Story,12,9,3,0,75.0,25.0,0.0
Pokémon Sun and Moon,Graphics,3,2,1,0,66.67,33.33,0.0
Pokémon Sun and Moon,Characters,2,2,0,0,100.0,0.0,0.0
Pokémon Sun and Moon,Level Design,4,3,1,0,75.0,25.0,0.0
Pokémon Sun and Moon,Music & Sound,1,0,1,0,0.0,100.0,0.0
Pokémon Sun and Moon,Difficulty,8,6,2,0,75.0,25.0,0.0
Pokémon Sun and Moon,Performance,6,5,1,0,83.33,16.67,0.0
Pokémon Sun and Moon,Replayability,5,5,0,0,100.0,0.0,0.0
Pokémon: Let's Go,Gameplay,25,14,11,0,56.0,44.0,0.0
Pokémon: Let's Go,Story,2,1,1,0,50.0,50.0,0.0
Pokémon: Let's Go,Graphics,4,4,0,0,100.0,0.0,0.0
Pokémon: Let's Go,Level Design,4,4,0,0,100.0,0.0,0.0
Pokémon: Let's Go,Difficulty,15,8,7,0,53.33,46.67,0.0
Pokémon: Let's Go,Performance,1,1,0,0,100.0,0.0,0.0
Pokémon: Let's Go,Replayability,1,0,1,0,0.0,100.0,0.0
Polybius,Gameplay,1,1,0,0,100.0,0.0,0.0
Polybius,Music & Sound,1,1,0,0,100.0,0.0,0.0
Pony Island,Gameplay,2,1,1,0,50.0,50.0,0.0
Pony Island,Story,3,2,1,0,66.67,33.33,0.0
Portal: Companion Collection,Gameplay,2,2,0,0,100.0,0.0,0.0
Portal: Companion Collection,Story,2,2,0,0,100.0,0.0,0.0
Portal: Companion Collection,Graphics,2,2,0,0,100.0,0.0,0.0
Portal: Companion Collection,Difficulty,1,1,0,0,100.0,0.0,0.0
Portal: Companion Collection,Replayability,3,3,0,0,100.0,0.0,0.0
Post Void,Gameplay,8,6,1,1,75.0,12.5,12.5
Post Void,Graphics,4,1,3,0,25.0,75.0,0.0
Post Void,Level Design,1,1,0,0,100.0,0.0,0.0
Post Void,Music & Sound,2,1,0,1,50.0,0.0,50.0
Post Void,Difficulty,1,1,0,0,100.0,0.0,0.0
Post Void,Performance,8,5,3,0,62.5,37.5,0.0
Post Void,Replayability,1,1,0,0,100.0,0.0,0.0
Potion Craft,Gameplay,5,5,0,0,100.0,0.0,0.0
Potion Craft,Story,2,1,1,0,50.0,50.0,0.0
Potion Craft,Graphics,2,1,1,0,50.0,50.0,0.0
Potion Craft,Level Design,1,1,0,0,100.0,0.0,0.0
Potion Craft,Music & Sound,2,1,1,0,50.0,50.0,0.0
Potion Craft,Difficulty,1,1,0,0,100.0,0.0,0.0
Potion Craft,Replayability,1,1,0,0,100.0,0.0,0.0
PowerSlave Exhumed,Gameplay,5,3,2,0,60.0,40.0,0.0
PowerSlave Exhumed,Level Design,1,1,0,0,100.0,0.0,0.0
PowerSlave Exhumed,Difficulty,3,2,1,0,66.67,33.33,0.0
PowerSlave Exhumed,Performance,3,3,0,0,100.0,0.0,0.0
PowerWash Simulator 2,Gameplay,11,11,0,0,100.0,0.0,0.0
PowerWash Simulator 2,Story,3,2,1,0,66.67,33.33,0.0
PowerWash Simulator 2,Graphics,3,3,0,0,100.0,0.0,0.0
PowerWash Simulator 2,Level Design,6,6,0,0,100.0,0.0,0.0
PowerWash Simulator 2,Music & Sound,1,1,0,0,100.0,0.0,0.0
PowerWash Simulator 2,Difficulty,7,7,0,0,100.0,0.0,0.0
PowerWash Simulator 2,Performance,1,1,0,0,100.0,0.0,0.0
PowerWash Simulator 2,Replayability,3,3,0,0,100.0,0.0,0.0
Pragmata,Gameplay,108,100,8,0,92.59,7.41,0.0
Pragmata,Story,64,57,7,0,89.06,10.94,0.0
Pragmata,Graphics,13,12,1,0,92.31,7.69,0.0
Pragmata,Characters,33,33,0,0,100.0,0.0,0.0
Pragmata,Level Design,11,11,0,0,100.0,0.0,0.0
Pragmata,Music & Sound,2,2,0,0,100.0,0.0,0.0
Pragmata,Difficulty,15,14,1,0,93.33,6.67,0.0
Pragmata,Performance,9,8,1,0,88.89,11.11,0.0
Pragmata,Replayability,7,5,2,0,71.43,28.57,0.0
Prey,Gameplay,49,36,10,3,73.47,20.41,6.12
Prey,Story,50,37,11,2,74.0,22.0,4.0
Prey,Graphics,4,3,0,1,75.0,0.0,25.0
Prey,Characters,4,1,3,0,25.0,75.0,0.0
Prey,Level Design,22,15,5,2,68.18,22.73,9.09
Prey,Music & Sound,3,2,1,0,66.67,33.33,0.0
Prey,Difficulty,15,12,2,1,80.0,13.33,6.67
Prey,Performance,17,12,4,1,70.59,23.53,5.88
Prey,Replayability,8,7,0,1,87.5,0.0,12.5
Prey: Mooncrash,Gameplay,7,6,1,0,85.71,14.29,0.0
Prey: Mooncrash,Story,8,7,1,0,87.5,12.5,0.0
Prey: Mooncrash,Characters,2,2,0,0,100.0,0.0,0.0
Prey: Mooncrash,Level Design,2,2,0,0,100.0,0.0,0.0
Prey: Mooncrash,Difficulty,5,3,2,0,60.0,40.0,0.0
Prey: Mooncrash,Performance,2,2,0,0,100.0,0.0,0.0
Prey: Mooncrash,Replayability,4,4,0,0,100.0,0.0,0.0
Prince of Persia: The Lost Crown,Gameplay,104,98,6,0,94.23,5.77,0.0
Prince of Persia: The Lost Crown,Story,35,30,5,0,85.71,14.29,0.0
Prince of Persia: The Lost Crown,Graphics,16,16,0,0,100.0,0.0,0.0
Prince of Persia: The Lost Crown,Characters,12,11,1,0,91.67,8.33,0.0
Prince of Persia: The Lost Crown,Level Design,22,21,1,0,95.45,4.55,0.0
Prince of Persia: The Lost Crown,Music & Sound,8,8,0,0,100.0,0.0,0.0
Prince of Persia: The Lost Crown,Difficulty,39,35,4,0,89.74,10.26,0.0
Prince of Persia: The Lost Crown,Performance,2,2,0,0,100.0,0.0,0.0
Prince of Persia: The Lost Crown,Replayability,7,7,0,0,100.0,0.0,0.0
Prinny Presents NIS Classics Vol. 2,Gameplay,4,3,1,0,75.0,25.0,0.0
Prinny Presents NIS Classics Vol. 2,Story,4,3,1,0,75.0,25.0,0.0
Prinny Presents NIS Classics Vol. 2,Graphics,2,1,1,0,50.0,50.0,0.0
Prinny Presents NIS Classics Vol. 2,Characters,1,0,1,0,0.0,100.0,0.0
Prinny Presents NIS Classics Vol. 2,Music & Sound,1,0,1,0,0.0,100.0,0.0
Prinny Presents NIS Classics Vol. 2,Difficulty,1,1,0,0,100.0,0.0,0.0
Pro Evolution Soccer 2015,Gameplay,6,5,1,0,83.33,16.67,0.0
Pro Evolution Soccer 2015,Graphics,2,1,1,0,50.0,50.0,0.0
Pro Evolution Soccer 2015,Difficulty,1,1,0,0,100.0,0.0,0.0
Pro Evolution Soccer 2016,Gameplay,13,11,2,0,84.62,15.38,0.0
Pro Evolution Soccer 2016,Graphics,1,1,0,0,100.0,0.0,0.0
Pro Evolution Soccer 2016,Level Design,3,2,0,1,66.67,0.0,33.33
Pro Evolution Soccer 2016,Difficulty,6,6,0,0,100.0,0.0,0.0
Pro Evolution Soccer 2016,Replayability,1,1,0,0,100.0,0.0,0.0
Pro Evolution Soccer 2017,Gameplay,19,17,2,0,89.47,10.53,0.0
Pro Evolution Soccer 2017,Story,1,1,0,0,100.0,0.0,0.0
Pro Evolution Soccer 2017,Graphics,4,3,1,0,75.0,25.0,0.0
Pro Evolution Soccer 2017,Level Design,2,1,1,0,50.0,50.0,0.0
Pro Evolution Soccer 2017,Difficulty,1,1,0,0,100.0,0.0,0.0
Pro Evolution Soccer 2018,Gameplay,31,21,10,0,67.74,32.26,0.0
Pro Evolution Soccer 2018,Graphics,8,6,2,0,75.0,25.0,0.0
Pro Evolution Soccer 2018,Level Design,4,3,1,0,75.0,25.0,0.0
Pro Evolution Soccer 2018,Difficulty,3,3,0,0,100.0,0.0,0.0
Pro Evolution Soccer 2018,Performance,7,5,2,0,71.43,28.57,0.0
Pro Evolution Soccer 2018,Replayability,2,1,1,0,50.0,50.0,0.0
Prodeus,Gameplay,6,3,3,0,50.0,50.0,0.0
Prodeus,Story,2,1,1,0,50.0,50.0,0.0
Prodeus,Graphics,6,4,2,0,66.67,33.33,0.0
Prodeus,Level Design,9,6,3,0,66.67,33.33,0.0
Prodeus,Music & Sound,5,5,0,0,100.0,0.0,0.0
Prodeus,Performance,12,10,2,0,83.33,16.67,0.0
Prodeus,Replayability,1,1,0,0,100.0,0.0,0.0
Professor Layton and the Azran Legacy,Gameplay,2,2,0,0,100.0,0.0,0.0
Professor Layton and the Azran Legacy,Story,11,7,4,0,63.64,36.36,0.0
Professor Layton and the Azran Legacy,Characters,4,4,0,0,100.0,0.0,0.0
Professor Layton and the Azran Legacy,Level Design,5,3,2,0,60.0,40.0,0.0
Professor Layton and the Azran Legacy,Music & Sound,1,1,0,0,100.0,0.0,0.0
Professor Layton and the Azran Legacy,Difficulty,1,1,0,0,100.0,0.0,0.0
Professor Layton and the Azran Legacy,Replayability,1,1,0,0,100.0,0.0,0.0
Project CARS,Gameplay,6,5,1,0,83.33,16.67,0.0
Project CARS,Graphics,4,4,0,0,100.0,0.0,0.0
Project CARS,Level Design,3,3,0,0,100.0,0.0,0.0
Project CARS,Music & Sound,1,1,0,0,100.0,0.0,0.0
Project CARS,Difficulty,8,6,2,0,75.0,25.0,0.0
Project CARS,Performance,4,2,2,0,50.0,50.0,0.0
Project CARS,Replayability,2,2,0,0,100.0,0.0,0.0
Project CARS 2,Gameplay,9,8,1,0,88.89,11.11,0.0
Project CARS 2,Graphics,9,8,1,0,88.89,11.11,0.0
Project CARS 2,Level Design,1,1,0,0,100.0,0.0,0.0
Project CARS 2,Music & Sound,8,7,1,0,87.5,12.5,0.0
Project CARS 2,Difficulty,9,7,2,0,77.78,22.22,0.0
Project CARS 2,Performance,12,8,4,0,66.67,33.33,0.0
Project CARS 2,Replayability,9,9,0,0,100.0,0.0,0.0
Project Highrise,Gameplay,1,0,1,0,0.0,100.0,0.0
Project Highrise,Replayability,1,1,0,0,100.0,0.0,0.0
Promenade,Gameplay,13,13,0,0,100.0,0.0,0.0
Promenade,Story,3,3,0,0,100.0,0.0,0.0
Promenade,Graphics,3,3,0,0,100.0,0.0,0.0
Promenade,Characters,1,1,0,0,100.0,0.0,0.0
Promenade,Level Design,3,3,0,0,100.0,0.0,0.0
Promenade,Music & Sound,3,3,0,0,100.0,0.0,0.0
Promenade,Difficulty,3,3,0,0,100.0,0.0,0.0
Promenade,Performance,1,1,0,0,100.0,0.0,0.0
Promenade,Replayability,1,1,0,0,100.0,0.0,0.0
Promise Mascot Agency,Gameplay,12,9,3,0,75.0,25.0,0.0
Promise Mascot Agency,Story,12,9,3,0,75.0,25.0,0.0
Promise Mascot Agency,Graphics,2,1,1,0,50.0,50.0,0.0
Promise Mascot Agency,Characters,12,10,2,0,83.33,16.67,0.0
Promise Mascot Agency,Level Design,2,2,0,0,100.0,0.0,0.0
Promise Mascot Agency,Music & Sound,2,2,0,0,100.0,0.0,0.0
Promise Mascot Agency,Difficulty,5,1,4,0,20.0,80.0,0.0
Promise Mascot Agency,Replayability,2,2,0,0,100.0,0.0,0.0
Psychonauts,Gameplay,1,1,0,0,100.0,0.0,0.0
Psychonauts,Characters,1,1,0,0,100.0,0.0,0.0
Psychonauts,Level Design,1,1,0,0,100.0,0.0,0.0
Psychonauts,Difficulty,1,1,0,0,100.0,0.0,0.0
Psychonauts 2,Gameplay,45,44,1,0,97.78,2.22,0.0
Psychonauts 2,Story,41,40,1,0,97.56,2.44,0.0
Psychonauts 2,Graphics,13,13,0,0,100.0,0.0,0.0
Psychonauts 2,Characters,22,22,0,0,100.0,0.0,0.0
Psychonauts 2,Level Design,18,18,0,0,100.0,0.0,0.0
Psychonauts 2,Music & Sound,1,1,0,0,100.0,0.0,0.0
Psychonauts 2,Difficulty,9,9,0,0,100.0,0.0,0.0
Psychonauts 2,Performance,4,4,0,0,100.0,0.0,0.0
Psychonauts 2,Replayability,4,3,1,0,75.0,25.0,0.0
Psyvariar 3,Gameplay,5,4,1,0,80.0,20.0,0.0
Psyvariar 3,Characters,3,2,1,0,66.67,33.33,0.0
Psyvariar 3,Level Design,2,2,0,0,100.0,0.0,0.0
Psyvariar 3,Difficulty,3,3,0,0,100.0,0.0,0.0
Psyvariar 3,Performance,2,2,0,0,100.0,0.0,0.0
Psyvariar 3,Replayability,3,3,0,0,100.0,0.0,0.0
Psyvariar Delta,Gameplay,1,1,0,0,100.0,0.0,0.0
Psyvariar Delta,Characters,1,1,0,0,100.0,0.0,0.0
Psyvariar Delta,Level Design,1,1,0,0,100.0,0.0,0.0
Psyvariar Delta,Performance,1,1,0,0,100.0,0.0,0.0
Psyvariar Delta,Replayability,1,1,0,0,100.0,0.0,0.0
Pushmo World,Gameplay,3,2,1,0,66.67,33.33,0.0
Pushmo World,Story,1,1,0,0,100.0,0.0,0.0
Pushmo World,Level Design,4,0,4,0,0.0,100.0,0.0
Pushmo World,Difficulty,7,3,4,0,42.86,57.14,0.0
Pushmo World,Replayability,3,0,3,0,0.0,100.0,0.0
Puyo Puyo Tetris,Gameplay,6,6,0,0,100.0,0.0,0.0
Puyo Puyo Tetris,Story,3,3,0,0,100.0,0.0,0.0
Puyo Puyo Tetris,Graphics,2,2,0,0,100.0,0.0,0.0
Puyo Puyo Tetris,Characters,2,2,0,0,100.0,0.0,0.0
Puyo Puyo Tetris,Level Design,2,2,0,0,100.0,0.0,0.0
Puyo Puyo Tetris,Music & Sound,2,2,0,0,100.0,0.0,0.0
Puyo Puyo Tetris,Difficulty,4,4,0,0,100.0,0.0,0.0
Puyo Puyo Tetris,Replayability,9,9,0,0,100.0,0.0,0.0
Pyre,Gameplay,34,27,7,0,79.41,20.59,0.0
Pyre,Story,27,23,4,0,85.19,14.81,0.0
Pyre,Graphics,13,10,3,0,76.92,23.08,0.0
Pyre,Characters,21,20,1,0,95.24,4.76,0.0
Pyre,Level Design,3,3,0,0,100.0,0.0,0.0
Pyre,Music & Sound,16,13,3,0,81.25,18.75,0.0
Pyre,Difficulty,4,3,1,0,75.0,25.0,0.0
Q.U.B.E. 10th Anniversary,Story,2,1,1,0,50.0,50.0,0.0
Q.U.B.E. 10th Anniversary,Graphics,3,3,0,0,100.0,0.0,0.0
Q.U.B.E. 10th Anniversary,Characters,1,1,0,0,100.0,0.0,0.0
Q.U.B.E. 10th Anniversary,Music & Sound,1,1,0,0,100.0,0.0,0.0
Q.U.B.E. 10th Anniversary,Replayability,3,2,1,0,66.67,33.33,0.0
QQQbeats!!!,Gameplay,4,3,1,0,75.0,25.0,0.0
QQQbeats!!!,Music & Sound,2,1,1,0,50.0,50.0,0.0
QQQbeats!!!,Difficulty,2,1,1,0,50.0,50.0,0.0
Quadrilateral Cowboy,Gameplay,2,1,1,0,50.0,50.0,0.0
Quadrilateral Cowboy,Story,3,2,1,0,66.67,33.33,0.0
Quadrilateral Cowboy,Level Design,1,0,1,0,0.0,100.0,0.0
Quadrilateral Cowboy,Difficulty,1,1,0,0,100.0,0.0,0.0
Quadrilateral Cowboy,Performance,1,1,0,0,100.0,0.0,0.0
Quadrilateral Cowboy,Replayability,1,0,1,0,0.0,100.0,0.0
Quake,Gameplay,8,8,0,0,100.0,0.0,0.0
Quake,Story,1,0,1,0,0.0,100.0,0.0
Quake,Graphics,6,6,0,0,100.0,0.0,0.0
Quake,Level Design,4,4,0,0,100.0,0.0,0.0
Quake,Music & Sound,1,1,0,0,100.0,0.0,0.0
Quake,Difficulty,3,3,0,0,100.0,0.0,0.0
Quake,Performance,10,9,1,0,90.0,10.0,0.0
Quake,Replayability,8,8,0,0,100.0,0.0,0.0
Quake II,Gameplay,4,4,0,0,100.0,0.0,0.0
Quake II,Graphics,4,4,0,0,100.0,0.0,0.0
Quake II,Level Design,2,2,0,0,100.0,0.0,0.0
Quake II,Music & Sound,1,1,0,0,100.0,0.0,0.0
Quake II,Difficulty,1,1,0,0,100.0,0.0,0.0
Quake II,Performance,4,4,0,0,100.0,0.0,0.0
Quake II,Replayability,7,7,0,0,100.0,0.0,0.0
Quarantine Circular,Story,7,3,4,0,42.86,57.14,0.0
Quarantine Circular,Characters,5,3,2,0,60.0,40.0,0.0
Quarantine Circular,Difficulty,1,0,1,0,0.0,100.0,0.0
Quartet,Gameplay,6,5,1,0,83.33,16.67,0.0
Quartet,Story,8,7,1,0,87.5,12.5,0.0
Quartet,Graphics,1,1,0,0,100.0,0.0,0.0
Quartet,Characters,7,7,0,0,100.0,0.0,0.0
Quartet,Level Design,1,1,0,0,100.0,0.0,0.0
Quartet,Music & Sound,3,3,0,0,100.0,0.0,0.0
Quartet,Difficulty,2,1,1,0,50.0,50.0,0.0
R-Type Dimensions EX,Gameplay,1,1,0,0,100.0,0.0,0.0
R-Type Dimensions EX,Graphics,2,2,0,0,100.0,0.0,0.0
R-Type Dimensions EX,Level Design,1,1,0,0,100.0,0.0,0.0
R-Type Dimensions EX,Music & Sound,1,1,0,0,100.0,0.0,0.0
R-Type Dimensions EX,Difficulty,3,3,0,0,100.0,0.0,0.0
R-Type Dimensions EX,Performance,1,1,0,0,100.0,0.0,0.0
RUSH,Gameplay,1,1,0,0,100.0,0.0,0.0
RUSH,Graphics,1,0,1,0,0.0,100.0,0.0
RUSH,Level Design,2,2,0,0,100.0,0.0,0.0
RUSH,Difficulty,1,1,0,0,100.0,0.0,0.0
Rabi-Ribi,Gameplay,8,4,4,0,50.0,50.0,0.0
Rabi-Ribi,Story,7,3,4,0,42.86,57.14,0.0
Rabi-Ribi,Graphics,2,1,1,0,50.0,50.0,0.0
Rabi-Ribi,Characters,3,2,1,0,66.67,33.33,0.0
Rabi-Ribi,Level Design,1,0,1,0,0.0,100.0,0.0
Rabi-Ribi,Music & Sound,2,1,1,0,50.0,50.0,0.0
Rabi-Ribi,Difficulty,7,7,0,0,100.0,0.0,0.0
Rabi-Ribi,Performance,1,1,0,0,100.0,0.0,0.0
Rabi-Ribi,Replayability,3,3,0,0,100.0,0.0,0.0
Raccoin: Coin Pusher Roguelike,Gameplay,6,5,1,0,83.33,16.67,0.0
Raccoin: Coin Pusher Roguelike,Graphics,4,4,0,0,100.0,0.0,0.0
Raccoin: Coin Pusher Roguelike,Characters,2,2,0,0,100.0,0.0,0.0
Raccoin: Coin Pusher Roguelike,Music & Sound,2,1,1,0,50.0,50.0,0.0
Raccoin: Coin Pusher Roguelike,Difficulty,4,4,0,0,100.0,0.0,0.0
Raccoin: Coin Pusher Roguelike,Replayability,2,2,0,0,100.0,0.0,0.0
Radiant Historia: Perfect Chronology,Gameplay,8,8,0,0,100.0,0.0,0.0
Radiant Historia: Perfect Chronology,Story,11,11,0,0,100.0,0.0,0.0
Radiant Historia: Perfect Chronology,Graphics,1,1,0,0,100.0,0.0,0.0
Radiant Historia: Perfect Chronology,Characters,4,4,0,0,100.0,0.0,0.0
Radiant Historia: Perfect Chronology,Difficulty,3,2,1,0,66.67,33.33,0.0
Radiant Historia: Perfect Chronology,Performance,1,1,0,0,100.0,0.0,0.0
Radiant Historia: Perfect Chronology,Replayability,6,5,1,0,83.33,16.67,0.0
Radiant Silvergun,Gameplay,2,2,0,0,100.0,0.0,0.0
Radiant Silvergun,Story,1,1,0,0,100.0,0.0,0.0
Radiant Silvergun,Difficulty,4,4,0,0,100.0,0.0,0.0
Radiant Silvergun,Performance,1,1,0,0,100.0,0.0,0.0
Radiant Silvergun,Replayability,1,1,0,0,100.0,0.0,0.0
Radiant Tale,Story,4,4,0,0,100.0,0.0,0.0
Radiant Tale,Graphics,2,2,0,0,100.0,0.0,0.0
Radiant Tale,Characters,5,5,0,0,100.0,0.0,0.0
Ragnarock,Gameplay,4,4,0,0,100.0,0.0,0.0
Ragnarock,Story,2,2,0,0,100.0,0.0,0.0
Ragnarock,Graphics,2,1,1,0,50.0,50.0,0.0
Ragnarock,Music & Sound,7,6,1,0,85.71,14.29,0.0
Ragnarock,Difficulty,1,1,0,0,100.0,0.0,0.0
Railbound,Level Design,2,1,1,0,50.0,50.0,0.0
Railbound,Difficulty,7,6,1,0,85.71,14.29,0.0
Railway Empire – Complete Collection,Level Design,1,0,1,0,0.0,100.0,0.0
Railway Empire – Complete Collection,Difficulty,1,1,0,0,100.0,0.0,0.0
Railway Empire – Complete Collection,Replayability,4,2,2,0,50.0,50.0,0.0
Rainbow Billy: The Curse of Leviathan,Gameplay,13,12,1,0,92.31,7.69,0.0
Rainbow Billy: The Curse of Leviathan,Story,7,6,1,0,85.71,14.29,0.0
Rainbow Billy: The Curse of Leviathan,Graphics,3,2,1,0,66.67,33.33,0.0
Rainbow Billy: The Curse of Leviathan,Characters,5,5,0,0,100.0,0.0,0.0
Rainbow Billy: The Curse of Leviathan,Level Design,1,0,1,0,0.0,100.0,0.0
Rainbow Billy: The Curse of Leviathan,Difficulty,5,4,1,0,80.0,20.0,0.0
Rainbow Billy: The Curse of Leviathan,Performance,4,3,1,0,75.0,25.0,0.0
Rainbow Billy: The Curse of Leviathan,Replayability,1,1,0,0,100.0,0.0,0.0
Rakuen,Story,2,2,0,0,100.0,0.0,0.0
Rakuen,Characters,1,1,0,0,100.0,0.0,0.0
Rakuen,Music & Sound,1,1,0,0,100.0,0.0,0.0
Rakuen,Difficulty,1,1,0,0,100.0,0.0,0.0
Rakuen,Performance,1,0,1,0,0.0,100.0,0.0
Rakuen Deluxe Edition,Gameplay,1,1,0,0,100.0,0.0,0.0
Rakuen Deluxe Edition,Story,3,3,0,0,100.0,0.0,0.0
Rakuen Deluxe Edition,Music & Sound,2,2,0,0,100.0,0.0,0.0
Rare Replay,Gameplay,5,5,0,0,100.0,0.0,0.0
Rare Replay,Story,2,2,0,0,100.0,0.0,0.0
Rare Replay,Characters,1,1,0,0,100.0,0.0,0.0
Rare Replay,Level Design,2,2,0,0,100.0,0.0,0.0
Rare Replay,Music & Sound,1,1,0,0,100.0,0.0,0.0
Rare Replay,Difficulty,8,8,0,0,100.0,0.0,0.0
Rare Replay,Performance,4,3,1,0,75.0,25.0,0.0
Rare Replay,Replayability,49,47,2,0,95.92,4.08,0.0
Ratchet & Clank,Gameplay,22,21,1,0,95.45,4.55,0.0
Ratchet & Clank,Story,15,13,2,0,86.67,13.33,0.0
Ratchet & Clank,Graphics,10,10,0,0,100.0,0.0,0.0
Ratchet & Clank,Characters,5,5,0,0,100.0,0.0,0.0
Ratchet & Clank,Level Design,4,2,2,0,50.0,50.0,0.0
Ratchet & Clank,Music & Sound,3,3,0,0,100.0,0.0,0.0
Ratchet & Clank,Difficulty,7,5,2,0,71.43,28.57,0.0
Ratchet & Clank,Replayability,3,3,0,0,100.0,0.0,0.0
Ratchet & Clank: Rift Apart,Gameplay,57,49,8,0,85.96,14.04,0.0
Ratchet & Clank: Rift Apart,Story,34,32,2,0,94.12,5.88,0.0
Ratchet & Clank: Rift Apart,Graphics,32,28,4,0,87.5,12.5,0.0
Ratchet & Clank: Rift Apart,Characters,24,22,2,0,91.67,8.33,0.0
Ratchet & Clank: Rift Apart,Level Design,14,14,0,0,100.0,0.0,0.0
Ratchet & Clank: Rift Apart,Music & Sound,6,5,1,0,83.33,16.67,0.0
Ratchet & Clank: Rift Apart,Difficulty,14,11,3,0,78.57,21.43,0.0
Ratchet & Clank: Rift Apart,Performance,23,22,1,0,95.65,4.35,0.0
Ratchet & Clank: Rift Apart,Replayability,2,1,1,0,50.0,50.0,0.0
Raw Data,Gameplay,5,3,2,0,60.0,40.0,0.0
Raw Data,Story,2,1,1,0,50.0,50.0,0.0
Raw Data,Level Design,2,2,0,0,100.0,0.0,0.0
Raw Data,Music & Sound,1,1,0,0,100.0,0.0,0.0
Raw Data,Performance,2,1,1,0,50.0,50.0,0.0
Raw Data,Replayability,1,1,0,0,100.0,0.0,0.0
Rayman Legends,Gameplay,21,20,1,0,95.24,4.76,0.0
Rayman Legends,Graphics,6,6,0,0,100.0,0.0,0.0
Rayman Legends,Characters,5,5,0,0,100.0,0.0,0.0
Rayman Legends,Level Design,18,18,0,0,100.0,0.0,0.0
Rayman Legends,Music & Sound,6,6,0,0,100.0,0.0,0.0
Rayman Legends,Difficulty,10,9,1,0,90.0,10.0,0.0
Rayman Legends,Performance,3,3,0,0,100.0,0.0,0.0
Rayman Legends,Replayability,7,7,0,0,100.0,0.0,0.0
Rayman Legends: Definitive Edition,Gameplay,6,6,0,0,100.0,0.0,0.0
Rayman Legends: Definitive Edition,Graphics,3,3,0,0,100.0,0.0,0.0
Rayman Legends: Definitive Edition,Characters,2,2,0,0,100.0,0.0,0.0
Rayman Legends: Definitive Edition,Level Design,4,4,0,0,100.0,0.0,0.0
Rayman Legends: Definitive Edition,Music & Sound,4,4,0,0,100.0,0.0,0.0
Rayman Legends: Definitive Edition,Difficulty,1,1,0,0,100.0,0.0,0.0
Rayman Legends: Definitive Edition,Performance,1,1,0,0,100.0,0.0,0.0
Rayman Legends: Definitive Edition,Replayability,4,4,0,0,100.0,0.0,0.0
Ready or Not,Gameplay,14,9,5,0,64.29,35.71,0.0
Ready or Not,Story,3,2,1,0,66.67,33.33,0.0
Ready or Not,Graphics,1,0,1,0,0.0,100.0,0.0
Ready or Not,Characters,1,1,0,0,100.0,0.0,0.0
Ready or Not,Level Design,7,6,1,0,85.71,14.29,0.0
Ready or Not,Difficulty,9,6,3,0,66.67,33.33,0.0
Ready or Not,Performance,11,6,5,0,54.55,45.45,0.0
Ready or Not,Replayability,4,3,1,0,75.0,25.0,0.0
Realm of Ink,Gameplay,6,4,2,0,66.67,33.33,0.0
Realm of Ink,Story,2,0,2,0,0.0,100.0,0.0
Realm of Ink,Graphics,5,4,1,0,80.0,20.0,0.0
Realm of Ink,Characters,2,2,0,0,100.0,0.0,0.0
Realm of Ink,Difficulty,4,1,3,0,25.0,75.0,0.0
Realm of Ink,Performance,1,0,1,0,0.0,100.0,0.0
Realm of Ink,Replayability,1,1,0,0,100.0,0.0,0.0
Reanimal,Gameplay,48,40,8,0,83.33,16.67,0.0
Reanimal,Story,24,20,4,0,83.33,16.67,0.0
Reanimal,Graphics,16,10,6,0,62.5,37.5,0.0
Reanimal,Characters,2,2,0,0,100.0,0.0,0.0
Reanimal,Level Design,13,9,4,0,69.23,30.77,0.0
Reanimal,Music & Sound,11,9,2,0,81.82,18.18,0.0
Reanimal,Difficulty,13,10,3,0,76.92,23.08,0.0
Reanimal,Performance,11,10,1,0,90.91,9.09,0.0
Reanimal,Replayability,8,5,3,0,62.5,37.5,0.0
Red Dead Redemption 2,Gameplay,26,23,3,0,88.46,11.54,0.0
Red Dead Redemption 2,Story,55,51,4,0,92.73,7.27,0.0
Red Dead Redemption 2,Graphics,22,21,1,0,95.45,4.55,0.0
Red Dead Redemption 2,Characters,23,23,0,0,100.0,0.0,0.0
Red Dead Redemption 2,Level Design,15,15,0,0,100.0,0.0,0.0
Red Dead Redemption 2,Music & Sound,5,5,0,0,100.0,0.0,0.0
Red Dead Redemption 2,Difficulty,13,13,0,0,100.0,0.0,0.0
Red Dead Redemption 2,Performance,23,22,1,0,95.65,4.35,0.0
Red Dead Redemption 2,Replayability,14,12,2,0,85.71,14.29,0.0
Red Matter 2,Gameplay,2,2,0,0,100.0,0.0,0.0
Red Matter 2,Story,3,3,0,0,100.0,0.0,0.0
Red Matter 2,Graphics,6,6,0,0,100.0,0.0,0.0
Red Matter 2,Level Design,1,1,0,0,100.0,0.0,0.0
Red Matter 2,Performance,3,3,0,0,100.0,0.0,0.0
Red Matter 2,Replayability,1,1,0,0,100.0,0.0,0.0
Reigns: Her Majesty,Gameplay,3,3,0,0,100.0,0.0,0.0
Reigns: Her Majesty,Story,3,2,1,0,66.67,33.33,0.0
Reigns: Her Majesty,Characters,2,0,2,0,0.0,100.0,0.0
Reigns: Her Majesty,Difficulty,1,1,0,0,100.0,0.0,0.0
Remnant II,Gameplay,34,30,4,0,88.24,11.76,0.0
Remnant II,Story,16,13,3,0,81.25,18.75,0.0
Remnant II,Graphics,3,2,1,0,66.67,33.33,0.0
Remnant II,Characters,8,7,1,0,87.5,12.5,0.0
Remnant II,Level Design,12,11,1,0,91.67,8.33,0.0
Remnant II,Music & Sound,2,1,1,0,50.0,50.0,0.0
Remnant II,Difficulty,17,15,2,0,88.24,11.76,0.0
Remnant II,Performance,12,9,3,0,75.0,25.0,0.0
Remnant II,Replayability,12,11,1,0,91.67,8.33,0.0
Resident Evil 2,Gameplay,31,31,0,0,100.0,0.0,0.0
Resident Evil 2,Story,12,12,0,0,100.0,0.0,0.0
Resident Evil 2,Graphics,19,19,0,0,100.0,0.0,0.0
Resident Evil 2,Characters,5,5,0,0,100.0,0.0,0.0
Resident Evil 2,Level Design,6,6,0,0,100.0,0.0,0.0
Resident Evil 2,Music & Sound,8,8,0,0,100.0,0.0,0.0
Resident Evil 2,Difficulty,10,10,0,0,100.0,0.0,0.0
Resident Evil 2,Performance,3,3,0,0,100.0,0.0,0.0
Resident Evil 2,Replayability,10,10,0,0,100.0,0.0,0.0
Resident Evil 4,Gameplay,10,9,1,0,90.0,10.0,0.0
Resident Evil 4,Story,4,3,1,0,75.0,25.0,0.0
Resident Evil 4,Graphics,4,4,0,0,100.0,0.0,0.0
Resident Evil 4,Characters,4,3,1,0,75.0,25.0,0.0
Resident Evil 4,Music & Sound,1,0,1,0,0.0,100.0,0.0
Resident Evil 4,Difficulty,4,3,1,0,75.0,25.0,0.0
Resident Evil 4,Performance,2,2,0,0,100.0,0.0,0.0
Resident Evil 4,Replayability,2,2,0,0,100.0,0.0,0.0
Resident Evil 4 (2023),Gameplay,52,51,1,0,98.08,1.92,0.0
Resident Evil 4 (2023),Story,25,25,0,0,100.0,0.0,0.0
Resident Evil 4 (2023),Graphics,23,23,0,0,100.0,0.0,0.0
Resident Evil 4 (2023),Characters,9,9,0,0,100.0,0.0,0.0
Resident Evil 4 (2023),Level Design,6,6,0,0,100.0,0.0,0.0
Resident Evil 4 (2023),Music & Sound,3,3,0,0,100.0,0.0,0.0
Resident Evil 4 (2023),Difficulty,15,15,0,0,100.0,0.0,0.0
Resident Evil 4 (2023),Performance,2,2,0,0,100.0,0.0,0.0
Resident Evil 4 (2023),Replayability,16,16,0,0,100.0,0.0,0.0
Resident Evil 4 VR,Gameplay,5,5,0,0,100.0,0.0,0.0
Resident Evil 4 VR,Story,1,1,0,0,100.0,0.0,0.0
Resident Evil 4 VR,Graphics,1,1,0,0,100.0,0.0,0.0
Resident Evil 4 VR,Characters,1,1,0,0,100.0,0.0,0.0
Resident Evil 4 VR,Difficulty,1,0,1,0,0.0,100.0,0.0
Resident Evil 4: Separate Ways,Gameplay,21,20,1,0,95.24,4.76,0.0
Resident Evil 4: Separate Ways,Story,26,25,1,0,96.15,3.85,0.0
Resident Evil 4: Separate Ways,Characters,5,5,0,0,100.0,0.0,0.0
Resident Evil 4: Separate Ways,Level Design,2,2,0,0,100.0,0.0,0.0
Resident Evil 4: Separate Ways,Music & Sound,1,1,0,0,100.0,0.0,0.0
Resident Evil 4: Separate Ways,Difficulty,4,3,1,0,75.0,25.0,0.0
Resident Evil 4: Separate Ways,Replayability,14,14,0,0,100.0,0.0,0.0
Resident Evil 4: Ultimate HD Edition,Gameplay,6,4,2,0,66.67,33.33,0.0
Resident Evil 4: Ultimate HD Edition,Story,2,1,1,0,50.0,50.0,0.0
Resident Evil 4: Ultimate HD Edition,Graphics,3,2,1,0,66.67,33.33,0.0
Resident Evil 4: Ultimate HD Edition,Characters,1,0,1,0,0.0,100.0,0.0
Resident Evil 4: Ultimate HD Edition,Difficulty,2,0,2,0,0.0,100.0,0.0
Resident Evil 4: Ultimate HD Edition,Performance,4,4,0,0,100.0,0.0,0.0
Resident Evil 4: Ultimate HD Edition,Replayability,3,2,1,0,66.67,33.33,0.0
Resident Evil 7 Biohazard,Gameplay,19,19,0,0,100.0,0.0,0.0
Resident Evil 7 Biohazard,Story,25,22,3,0,88.0,12.0,0.0
Resident Evil 7 Biohazard,Graphics,2,2,0,0,100.0,0.0,0.0
Resident Evil 7 Biohazard,Characters,7,7,0,0,100.0,0.0,0.0
Resident Evil 7 Biohazard,Level Design,9,9,0,0,100.0,0.0,0.0
Resident Evil 7 Biohazard,Music & Sound,2,2,0,0,100.0,0.0,0.0
Resident Evil 7 Biohazard,Difficulty,11,8,3,0,72.73,27.27,0.0
Resident Evil 7 Biohazard,Performance,2,1,0,1,50.0,0.0,50.0
Resident Evil 7 Biohazard,Replayability,3,3,0,0,100.0,0.0,0.0
Resident Evil HD Remaster,Gameplay,15,14,1,0,93.33,6.67,0.0
Resident Evil HD Remaster,Story,6,5,1,0,83.33,16.67,0.0
Resident Evil HD Remaster,Graphics,7,7,0,0,100.0,0.0,0.0
Resident Evil HD Remaster,Level Design,2,2,0,0,100.0,0.0,0.0
Resident Evil HD Remaster,Music & Sound,3,3,0,0,100.0,0.0,0.0
Resident Evil HD Remaster,Difficulty,11,10,1,0,90.91,9.09,0.0
Resident Evil HD Remaster,Performance,3,3,0,0,100.0,0.0,0.0
Resident Evil HD Remaster,Replayability,4,4,0,0,100.0,0.0,0.0
Resident Evil Requiem,Gameplay,57,55,2,0,96.49,3.51,0.0
Resident Evil Requiem,Story,57,56,1,0,98.25,1.75,0.0
Resident Evil Requiem,Graphics,18,17,0,1,94.44,0.0,5.56
Resident Evil Requiem,Characters,25,22,2,1,88.0,8.0,4.0
Resident Evil Requiem,Level Design,13,13,0,0,100.0,0.0,0.0
Resident Evil Requiem,Music & Sound,9,9,0,0,100.0,0.0,0.0
Resident Evil Requiem,Difficulty,14,14,0,0,100.0,0.0,0.0
Resident Evil Requiem,Performance,8,8,0,0,100.0,0.0,0.0
Resident Evil Requiem,Replayability,9,9,0,0,100.0,0.0,0.0
Resident Evil Village,Gameplay,53,48,5,0,90.57,9.43,0.0
Resident Evil Village,Story,37,35,2,0,94.59,5.41,0.0
Resident Evil Village,Graphics,12,11,1,0,91.67,8.33,0.0
Resident Evil Village,Characters,13,12,1,0,92.31,7.69,0.0
Resident Evil Village,Level Design,9,8,1,0,88.89,11.11,0.0
Resident Evil Village,Music & Sound,6,6,0,0,100.0,0.0,0.0
Resident Evil Village,Difficulty,14,13,1,0,92.86,7.14,0.0
Resident Evil Village,Performance,6,6,0,0,100.0,0.0,0.0
Resident Evil Village,Replayability,9,7,2,0,77.78,22.22,0.0
Resident Evil Village Gold Edition,Gameplay,2,2,0,0,100.0,0.0,0.0
Resident Evil Village Gold Edition,Graphics,1,1,0,0,100.0,0.0,0.0
Resident Evil Village Gold Edition,Characters,1,1,0,0,100.0,0.0,0.0
Resident Evil Village Gold Edition,Level Design,1,1,0,0,100.0,0.0,0.0
Resident Evil Village Gold Edition,Performance,4,4,0,0,100.0,0.0,0.0
Resident Evil Village Gold Edition,Replayability,5,5,0,0,100.0,0.0,0.0
Resogun,Gameplay,8,8,0,0,100.0,0.0,0.0
Resogun,Graphics,6,6,0,0,100.0,0.0,0.0
Resogun,Level Design,6,6,0,0,100.0,0.0,0.0
Resogun,Music & Sound,2,2,0,0,100.0,0.0,0.0
Resogun,Difficulty,8,8,0,0,100.0,0.0,0.0
Resogun,Performance,1,1,0,0,100.0,0.0,0.0
Resogun,Replayability,4,3,1,0,75.0,25.0,0.0
Resogun: Defenders,Gameplay,1,1,0,0,100.0,0.0,0.0
Resogun: Defenders,Replayability,1,1,0,0,100.0,0.0,0.0
Resogun: Heroes,Gameplay,2,2,0,0,100.0,0.0,0.0
Resogun: Heroes,Replayability,1,0,1,0,0.0,100.0,0.0
Retro Bowl,Gameplay,1,1,0,0,100.0,0.0,0.0
Retro City Rampage DX,Gameplay,4,3,1,0,75.0,25.0,0.0
Retro City Rampage DX,Story,2,1,1,0,50.0,50.0,0.0
Retro City Rampage DX,Level Design,1,1,0,0,100.0,0.0,0.0
Retro City Rampage DX,Difficulty,2,1,1,0,50.0,50.0,0.0
Retro City Rampage DX,Replayability,2,1,1,0,50.0,50.0,0.0
Return of the Obra Dinn,Gameplay,12,11,1,0,91.67,8.33,0.0
Return of the Obra Dinn,Story,10,9,1,0,90.0,10.0,0.0
Return of the Obra Dinn,Graphics,6,6,0,0,100.0,0.0,0.0
Return of the Obra Dinn,Characters,2,1,1,0,50.0,50.0,0.0
Return of the Obra Dinn,Music & Sound,1,1,0,0,100.0,0.0,0.0
Return of the Obra Dinn,Difficulty,5,4,1,0,80.0,20.0,0.0
Return of the Obra Dinn,Replayability,1,1,0,0,100.0,0.0,0.0
Return to Monkey Island,Gameplay,7,6,1,0,85.71,14.29,0.0
Return to Monkey Island,Story,25,23,2,0,92.0,8.0,0.0
Return to Monkey Island,Graphics,10,8,2,0,80.0,20.0,0.0
Return to Monkey Island,Characters,11,11,0,0,100.0,0.0,0.0
Return to Monkey Island,Level Design,2,2,0,0,100.0,0.0,0.0
Return to Monkey Island,Music & Sound,3,3,0,0,100.0,0.0,0.0
Return to Monkey Island,Difficulty,5,5,0,0,100.0,0.0,0.0
Returnal,Gameplay,72,65,6,1,90.28,8.33,1.39
Returnal,Story,45,40,5,0,88.89,11.11,0.0
Returnal,Graphics,17,14,3,0,82.35,17.65,0.0
Returnal,Characters,1,1,0,0,100.0,0.0,0.0
Returnal,Level Design,15,12,3,0,80.0,20.0,0.0
Returnal,Music & Sound,5,4,1,0,80.0,20.0,0.0
Returnal,Difficulty,46,35,11,0,76.09,23.91,0.0
Returnal,Performance,13,10,3,0,76.92,23.08,0.0
Returnal,Replayability,3,3,0,0,100.0,0.0,0.0
Reventure,Gameplay,5,3,2,0,60.0,40.0,0.0
Reventure,Story,1,0,1,0,0.0,100.0,0.0
Reventure,Graphics,2,2,0,0,100.0,0.0,0.0
Reventure,Music & Sound,1,1,0,0,100.0,0.0,0.0
Rez Infinite,Gameplay,10,9,1,0,90.0,10.0,0.0
Rez Infinite,Story,1,1,0,0,100.0,0.0,0.0
Rez Infinite,Graphics,10,10,0,0,100.0,0.0,0.0
Rez Infinite,Level Design,4,3,1,0,75.0,25.0,0.0
Rez Infinite,Music & Sound,8,8,0,0,100.0,0.0,0.0
Rez Infinite,Difficulty,4,4,0,0,100.0,0.0,0.0
Rez Infinite,Replayability,4,3,1,0,75.0,25.0,0.0
Rez Infinite (VR),Graphics,1,1,0,0,100.0,0.0,0.0
Rez Infinite (VR),Level Design,2,2,0,0,100.0,0.0,0.0
Rez Infinite (VR),Music & Sound,1,1,0,0,100.0,0.0,0.0
Rhell: Warped Worlds & Troubled Times,Gameplay,1,1,0,0,100.0,0.0,0.0
Rhell: Warped Worlds & Troubled Times,Story,1,1,0,0,100.0,0.0,0.0
Rhythm Doctor,Gameplay,1,1,0,0,100.0,0.0,0.0
Rhythm Doctor,Story,2,2,0,0,100.0,0.0,0.0
Rhythm Doctor,Graphics,1,1,0,0,100.0,0.0,0.0
Rhythm Doctor,Level Design,1,1,0,0,100.0,0.0,0.0
Rhythm Doctor,Music & Sound,2,2,0,0,100.0,0.0,0.0
Rhythm Doctor,Difficulty,1,1,0,0,100.0,0.0,0.0
Rhythm Heaven Megamix,Gameplay,4,4,0,0,100.0,0.0,0.0
Rhythm Heaven Megamix,Story,3,3,0,0,100.0,0.0,0.0
Rhythm Heaven Megamix,Graphics,1,1,0,0,100.0,0.0,0.0
Rhythm Heaven Megamix,Characters,1,1,0,0,100.0,0.0,0.0
Rhythm Heaven Megamix,Level Design,1,1,0,0,100.0,0.0,0.0
Rhythm Heaven Megamix,Music & Sound,5,5,0,0,100.0,0.0,0.0
Rhythm Heaven Megamix,Difficulty,2,2,0,0,100.0,0.0,0.0
Rhythm Heaven Megamix,Replayability,6,5,1,0,83.33,16.67,0.0
Rhythm Sprout,Gameplay,6,4,2,0,66.67,33.33,0.0
Rhythm Sprout,Story,4,2,2,0,50.0,50.0,0.0
Rhythm Sprout,Graphics,4,2,2,0,50.0,50.0,0.0
Rhythm Sprout,Characters,2,1,1,0,50.0,50.0,0.0
Rhythm Sprout,Level Design,4,1,3,0,25.0,75.0,0.0
Rhythm Sprout,Music & Sound,7,5,2,0,71.43,28.57,0.0
Rhythm Sprout,Difficulty,9,4,5,0,44.44,55.56,0.0
Rhythm Sprout,Replayability,3,1,2,0,33.33,66.67,0.0
RimWorld,Story,1,1,0,0,100.0,0.0,0.0
RimWorld,Graphics,1,1,0,0,100.0,0.0,0.0
RimWorld,Difficulty,1,1,0,0,100.0,0.0,0.0
RimWorld,Replayability,2,1,1,0,50.0,50.0,0.0
Ring Fit Adventure,Gameplay,5,5,0,0,100.0,0.0,0.0
Ring Fit Adventure,Story,1,1,0,0,100.0,0.0,0.0
Ring Fit Adventure,Level Design,3,2,1,0,66.67,33.33,0.0
Ring Fit Adventure,Difficulty,6,5,1,0,83.33,16.67,0.0
Ring Fit Adventure,Replayability,1,1,0,0,100.0,0.0,0.0
Rise of the Tomb Raider,Gameplay,30,26,4,0,86.67,13.33,0.0
Rise of the Tomb Raider,Story,30,28,2,0,93.33,6.67,0.0
Rise of the Tomb Raider,Graphics,3,2,1,0,66.67,33.33,0.0
Rise of the Tomb Raider,Characters,12,10,2,0,83.33,16.67,0.0
Rise of the Tomb Raider,Level Design,5,5,0,0,100.0,0.0,0.0
Rise of the Tomb Raider,Music & Sound,1,0,1,0,0.0,100.0,0.0
Rise of the Tomb Raider,Difficulty,4,4,0,0,100.0,0.0,0.0
Rise of the Tomb Raider,Performance,2,2,0,0,100.0,0.0,0.0
Rise of the Tomb Raider,Replayability,7,6,1,0,85.71,14.29,0.0
Rise of the Tomb Raider (PC),Gameplay,2,1,1,0,50.0,50.0,0.0
Rise of the Tomb Raider (PC),Story,1,0,1,0,0.0,100.0,0.0
Rise of the Tomb Raider (PC),Graphics,1,1,0,0,100.0,0.0,0.0
Rise of the Tomb Raider (PC),Level Design,1,1,0,0,100.0,0.0,0.0
Rise of the Tomb Raider (PC),Difficulty,2,2,0,0,100.0,0.0,0.0
Rise of the Tomb Raider (PC),Performance,3,2,1,0,66.67,33.33,0.0
Rise of the Tomb Raider (PC),Replayability,1,0,1,0,0.0,100.0,0.0
Rise of the Tomb Raider: 20 Year Celebration,Gameplay,10,8,2,0,80.0,20.0,0.0
Rise of the Tomb Raider: 20 Year Celebration,Story,15,11,4,0,73.33,26.67,0.0
Rise of the Tomb Raider: 20 Year Celebration,Graphics,3,3,0,0,100.0,0.0,0.0
Rise of the Tomb Raider: 20 Year Celebration,Characters,4,3,1,0,75.0,25.0,0.0
Rise of the Tomb Raider: 20 Year Celebration,Level Design,1,0,1,0,0.0,100.0,0.0
Rise of the Tomb Raider: 20 Year Celebration,Performance,1,1,0,0,100.0,0.0,0.0
Rise of the Tomb Raider: 20 Year Celebration,Replayability,11,10,1,0,90.91,9.09,0.0
Risk of Rain 2,Gameplay,10,9,1,0,90.0,10.0,0.0
Risk of Rain 2,Graphics,1,1,0,0,100.0,0.0,0.0
Risk of Rain 2,Characters,3,2,1,0,66.67,33.33,0.0
Risk of Rain 2,Level Design,2,2,0,0,100.0,0.0,0.0
Risk of Rain 2,Music & Sound,1,1,0,0,100.0,0.0,0.0
Risk of Rain 2,Difficulty,6,5,1,0,83.33,16.67,0.0
Risk of Rain 2,Replayability,4,3,1,0,75.0,25.0,0.0
Risk of Rain Returns,Gameplay,2,2,0,0,100.0,0.0,0.0
Risk of Rain Returns,Graphics,4,4,0,0,100.0,0.0,0.0
Risk of Rain Returns,Difficulty,2,1,1,0,50.0,50.0,0.0
Risk of Rain Returns,Replayability,4,4,0,0,100.0,0.0,0.0
Rivals of Aether,Gameplay,2,2,0,0,100.0,0.0,0.0
Rivals of Aether,Characters,1,1,0,0,100.0,0.0,0.0
Rivals of Aether,Difficulty,1,1,0,0,100.0,0.0,0.0
Rivals of Aether,Replayability,1,1,0,0,100.0,0.0,0.0
Rive: Ultimate Edition,Gameplay,4,4,0,0,100.0,0.0,0.0
Rive: Ultimate Edition,Level Design,2,1,1,0,50.0,50.0,0.0
Rive: Ultimate Edition,Difficulty,5,5,0,0,100.0,0.0,0.0
Rive: Ultimate Edition,Replayability,3,3,0,0,100.0,0.0,0.0
Riven,Gameplay,4,3,1,0,75.0,25.0,0.0
Riven,Story,4,3,1,0,75.0,25.0,0.0
Riven,Graphics,5,4,1,0,80.0,20.0,0.0
Riven,Characters,3,3,0,0,100.0,0.0,0.0
Riven,Level Design,2,1,1,0,50.0,50.0,0.0
Riven,Music & Sound,2,2,0,0,100.0,0.0,0.0
Riven,Difficulty,10,10,0,0,100.0,0.0,0.0
Riven,Replayability,1,1,0,0,100.0,0.0,0.0
RoadCraft,Gameplay,27,19,7,1,70.37,25.93,3.7
RoadCraft,Story,1,0,1,0,0.0,100.0,0.0
RoadCraft,Graphics,5,4,1,0,80.0,20.0,0.0
RoadCraft,Level Design,4,4,0,0,100.0,0.0,0.0
RoadCraft,Music & Sound,1,1,0,0,100.0,0.0,0.0
RoadCraft,Difficulty,8,4,4,0,50.0,50.0,0.0
RoadCraft,Performance,10,7,3,0,70.0,30.0,0.0
RoadCraft,Replayability,9,7,2,0,77.78,22.22,0.0
Roadwarden,Gameplay,3,3,0,0,100.0,0.0,0.0
Roadwarden,Story,7,7,0,0,100.0,0.0,0.0
Roadwarden,Graphics,2,2,0,0,100.0,0.0,0.0
Roadwarden,Level Design,1,1,0,0,100.0,0.0,0.0
Roadwarden,Music & Sound,1,1,0,0,100.0,0.0,0.0
Roadwarden,Difficulty,3,3,0,0,100.0,0.0,0.0
Roadwarden,Performance,2,1,1,0,50.0,50.0,0.0
Robo Recall,Level Design,1,1,0,0,100.0,0.0,0.0
Roboquest,Gameplay,4,4,0,0,100.0,0.0,0.0
Roboquest,Level Design,2,2,0,0,100.0,0.0,0.0
Roboquest,Difficulty,1,1,0,0,100.0,0.0,0.0
Roboquest,Performance,2,2,0,0,100.0,0.0,0.0
Robotics;Notes Elite,Gameplay,1,1,0,0,100.0,0.0,0.0
Robotics;Notes Elite,Story,6,5,1,0,83.33,16.67,0.0
Robotics;Notes Elite,Graphics,5,5,0,0,100.0,0.0,0.0
Robotics;Notes Elite,Characters,4,4,0,0,100.0,0.0,0.0
Robotics;Notes Elite,Level Design,1,0,1,0,0.0,100.0,0.0
Rocket League,Gameplay,18,17,1,0,94.44,5.56,0.0
Rocket League,Graphics,8,7,1,0,87.5,12.5,0.0
Rocket League,Level Design,1,1,0,0,100.0,0.0,0.0
Rocket League,Music & Sound,1,1,0,0,100.0,0.0,0.0
Rocket League,Difficulty,15,15,0,0,100.0,0.0,0.0
Rocket League,Performance,5,5,0,0,100.0,0.0,0.0
Rocket League,Replayability,4,4,0,0,100.0,0.0,0.0
Rocksmith 2014 Edition,Graphics,1,1,0,0,100.0,0.0,0.0
Rocksmith 2014 Edition,Level Design,1,1,0,0,100.0,0.0,0.0
Rocksmith 2014 Edition,Music & Sound,3,3,0,0,100.0,0.0,0.0
Rocksmith 2014 Edition,Difficulty,1,1,0,0,100.0,0.0,0.0
Rocksmith 2014 Edition,Replayability,1,1,0,0,100.0,0.0,0.0
Rogue Flight,Gameplay,8,5,3,0,62.5,37.5,0.0
Rogue Flight,Story,4,1,3,0,25.0,75.0,0.0
Rogue Flight,Graphics,4,2,2,0,50.0,50.0,0.0
Rogue Flight,Characters,1,0,1,0,0.0,100.0,0.0
Rogue Flight,Level Design,4,2,2,0,50.0,50.0,0.0
Rogue Flight,Music & Sound,3,2,1,0,66.67,33.33,0.0
Rogue Flight,Difficulty,7,5,2,0,71.43,28.57,0.0
Rogue Flight,Performance,2,2,0,0,100.0,0.0,0.0
Rogue Flight,Replayability,3,2,1,0,66.67,33.33,0.0
Rogue Heroes: Ruins of Tasos,Gameplay,6,5,1,0,83.33,16.67,0.0
Rogue Heroes: Ruins of Tasos,Story,3,1,2,0,33.33,66.67,0.0
Rogue Heroes: Ruins of Tasos,Characters,2,2,0,0,100.0,0.0,0.0
Rogue Heroes: Ruins of Tasos,Difficulty,4,2,2,0,50.0,50.0,0.0
Rogue Heroes: Ruins of Tasos,Performance,2,1,1,0,50.0,50.0,0.0
Rogue Legacy,Gameplay,12,11,1,0,91.67,8.33,0.0
Rogue Legacy,Story,1,1,0,0,100.0,0.0,0.0
Rogue Legacy,Graphics,2,2,0,0,100.0,0.0,0.0
Rogue Legacy,Characters,4,4,0,0,100.0,0.0,0.0
Rogue Legacy,Level Design,2,1,1,0,50.0,50.0,0.0
Rogue Legacy,Music & Sound,3,2,1,0,66.67,33.33,0.0
Rogue Legacy,Difficulty,7,6,1,0,85.71,14.29,0.0
Rogue Legacy,Replayability,2,2,0,0,100.0,0.0,0.0
Rogue Legacy 2,Gameplay,28,27,1,0,96.43,3.57,0.0
Rogue Legacy 2,Story,5,4,1,0,80.0,20.0,0.0
Rogue Legacy 2,Graphics,1,1,0,0,100.0,0.0,0.0
Rogue Legacy 2,Characters,4,4,0,0,100.0,0.0,0.0
Rogue Legacy 2,Level Design,4,4,0,0,100.0,0.0,0.0
Rogue Legacy 2,Music & Sound,2,2,0,0,100.0,0.0,0.0
Rogue Legacy 2,Difficulty,7,7,0,0,100.0,0.0,0.0
Rogue Legacy 2,Performance,1,1,0,0,100.0,0.0,0.0
Rogue Legacy 2,Replayability,14,14,0,0,100.0,0.0,0.0
Rogue Waters,Gameplay,9,2,7,0,22.22,77.78,0.0
Rogue Waters,Story,5,1,4,0,20.0,80.0,0.0
Rogue Waters,Graphics,1,1,0,0,100.0,0.0,0.0
Rogue Waters,Characters,1,0,1,0,0.0,100.0,0.0
Rogue Waters,Difficulty,4,2,2,0,50.0,50.0,0.0
Rogue Waters,Replayability,1,1,0,0,100.0,0.0,0.0
Roguebook,Gameplay,15,12,3,0,80.0,20.0,0.0
Roguebook,Story,5,5,0,0,100.0,0.0,0.0
Roguebook,Graphics,3,3,0,0,100.0,0.0,0.0
Roguebook,Characters,5,5,0,0,100.0,0.0,0.0
Roguebook,Level Design,8,7,0,1,87.5,0.0,12.5
Roguebook,Music & Sound,1,1,0,0,100.0,0.0,0.0
Roguebook,Difficulty,9,7,1,1,77.78,11.11,11.11
Roguebook,Performance,3,2,0,1,66.67,0.0,33.33
Roguebook,Replayability,3,3,0,0,100.0,0.0,0.0
RollerCoaster Tycoon Classic,Gameplay,2,2,0,0,100.0,0.0,0.0
RollerCoaster Tycoon Classic,Level Design,1,1,0,0,100.0,0.0,0.0
RollerCoaster Tycoon Classic,Difficulty,1,1,0,0,100.0,0.0,0.0
RollerCoaster Tycoon Classic,Performance,1,1,0,0,100.0,0.0,0.0
RollerCoaster Tycoon Classic,Replayability,2,2,0,0,100.0,0.0,0.0
Rolling Gunner,Gameplay,5,5,0,0,100.0,0.0,0.0
Rolling Gunner,Graphics,2,2,0,0,100.0,0.0,0.0
Rolling Gunner,Level Design,2,1,1,0,50.0,50.0,0.0
Rolling Gunner,Music & Sound,2,2,0,0,100.0,0.0,0.0
Rolling Gunner,Difficulty,5,5,0,0,100.0,0.0,0.0
Romancing SaGa 2: Revenge of the Seven,Gameplay,33,27,6,0,81.82,18.18,0.0
Romancing SaGa 2: Revenge of the Seven,Story,16,14,2,0,87.5,12.5,0.0
Romancing SaGa 2: Revenge of the Seven,Graphics,9,9,0,0,100.0,0.0,0.0
Romancing SaGa 2: Revenge of the Seven,Characters,7,6,1,0,85.71,14.29,0.0
Romancing SaGa 2: Revenge of the Seven,Level Design,3,2,1,0,66.67,33.33,0.0
Romancing SaGa 2: Revenge of the Seven,Music & Sound,3,3,0,0,100.0,0.0,0.0
Romancing SaGa 2: Revenge of the Seven,Difficulty,6,5,1,0,83.33,16.67,0.0
Romancing SaGa 2: Revenge of the Seven,Performance,4,2,2,0,50.0,50.0,0.0
Romancing SaGa 2: Revenge of the Seven,Replayability,2,1,1,0,50.0,50.0,0.0
Root,Gameplay,1,0,1,0,0.0,100.0,0.0
Root,Performance,1,0,1,0,0.0,100.0,0.0
Roots of Pacha,Gameplay,6,5,1,0,83.33,16.67,0.0
Roots of Pacha,Story,2,2,0,0,100.0,0.0,0.0
Roots of Pacha,Graphics,2,2,0,0,100.0,0.0,0.0
Roots of Pacha,Characters,1,1,0,0,100.0,0.0,0.0
Roots of Pacha,Music & Sound,2,2,0,0,100.0,0.0,0.0
Roots of Pacha,Difficulty,2,2,0,0,100.0,0.0,0.0
Rosewater,Gameplay,1,0,1,0,0.0,100.0,0.0
Rosewater,Story,6,4,2,0,66.67,33.33,0.0
Rosewater,Characters,6,4,2,0,66.67,33.33,0.0
Rosewater,Difficulty,4,2,2,0,50.0,50.0,0.0
Rosewater,Replayability,1,0,1,0,0.0,100.0,0.0
Rubber Bandits,Gameplay,2,0,2,0,0.0,100.0,0.0
Rubber Bandits,Level Design,1,0,1,0,0.0,100.0,0.0
Ruined King: A League of Legends Story,Gameplay,20,15,4,1,75.0,20.0,5.0
Ruined King: A League of Legends Story,Story,30,23,6,1,76.67,20.0,3.33
Ruined King: A League of Legends Story,Graphics,1,0,1,0,0.0,100.0,0.0
Ruined King: A League of Legends Story,Characters,16,13,3,0,81.25,18.75,0.0
Ruined King: A League of Legends Story,Level Design,3,2,1,0,66.67,33.33,0.0
Ruined King: A League of Legends Story,Music & Sound,3,3,0,0,100.0,0.0,0.0
Ruined King: A League of Legends Story,Difficulty,5,4,1,0,80.0,20.0,0.0
Ruined King: A League of Legends Story,Performance,4,1,3,0,25.0,75.0,0.0
Ruined King: A League of Legends Story,Replayability,4,2,2,0,50.0,50.0,0.0
Rumu,Story,3,3,0,0,100.0,0.0,0.0
Rumu,Characters,2,2,0,0,100.0,0.0,0.0
Rumu,Music & Sound,1,1,0,0,100.0,0.0,0.0
Rumu,Difficulty,1,1,0,0,100.0,0.0,0.0
RunGunJumpGun,Gameplay,1,0,1,0,0.0,100.0,0.0
RunGunJumpGun,Story,1,1,0,0,100.0,0.0,0.0
RunGunJumpGun,Graphics,1,1,0,0,100.0,0.0,0.0
RunGunJumpGun,Level Design,3,2,1,0,66.67,33.33,0.0
RunGunJumpGun,Music & Sound,2,2,0,0,100.0,0.0,0.0
RunGunJumpGun,Replayability,1,1,0,0,100.0,0.0,0.0
Runbow,Gameplay,17,14,3,0,82.35,17.65,0.0
Runbow,Graphics,1,0,1,0,0.0,100.0,0.0
Runbow,Characters,2,2,0,0,100.0,0.0,0.0
Runbow,Level Design,6,3,3,0,50.0,50.0,0.0
Runbow,Music & Sound,3,2,1,0,66.67,33.33,0.0
Runbow,Difficulty,6,5,1,0,83.33,16.67,0.0
Runbow,Replayability,6,6,0,0,100.0,0.0,0.0
Rune Factory 4 Special,Gameplay,16,12,4,0,75.0,25.0,0.0
Rune Factory 4 Special,Story,8,6,2,0,75.0,25.0,0.0
Rune Factory 4 Special,Graphics,3,3,0,0,100.0,0.0,0.0
Rune Factory 4 Special,Characters,6,3,3,0,50.0,50.0,0.0
Rune Factory 4 Special,Difficulty,9,7,2,0,77.78,22.22,0.0
Rune Factory 4 Special,Replayability,10,7,3,0,70.0,30.0,0.0
Rune Factory: Guardians of Azuma,Gameplay,31,24,7,0,77.42,22.58,0.0
Rune Factory: Guardians of Azuma,Story,20,16,4,0,80.0,20.0,0.0
Rune Factory: Guardians of Azuma,Graphics,1,1,0,0,100.0,0.0,0.0
Rune Factory: Guardians of Azuma,Characters,12,9,3,0,75.0,25.0,0.0
Rune Factory: Guardians of Azuma,Level Design,1,0,1,0,0.0,100.0,0.0
Rune Factory: Guardians of Azuma,Music & Sound,1,1,0,0,100.0,0.0,0.0
Rune Factory: Guardians of Azuma,Difficulty,6,4,2,0,66.67,33.33,0.0
Rune Factory: Guardians of Azuma,Performance,8,6,2,0,75.0,25.0,0.0
Rune Factory: Guardians of Azuma,Replayability,7,6,1,0,85.71,14.29,0.0
Russian Subway Dogs,Gameplay,2,0,2,0,0.0,100.0,0.0
Russian Subway Dogs,Level Design,1,0,1,0,0.0,100.0,0.0
Russian Subway Dogs,Difficulty,4,3,1,0,75.0,25.0,0.0
Rytmos,Gameplay,1,1,0,0,100.0,0.0,0.0
Rytmos,Graphics,1,1,0,0,100.0,0.0,0.0
Rytmos,Music & Sound,4,3,1,0,75.0,25.0,0.0
Rytmos,Difficulty,1,1,0,0,100.0,0.0,0.0
SEGA AGES Fantasy Zone,Gameplay,2,2,0,0,100.0,0.0,0.0
SEGA AGES Fantasy Zone,Graphics,1,1,0,0,100.0,0.0,0.0
SEGA AGES Fantasy Zone,Difficulty,5,3,2,0,60.0,40.0,0.0
SEGA AGES Fantasy Zone,Replayability,1,0,1,0,0.0,100.0,0.0
SEGA AGES Phantasy Star,Level Design,1,1,0,0,100.0,0.0,0.0
SEGA AGES Sonic the Hedgehog 2,Gameplay,3,3,0,0,100.0,0.0,0.0
SEGA AGES Sonic the Hedgehog 2,Characters,1,1,0,0,100.0,0.0,0.0
SEGA AGES Sonic the Hedgehog 2,Level Design,1,1,0,0,100.0,0.0,0.0
SEGA AGES Sonic the Hedgehog 2,Replayability,1,1,0,0,100.0,0.0,0.0
SEGA AGES Virtua Racing,Gameplay,1,0,1,0,0.0,100.0,0.0
SEGA AGES Virtua Racing,Graphics,1,0,1,0,0.0,100.0,0.0
SEGA AGES Virtua Racing,Difficulty,2,1,1,0,50.0,50.0,0.0
SEGA AGES Virtua Racing,Replayability,1,0,1,0,0.0,100.0,0.0
SMITE,Gameplay,7,7,0,0,100.0,0.0,0.0
SMITE,Characters,5,5,0,0,100.0,0.0,0.0
SMITE,Level Design,2,1,1,0,50.0,50.0,0.0
SMITE,Difficulty,3,3,0,0,100.0,0.0,0.0
SNK vs. Capcom: The Match of the Millennium,Gameplay,4,3,1,0,75.0,25.0,0.0
SNK vs. Capcom: The Match of the Millennium,Story,1,1,0,0,100.0,0.0,0.0
SNK vs. Capcom: The Match of the Millennium,Graphics,2,2,0,0,100.0,0.0,0.0
SNK vs. Capcom: The Match of the Millennium,Characters,6,5,1,0,83.33,16.67,0.0
SNK vs. Capcom: The Match of the Millennium,Music & Sound,2,2,0,0,100.0,0.0,0.0
SNK vs. Capcom: The Match of the Millennium,Difficulty,5,4,1,0,80.0,20.0,0.0
SNK vs. Capcom: The Match of the Millennium,Performance,1,1,0,0,100.0,0.0,0.0
SNK vs. Capcom: The Match of the Millennium,Replayability,3,3,0,0,100.0,0.0,0.0
SOMA,Gameplay,10,8,2,0,80.0,20.0,0.0
SOMA,Story,42,35,6,1,83.33,14.29,2.38
SOMA,Graphics,4,4,0,0,100.0,0.0,0.0
SOMA,Characters,3,3,0,0,100.0,0.0,0.0
SOMA,Level Design,5,2,3,0,40.0,60.0,0.0
SOMA,Music & Sound,8,7,1,0,87.5,12.5,0.0
SOMA,Difficulty,7,2,5,0,28.57,71.43,0.0
SOMA,Performance,1,1,0,0,100.0,0.0,0.0
SOMA,Replayability,2,2,0,0,100.0,0.0,0.0
SUPERHOT,Gameplay,22,15,7,0,68.18,31.82,0.0
SUPERHOT,Story,19,14,5,0,73.68,26.32,0.0
SUPERHOT,Graphics,7,5,2,0,71.43,28.57,0.0
SUPERHOT,Level Design,8,8,0,0,100.0,0.0,0.0
SUPERHOT,Music & Sound,3,2,1,0,66.67,33.33,0.0
SUPERHOT,Difficulty,3,3,0,0,100.0,0.0,0.0
SUPERHOT,Performance,11,8,3,0,72.73,27.27,0.0
SUPERHOT,Replayability,6,3,3,0,50.0,50.0,0.0
SUPERHOT (VR),Gameplay,11,10,1,0,90.91,9.09,0.0
SUPERHOT (VR),Story,2,2,0,0,100.0,0.0,0.0
SUPERHOT (VR),Level Design,7,4,3,0,57.14,42.86,0.0
SUPERHOT (VR),Difficulty,6,4,2,0,66.67,33.33,0.0
SUPERHOT (VR),Performance,5,5,0,0,100.0,0.0,0.0
SUPERHOT (VR),Replayability,6,5,1,0,83.33,16.67,0.0
SUPERHOT: MIND CONTROL DELETE,Gameplay,21,17,4,0,80.95,19.05,0.0
SUPERHOT: MIND CONTROL DELETE,Story,5,2,3,0,40.0,60.0,0.0
SUPERHOT: MIND CONTROL DELETE,Level Design,12,8,4,0,66.67,33.33,0.0
SUPERHOT: MIND CONTROL DELETE,Difficulty,5,2,2,1,40.0,40.0,20.0
SUPERHOT: MIND CONTROL DELETE,Performance,5,3,1,1,60.0,20.0,20.0
SUPERHOT: MIND CONTROL DELETE,Replayability,4,2,2,0,50.0,50.0,0.0
Sairento VR,Gameplay,12,9,3,0,75.0,25.0,0.0
Sairento VR,Story,2,2,0,0,100.0,0.0,0.0
Sairento VR,Graphics,3,2,1,0,66.67,33.33,0.0
Sairento VR,Level Design,3,3,0,0,100.0,0.0,0.0
Sairento VR,Difficulty,1,1,0,0,100.0,0.0,0.0
Sairento VR,Performance,6,5,1,0,83.33,16.67,0.0
Sairento VR,Replayability,2,1,1,0,50.0,50.0,0.0
Sakuna: Of Rice and Ruin,Gameplay,33,17,16,0,51.52,48.48,0.0
Sakuna: Of Rice and Ruin,Story,15,8,7,0,53.33,46.67,0.0
Sakuna: Of Rice and Ruin,Graphics,6,2,4,0,33.33,66.67,0.0
Sakuna: Of Rice and Ruin,Characters,15,7,8,0,46.67,53.33,0.0
Sakuna: Of Rice and Ruin,Level Design,6,4,2,0,66.67,33.33,0.0
Sakuna: Of Rice and Ruin,Music & Sound,1,1,0,0,100.0,0.0,0.0
Sakuna: Of Rice and Ruin,Difficulty,8,5,3,0,62.5,37.5,0.0
Sakuna: Of Rice and Ruin,Replayability,1,0,1,0,0.0,100.0,0.0
Sakura Dungeon,Gameplay,1,1,0,0,100.0,0.0,0.0
Sakura Dungeon,Story,1,1,0,0,100.0,0.0,0.0
Sakura Dungeon,Characters,1,1,0,0,100.0,0.0,0.0
Sakura Dungeon,Difficulty,1,1,0,0,100.0,0.0,0.0
Sakura Dungeon,Replayability,1,0,1,0,0.0,100.0,0.0
Salt and Sanctuary,Gameplay,18,13,5,0,72.22,27.78,0.0
Salt and Sanctuary,Story,1,1,0,0,100.0,0.0,0.0
Salt and Sanctuary,Graphics,3,2,1,0,66.67,33.33,0.0
Salt and Sanctuary,Characters,2,2,0,0,100.0,0.0,0.0
Salt and Sanctuary,Level Design,6,5,1,0,83.33,16.67,0.0
Salt and Sanctuary,Music & Sound,3,2,1,0,66.67,33.33,0.0
Salt and Sanctuary,Difficulty,24,19,5,0,79.17,20.83,0.0
Salt and Sanctuary,Performance,2,0,2,0,0.0,100.0,0.0
Salt and Sanctuary,Replayability,2,2,0,0,100.0,0.0,0.0
Saltsea Chronicles,Gameplay,3,2,1,0,66.67,33.33,0.0
Saltsea Chronicles,Story,5,4,1,0,80.0,20.0,0.0
Saltsea Chronicles,Graphics,1,1,0,0,100.0,0.0,0.0
Saltsea Chronicles,Characters,6,4,2,0,66.67,33.33,0.0
Saltsea Chronicles,Difficulty,1,1,0,0,100.0,0.0,0.0
Sam & Max Save The World Remastered,Gameplay,3,2,1,0,66.67,33.33,0.0
Sam & Max Save The World Remastered,Story,15,10,5,0,66.67,33.33,0.0
Sam & Max Save The World Remastered,Graphics,8,7,1,0,87.5,12.5,0.0
Sam & Max Save The World Remastered,Characters,6,3,3,0,50.0,50.0,0.0
Sam & Max Save The World Remastered,Music & Sound,6,6,0,0,100.0,0.0,0.0
Sam & Max Save The World Remastered,Difficulty,8,5,3,0,62.5,37.5,0.0
Sam & Max Save The World Remastered,Replayability,1,1,0,0,100.0,0.0,0.0
Sam & Max: The Devil's Playhouse,Gameplay,7,7,0,0,100.0,0.0,0.0
Sam & Max: The Devil's Playhouse,Story,6,6,0,0,100.0,0.0,0.0
Sam & Max: The Devil's Playhouse,Graphics,2,2,0,0,100.0,0.0,0.0
Sam & Max: The Devil's Playhouse,Characters,4,4,0,0,100.0,0.0,0.0
Sam & Max: The Devil's Playhouse,Music & Sound,2,2,0,0,100.0,0.0,0.0
Sam & Max: The Devil's Playhouse,Difficulty,2,2,0,0,100.0,0.0,0.0
Sam & Max: The Devil's Playhouse,Performance,2,2,0,0,100.0,0.0,0.0
Samurai Gunn,Gameplay,2,1,1,0,50.0,50.0,0.0
Samurai Gunn,Level Design,2,1,1,0,50.0,50.0,0.0
Samurai Gunn,Music & Sound,1,1,0,0,100.0,0.0,0.0
Samurai Gunn,Performance,1,0,1,0,0.0,100.0,0.0
Saros,Gameplay,57,49,8,0,85.96,14.04,0.0
Saros,Story,41,29,12,0,70.73,29.27,0.0
Saros,Graphics,13,11,2,0,84.62,15.38,0.0
Saros,Characters,12,10,2,0,83.33,16.67,0.0
Saros,Level Design,14,13,1,0,92.86,7.14,0.0
Saros,Music & Sound,10,9,1,0,90.0,10.0,0.0
Saros,Difficulty,32,28,4,0,87.5,12.5,0.0
Saros,Performance,10,8,2,0,80.0,20.0,0.0
Saros,Replayability,5,2,3,0,40.0,60.0,0.0
Satisfactory,Gameplay,7,7,0,0,100.0,0.0,0.0
Satisfactory,Graphics,5,5,0,0,100.0,0.0,0.0
Satisfactory,Level Design,2,2,0,0,100.0,0.0,0.0
Satisfactory,Difficulty,1,1,0,0,100.0,0.0,0.0
Satisfactory,Performance,1,1,0,0,100.0,0.0,0.0
Satisfactory,Replayability,2,2,0,0,100.0,0.0,0.0
Savant - Ascent REMIX,Gameplay,2,1,1,0,50.0,50.0,0.0
Savant - Ascent REMIX,Graphics,1,1,0,0,100.0,0.0,0.0
Savant - Ascent REMIX,Music & Sound,4,3,1,0,75.0,25.0,0.0
Savant - Ascent REMIX,Difficulty,2,1,1,0,50.0,50.0,0.0
Saviors of Sapphire Wings & Stranger of Sword City Revisited,Gameplay,4,1,3,0,25.0,75.0,0.0
Saviors of Sapphire Wings & Stranger of Sword City Revisited,Story,3,2,1,0,66.67,33.33,0.0
Saviors of Sapphire Wings & Stranger of Sword City Revisited,Graphics,2,0,2,0,0.0,100.0,0.0
Saviors of Sapphire Wings & Stranger of Sword City Revisited,Characters,1,0,1,0,0.0,100.0,0.0
Saviors of Sapphire Wings & Stranger of Sword City Revisited,Difficulty,7,5,2,0,71.43,28.57,0.0
Saviors of Sapphire Wings & Stranger of Sword City Revisited,Replayability,2,2,0,0,100.0,0.0,0.0
Sayonara Wild Hearts,Gameplay,12,8,3,1,66.67,25.0,8.33
Sayonara Wild Hearts,Story,3,3,0,0,100.0,0.0,0.0
Sayonara Wild Hearts,Graphics,8,8,0,0,100.0,0.0,0.0
Sayonara Wild Hearts,Characters,1,0,0,1,0.0,0.0,100.0
Sayonara Wild Hearts,Level Design,4,2,2,0,50.0,50.0,0.0
Sayonara Wild Hearts,Music & Sound,26,23,2,1,88.46,7.69,3.85
Sayonara Wild Hearts,Difficulty,8,6,1,1,75.0,12.5,12.5
Sayonara Wild Hearts,Replayability,6,5,1,0,83.33,16.67,0.0
Scarlet Hollow,Story,2,2,0,0,100.0,0.0,0.0
Scarlet Hollow,Graphics,3,3,0,0,100.0,0.0,0.0
Scarlet Hollow,Characters,1,1,0,0,100.0,0.0,0.0
Schrödinger's Call,Gameplay,1,1,0,0,100.0,0.0,0.0
Schrödinger's Call,Story,14,14,0,0,100.0,0.0,0.0
Schrödinger's Call,Graphics,15,14,1,0,93.33,6.67,0.0
Schrödinger's Call,Characters,2,2,0,0,100.0,0.0,0.0
Schrödinger's Call,Level Design,1,1,0,0,100.0,0.0,0.0
Schrödinger's Call,Music & Sound,5,5,0,0,100.0,0.0,0.0
Schrödinger's Call,Difficulty,3,3,0,0,100.0,0.0,0.0
Schrödinger's Cat Burglar,Gameplay,1,1,0,0,100.0,0.0,0.0
Schrödinger's Cat Burglar,Difficulty,2,2,0,0,100.0,0.0,0.0
ScourgeBringer,Gameplay,18,13,5,0,72.22,27.78,0.0
ScourgeBringer,Story,1,1,0,0,100.0,0.0,0.0
ScourgeBringer,Graphics,6,4,2,0,66.67,33.33,0.0
ScourgeBringer,Characters,2,2,0,0,100.0,0.0,0.0
ScourgeBringer,Level Design,6,2,4,0,33.33,66.67,0.0
ScourgeBringer,Music & Sound,7,6,1,0,85.71,14.29,0.0
ScourgeBringer,Difficulty,10,7,3,0,70.0,30.0,0.0
ScourgeBringer,Performance,2,2,0,0,100.0,0.0,0.0
ScourgeBringer,Replayability,1,1,0,0,100.0,0.0,0.0
Sea of Stars,Gameplay,63,58,5,0,92.06,7.94,0.0
Sea of Stars,Story,53,49,4,0,92.45,7.55,0.0
Sea of Stars,Graphics,16,15,1,0,93.75,6.25,0.0
Sea of Stars,Characters,32,29,3,0,90.62,9.38,0.0
Sea of Stars,Level Design,7,6,1,0,85.71,14.29,0.0
Sea of Stars,Music & Sound,18,18,0,0,100.0,0.0,0.0
Sea of Stars,Difficulty,13,11,2,0,84.62,15.38,0.0
Sea of Stars,Performance,4,4,0,0,100.0,0.0,0.0
Sea of Stars,Replayability,2,1,1,0,50.0,50.0,0.0
Sea of Stars: Throes of the Watchmaker,Gameplay,11,10,1,0,90.91,9.09,0.0
Sea of Stars: Throes of the Watchmaker,Story,6,6,0,0,100.0,0.0,0.0
Sea of Stars: Throes of the Watchmaker,Graphics,2,2,0,0,100.0,0.0,0.0
Sea of Stars: Throes of the Watchmaker,Characters,7,5,2,0,71.43,28.57,0.0
Sea of Stars: Throes of the Watchmaker,Music & Sound,1,1,0,0,100.0,0.0,0.0
Sea of Stars: Throes of the Watchmaker,Difficulty,1,0,1,0,0.0,100.0,0.0
Sea of Stars: Throes of the Watchmaker,Replayability,4,4,0,0,100.0,0.0,0.0
SeaBed,Gameplay,1,1,0,0,100.0,0.0,0.0
SeaBed,Story,1,0,1,0,0.0,100.0,0.0
SeaBed,Graphics,2,1,1,0,50.0,50.0,0.0
SeaBed,Characters,1,0,1,0,0.0,100.0,0.0
Sekiro: Shadows Die Twice,Gameplay,67,66,1,0,98.51,1.49,0.0
Sekiro: Shadows Die Twice,Story,18,18,0,0,100.0,0.0,0.0
Sekiro: Shadows Die Twice,Graphics,5,5,0,0,100.0,0.0,0.0
Sekiro: Shadows Die Twice,Characters,4,4,0,0,100.0,0.0,0.0
Sekiro: Shadows Die Twice,Level Design,16,16,0,0,100.0,0.0,0.0
Sekiro: Shadows Die Twice,Music & Sound,4,4,0,0,100.0,0.0,0.0
Sekiro: Shadows Die Twice,Difficulty,51,48,3,0,94.12,5.88,0.0
Sekiro: Shadows Die Twice,Performance,7,6,1,0,85.71,14.29,0.0
Sekiro: Shadows Die Twice,Replayability,3,3,0,0,100.0,0.0,0.0
Sektori,Gameplay,10,10,0,0,100.0,0.0,0.0
Sektori,Story,3,3,0,0,100.0,0.0,0.0
Sektori,Graphics,4,4,0,0,100.0,0.0,0.0
Sektori,Level Design,2,2,0,0,100.0,0.0,0.0
Sektori,Music & Sound,6,6,0,0,100.0,0.0,0.0
Sektori,Difficulty,8,8,0,0,100.0,0.0,0.0
Sektori,Performance,1,1,0,0,100.0,0.0,0.0
Sektori,Replayability,1,1,0,0,100.0,0.0,0.0
Senua's Saga: Hellblade II,Gameplay,67,44,22,1,65.67,32.84,1.49
Senua's Saga: Hellblade II,Story,63,51,12,0,80.95,19.05,0.0
Senua's Saga: Hellblade II,Graphics,54,40,14,0,74.07,25.93,0.0
Senua's Saga: Hellblade II,Characters,16,12,4,0,75.0,25.0,0.0
Senua's Saga: Hellblade II,Level Design,13,11,2,0,84.62,15.38,0.0
Senua's Saga: Hellblade II,Music & Sound,36,31,5,0,86.11,13.89,0.0
Senua's Saga: Hellblade II,Difficulty,13,10,3,0,76.92,23.08,0.0
Senua's Saga: Hellblade II,Performance,18,11,7,0,61.11,38.89,0.0
Senua's Saga: Hellblade II,Replayability,4,3,1,0,75.0,25.0,0.0
Severed,Gameplay,38,30,8,0,78.95,21.05,0.0
Severed,Story,11,8,3,0,72.73,27.27,0.0
Severed,Graphics,12,11,1,0,91.67,8.33,0.0
Severed,Characters,2,2,0,0,100.0,0.0,0.0
Severed,Level Design,2,0,2,0,0.0,100.0,0.0
Severed,Music & Sound,4,4,0,0,100.0,0.0,0.0
Severed,Difficulty,9,3,6,0,33.33,66.67,0.0
Severed,Performance,1,1,0,0,100.0,0.0,0.0
Severed,Replayability,1,1,0,0,100.0,0.0,0.0
Shadow Gambit: The Cursed Crew,Gameplay,18,17,1,0,94.44,5.56,0.0
Shadow Gambit: The Cursed Crew,Story,9,9,0,0,100.0,0.0,0.0
Shadow Gambit: The Cursed Crew,Graphics,4,3,1,0,75.0,25.0,0.0
Shadow Gambit: The Cursed Crew,Characters,16,14,2,0,87.5,12.5,0.0
Shadow Gambit: The Cursed Crew,Level Design,8,7,1,0,87.5,12.5,0.0
Shadow Gambit: The Cursed Crew,Music & Sound,2,2,0,0,100.0,0.0,0.0
Shadow Gambit: The Cursed Crew,Difficulty,2,2,0,0,100.0,0.0,0.0
Shadow Gambit: The Cursed Crew,Performance,2,2,0,0,100.0,0.0,0.0
Shadow Gambit: The Cursed Crew,Replayability,2,2,0,0,100.0,0.0,0.0
Shadow Gambit: The Cursed Crew - Yuri's Wish & Zagan's Ritual,Gameplay,2,1,1,0,50.0,50.0,0.0
Shadow Gambit: The Cursed Crew - Yuri's Wish & Zagan's Ritual,Replayability,2,1,1,0,50.0,50.0,0.0
Shadow Tactics: Blades of the Shogun,Gameplay,23,20,3,0,86.96,13.04,0.0
Shadow Tactics: Blades of the Shogun,Story,8,7,1,0,87.5,12.5,0.0
Shadow Tactics: Blades of the Shogun,Graphics,1,1,0,0,100.0,0.0,0.0
Shadow Tactics: Blades of the Shogun,Characters,13,11,2,0,84.62,15.38,0.0
Shadow Tactics: Blades of the Shogun,Level Design,10,9,1,0,90.0,10.0,0.0
Shadow Tactics: Blades of the Shogun,Difficulty,14,13,1,0,92.86,7.14,0.0
Shadow Tactics: Blades of the Shogun,Performance,4,4,0,0,100.0,0.0,0.0
Shadow Tactics: Blades of the Shogun,Replayability,6,5,1,0,83.33,16.67,0.0
Shadow Tactics: Blades of the Shogun - Aiko's Choice,Gameplay,8,7,1,0,87.5,12.5,0.0
Shadow Tactics: Blades of the Shogun - Aiko's Choice,Story,5,4,1,0,80.0,20.0,0.0
Shadow Tactics: Blades of the Shogun - Aiko's Choice,Characters,5,3,2,0,60.0,40.0,0.0
Shadow Tactics: Blades of the Shogun - Aiko's Choice,Level Design,6,5,1,0,83.33,16.67,0.0
Shadow Tactics: Blades of the Shogun - Aiko's Choice,Music & Sound,1,1,0,0,100.0,0.0,0.0
Shadow Tactics: Blades of the Shogun - Aiko's Choice,Difficulty,4,3,1,0,75.0,25.0,0.0
Shadow Tactics: Blades of the Shogun - Aiko's Choice,Replayability,4,4,0,0,100.0,0.0,0.0
Shadow of the Colossus,Gameplay,18,16,2,0,88.89,11.11,0.0
Shadow of the Colossus,Story,11,10,1,0,90.91,9.09,0.0
Shadow of the Colossus,Graphics,19,18,1,0,94.74,5.26,0.0
Shadow of the Colossus,Level Design,4,4,0,0,100.0,0.0,0.0
Shadow of the Colossus,Music & Sound,4,4,0,0,100.0,0.0,0.0
Shadow of the Colossus,Difficulty,2,2,0,0,100.0,0.0,0.0
Shadow of the Colossus,Performance,8,7,1,0,87.5,12.5,0.0
Shadow of the Colossus,Replayability,5,5,0,0,100.0,0.0,0.0
Shadowrun: Dragonfall - Director's Cut,Gameplay,2,2,0,0,100.0,0.0,0.0
Shadowrun: Dragonfall - Director's Cut,Story,7,6,1,0,85.71,14.29,0.0
Shadowrun: Dragonfall - Director's Cut,Characters,5,4,1,0,80.0,20.0,0.0
Shadowrun: Dragonfall - Director's Cut,Difficulty,1,1,0,0,100.0,0.0,0.0
Shadowrun: Dragonfall - Director's Cut,Performance,2,1,1,0,50.0,50.0,0.0
Shadowrun: Dragonfall - Director's Cut,Replayability,1,1,0,0,100.0,0.0,0.0
Shadowrun: Hong Kong,Gameplay,2,2,0,0,100.0,0.0,0.0
Shadowrun: Hong Kong,Story,6,5,1,0,83.33,16.67,0.0
Shadowrun: Hong Kong,Characters,1,1,0,0,100.0,0.0,0.0
Shadowrun: Hong Kong,Level Design,1,1,0,0,100.0,0.0,0.0
Shadowrun: Hong Kong,Performance,1,0,0,1,0.0,0.0,100.0
Shadows Over Loathing,Gameplay,4,3,1,0,75.0,25.0,0.0
Shadows Over Loathing,Story,2,2,0,0,100.0,0.0,0.0
Shadows Over Loathing,Replayability,1,0,1,0,0.0,100.0,0.0
Shadowverse: Champion's Battle,Gameplay,5,5,0,0,100.0,0.0,0.0
Shadowverse: Champion's Battle,Story,8,6,2,0,75.0,25.0,0.0
Shadowverse: Champion's Battle,Graphics,2,1,1,0,50.0,50.0,0.0
Shadowverse: Champion's Battle,Characters,4,3,1,0,75.0,25.0,0.0
Shadowverse: Champion's Battle,Level Design,1,1,0,0,100.0,0.0,0.0
Shadowverse: Champion's Battle,Difficulty,5,5,0,0,100.0,0.0,0.0
Shadowverse: Champion's Battle,Replayability,4,4,0,0,100.0,0.0,0.0
Shantae and the Pirate's Curse,Gameplay,11,8,3,0,72.73,27.27,0.0
Shantae and the Pirate's Curse,Story,7,3,4,0,42.86,57.14,0.0
Shantae and the Pirate's Curse,Graphics,7,5,2,0,71.43,28.57,0.0
Shantae and the Pirate's Curse,Characters,3,1,2,0,33.33,66.67,0.0
Shantae and the Pirate's Curse,Level Design,3,3,0,0,100.0,0.0,0.0
Shantae and the Pirate's Curse,Music & Sound,4,4,0,0,100.0,0.0,0.0
Shantae and the Pirate's Curse,Difficulty,6,6,0,0,100.0,0.0,0.0
Shantae and the Pirate's Curse,Replayability,3,3,0,0,100.0,0.0,0.0
Shantae: Half-Genie Hero,Gameplay,30,21,8,1,70.0,26.67,3.33
Shantae: Half-Genie Hero,Story,9,8,1,0,88.89,11.11,0.0
Shantae: Half-Genie Hero,Graphics,13,11,1,1,84.62,7.69,7.69
Shantae: Half-Genie Hero,Characters,15,11,3,1,73.33,20.0,6.67
Shantae: Half-Genie Hero,Level Design,11,9,2,0,81.82,18.18,0.0
Shantae: Half-Genie Hero,Music & Sound,12,9,2,1,75.0,16.67,8.33
Shantae: Half-Genie Hero,Difficulty,8,6,2,0,75.0,25.0,0.0
Shantae: Half-Genie Hero,Replayability,8,7,1,0,87.5,12.5,0.0
Shantae: Half-Genie Hero - Ultimate Edition,Gameplay,7,7,0,0,100.0,0.0,0.0
Shantae: Half-Genie Hero - Ultimate Edition,Story,5,5,0,0,100.0,0.0,0.0
Shantae: Half-Genie Hero - Ultimate Edition,Graphics,3,3,0,0,100.0,0.0,0.0
Shantae: Half-Genie Hero - Ultimate Edition,Characters,3,2,1,0,66.67,33.33,0.0
Shantae: Half-Genie Hero - Ultimate Edition,Level Design,2,1,1,0,50.0,50.0,0.0
Shantae: Half-Genie Hero - Ultimate Edition,Music & Sound,2,1,1,0,50.0,50.0,0.0
Shantae: Half-Genie Hero - Ultimate Edition,Difficulty,3,2,1,0,66.67,33.33,0.0
Shantae: Half-Genie Hero - Ultimate Edition,Replayability,8,8,0,0,100.0,0.0,0.0
Shape of Dreams,Gameplay,1,1,0,0,100.0,0.0,0.0
Shape of Dreams,Characters,2,1,1,0,50.0,50.0,0.0
Shape of Dreams,Difficulty,2,1,1,0,50.0,50.0,0.0
Shape of Dreams,Replayability,2,2,0,0,100.0,0.0,0.0
Shatter Remastered Deluxe,Gameplay,5,5,0,0,100.0,0.0,0.0
Shatter Remastered Deluxe,Graphics,4,4,0,0,100.0,0.0,0.0
Shatter Remastered Deluxe,Level Design,1,1,0,0,100.0,0.0,0.0
Shatter Remastered Deluxe,Music & Sound,5,5,0,0,100.0,0.0,0.0
Shatter Remastered Deluxe,Difficulty,1,1,0,0,100.0,0.0,0.0
Shatter Remastered Deluxe,Performance,1,1,0,0,100.0,0.0,0.0
Shatter Remastered Deluxe,Replayability,2,2,0,0,100.0,0.0,0.0
Shin Megami Tensei IV: Apocalypse,Gameplay,11,8,2,1,72.73,18.18,9.09
Shin Megami Tensei IV: Apocalypse,Story,16,13,3,0,81.25,18.75,0.0
Shin Megami Tensei IV: Apocalypse,Graphics,1,1,0,0,100.0,0.0,0.0
Shin Megami Tensei IV: Apocalypse,Characters,6,5,0,1,83.33,0.0,16.67
Shin Megami Tensei IV: Apocalypse,Level Design,2,2,0,0,100.0,0.0,0.0
Shin Megami Tensei IV: Apocalypse,Music & Sound,1,1,0,0,100.0,0.0,0.0
Shin Megami Tensei IV: Apocalypse,Replayability,3,2,1,0,66.67,33.33,0.0
Shin Megami Tensei V,Gameplay,50,41,9,0,82.0,18.0,0.0
Shin Megami Tensei V,Story,29,21,8,0,72.41,27.59,0.0
Shin Megami Tensei V,Graphics,6,5,1,0,83.33,16.67,0.0
Shin Megami Tensei V,Characters,10,9,1,0,90.0,10.0,0.0
Shin Megami Tensei V,Level Design,8,6,2,0,75.0,25.0,0.0
Shin Megami Tensei V,Music & Sound,2,1,1,0,50.0,50.0,0.0
Shin Megami Tensei V,Difficulty,19,15,4,0,78.95,21.05,0.0
Shin Megami Tensei V,Performance,8,6,2,0,75.0,25.0,0.0
Shin Megami Tensei V,Replayability,5,4,1,0,80.0,20.0,0.0
Shin Megami Tensei V: Vengeance,Gameplay,21,20,1,0,95.24,4.76,0.0
Shin Megami Tensei V: Vengeance,Story,25,22,3,0,88.0,12.0,0.0
Shin Megami Tensei V: Vengeance,Graphics,6,6,0,0,100.0,0.0,0.0
Shin Megami Tensei V: Vengeance,Characters,5,5,0,0,100.0,0.0,0.0
Shin Megami Tensei V: Vengeance,Level Design,7,6,1,0,85.71,14.29,0.0
Shin Megami Tensei V: Vengeance,Music & Sound,2,2,0,0,100.0,0.0,0.0
Shin Megami Tensei V: Vengeance,Difficulty,12,11,1,0,91.67,8.33,0.0
Shin Megami Tensei V: Vengeance,Performance,6,6,0,0,100.0,0.0,0.0
Shin Megami Tensei V: Vengeance,Replayability,15,15,0,0,100.0,0.0,0.0
Shin Megami Tensei: Strange Journey Redux,Gameplay,10,8,2,0,80.0,20.0,0.0
Shin Megami Tensei: Strange Journey Redux,Story,7,4,3,0,57.14,42.86,0.0
Shin Megami Tensei: Strange Journey Redux,Graphics,1,1,0,0,100.0,0.0,0.0
Shin Megami Tensei: Strange Journey Redux,Characters,1,0,1,0,0.0,100.0,0.0
Shin Megami Tensei: Strange Journey Redux,Music & Sound,1,1,0,0,100.0,0.0,0.0
Shin Megami Tensei: Strange Journey Redux,Difficulty,5,4,1,0,80.0,20.0,0.0
Shin Megami Tensei: Strange Journey Redux,Replayability,5,5,0,0,100.0,0.0,0.0
Shinobi: Art of Vengeance,Gameplay,88,86,2,0,97.73,2.27,0.0
Shinobi: Art of Vengeance,Story,26,26,0,0,100.0,0.0,0.0
Shinobi: Art of Vengeance,Graphics,36,36,0,0,100.0,0.0,0.0
Shinobi: Art of Vengeance,Characters,4,3,1,0,75.0,25.0,0.0
Shinobi: Art of Vengeance,Level Design,21,20,1,0,95.24,4.76,0.0
Shinobi: Art of Vengeance,Music & Sound,14,14,0,0,100.0,0.0,0.0
Shinobi: Art of Vengeance,Difficulty,31,31,0,0,100.0,0.0,0.0
Shinobi: Art of Vengeance,Performance,3,3,0,0,100.0,0.0,0.0
Shinobi: Art of Vengeance,Replayability,7,7,0,0,100.0,0.0,0.0
Shiren the Wanderer: The Mystery Dungeon of Serpentcoil Island,Gameplay,9,8,1,0,88.89,11.11,0.0
Shiren the Wanderer: The Mystery Dungeon of Serpentcoil Island,Story,4,4,0,0,100.0,0.0,0.0
Shiren the Wanderer: The Mystery Dungeon of Serpentcoil Island,Graphics,2,2,0,0,100.0,0.0,0.0
Shiren the Wanderer: The Mystery Dungeon of Serpentcoil Island,Characters,2,2,0,0,100.0,0.0,0.0
Shiren the Wanderer: The Mystery Dungeon of Serpentcoil Island,Level Design,1,1,0,0,100.0,0.0,0.0
Shiren the Wanderer: The Mystery Dungeon of Serpentcoil Island,Music & Sound,1,0,1,0,0.0,100.0,0.0
Shiren the Wanderer: The Mystery Dungeon of Serpentcoil Island,Difficulty,11,9,2,0,81.82,18.18,0.0
Shiren the Wanderer: The Mystery Dungeon of Serpentcoil Island,Replayability,3,3,0,0,100.0,0.0,0.0
Shogun Showdown,Gameplay,12,11,1,0,91.67,8.33,0.0
Shogun Showdown,Graphics,2,2,0,0,100.0,0.0,0.0
Shogun Showdown,Music & Sound,1,1,0,0,100.0,0.0,0.0
Shogun Showdown,Difficulty,7,7,0,0,100.0,0.0,0.0
Shoot 1UP DX,Gameplay,1,1,0,0,100.0,0.0,0.0
Shoot 1UP DX,Difficulty,2,1,1,0,50.0,50.0,0.0
Shoot 1UP DX,Replayability,1,1,0,0,100.0,0.0,0.0
Shotgun Cop Man,Gameplay,15,8,6,1,53.33,40.0,6.67
Shotgun Cop Man,Story,1,0,1,0,0.0,100.0,0.0
Shotgun Cop Man,Graphics,2,1,1,0,50.0,50.0,0.0
Shotgun Cop Man,Level Design,8,4,3,1,50.0,37.5,12.5
Shotgun Cop Man,Music & Sound,2,1,1,0,50.0,50.0,0.0
Shotgun Cop Man,Difficulty,6,4,1,1,66.67,16.67,16.67
Shotgun Cop Man,Performance,1,1,0,0,100.0,0.0,0.0
Shovel Knight,Gameplay,24,24,0,0,100.0,0.0,0.0
Shovel Knight,Story,1,1,0,0,100.0,0.0,0.0
Shovel Knight,Graphics,7,7,0,0,100.0,0.0,0.0
Shovel Knight,Characters,1,1,0,0,100.0,0.0,0.0
Shovel Knight,Level Design,16,16,0,0,100.0,0.0,0.0
Shovel Knight,Music & Sound,12,12,0,0,100.0,0.0,0.0
Shovel Knight,Difficulty,19,19,0,0,100.0,0.0,0.0
Shovel Knight,Performance,1,1,0,0,100.0,0.0,0.0
Shovel Knight,Replayability,8,8,0,0,100.0,0.0,0.0
Shovel Knight Dig,Gameplay,25,19,6,0,76.0,24.0,0.0
Shovel Knight Dig,Story,3,2,1,0,66.67,33.33,0.0
Shovel Knight Dig,Graphics,8,6,2,0,75.0,25.0,0.0
Shovel Knight Dig,Characters,3,3,0,0,100.0,0.0,0.0
Shovel Knight Dig,Level Design,8,6,2,0,75.0,25.0,0.0
Shovel Knight Dig,Music & Sound,5,4,1,0,80.0,20.0,0.0
Shovel Knight Dig,Difficulty,9,8,1,0,88.89,11.11,0.0
Shovel Knight Dig,Performance,1,0,1,0,0.0,100.0,0.0
Shovel Knight Dig,Replayability,7,6,1,0,85.71,14.29,0.0
Shovel Knight Pocket Dungeon,Gameplay,16,15,1,0,93.75,6.25,0.0
Shovel Knight Pocket Dungeon,Graphics,2,2,0,0,100.0,0.0,0.0
Shovel Knight Pocket Dungeon,Characters,3,3,0,0,100.0,0.0,0.0
Shovel Knight Pocket Dungeon,Level Design,2,2,0,0,100.0,0.0,0.0
Shovel Knight Pocket Dungeon,Music & Sound,3,3,0,0,100.0,0.0,0.0
Shovel Knight Pocket Dungeon,Difficulty,9,9,0,0,100.0,0.0,0.0
Shovel Knight Pocket Dungeon,Replayability,7,7,0,0,100.0,0.0,0.0
Shovel Knight: King of Cards,Gameplay,7,7,0,0,100.0,0.0,0.0
Shovel Knight: King of Cards,Story,2,2,0,0,100.0,0.0,0.0
Shovel Knight: King of Cards,Graphics,1,1,0,0,100.0,0.0,0.0
Shovel Knight: King of Cards,Characters,4,4,0,0,100.0,0.0,0.0
Shovel Knight: King of Cards,Level Design,4,4,0,0,100.0,0.0,0.0
Shovel Knight: King of Cards,Music & Sound,1,1,0,0,100.0,0.0,0.0
Shovel Knight: King of Cards,Difficulty,5,5,0,0,100.0,0.0,0.0
Shovel Knight: King of Cards,Replayability,2,2,0,0,100.0,0.0,0.0
Shovel Knight: Plague of Shadows,Gameplay,2,1,1,0,50.0,50.0,0.0
Shovel Knight: Plague of Shadows,Graphics,1,1,0,0,100.0,0.0,0.0
Shovel Knight: Plague of Shadows,Characters,1,1,0,0,100.0,0.0,0.0
Shovel Knight: Plague of Shadows,Level Design,1,0,1,0,0.0,100.0,0.0
Shovel Knight: Plague of Shadows,Music & Sound,1,1,0,0,100.0,0.0,0.0
Shovel Knight: Plague of Shadows,Difficulty,1,1,0,0,100.0,0.0,0.0
Shovel Knight: Plague of Shadows,Replayability,1,1,0,0,100.0,0.0,0.0
Shovel Knight: Specter of Torment,Gameplay,13,12,1,0,92.31,7.69,0.0
Shovel Knight: Specter of Torment,Story,5,5,0,0,100.0,0.0,0.0
Shovel Knight: Specter of Torment,Graphics,1,1,0,0,100.0,0.0,0.0
Shovel Knight: Specter of Torment,Characters,3,3,0,0,100.0,0.0,0.0
Shovel Knight: Specter of Torment,Level Design,3,3,0,0,100.0,0.0,0.0
Shovel Knight: Specter of Torment,Music & Sound,3,3,0,0,100.0,0.0,0.0
Shovel Knight: Specter of Torment,Difficulty,6,6,0,0,100.0,0.0,0.0
Shovel Knight: Specter of Torment,Replayability,2,2,0,0,100.0,0.0,0.0
Shovel Knight: Treasure Trove,Gameplay,6,6,0,0,100.0,0.0,0.0
Shovel Knight: Treasure Trove,Story,4,4,0,0,100.0,0.0,0.0
Shovel Knight: Treasure Trove,Graphics,2,2,0,0,100.0,0.0,0.0
Shovel Knight: Treasure Trove,Characters,2,1,1,0,50.0,50.0,0.0
Shovel Knight: Treasure Trove,Level Design,5,4,1,0,80.0,20.0,0.0
Shovel Knight: Treasure Trove,Music & Sound,3,3,0,0,100.0,0.0,0.0
Shovel Knight: Treasure Trove,Difficulty,3,3,0,0,100.0,0.0,0.0
Shovel Knight: Treasure Trove,Replayability,1,1,0,0,100.0,0.0,0.0
Shujinkou,Gameplay,7,4,3,0,57.14,42.86,0.0
Shujinkou,Story,2,2,0,0,100.0,0.0,0.0
Shujinkou,Graphics,1,1,0,0,100.0,0.0,0.0
Shujinkou,Characters,2,2,0,0,100.0,0.0,0.0
Shujinkou,Music & Sound,4,3,1,0,75.0,25.0,0.0
Shujinkou,Difficulty,3,2,1,0,66.67,33.33,0.0
Shujinkou,Performance,1,1,0,0,100.0,0.0,0.0
Sid Meier's Civilization VI,Gameplay,15,15,0,0,100.0,0.0,0.0
Sid Meier's Civilization VI,Graphics,6,6,0,0,100.0,0.0,0.0
Sid Meier's Civilization VI,Characters,1,1,0,0,100.0,0.0,0.0
Sid Meier's Civilization VI,Level Design,5,5,0,0,100.0,0.0,0.0
Sid Meier's Civilization VI,Music & Sound,4,4,0,0,100.0,0.0,0.0
Sid Meier's Civilization VI,Difficulty,9,8,1,0,88.89,11.11,0.0
Sid Meier's Civilization VI,Performance,2,1,1,0,50.0,50.0,0.0
Sid Meier's Civilization VI,Replayability,6,5,1,0,83.33,16.67,0.0
Sid Meier's Civilization VI - Console Edition,Gameplay,17,16,1,0,94.12,5.88,0.0
Sid Meier's Civilization VI - Console Edition,Graphics,2,2,0,0,100.0,0.0,0.0
Sid Meier's Civilization VI - Console Edition,Music & Sound,2,2,0,0,100.0,0.0,0.0
Sid Meier's Civilization VI - Console Edition,Difficulty,1,1,0,0,100.0,0.0,0.0
Sid Meier's Civilization VI - Console Edition,Performance,1,1,0,0,100.0,0.0,0.0
Sid Meier's Civilization VI - Console Edition,Replayability,2,2,0,0,100.0,0.0,0.0
Sid Meier's Civilization VI: Gathering Storm,Gameplay,4,3,1,0,75.0,25.0,0.0
Sid Meier's Civilization VI: Gathering Storm,Story,1,1,0,0,100.0,0.0,0.0
Sid Meier's Civilization VI: Gathering Storm,Level Design,1,1,0,0,100.0,0.0,0.0
Sid Meier's Civilization VI: Gathering Storm,Difficulty,6,6,0,0,100.0,0.0,0.0
Sid Meier's Civilization VI: Gathering Storm,Replayability,1,1,0,0,100.0,0.0,0.0
Sid Meier's Civilization VI: Rise and Fall,Gameplay,14,10,4,0,71.43,28.57,0.0
Sid Meier's Civilization VI: Rise and Fall,Level Design,2,2,0,0,100.0,0.0,0.0
Sid Meier's Civilization VI: Rise and Fall,Difficulty,4,3,1,0,75.0,25.0,0.0
Sid Meier's Civilization VI: Rise and Fall,Replayability,4,2,2,0,50.0,50.0,0.0
Sid Meier's Civilization: Beyond Earth,Gameplay,7,5,2,0,71.43,28.57,0.0
Sid Meier's Civilization: Beyond Earth,Story,2,2,0,0,100.0,0.0,0.0
Sid Meier's Civilization: Beyond Earth,Graphics,2,2,0,0,100.0,0.0,0.0
Sid Meier's Civilization: Beyond Earth,Characters,1,0,1,0,0.0,100.0,0.0
Sid Meier's Civilization: Beyond Earth,Level Design,1,1,0,0,100.0,0.0,0.0
Sid Meier's Civilization: Beyond Earth,Difficulty,7,5,2,0,71.43,28.57,0.0
Sid Meier's Civilization: Beyond Earth,Replayability,2,1,1,0,50.0,50.0,0.0
Sifu,Gameplay,81,63,17,1,77.78,20.99,1.23
Sifu,Story,17,11,6,0,64.71,35.29,0.0
Sifu,Graphics,20,17,3,0,85.0,15.0,0.0
Sifu,Characters,10,7,3,0,70.0,30.0,0.0
Sifu,Level Design,25,17,8,0,68.0,32.0,0.0
Sifu,Music & Sound,11,9,2,0,81.82,18.18,0.0
Sifu,Difficulty,59,44,14,1,74.58,23.73,1.69
Sifu,Performance,6,4,2,0,66.67,33.33,0.0
Sifu,Replayability,6,5,1,0,83.33,16.67,0.0
Signalis,Gameplay,18,14,4,0,77.78,22.22,0.0
Signalis,Story,26,21,5,0,80.77,19.23,0.0
Signalis,Graphics,9,5,4,0,55.56,44.44,0.0
Signalis,Characters,4,4,0,0,100.0,0.0,0.0
Signalis,Level Design,1,1,0,0,100.0,0.0,0.0
Signalis,Music & Sound,6,4,2,0,66.67,33.33,0.0
Signalis,Difficulty,6,6,0,0,100.0,0.0,0.0
Signalis,Replayability,1,1,0,0,100.0,0.0,0.0
Silent Hill 2,Gameplay,37,34,3,0,91.89,8.11,0.0
Silent Hill 2,Story,33,31,2,0,93.94,6.06,0.0
Silent Hill 2,Graphics,22,21,1,0,95.45,4.55,0.0
Silent Hill 2,Characters,9,7,2,0,77.78,22.22,0.0
Silent Hill 2,Level Design,8,8,0,0,100.0,0.0,0.0
Silent Hill 2,Music & Sound,22,21,1,0,95.45,4.55,0.0
Silent Hill 2,Difficulty,12,12,0,0,100.0,0.0,0.0
Silent Hill 2,Performance,12,10,2,0,83.33,16.67,0.0
Silent Hill 2,Replayability,7,6,1,0,85.71,14.29,0.0
Silent Hill f,Gameplay,92,73,19,0,79.35,20.65,0.0
Silent Hill f,Story,76,60,16,0,78.95,21.05,0.0
Silent Hill f,Graphics,16,15,1,0,93.75,6.25,0.0
Silent Hill f,Characters,16,12,4,0,75.0,25.0,0.0
Silent Hill f,Level Design,4,1,3,0,25.0,75.0,0.0
Silent Hill f,Music & Sound,22,15,7,0,68.18,31.82,0.0
Silent Hill f,Difficulty,14,11,3,0,78.57,21.43,0.0
Silent Hill f,Performance,10,7,3,0,70.0,30.0,0.0
Silent Hill f,Replayability,5,5,0,0,100.0,0.0,0.0
Silicon Dreams,Gameplay,1,1,0,0,100.0,0.0,0.0
Silicon Dreams,Story,3,3,0,0,100.0,0.0,0.0
Simogo Legacy Collection,Gameplay,1,1,0,0,100.0,0.0,0.0
Simogo Legacy Collection,Level Design,1,1,0,0,100.0,0.0,0.0
Sins of a Solar Empire II,Story,1,1,0,0,100.0,0.0,0.0
Sins of a Solar Empire II,Graphics,1,1,0,0,100.0,0.0,0.0
Sins of a Solar Empire II,Difficulty,1,1,0,0,100.0,0.0,0.0
Skate Story,Gameplay,29,22,7,0,75.86,24.14,0.0
Skate Story,Story,64,51,13,0,79.69,20.31,0.0
Skate Story,Graphics,20,14,6,0,70.0,30.0,0.0
Skate Story,Characters,2,2,0,0,100.0,0.0,0.0
Skate Story,Level Design,4,1,3,0,25.0,75.0,0.0
Skate Story,Music & Sound,24,21,3,0,87.5,12.5,0.0
Skate Story,Difficulty,5,4,1,0,80.0,20.0,0.0
Skate Story,Performance,4,3,1,0,75.0,25.0,0.0
Skate Story,Replayability,4,3,1,0,75.0,25.0,0.0
Skul: The Hero Slayer,Gameplay,14,10,4,0,71.43,28.57,0.0
Skul: The Hero Slayer,Story,6,6,0,0,100.0,0.0,0.0
Skul: The Hero Slayer,Graphics,4,2,2,0,50.0,50.0,0.0
Skul: The Hero Slayer,Characters,3,2,1,0,66.67,33.33,0.0
Skul: The Hero Slayer,Level Design,4,3,1,0,75.0,25.0,0.0
Skul: The Hero Slayer,Music & Sound,1,1,0,0,100.0,0.0,0.0
Skul: The Hero Slayer,Difficulty,10,9,1,0,90.0,10.0,0.0
Skul: The Hero Slayer,Performance,2,2,0,0,100.0,0.0,0.0
Skul: The Hero Slayer,Replayability,1,1,0,0,100.0,0.0,0.0
Skullgirls: 2nd Encore,Gameplay,4,3,1,0,75.0,25.0,0.0
Skullgirls: 2nd Encore,Graphics,6,3,3,0,50.0,50.0,0.0
Skullgirls: 2nd Encore,Characters,7,5,2,0,71.43,28.57,0.0
Skullgirls: 2nd Encore,Level Design,1,1,0,0,100.0,0.0,0.0
Skullgirls: 2nd Encore,Music & Sound,3,2,1,0,66.67,33.33,0.0
Skullgirls: 2nd Encore,Difficulty,4,4,0,0,100.0,0.0,0.0
Skullgirls: 2nd Encore,Performance,1,1,0,0,100.0,0.0,0.0
Skullgirls: 2nd Encore,Replayability,3,2,1,0,66.67,33.33,0.0
Sky: Children of the Light,Gameplay,3,3,0,0,100.0,0.0,0.0
Sky: Children of the Light,Story,1,1,0,0,100.0,0.0,0.0
Sky: Children of the Light,Graphics,3,3,0,0,100.0,0.0,0.0
Sky: Children of the Light,Characters,1,1,0,0,100.0,0.0,0.0
Sky: Children of the Light,Difficulty,2,1,1,0,50.0,50.0,0.0
Sky: Children of the Light,Replayability,1,1,0,0,100.0,0.0,0.0
Skylanders SuperChargers,Gameplay,11,8,3,0,72.73,27.27,0.0
Skylanders SuperChargers,Story,6,4,1,1,66.67,16.67,16.67
Skylanders SuperChargers,Characters,1,1,0,0,100.0,0.0,0.0
Skylanders SuperChargers,Level Design,1,0,1,0,0.0,100.0,0.0
Skylanders SuperChargers,Replayability,11,11,0,0,100.0,0.0,0.0
Skylanders Swap Force,Gameplay,4,3,1,0,75.0,25.0,0.0
Skylanders Swap Force,Graphics,4,4,0,0,100.0,0.0,0.0
Skylanders Swap Force,Characters,3,2,1,0,66.67,33.33,0.0
Skylanders Swap Force,Level Design,2,2,0,0,100.0,0.0,0.0
Skylanders Swap Force,Music & Sound,1,1,0,0,100.0,0.0,0.0
Skylanders Swap Force,Difficulty,2,2,0,0,100.0,0.0,0.0
Skylanders Swap Force,Replayability,2,2,0,0,100.0,0.0,0.0
Slay The Spire,Gameplay,17,16,1,0,94.12,5.88,0.0
Slay The Spire,Story,1,1,0,0,100.0,0.0,0.0
Slay The Spire,Graphics,1,1,0,0,100.0,0.0,0.0
Slay The Spire,Characters,1,1,0,0,100.0,0.0,0.0
Slay The Spire,Level Design,2,2,0,0,100.0,0.0,0.0
Slay The Spire,Music & Sound,2,2,0,0,100.0,0.0,0.0
Slay The Spire,Difficulty,9,9,0,0,100.0,0.0,0.0
Slay The Spire,Replayability,2,2,0,0,100.0,0.0,0.0
Slay the Princess,Gameplay,1,1,0,0,100.0,0.0,0.0
Slay the Princess,Story,16,16,0,0,100.0,0.0,0.0
Slay the Princess,Graphics,14,13,1,0,92.86,7.14,0.0
Slay the Princess,Characters,4,4,0,0,100.0,0.0,0.0
Slay the Princess,Level Design,1,1,0,0,100.0,0.0,0.0
Slay the Princess,Music & Sound,3,2,1,0,66.67,33.33,0.0
Slay the Princess,Difficulty,2,2,0,0,100.0,0.0,0.0
Slay the Princess - The Pristine Cut,Gameplay,2,1,1,0,50.0,50.0,0.0
Slay the Princess - The Pristine Cut,Story,11,9,2,0,81.82,18.18,0.0
Slay the Princess - The Pristine Cut,Graphics,8,8,0,0,100.0,0.0,0.0
Slay the Princess - The Pristine Cut,Performance,2,2,0,0,100.0,0.0,0.0
Slay the Princess - The Pristine Cut,Replayability,1,1,0,0,100.0,0.0,0.0
Slayaway Camp,Gameplay,2,2,0,0,100.0,0.0,0.0
Slayaway Camp,Graphics,3,2,1,0,66.67,33.33,0.0
Slayaway Camp,Level Design,2,2,0,0,100.0,0.0,0.0
Slayaway Camp,Difficulty,3,3,0,0,100.0,0.0,0.0
Slayaway Camp,Replayability,2,2,0,0,100.0,0.0,0.0
Slime-San: Superslime Edition,Gameplay,4,3,1,0,75.0,25.0,0.0
Slime-San: Superslime Edition,Graphics,2,1,1,0,50.0,50.0,0.0
Slime-San: Superslime Edition,Level Design,3,3,0,0,100.0,0.0,0.0
Slime-San: Superslime Edition,Music & Sound,1,1,0,0,100.0,0.0,0.0
Slime-San: Superslime Edition,Difficulty,2,2,0,0,100.0,0.0,0.0
Slime-San: Superslime Edition,Replayability,5,4,1,0,80.0,20.0,0.0
Slots & Daggers,Gameplay,5,5,0,0,100.0,0.0,0.0
Slots & Daggers,Story,2,2,0,0,100.0,0.0,0.0
Slots & Daggers,Graphics,2,2,0,0,100.0,0.0,0.0
Slots & Daggers,Level Design,1,1,0,0,100.0,0.0,0.0
Slots & Daggers,Music & Sound,1,1,0,0,100.0,0.0,0.0
Slots & Daggers,Difficulty,2,2,0,0,100.0,0.0,0.0
Smushi Come Home,Gameplay,3,2,1,0,66.67,33.33,0.0
Smushi Come Home,Story,1,1,0,0,100.0,0.0,0.0
Smushi Come Home,Characters,2,1,1,0,50.0,50.0,0.0
Smushi Come Home,Music & Sound,1,1,0,0,100.0,0.0,0.0
"Snipperclips Plus: Cut it Out, Together!",Graphics,1,0,1,0,0.0,100.0,0.0
"Snipperclips Plus: Cut it Out, Together!",Level Design,1,1,0,0,100.0,0.0,0.0
"Snipperclips Plus: Cut it Out, Together!",Music & Sound,1,0,1,0,0.0,100.0,0.0
"Snipperclips Plus: Cut it Out, Together!",Difficulty,1,1,0,0,100.0,0.0,0.0
"Snipperclips Plus: Cut it Out, Together!",Replayability,3,2,1,0,66.67,33.33,0.0
Snufkin: Melody of Moominvalley,Gameplay,8,4,4,0,50.0,50.0,0.0
Snufkin: Melody of Moominvalley,Story,4,4,0,0,100.0,0.0,0.0
Snufkin: Melody of Moominvalley,Graphics,3,3,0,0,100.0,0.0,0.0
Snufkin: Melody of Moominvalley,Characters,7,4,3,0,57.14,42.86,0.0
Snufkin: Melody of Moominvalley,Level Design,2,0,2,0,0.0,100.0,0.0
Snufkin: Melody of Moominvalley,Music & Sound,2,2,0,0,100.0,0.0,0.0
Snufkin: Melody of Moominvalley,Difficulty,2,0,2,0,0.0,100.0,0.0
Snufkin: Melody of Moominvalley,Performance,3,3,0,0,100.0,0.0,0.0
Snufkin: Melody of Moominvalley,Replayability,1,1,0,0,100.0,0.0,0.0
Solium Infernum,Gameplay,5,5,0,0,100.0,0.0,0.0
Solium Infernum,Graphics,1,1,0,0,100.0,0.0,0.0
Solium Infernum,Music & Sound,1,1,0,0,100.0,0.0,0.0
Solium Infernum,Difficulty,2,2,0,0,100.0,0.0,0.0
Solium Infernum,Performance,1,1,0,0,100.0,0.0,0.0
Solium Infernum,Replayability,1,1,0,0,100.0,0.0,0.0
Songs Of Conquest,Gameplay,2,2,0,0,100.0,0.0,0.0
Songs Of Conquest,Story,1,1,0,0,100.0,0.0,0.0
Songs Of Conquest,Graphics,1,1,0,0,100.0,0.0,0.0
Songs Of Conquest,Characters,1,1,0,0,100.0,0.0,0.0
Songs Of Conquest,Level Design,1,1,0,0,100.0,0.0,0.0
Songs Of Conquest,Difficulty,1,1,0,0,100.0,0.0,0.0
Songs Of Conquest,Replayability,2,2,0,0,100.0,0.0,0.0
Sonic Mania,Gameplay,13,13,0,0,100.0,0.0,0.0
Sonic Mania,Graphics,6,6,0,0,100.0,0.0,0.0
Sonic Mania,Characters,6,6,0,0,100.0,0.0,0.0
Sonic Mania,Level Design,21,21,0,0,100.0,0.0,0.0
Sonic Mania,Music & Sound,8,8,0,0,100.0,0.0,0.0
Sonic Mania,Difficulty,7,7,0,0,100.0,0.0,0.0
Sonic Mania,Performance,2,2,0,0,100.0,0.0,0.0
Sonic Mania,Replayability,5,4,1,0,80.0,20.0,0.0
Sonic Mania Plus,Gameplay,3,3,0,0,100.0,0.0,0.0
Sonic Mania Plus,Story,2,2,0,0,100.0,0.0,0.0
Sonic Mania Plus,Graphics,1,1,0,0,100.0,0.0,0.0
Sonic Mania Plus,Characters,21,21,0,0,100.0,0.0,0.0
Sonic Mania Plus,Level Design,5,5,0,0,100.0,0.0,0.0
Sonic Mania Plus,Difficulty,4,4,0,0,100.0,0.0,0.0
Sonic Mania Plus,Replayability,9,9,0,0,100.0,0.0,0.0
Sonic Racing: CrossWorlds,Gameplay,36,33,3,0,91.67,8.33,0.0
Sonic Racing: CrossWorlds,Story,3,2,1,0,66.67,33.33,0.0
Sonic Racing: CrossWorlds,Graphics,9,9,0,0,100.0,0.0,0.0
Sonic Racing: CrossWorlds,Characters,22,15,7,0,68.18,31.82,0.0
Sonic Racing: CrossWorlds,Level Design,4,2,2,0,50.0,50.0,0.0
Sonic Racing: CrossWorlds,Music & Sound,10,9,1,0,90.0,10.0,0.0
Sonic Racing: CrossWorlds,Difficulty,8,6,2,0,75.0,25.0,0.0
Sonic Racing: CrossWorlds,Performance,6,5,1,0,83.33,16.67,0.0
Sonic Racing: CrossWorlds,Replayability,26,22,4,0,84.62,15.38,0.0
Sorcerer King,Gameplay,2,2,0,0,100.0,0.0,0.0
Sorcerer King,Story,1,1,0,0,100.0,0.0,0.0
Sorcerer King,Difficulty,2,1,1,0,50.0,50.0,0.0
Sorcerer King,Replayability,1,0,1,0,0.0,100.0,0.0
Sorry We're Closed,Gameplay,21,18,2,1,85.71,9.52,4.76
Sorry We're Closed,Story,20,17,3,0,85.0,15.0,0.0
Sorry We're Closed,Graphics,8,7,1,0,87.5,12.5,0.0
Sorry We're Closed,Characters,11,10,1,0,90.91,9.09,0.0
Sorry We're Closed,Music & Sound,1,1,0,0,100.0,0.0,0.0
Sorry We're Closed,Difficulty,7,6,1,0,85.71,14.29,0.0
Sorry We're Closed,Performance,2,2,0,0,100.0,0.0,0.0
Sorry We're Closed,Replayability,1,1,0,0,100.0,0.0,0.0
SoulCalibur VI,Gameplay,45,39,6,0,86.67,13.33,0.0
SoulCalibur VI,Story,20,14,4,2,70.0,20.0,10.0
SoulCalibur VI,Graphics,8,6,2,0,75.0,25.0,0.0
SoulCalibur VI,Characters,31,25,4,2,80.65,12.9,6.45
SoulCalibur VI,Level Design,4,3,1,0,75.0,25.0,0.0
SoulCalibur VI,Music & Sound,1,1,0,0,100.0,0.0,0.0
SoulCalibur VI,Difficulty,8,8,0,0,100.0,0.0,0.0
SoulCalibur VI,Performance,7,4,3,0,57.14,42.86,0.0
SoulCalibur VI,Replayability,16,14,2,0,87.5,12.5,0.0
Soulstone Survivors,Replayability,1,1,0,0,100.0,0.0,0.0
South Park: The Fractured But Whole,Gameplay,56,48,8,0,85.71,14.29,0.0
South Park: The Fractured But Whole,Story,30,24,5,1,80.0,16.67,3.33
South Park: The Fractured But Whole,Graphics,2,2,0,0,100.0,0.0,0.0
South Park: The Fractured But Whole,Characters,11,9,2,0,81.82,18.18,0.0
South Park: The Fractured But Whole,Level Design,6,6,0,0,100.0,0.0,0.0
South Park: The Fractured But Whole,Music & Sound,2,2,0,0,100.0,0.0,0.0
South Park: The Fractured But Whole,Difficulty,14,12,2,0,85.71,14.29,0.0
South Park: The Fractured But Whole,Performance,20,13,7,0,65.0,35.0,0.0
South Park: The Fractured But Whole,Replayability,8,7,1,0,87.5,12.5,0.0
South Park: The Stick of Truth,Gameplay,14,12,2,0,85.71,14.29,0.0
South Park: The Stick of Truth,Story,9,7,2,0,77.78,22.22,0.0
South Park: The Stick of Truth,Graphics,1,1,0,0,100.0,0.0,0.0
South Park: The Stick of Truth,Characters,3,3,0,0,100.0,0.0,0.0
South Park: The Stick of Truth,Level Design,2,2,0,0,100.0,0.0,0.0
South Park: The Stick of Truth,Difficulty,3,3,0,0,100.0,0.0,0.0
South Park: The Stick of Truth,Performance,5,3,2,0,60.0,40.0,0.0
South Park: The Stick of Truth,Replayability,4,4,0,0,100.0,0.0,0.0
Spelunky,Gameplay,7,6,1,0,85.71,14.29,0.0
Spelunky,Story,1,1,0,0,100.0,0.0,0.0
Spelunky,Difficulty,6,6,0,0,100.0,0.0,0.0
Spelunky 2,Gameplay,11,10,1,0,90.91,9.09,0.0
Spelunky 2,Graphics,1,1,0,0,100.0,0.0,0.0
Spelunky 2,Level Design,9,9,0,0,100.0,0.0,0.0
Spelunky 2,Difficulty,20,17,3,0,85.0,15.0,0.0
Spelunky 2,Performance,1,1,0,0,100.0,0.0,0.0
Spelunky 2,Replayability,6,6,0,0,100.0,0.0,0.0
SpiderHeck,Gameplay,2,2,0,0,100.0,0.0,0.0
SpiderHeck,Graphics,2,2,0,0,100.0,0.0,0.0
SpiderHeck,Level Design,2,1,1,0,50.0,50.0,0.0
SpiderHeck,Difficulty,2,1,1,0,50.0,50.0,0.0
SpiderHeck,Replayability,2,0,2,0,0.0,100.0,0.0
Spin Rhythm XD,Gameplay,8,6,2,0,75.0,25.0,0.0
Spin Rhythm XD,Graphics,1,0,1,0,0.0,100.0,0.0
Spin Rhythm XD,Level Design,2,2,0,0,100.0,0.0,0.0
Spin Rhythm XD,Music & Sound,5,5,0,0,100.0,0.0,0.0
Spin Rhythm XD,Difficulty,4,4,0,0,100.0,0.0,0.0
Spin Rhythm XD,Replayability,1,1,0,0,100.0,0.0,0.0
Spindle,Gameplay,4,3,1,0,75.0,25.0,0.0
Spindle,Story,5,4,1,0,80.0,20.0,0.0
Spindle,Graphics,1,0,1,0,0.0,100.0,0.0
Spindle,Characters,1,0,1,0,0.0,100.0,0.0
Spindle,Difficulty,2,2,0,0,100.0,0.0,0.0
Spindle,Replayability,1,1,0,0,100.0,0.0,0.0
Spirit City: Lofi Sessions,Music & Sound,2,2,0,0,100.0,0.0,0.0
Spirit City: Lofi Sessions,Replayability,1,1,0,0,100.0,0.0,0.0
Spirit Hunter: NG,Story,4,3,1,0,75.0,25.0,0.0
Spirit Hunter: NG,Graphics,4,4,0,0,100.0,0.0,0.0
Spirit Hunter: NG,Characters,1,1,0,0,100.0,0.0,0.0
Spirit Hunter: NG,Level Design,1,1,0,0,100.0,0.0,0.0
Spirit Hunter: NG,Music & Sound,3,3,0,0,100.0,0.0,0.0
Spirit Hunter: NG,Performance,1,0,1,0,0.0,100.0,0.0
Spiritfall,Gameplay,2,2,0,0,100.0,0.0,0.0
Spiritfall,Difficulty,1,1,0,0,100.0,0.0,0.0
Spiritfall,Replayability,1,1,0,0,100.0,0.0,0.0
Spiritfarer,Gameplay,14,12,2,0,85.71,14.29,0.0
Spiritfarer,Story,19,15,4,0,78.95,21.05,0.0
Spiritfarer,Graphics,7,6,1,0,85.71,14.29,0.0
Spiritfarer,Characters,10,8,2,0,80.0,20.0,0.0
Spiritfarer,Level Design,2,2,0,0,100.0,0.0,0.0
Spiritfarer,Music & Sound,10,10,0,0,100.0,0.0,0.0
Spiritfarer,Difficulty,4,4,0,0,100.0,0.0,0.0
Spiritfarer,Replayability,1,1,0,0,100.0,0.0,0.0
Splasher,Gameplay,14,11,3,0,78.57,21.43,0.0
Splasher,Story,1,1,0,0,100.0,0.0,0.0
Splasher,Graphics,1,1,0,0,100.0,0.0,0.0
Splasher,Level Design,10,9,1,0,90.0,10.0,0.0
Splasher,Music & Sound,1,1,0,0,100.0,0.0,0.0
Splasher,Difficulty,9,8,1,0,88.89,11.11,0.0
Splasher,Replayability,3,3,0,0,100.0,0.0,0.0
Splatoon,Gameplay,13,12,1,0,92.31,7.69,0.0
Splatoon,Graphics,2,1,1,0,50.0,50.0,0.0
Splatoon,Characters,2,1,1,0,50.0,50.0,0.0
Splatoon,Level Design,5,3,2,0,60.0,40.0,0.0
Splatoon,Music & Sound,2,2,0,0,100.0,0.0,0.0
Splatoon,Difficulty,4,3,1,0,75.0,25.0,0.0
Splatoon,Replayability,18,13,5,0,72.22,27.78,0.0
Splatoon 2,Gameplay,15,14,1,0,93.33,6.67,0.0
Splatoon 2,Story,1,1,0,0,100.0,0.0,0.0
Splatoon 2,Graphics,2,2,0,0,100.0,0.0,0.0
Splatoon 2,Level Design,5,5,0,0,100.0,0.0,0.0
Splatoon 2,Difficulty,10,9,1,0,90.0,10.0,0.0
Splatoon 2,Performance,1,0,1,0,0.0,100.0,0.0
Splatoon 2,Replayability,11,10,1,0,90.91,9.09,0.0
Splatoon 2: Octo Expansion,Gameplay,5,5,0,0,100.0,0.0,0.0
Splatoon 2: Octo Expansion,Story,7,6,1,0,85.71,14.29,0.0
Splatoon 2: Octo Expansion,Level Design,9,8,1,0,88.89,11.11,0.0
Splatoon 2: Octo Expansion,Difficulty,6,5,1,0,83.33,16.67,0.0
Splatoon 2: Octo Expansion,Replayability,5,5,0,0,100.0,0.0,0.0
Splatoon 3,Gameplay,20,18,2,0,90.0,10.0,0.0
Splatoon 3,Story,6,4,2,0,66.67,33.33,0.0
Splatoon 3,Graphics,2,2,0,0,100.0,0.0,0.0
Splatoon 3,Characters,3,3,0,0,100.0,0.0,0.0
Splatoon 3,Level Design,5,4,1,0,80.0,20.0,0.0
Splatoon 3,Music & Sound,4,4,0,0,100.0,0.0,0.0
Splatoon 3,Difficulty,8,8,0,0,100.0,0.0,0.0
Splatoon 3,Performance,3,3,0,0,100.0,0.0,0.0
Splatoon 3,Replayability,23,21,2,0,91.3,8.7,0.0
Split Fiction,Gameplay,81,76,5,0,93.83,6.17,0.0
Split Fiction,Story,65,59,6,0,90.77,9.23,0.0
Split Fiction,Graphics,15,15,0,0,100.0,0.0,0.0
Split Fiction,Characters,16,15,1,0,93.75,6.25,0.0
Split Fiction,Level Design,28,28,0,0,100.0,0.0,0.0
Split Fiction,Music & Sound,2,2,0,0,100.0,0.0,0.0
Split Fiction,Difficulty,20,20,0,0,100.0,0.0,0.0
Split Fiction,Performance,9,9,0,0,100.0,0.0,0.0
Split Fiction,Replayability,2,2,0,0,100.0,0.0,0.0
Sportsfriends,Gameplay,1,1,0,0,100.0,0.0,0.0
Sportsfriends,Level Design,1,0,1,0,0.0,100.0,0.0
Sportsfriends,Difficulty,1,0,1,0,0.0,100.0,0.0
Sprint Vector,Gameplay,7,4,3,0,57.14,42.86,0.0
Sprint Vector,Difficulty,1,1,0,0,100.0,0.0,0.0
Sprint Vector,Replayability,1,0,1,0,0.0,100.0,0.0
Spyro Reignited Trilogy,Gameplay,37,29,8,0,78.38,21.62,0.0
Spyro Reignited Trilogy,Story,1,0,1,0,0.0,100.0,0.0
Spyro Reignited Trilogy,Graphics,20,19,1,0,95.0,5.0,0.0
Spyro Reignited Trilogy,Characters,9,8,1,0,88.89,11.11,0.0
Spyro Reignited Trilogy,Level Design,5,4,1,0,80.0,20.0,0.0
Spyro Reignited Trilogy,Music & Sound,9,6,3,0,66.67,33.33,0.0
Spyro Reignited Trilogy,Difficulty,8,7,1,0,87.5,12.5,0.0
Spyro Reignited Trilogy,Performance,10,7,3,0,70.0,30.0,0.0
Spyro Reignited Trilogy,Replayability,5,4,1,0,80.0,20.0,0.0
Star Ocean: The Second Story R,Gameplay,22,21,1,0,95.45,4.55,0.0
Star Ocean: The Second Story R,Story,59,57,2,0,96.61,3.39,0.0
Star Ocean: The Second Story R,Graphics,25,24,1,0,96.0,4.0,0.0
Star Ocean: The Second Story R,Characters,10,10,0,0,100.0,0.0,0.0
Star Ocean: The Second Story R,Level Design,1,1,0,0,100.0,0.0,0.0
Star Ocean: The Second Story R,Music & Sound,6,6,0,0,100.0,0.0,0.0
Star Ocean: The Second Story R,Difficulty,8,7,1,0,87.5,12.5,0.0
Star Ocean: The Second Story R,Replayability,5,5,0,0,100.0,0.0,0.0
Star Wars Jedi: Fallen Order,Gameplay,62,53,8,1,85.48,12.9,1.61
Star Wars Jedi: Fallen Order,Story,53,44,9,0,83.02,16.98,0.0
Star Wars Jedi: Fallen Order,Graphics,8,7,1,0,87.5,12.5,0.0
Star Wars Jedi: Fallen Order,Characters,15,14,1,0,93.33,6.67,0.0
Star Wars Jedi: Fallen Order,Level Design,10,8,2,0,80.0,20.0,0.0
Star Wars Jedi: Fallen Order,Music & Sound,2,2,0,0,100.0,0.0,0.0
Star Wars Jedi: Fallen Order,Difficulty,15,12,2,1,80.0,13.33,6.67
Star Wars Jedi: Fallen Order,Performance,26,18,8,0,69.23,30.77,0.0
Star Wars Jedi: Survivor,Gameplay,72,59,13,0,81.94,18.06,0.0
Star Wars Jedi: Survivor,Story,69,55,14,0,79.71,20.29,0.0
Star Wars Jedi: Survivor,Graphics,9,8,1,0,88.89,11.11,0.0
Star Wars Jedi: Survivor,Characters,20,18,2,0,90.0,10.0,0.0
Star Wars Jedi: Survivor,Level Design,7,5,2,0,71.43,28.57,0.0
Star Wars Jedi: Survivor,Music & Sound,4,3,0,1,75.0,0.0,25.0
Star Wars Jedi: Survivor,Difficulty,15,11,4,0,73.33,26.67,0.0
Star Wars Jedi: Survivor,Performance,61,47,13,1,77.05,21.31,1.64
Star Wars Jedi: Survivor,Replayability,12,11,1,0,91.67,8.33,0.0
Star Wars Pinball,Gameplay,2,1,1,0,50.0,50.0,0.0
Star Wars Pinball,Characters,1,1,0,0,100.0,0.0,0.0
Star Wars Pinball,Level Design,3,3,0,0,100.0,0.0,0.0
Star Wars Pinball,Music & Sound,2,2,0,0,100.0,0.0,0.0
Star Wars Pinball,Difficulty,1,1,0,0,100.0,0.0,0.0
Star Wars Pinball,Replayability,4,4,0,0,100.0,0.0,0.0
Star Wars Pinball VR,Gameplay,1,0,1,0,0.0,100.0,0.0
Star Wars Pinball VR,Graphics,1,0,1,0,0.0,100.0,0.0
Star Wars Pinball VR,Performance,2,0,2,0,0.0,100.0,0.0
Star Wars Pinball VR,Replayability,2,1,1,0,50.0,50.0,0.0
Star Wars Pinball: Heroes Within,Replayability,2,2,0,0,100.0,0.0,0.0
Star Wars: Dark Forces Remaster,Gameplay,13,9,4,0,69.23,30.77,0.0
Star Wars: Dark Forces Remaster,Story,3,2,1,0,66.67,33.33,0.0
Star Wars: Dark Forces Remaster,Graphics,9,6,3,0,66.67,33.33,0.0
Star Wars: Dark Forces Remaster,Characters,1,1,0,0,100.0,0.0,0.0
Star Wars: Dark Forces Remaster,Level Design,5,3,2,0,60.0,40.0,0.0
Star Wars: Dark Forces Remaster,Difficulty,3,2,1,0,66.67,33.33,0.0
Star Wars: Dark Forces Remaster,Performance,8,6,2,0,75.0,25.0,0.0
Star Wars: Dark Forces Remaster,Replayability,1,1,0,0,100.0,0.0,0.0
Star Wars: Knights of the Old Republic,Gameplay,8,5,3,0,62.5,37.5,0.0
Star Wars: Knights of the Old Republic,Story,9,7,2,0,77.78,22.22,0.0
Star Wars: Knights of the Old Republic,Graphics,4,2,2,0,50.0,50.0,0.0
Star Wars: Knights of the Old Republic,Characters,8,5,3,0,62.5,37.5,0.0
Star Wars: Knights of the Old Republic,Music & Sound,1,0,1,0,0.0,100.0,0.0
Star Wars: Knights of the Old Republic,Difficulty,4,3,1,0,75.0,25.0,0.0
Star Wars: Knights of the Old Republic,Performance,2,2,0,0,100.0,0.0,0.0
Star Wars: Knights of the Old Republic,Replayability,2,2,0,0,100.0,0.0,0.0
StarCraft II: Legacy of the Void,Gameplay,4,4,0,0,100.0,0.0,0.0
StarCraft II: Legacy of the Void,Story,19,17,2,0,89.47,10.53,0.0
StarCraft II: Legacy of the Void,Characters,3,2,1,0,66.67,33.33,0.0
StarCraft II: Legacy of the Void,Level Design,6,6,0,0,100.0,0.0,0.0
StarCraft II: Legacy of the Void,Difficulty,5,5,0,0,100.0,0.0,0.0
StarCraft II: Legacy of the Void,Performance,1,1,0,0,100.0,0.0,0.0
StarCraft II: Legacy of the Void,Replayability,4,3,1,0,75.0,25.0,0.0
StarCraft Remastered,Gameplay,4,4,0,0,100.0,0.0,0.0
StarCraft Remastered,Story,1,1,0,0,100.0,0.0,0.0
StarCraft Remastered,Graphics,2,2,0,0,100.0,0.0,0.0
StarCraft Remastered,Difficulty,3,2,1,0,66.67,33.33,0.0
StarCraft Remastered,Performance,2,2,0,0,100.0,0.0,0.0
StarVaders,Gameplay,14,12,2,0,85.71,14.29,0.0
StarVaders,Story,2,1,1,0,50.0,50.0,0.0
StarVaders,Graphics,1,1,0,0,100.0,0.0,0.0
StarVaders,Characters,2,2,0,0,100.0,0.0,0.0
StarVaders,Level Design,1,1,0,0,100.0,0.0,0.0
StarVaders,Music & Sound,2,1,1,0,50.0,50.0,0.0
StarVaders,Difficulty,6,4,2,0,66.67,33.33,0.0
StarVaders,Replayability,6,6,0,0,100.0,0.0,0.0
Starbound,Gameplay,5,4,1,0,80.0,20.0,0.0
Starbound,Story,2,2,0,0,100.0,0.0,0.0
Starbound,Music & Sound,1,1,0,0,100.0,0.0,0.0
Starbound,Difficulty,1,1,0,0,100.0,0.0,0.0
Starbound,Replayability,1,0,1,0,0.0,100.0,0.0
Stardew Valley,Gameplay,10,10,0,0,100.0,0.0,0.0
Stardew Valley,Story,1,1,0,0,100.0,0.0,0.0
Stardew Valley,Graphics,1,1,0,0,100.0,0.0,0.0
Stardew Valley,Characters,2,1,1,0,50.0,50.0,0.0
Stardew Valley,Level Design,2,2,0,0,100.0,0.0,0.0
Stardew Valley,Music & Sound,1,1,0,0,100.0,0.0,0.0
Stardew Valley,Difficulty,8,8,0,0,100.0,0.0,0.0
Stardew Valley,Performance,4,3,1,0,75.0,25.0,0.0
Stardew Valley,Replayability,4,4,0,0,100.0,0.0,0.0
Stardust Galaxy Warriors,Gameplay,3,2,1,0,66.67,33.33,0.0
Stardust Galaxy Warriors,Music & Sound,1,1,0,0,100.0,0.0,0.0
Stardust Galaxy Warriors,Performance,1,0,1,0,0.0,100.0,0.0
Starfield,Gameplay,76,50,24,2,65.79,31.58,2.63
Starfield,Story,46,34,12,0,73.91,26.09,0.0
Starfield,Graphics,6,5,1,0,83.33,16.67,0.0
Starfield,Characters,21,16,5,0,76.19,23.81,0.0
Starfield,Level Design,6,5,1,0,83.33,16.67,0.0
Starfield,Music & Sound,2,1,1,0,50.0,50.0,0.0
Starfield,Difficulty,15,10,5,0,66.67,33.33,0.0
Starfield,Performance,16,12,4,0,75.0,25.0,0.0
Starfield,Replayability,19,15,4,0,78.95,21.05,0.0
Starward Rogue,Story,1,0,1,0,0.0,100.0,0.0
Starward Rogue,Music & Sound,1,0,1,0,0.0,100.0,0.0
Starward Rogue,Replayability,1,1,0,0,100.0,0.0,0.0
Statik,Gameplay,1,1,0,0,100.0,0.0,0.0
Statik,Story,1,1,0,0,100.0,0.0,0.0
Statik,Graphics,1,1,0,0,100.0,0.0,0.0
Statik,Difficulty,1,1,0,0,100.0,0.0,0.0
Station to Station,Gameplay,2,2,0,0,100.0,0.0,0.0
Station to Station,Story,1,1,0,0,100.0,0.0,0.0
Station to Station,Graphics,3,3,0,0,100.0,0.0,0.0
Station to Station,Level Design,2,2,0,0,100.0,0.0,0.0
Station to Station,Music & Sound,2,2,0,0,100.0,0.0,0.0
Station to Station,Difficulty,3,3,0,0,100.0,0.0,0.0
Station to Station,Replayability,1,1,0,0,100.0,0.0,0.0
Stay Out of the House,Gameplay,1,1,0,0,100.0,0.0,0.0
Stay Out of the House,Graphics,1,1,0,0,100.0,0.0,0.0
Stealth Inc 2: A Game of Clones,Gameplay,8,5,3,0,62.5,37.5,0.0
Stealth Inc 2: A Game of Clones,Story,4,4,0,0,100.0,0.0,0.0
Stealth Inc 2: A Game of Clones,Graphics,1,1,0,0,100.0,0.0,0.0
Stealth Inc 2: A Game of Clones,Level Design,6,3,3,0,50.0,50.0,0.0
Stealth Inc 2: A Game of Clones,Music & Sound,1,1,0,0,100.0,0.0,0.0
Stealth Inc 2: A Game of Clones,Difficulty,7,5,2,0,71.43,28.57,0.0
Stealth Inc 2: A Game of Clones,Performance,1,1,0,0,100.0,0.0,0.0
Stealth Inc 2: A Game of Clones,Replayability,2,2,0,0,100.0,0.0,0.0
Steam Prison,Story,1,0,1,0,0.0,100.0,0.0
Steam Prison,Graphics,2,1,1,0,50.0,50.0,0.0
Steam Prison,Characters,1,0,1,0,0.0,100.0,0.0
Steam Prison,Music & Sound,1,1,0,0,100.0,0.0,0.0
Steam Prison,Difficulty,1,1,0,0,100.0,0.0,0.0
Steam Prison,Replayability,1,1,0,0,100.0,0.0,0.0
SteamWorld Dig,Gameplay,15,13,2,0,86.67,13.33,0.0
SteamWorld Dig,Story,1,1,0,0,100.0,0.0,0.0
SteamWorld Dig,Characters,1,1,0,0,100.0,0.0,0.0
SteamWorld Dig,Level Design,3,2,1,0,66.67,33.33,0.0
SteamWorld Dig,Music & Sound,2,2,0,0,100.0,0.0,0.0
SteamWorld Dig,Difficulty,6,6,0,0,100.0,0.0,0.0
SteamWorld Dig,Performance,2,2,0,0,100.0,0.0,0.0
SteamWorld Dig,Replayability,2,2,0,0,100.0,0.0,0.0
SteamWorld Dig 2,Gameplay,28,26,2,0,92.86,7.14,0.0
SteamWorld Dig 2,Story,8,8,0,0,100.0,0.0,0.0
SteamWorld Dig 2,Graphics,5,5,0,0,100.0,0.0,0.0
SteamWorld Dig 2,Characters,3,3,0,0,100.0,0.0,0.0
SteamWorld Dig 2,Level Design,9,9,0,0,100.0,0.0,0.0
SteamWorld Dig 2,Music & Sound,2,2,0,0,100.0,0.0,0.0
SteamWorld Dig 2,Difficulty,6,5,1,0,83.33,16.67,0.0
SteamWorld Dig 2,Replayability,1,1,0,0,100.0,0.0,0.0
SteamWorld Heist,Gameplay,18,17,1,0,94.44,5.56,0.0
SteamWorld Heist,Story,6,6,0,0,100.0,0.0,0.0
SteamWorld Heist,Graphics,3,3,0,0,100.0,0.0,0.0
SteamWorld Heist,Characters,4,4,0,0,100.0,0.0,0.0
SteamWorld Heist,Level Design,11,10,1,0,90.91,9.09,0.0
SteamWorld Heist,Music & Sound,2,2,0,0,100.0,0.0,0.0
SteamWorld Heist,Difficulty,14,13,1,0,92.86,7.14,0.0
SteamWorld Heist,Performance,1,1,0,0,100.0,0.0,0.0
SteamWorld Heist,Replayability,3,3,0,0,100.0,0.0,0.0
SteamWorld Heist II,Gameplay,30,30,0,0,100.0,0.0,0.0
SteamWorld Heist II,Story,11,10,1,0,90.91,9.09,0.0
SteamWorld Heist II,Graphics,3,3,0,0,100.0,0.0,0.0
SteamWorld Heist II,Characters,10,9,1,0,90.0,10.0,0.0
SteamWorld Heist II,Level Design,5,4,1,0,80.0,20.0,0.0
SteamWorld Heist II,Music & Sound,8,8,0,0,100.0,0.0,0.0
SteamWorld Heist II,Difficulty,7,7,0,0,100.0,0.0,0.0
SteamWorld Heist II,Replayability,4,2,2,0,50.0,50.0,0.0
SteamWorld Heist: Ultimate Edition,Gameplay,4,4,0,0,100.0,0.0,0.0
SteamWorld Heist: Ultimate Edition,Story,1,1,0,0,100.0,0.0,0.0
SteamWorld Heist: Ultimate Edition,Graphics,1,0,1,0,0.0,100.0,0.0
SteamWorld Heist: Ultimate Edition,Level Design,3,2,1,0,66.67,33.33,0.0
SteamWorld Heist: Ultimate Edition,Music & Sound,1,1,0,0,100.0,0.0,0.0
SteamWorld Heist: Ultimate Edition,Difficulty,2,1,1,0,50.0,50.0,0.0
SteamWorld Heist: Ultimate Edition,Replayability,2,1,1,0,50.0,50.0,0.0
SteamWorld Quest: Hand of Gilgamech,Gameplay,23,19,4,0,82.61,17.39,0.0
SteamWorld Quest: Hand of Gilgamech,Story,10,8,2,0,80.0,20.0,0.0
SteamWorld Quest: Hand of Gilgamech,Graphics,4,4,0,0,100.0,0.0,0.0
SteamWorld Quest: Hand of Gilgamech,Characters,14,11,3,0,78.57,21.43,0.0
SteamWorld Quest: Hand of Gilgamech,Level Design,1,1,0,0,100.0,0.0,0.0
SteamWorld Quest: Hand of Gilgamech,Music & Sound,1,1,0,0,100.0,0.0,0.0
SteamWorld Quest: Hand of Gilgamech,Difficulty,15,12,3,0,80.0,20.0,0.0
SteamWorld Quest: Hand of Gilgamech,Replayability,2,2,0,0,100.0,0.0,0.0
Steel Division: Normandy 44,Gameplay,5,3,2,0,60.0,40.0,0.0
Steel Division: Normandy 44,Story,1,0,1,0,0.0,100.0,0.0
Steel Division: Normandy 44,Graphics,1,1,0,0,100.0,0.0,0.0
Steel Division: Normandy 44,Level Design,1,1,0,0,100.0,0.0,0.0
Steel Division: Normandy 44,Difficulty,7,4,3,0,57.14,42.86,0.0
Steins;Gate,Gameplay,2,2,0,0,100.0,0.0,0.0
Steins;Gate,Story,8,7,1,0,87.5,12.5,0.0
Steins;Gate,Graphics,8,7,1,0,87.5,12.5,0.0
Steins;Gate,Characters,7,7,0,0,100.0,0.0,0.0
Steins;Gate,Replayability,1,1,0,0,100.0,0.0,0.0
Steins;Gate 0,Gameplay,2,0,1,1,0.0,50.0,50.0
Steins;Gate 0,Story,22,18,3,1,81.82,13.64,4.55
Steins;Gate 0,Graphics,17,15,1,1,88.24,5.88,5.88
Steins;Gate 0,Characters,13,9,4,0,69.23,30.77,0.0
Steins;Gate 0,Level Design,2,2,0,0,100.0,0.0,0.0
Steins;Gate 0,Music & Sound,1,1,0,0,100.0,0.0,0.0
Steins;Gate 0,Difficulty,2,1,1,0,50.0,50.0,0.0
Steins;Gate 0,Replayability,2,0,1,1,0.0,50.0,50.0
Steins;Gate Elite,Gameplay,1,1,0,0,100.0,0.0,0.0
Steins;Gate Elite,Story,12,12,0,0,100.0,0.0,0.0
Steins;Gate Elite,Graphics,23,21,2,0,91.3,8.7,0.0
Steins;Gate Elite,Characters,3,3,0,0,100.0,0.0,0.0
Steins;Gate Elite,Level Design,1,1,0,0,100.0,0.0,0.0
Steins;Gate Elite,Difficulty,1,1,0,0,100.0,0.0,0.0
Steins;Gate Elite,Performance,1,1,0,0,100.0,0.0,0.0
Stellar Blade,Gameplay,99,73,26,0,73.74,26.26,0.0
Stellar Blade,Story,61,41,20,0,67.21,32.79,0.0
Stellar Blade,Graphics,27,22,5,0,81.48,18.52,0.0
Stellar Blade,Characters,37,28,9,0,75.68,24.32,0.0
Stellar Blade,Level Design,18,13,5,0,72.22,27.78,0.0
Stellar Blade,Music & Sound,21,18,3,0,85.71,14.29,0.0
Stellar Blade,Difficulty,24,22,2,0,91.67,8.33,0.0
Stellar Blade,Performance,11,11,0,0,100.0,0.0,0.0
Stellar Blade,Replayability,12,10,2,0,83.33,16.67,0.0
Stellaris,Gameplay,7,7,0,0,100.0,0.0,0.0
Stellaris,Story,3,3,0,0,100.0,0.0,0.0
Stellaris,Level Design,1,0,1,0,0.0,100.0,0.0
Stellaris,Difficulty,5,4,1,0,80.0,20.0,0.0
Stellaris: Utopia,Gameplay,3,2,1,0,66.67,33.33,0.0
Stellaris: Utopia,Story,1,1,0,0,100.0,0.0,0.0
Stellaris: Utopia,Replayability,3,2,1,0,66.67,33.33,0.0
Stephen's Sausage Roll,Gameplay,2,2,0,0,100.0,0.0,0.0
Stephen's Sausage Roll,Difficulty,1,1,0,0,100.0,0.0,0.0
Steredenn: Binary Stars,Gameplay,3,3,0,0,100.0,0.0,0.0
Steredenn: Binary Stars,Difficulty,3,2,1,0,66.67,33.33,0.0
Steve Jackson's Sorcery! - The Complete Collection,Story,6,5,1,0,83.33,16.67,0.0
Steve Jackson's Sorcery! - The Complete Collection,Graphics,1,1,0,0,100.0,0.0,0.0
Steve Jackson's Sorcery! - The Complete Collection,Music & Sound,1,0,1,0,0.0,100.0,0.0
Steve Jackson's Sorcery! - The Complete Collection,Difficulty,2,1,1,0,50.0,50.0,0.0
Steve Jackson's Sorcery! - The Complete Collection,Performance,2,2,0,0,100.0,0.0,0.0
Steve Jackson's Sorcery! - The Complete Collection,Replayability,1,1,0,0,100.0,0.0,0.0
Stirring Abyss,Gameplay,1,0,1,0,0.0,100.0,0.0
Stirring Abyss,Story,1,1,0,0,100.0,0.0,0.0
Stirring Abyss,Difficulty,1,0,1,0,0.0,100.0,0.0
Story of Seasons: Grand Bazaar,Gameplay,21,19,2,0,90.48,9.52,0.0
Story of Seasons: Grand Bazaar,Story,65,55,10,0,84.62,15.38,0.0
Story of Seasons: Grand Bazaar,Graphics,9,8,1,0,88.89,11.11,0.0
Story of Seasons: Grand Bazaar,Characters,9,7,2,0,77.78,22.22,0.0
Story of Seasons: Grand Bazaar,Level Design,3,1,2,0,33.33,66.67,0.0
Story of Seasons: Grand Bazaar,Music & Sound,4,3,1,0,75.0,25.0,0.0
Story of Seasons: Grand Bazaar,Difficulty,5,3,2,0,60.0,40.0,0.0
Story of Seasons: Grand Bazaar,Performance,6,5,1,0,83.33,16.67,0.0
Story of Seasons: Grand Bazaar,Replayability,4,3,1,0,75.0,25.0,0.0
Stranded: Alien Dawn,Gameplay,3,0,3,0,0.0,100.0,0.0
Stranded: Alien Dawn,Story,1,1,0,0,100.0,0.0,0.0
Stranded: Alien Dawn,Characters,1,0,1,0,0.0,100.0,0.0
Stranded: Alien Dawn,Level Design,1,1,0,0,100.0,0.0,0.0
Stranded: Alien Dawn,Difficulty,1,0,1,0,0.0,100.0,0.0
Stranded: Alien Dawn,Performance,1,1,0,0,100.0,0.0,0.0
Stranded: Alien Dawn,Replayability,2,1,1,0,50.0,50.0,0.0
Strange Antiquities,Gameplay,8,6,2,0,75.0,25.0,0.0
Strange Antiquities,Story,7,4,3,0,57.14,42.86,0.0
Strange Antiquities,Graphics,1,1,0,0,100.0,0.0,0.0
Strange Antiquities,Characters,2,2,0,0,100.0,0.0,0.0
Strange Antiquities,Level Design,1,1,0,0,100.0,0.0,0.0
Strange Antiquities,Music & Sound,2,2,0,0,100.0,0.0,0.0
Strange Antiquities,Difficulty,6,4,2,0,66.67,33.33,0.0
Strange Antiquities,Replayability,2,1,1,0,50.0,50.0,0.0
Strange Horticulture,Gameplay,6,5,1,0,83.33,16.67,0.0
Strange Horticulture,Story,4,4,0,0,100.0,0.0,0.0
Strange Horticulture,Graphics,1,1,0,0,100.0,0.0,0.0
Strange Horticulture,Level Design,1,1,0,0,100.0,0.0,0.0
Strange Horticulture,Music & Sound,3,3,0,0,100.0,0.0,0.0
Strange Horticulture,Difficulty,3,3,0,0,100.0,0.0,0.0
Strange Horticulture,Replayability,1,1,0,0,100.0,0.0,0.0
Stranger of Sword City Revisited,Difficulty,2,2,0,0,100.0,0.0,0.0
Stray,Gameplay,52,37,14,1,71.15,26.92,1.92
Stray,Story,56,48,8,0,85.71,14.29,0.0
Stray,Graphics,14,13,1,0,92.86,7.14,0.0
Stray,Characters,30,27,3,0,90.0,10.0,0.0
Stray,Level Design,9,7,2,0,77.78,22.22,0.0
Stray,Music & Sound,6,5,1,0,83.33,16.67,0.0
Stray,Difficulty,11,6,5,0,54.55,45.45,0.0
Stray,Performance,4,3,1,0,75.0,25.0,0.0
Stray,Replayability,4,4,0,0,100.0,0.0,0.0
Stray Children,Gameplay,2,1,1,0,50.0,50.0,0.0
Stray Children,Story,2,1,1,0,50.0,50.0,0.0
Stray Children,Level Design,1,0,1,0,0.0,100.0,0.0
Stray Children,Difficulty,1,1,0,0,100.0,0.0,0.0
Stray Children,Replayability,1,1,0,0,100.0,0.0,0.0
Street Fighter 30th Anniversary Collection,Gameplay,5,4,1,0,80.0,20.0,0.0
Street Fighter 30th Anniversary Collection,Story,1,1,0,0,100.0,0.0,0.0
Street Fighter 30th Anniversary Collection,Characters,2,1,1,0,50.0,50.0,0.0
Street Fighter 30th Anniversary Collection,Level Design,1,1,0,0,100.0,0.0,0.0
Street Fighter 30th Anniversary Collection,Music & Sound,1,0,1,0,0.0,100.0,0.0
Street Fighter 30th Anniversary Collection,Difficulty,5,5,0,0,100.0,0.0,0.0
Street Fighter 30th Anniversary Collection,Performance,2,1,1,0,50.0,50.0,0.0
Street Fighter 30th Anniversary Collection,Replayability,10,6,4,0,60.0,40.0,0.0
Street Fighter 6,Gameplay,58,56,2,0,96.55,3.45,0.0
Street Fighter 6,Story,16,15,1,0,93.75,6.25,0.0
Street Fighter 6,Graphics,13,13,0,0,100.0,0.0,0.0
Street Fighter 6,Characters,26,24,2,0,92.31,7.69,0.0
Street Fighter 6,Level Design,11,10,1,0,90.91,9.09,0.0
Street Fighter 6,Music & Sound,5,5,0,0,100.0,0.0,0.0
Street Fighter 6,Difficulty,15,13,2,0,86.67,13.33,0.0
Street Fighter 6,Performance,6,5,1,0,83.33,16.67,0.0
Street Fighter 6,Replayability,28,27,1,0,96.43,3.57,0.0
Street Fighter 6: Years 1-2 Fighters Edition,Gameplay,1,1,0,0,100.0,0.0,0.0
Street Fighter 6: Years 1-2 Fighters Edition,Story,1,1,0,0,100.0,0.0,0.0
Street Fighter 6: Years 1-2 Fighters Edition,Characters,3,3,0,0,100.0,0.0,0.0
Street Fighter 6: Years 1-2 Fighters Edition,Difficulty,1,1,0,0,100.0,0.0,0.0
Street Fighter 6: Years 1-2 Fighters Edition,Performance,7,7,0,0,100.0,0.0,0.0
Street Fighter 6: Years 1-2 Fighters Edition,Replayability,1,1,0,0,100.0,0.0,0.0
Street Fighter V: Arcade Edition,Gameplay,7,6,1,0,85.71,14.29,0.0
Street Fighter V: Arcade Edition,Story,1,0,1,0,0.0,100.0,0.0
Street Fighter V: Arcade Edition,Characters,6,5,1,0,83.33,16.67,0.0
Street Fighter V: Arcade Edition,Level Design,1,1,0,0,100.0,0.0,0.0
Street Fighter V: Arcade Edition,Difficulty,1,1,0,0,100.0,0.0,0.0
Street Fighter V: Arcade Edition,Replayability,10,10,0,0,100.0,0.0,0.0
Streets of Rage 4,Gameplay,39,36,3,0,92.31,7.69,0.0
Streets of Rage 4,Story,7,5,2,0,71.43,28.57,0.0
Streets of Rage 4,Graphics,16,16,0,0,100.0,0.0,0.0
Streets of Rage 4,Characters,13,11,2,0,84.62,15.38,0.0
Streets of Rage 4,Level Design,4,3,1,0,75.0,25.0,0.0
Streets of Rage 4,Music & Sound,22,21,1,0,95.45,4.55,0.0
Streets of Rage 4,Difficulty,15,15,0,0,100.0,0.0,0.0
Streets of Rage 4,Performance,1,1,0,0,100.0,0.0,0.0
Streets of Rage 4,Replayability,11,9,2,0,81.82,18.18,0.0
Streets of Rage 4: Mr. X Nightmare,Gameplay,2,1,1,0,50.0,50.0,0.0
Streets of Rage 4: Mr. X Nightmare,Story,1,1,0,0,100.0,0.0,0.0
Streets of Rage 4: Mr. X Nightmare,Characters,19,18,1,0,94.74,5.26,0.0
Streets of Rage 4: Mr. X Nightmare,Level Design,2,2,0,0,100.0,0.0,0.0
Streets of Rage 4: Mr. X Nightmare,Music & Sound,1,1,0,0,100.0,0.0,0.0
Streets of Rage 4: Mr. X Nightmare,Difficulty,2,2,0,0,100.0,0.0,0.0
Streets of Rage 4: Mr. X Nightmare,Replayability,10,9,1,0,90.0,10.0,0.0
Streets of Rogue,Gameplay,4,4,0,0,100.0,0.0,0.0
Streets of Rogue,Story,1,1,0,0,100.0,0.0,0.0
Streets of Rogue,Graphics,1,1,0,0,100.0,0.0,0.0
Streets of Rogue,Characters,5,3,2,0,60.0,40.0,0.0
Streets of Rogue,Level Design,2,1,1,0,50.0,50.0,0.0
Streets of Rogue,Difficulty,2,2,0,0,100.0,0.0,0.0
Streets of Rogue,Replayability,3,3,0,0,100.0,0.0,0.0
Subnautica,Gameplay,13,12,1,0,92.31,7.69,0.0
Subnautica,Story,12,10,2,0,83.33,16.67,0.0
Subnautica,Graphics,3,2,1,0,66.67,33.33,0.0
Subnautica,Level Design,5,4,1,0,80.0,20.0,0.0
Subnautica,Music & Sound,3,3,0,0,100.0,0.0,0.0
Subnautica,Difficulty,2,2,0,0,100.0,0.0,0.0
Subnautica,Performance,10,7,3,0,70.0,30.0,0.0
Subnautica,Replayability,1,1,0,0,100.0,0.0,0.0
Subnautica: Below Zero,Gameplay,19,18,1,0,94.74,5.26,0.0
Subnautica: Below Zero,Story,19,17,2,0,89.47,10.53,0.0
Subnautica: Below Zero,Graphics,3,3,0,0,100.0,0.0,0.0
Subnautica: Below Zero,Characters,3,2,1,0,66.67,33.33,0.0
Subnautica: Below Zero,Level Design,4,4,0,0,100.0,0.0,0.0
Subnautica: Below Zero,Music & Sound,1,1,0,0,100.0,0.0,0.0
Subnautica: Below Zero,Difficulty,9,8,1,0,88.89,11.11,0.0
Subnautica: Below Zero,Performance,6,5,1,0,83.33,16.67,0.0
Subnautica: Below Zero,Replayability,1,1,0,0,100.0,0.0,0.0
Suikoden I & II HD Remaster: Gate Rune and Dunan Unification Wars,Gameplay,17,16,1,0,94.12,5.88,0.0
Suikoden I & II HD Remaster: Gate Rune and Dunan Unification Wars,Story,9,9,0,0,100.0,0.0,0.0
Suikoden I & II HD Remaster: Gate Rune and Dunan Unification Wars,Graphics,13,12,1,0,92.31,7.69,0.0
Suikoden I & II HD Remaster: Gate Rune and Dunan Unification Wars,Characters,7,7,0,0,100.0,0.0,0.0
Suikoden I & II HD Remaster: Gate Rune and Dunan Unification Wars,Level Design,2,1,1,0,50.0,50.0,0.0
Suikoden I & II HD Remaster: Gate Rune and Dunan Unification Wars,Music & Sound,2,1,1,0,50.0,50.0,0.0
Suikoden I & II HD Remaster: Gate Rune and Dunan Unification Wars,Difficulty,6,6,0,0,100.0,0.0,0.0
Suikoden I & II HD Remaster: Gate Rune and Dunan Unification Wars,Performance,1,1,0,0,100.0,0.0,0.0
Suikoden I & II HD Remaster: Gate Rune and Dunan Unification Wars,Replayability,2,2,0,0,100.0,0.0,0.0
Sumire,Gameplay,3,3,0,0,100.0,0.0,0.0
Sumire,Story,16,15,1,0,93.75,6.25,0.0
Sumire,Graphics,5,4,1,0,80.0,20.0,0.0
Sumire,Characters,1,1,0,0,100.0,0.0,0.0
Sumire,Music & Sound,3,3,0,0,100.0,0.0,0.0
Sumire,Difficulty,3,3,0,0,100.0,0.0,0.0
Sumire,Performance,1,1,0,0,100.0,0.0,0.0
Sumire,Replayability,5,5,0,0,100.0,0.0,0.0
Sundered: Eldritch Edition,Gameplay,6,6,0,0,100.0,0.0,0.0
Sundered: Eldritch Edition,Graphics,2,2,0,0,100.0,0.0,0.0
Sundered: Eldritch Edition,Characters,1,1,0,0,100.0,0.0,0.0
Sundered: Eldritch Edition,Level Design,3,3,0,0,100.0,0.0,0.0
Sundered: Eldritch Edition,Music & Sound,1,1,0,0,100.0,0.0,0.0
Sundered: Eldritch Edition,Difficulty,3,2,1,0,66.67,33.33,0.0
Sundered: Eldritch Edition,Replayability,2,1,1,0,50.0,50.0,0.0
Sunderfolk,Gameplay,5,4,1,0,80.0,20.0,0.0
Sunderfolk,Story,3,3,0,0,100.0,0.0,0.0
Sunderfolk,Graphics,1,0,1,0,0.0,100.0,0.0
Sunderfolk,Characters,1,1,0,0,100.0,0.0,0.0
Sunderfolk,Difficulty,2,2,0,0,100.0,0.0,0.0
Sunderfolk,Replayability,1,0,1,0,0.0,100.0,0.0
Sunless Sea,Gameplay,7,6,1,0,85.71,14.29,0.0
Sunless Sea,Story,10,8,2,0,80.0,20.0,0.0
Sunless Sea,Graphics,1,1,0,0,100.0,0.0,0.0
Sunless Sea,Level Design,2,2,0,0,100.0,0.0,0.0
Sunless Sea,Music & Sound,1,1,0,0,100.0,0.0,0.0
Sunless Sea,Difficulty,3,3,0,0,100.0,0.0,0.0
Sunless Skies,Gameplay,5,3,2,0,60.0,40.0,0.0
Sunless Skies,Story,9,5,4,0,55.56,44.44,0.0
Sunless Skies,Characters,2,1,1,0,50.0,50.0,0.0
Sunless Skies,Level Design,1,1,0,0,100.0,0.0,0.0
Sunless Skies,Music & Sound,2,1,1,0,50.0,50.0,0.0
Sunless Skies,Difficulty,2,1,1,0,50.0,50.0,0.0
Sunset Overdrive,Gameplay,17,15,2,0,88.24,11.76,0.0
Sunset Overdrive,Story,10,9,1,0,90.0,10.0,0.0
Sunset Overdrive,Graphics,4,4,0,0,100.0,0.0,0.0
Sunset Overdrive,Characters,1,1,0,0,100.0,0.0,0.0
Sunset Overdrive,Level Design,3,3,0,0,100.0,0.0,0.0
Sunset Overdrive,Music & Sound,1,1,0,0,100.0,0.0,0.0
Sunset Overdrive,Difficulty,7,2,5,0,28.57,71.43,0.0
Sunset Overdrive,Performance,1,0,1,0,0.0,100.0,0.0
Sunset Overdrive,Replayability,3,2,1,0,66.67,33.33,0.0
Sunshine Manor,Gameplay,5,3,2,0,60.0,40.0,0.0
Sunshine Manor,Story,2,2,0,0,100.0,0.0,0.0
Sunshine Manor,Graphics,2,2,0,0,100.0,0.0,0.0
Sunshine Manor,Characters,1,0,1,0,0.0,100.0,0.0
Sunshine Manor,Level Design,1,0,1,0,0.0,100.0,0.0
Sunshine Manor,Music & Sound,2,2,0,0,100.0,0.0,0.0
Sunshine Manor,Difficulty,1,1,0,0,100.0,0.0,0.0
Sunshine Manor,Performance,1,0,1,0,0.0,100.0,0.0
Sunshine Manor,Replayability,1,1,0,0,100.0,0.0,0.0
Super Bomberman Collection,Gameplay,6,6,0,0,100.0,0.0,0.0
Super Bomberman Collection,Graphics,2,2,0,0,100.0,0.0,0.0
Super Bomberman Collection,Characters,2,2,0,0,100.0,0.0,0.0
Super Bomberman Collection,Music & Sound,1,1,0,0,100.0,0.0,0.0
Super Bomberman Collection,Difficulty,1,1,0,0,100.0,0.0,0.0
Super Bomberman Collection,Performance,1,1,0,0,100.0,0.0,0.0
Super Bomberman Collection,Replayability,5,5,0,0,100.0,0.0,0.0
Super Mario 3D All-Stars,Gameplay,16,14,2,0,87.5,12.5,0.0
Super Mario 3D All-Stars,Story,1,1,0,0,100.0,0.0,0.0
Super Mario 3D All-Stars,Graphics,7,7,0,0,100.0,0.0,0.0
Super Mario 3D All-Stars,Characters,1,0,1,0,0.0,100.0,0.0
Super Mario 3D All-Stars,Level Design,3,2,1,0,66.67,33.33,0.0
Super Mario 3D All-Stars,Music & Sound,2,2,0,0,100.0,0.0,0.0
Super Mario 3D All-Stars,Difficulty,6,5,1,0,83.33,16.67,0.0
Super Mario 3D All-Stars,Performance,4,3,1,0,75.0,25.0,0.0
Super Mario 3D All-Stars,Replayability,6,4,2,0,66.67,33.33,0.0
Super Mario 3D World,Gameplay,13,13,0,0,100.0,0.0,0.0
Super Mario 3D World,Story,1,1,0,0,100.0,0.0,0.0
Super Mario 3D World,Graphics,2,2,0,0,100.0,0.0,0.0
Super Mario 3D World,Characters,2,2,0,0,100.0,0.0,0.0
Super Mario 3D World,Level Design,13,13,0,0,100.0,0.0,0.0
Super Mario 3D World,Music & Sound,1,1,0,0,100.0,0.0,0.0
Super Mario 3D World,Difficulty,4,4,0,0,100.0,0.0,0.0
Super Mario 3D World,Replayability,2,2,0,0,100.0,0.0,0.0
Super Mario 3D World + Bowser's Fury,Gameplay,29,29,0,0,100.0,0.0,0.0
Super Mario 3D World + Bowser's Fury,Story,1,1,0,0,100.0,0.0,0.0
Super Mario 3D World + Bowser's Fury,Graphics,2,2,0,0,100.0,0.0,0.0
Super Mario 3D World + Bowser's Fury,Characters,1,1,0,0,100.0,0.0,0.0
Super Mario 3D World + Bowser's Fury,Level Design,12,12,0,0,100.0,0.0,0.0
Super Mario 3D World + Bowser's Fury,Music & Sound,3,3,0,0,100.0,0.0,0.0
Super Mario 3D World + Bowser's Fury,Difficulty,7,7,0,0,100.0,0.0,0.0
Super Mario 3D World + Bowser's Fury,Performance,1,1,0,0,100.0,0.0,0.0
Super Mario 3D World + Bowser's Fury,Replayability,14,14,0,0,100.0,0.0,0.0
Super Mario Bros. Wonder,Gameplay,47,47,0,0,100.0,0.0,0.0
Super Mario Bros. Wonder,Story,5,5,0,0,100.0,0.0,0.0
Super Mario Bros. Wonder,Graphics,10,10,0,0,100.0,0.0,0.0
Super Mario Bros. Wonder,Characters,8,8,0,0,100.0,0.0,0.0
Super Mario Bros. Wonder,Level Design,34,33,1,0,97.06,2.94,0.0
Super Mario Bros. Wonder,Music & Sound,4,4,0,0,100.0,0.0,0.0
Super Mario Bros. Wonder,Difficulty,18,17,1,0,94.44,5.56,0.0
Super Mario Bros. Wonder,Performance,3,3,0,0,100.0,0.0,0.0
Super Mario Bros. Wonder,Replayability,6,6,0,0,100.0,0.0,0.0
Super Mario Bros. Wonder - Nintendo Switch 2 Edition + Meetup in Bellabel Park,Gameplay,4,4,0,0,100.0,0.0,0.0
Super Mario Bros. Wonder - Nintendo Switch 2 Edition + Meetup in Bellabel Park,Story,1,0,1,0,0.0,100.0,0.0
Super Mario Bros. Wonder - Nintendo Switch 2 Edition + Meetup in Bellabel Park,Graphics,6,5,1,0,83.33,16.67,0.0
Super Mario Bros. Wonder - Nintendo Switch 2 Edition + Meetup in Bellabel Park,Characters,4,4,0,0,100.0,0.0,0.0
Super Mario Bros. Wonder - Nintendo Switch 2 Edition + Meetup in Bellabel Park,Level Design,6,4,2,0,66.67,33.33,0.0
Super Mario Bros. Wonder - Nintendo Switch 2 Edition + Meetup in Bellabel Park,Music & Sound,1,0,1,0,0.0,100.0,0.0
Super Mario Bros. Wonder - Nintendo Switch 2 Edition + Meetup in Bellabel Park,Difficulty,10,8,2,0,80.0,20.0,0.0
Super Mario Bros. Wonder - Nintendo Switch 2 Edition + Meetup in Bellabel Park,Performance,6,5,1,0,83.33,16.67,0.0
Super Mario Bros. Wonder - Nintendo Switch 2 Edition + Meetup in Bellabel Park,Replayability,23,16,7,0,69.57,30.43,0.0
Super Mario Galaxy + Super Mario Galaxy 2,Gameplay,32,28,4,0,87.5,12.5,0.0
Super Mario Galaxy + Super Mario Galaxy 2,Story,1,1,0,0,100.0,0.0,0.0
Super Mario Galaxy + Super Mario Galaxy 2,Graphics,17,15,2,0,88.24,11.76,0.0
Super Mario Galaxy + Super Mario Galaxy 2,Level Design,10,9,1,0,90.0,10.0,0.0
Super Mario Galaxy + Super Mario Galaxy 2,Music & Sound,7,6,1,0,85.71,14.29,0.0
Super Mario Galaxy + Super Mario Galaxy 2,Difficulty,8,5,3,0,62.5,37.5,0.0
Super Mario Galaxy + Super Mario Galaxy 2,Performance,9,9,0,0,100.0,0.0,0.0
Super Mario Galaxy + Super Mario Galaxy 2,Replayability,8,7,1,0,87.5,12.5,0.0
Super Mario Maker,Gameplay,7,7,0,0,100.0,0.0,0.0
Super Mario Maker,Characters,1,1,0,0,100.0,0.0,0.0
Super Mario Maker,Level Design,37,35,2,0,94.59,5.41,0.0
Super Mario Maker,Music & Sound,1,1,0,0,100.0,0.0,0.0
Super Mario Maker,Difficulty,10,9,1,0,90.0,10.0,0.0
Super Mario Maker,Replayability,6,6,0,0,100.0,0.0,0.0
Super Mario Maker 2,Gameplay,8,8,0,0,100.0,0.0,0.0
Super Mario Maker 2,Story,23,22,1,0,95.65,4.35,0.0
Super Mario Maker 2,Level Design,40,38,2,0,95.0,5.0,0.0
Super Mario Maker 2,Music & Sound,1,1,0,0,100.0,0.0,0.0
Super Mario Maker 2,Difficulty,7,7,0,0,100.0,0.0,0.0
Super Mario Maker 2,Performance,1,1,0,0,100.0,0.0,0.0
Super Mario Maker 2,Replayability,19,18,1,0,94.74,5.26,0.0
Super Mario Odyssey,Gameplay,39,38,1,0,97.44,2.56,0.0
Super Mario Odyssey,Story,6,6,0,0,100.0,0.0,0.0
Super Mario Odyssey,Graphics,6,6,0,0,100.0,0.0,0.0
Super Mario Odyssey,Characters,4,4,0,0,100.0,0.0,0.0
Super Mario Odyssey,Level Design,11,11,0,0,100.0,0.0,0.0
Super Mario Odyssey,Music & Sound,4,4,0,0,100.0,0.0,0.0
Super Mario Odyssey,Difficulty,8,8,0,0,100.0,0.0,0.0
Super Mario Odyssey,Performance,1,1,0,0,100.0,0.0,0.0
Super Mario Odyssey,Replayability,6,6,0,0,100.0,0.0,0.0
Super Mario Party Jamboree,Gameplay,13,9,4,0,69.23,30.77,0.0
Super Mario Party Jamboree,Story,3,3,0,0,100.0,0.0,0.0
Super Mario Party Jamboree,Graphics,1,1,0,0,100.0,0.0,0.0
Super Mario Party Jamboree,Characters,10,10,0,0,100.0,0.0,0.0
Super Mario Party Jamboree,Level Design,6,5,1,0,83.33,16.67,0.0
Super Mario Party Jamboree,Difficulty,2,2,0,0,100.0,0.0,0.0
Super Mario Party Jamboree,Replayability,22,20,2,0,90.91,9.09,0.0
Super Mario RPG,Gameplay,31,27,4,0,87.1,12.9,0.0
Super Mario RPG,Story,16,15,1,0,93.75,6.25,0.0
Super Mario RPG,Graphics,21,20,1,0,95.24,4.76,0.0
Super Mario RPG,Characters,10,10,0,0,100.0,0.0,0.0
Super Mario RPG,Level Design,5,4,1,0,80.0,20.0,0.0
Super Mario RPG,Music & Sound,17,15,2,0,88.24,11.76,0.0
Super Mario RPG,Difficulty,20,19,1,0,95.0,5.0,0.0
Super Mario RPG,Replayability,4,4,0,0,100.0,0.0,0.0
Super Meat Boy,Gameplay,8,7,1,0,87.5,12.5,0.0
Super Meat Boy,Level Design,8,7,1,0,87.5,12.5,0.0
Super Meat Boy,Music & Sound,3,2,1,0,66.67,33.33,0.0
Super Meat Boy,Difficulty,10,9,1,0,90.0,10.0,0.0
Super Mega Baseball,Gameplay,3,2,1,0,66.67,33.33,0.0
Super Mega Baseball,Graphics,1,1,0,0,100.0,0.0,0.0
Super Mega Baseball,Level Design,1,1,0,0,100.0,0.0,0.0
Super Mega Baseball,Music & Sound,2,2,0,0,100.0,0.0,0.0
Super Mega Baseball,Difficulty,3,2,1,0,66.67,33.33,0.0
Super Mega Baseball 2,Gameplay,9,6,3,0,66.67,33.33,0.0
Super Mega Baseball 2,Graphics,4,4,0,0,100.0,0.0,0.0
Super Mega Baseball 2,Characters,1,1,0,0,100.0,0.0,0.0
Super Mega Baseball 2,Level Design,1,1,0,0,100.0,0.0,0.0
Super Mega Baseball 2,Music & Sound,1,1,0,0,100.0,0.0,0.0
Super Mega Baseball 2,Difficulty,7,5,2,0,71.43,28.57,0.0
Super Mega Baseball 3,Gameplay,9,8,1,0,88.89,11.11,0.0
Super Mega Baseball 3,Difficulty,4,4,0,0,100.0,0.0,0.0
Super Mega Baseball 3,Performance,2,2,0,0,100.0,0.0,0.0
Super Mega Baseball 3,Replayability,1,1,0,0,100.0,0.0,0.0
Super Mega Baseball 4,Gameplay,10,8,2,0,80.0,20.0,0.0
Super Mega Baseball 4,Graphics,1,1,0,0,100.0,0.0,0.0
Super Mega Baseball 4,Level Design,1,1,0,0,100.0,0.0,0.0
Super Mega Baseball 4,Difficulty,5,4,1,0,80.0,20.0,0.0
Super Mega Baseball 4,Replayability,2,1,1,0,50.0,50.0,0.0
Super Mega Baseball: Extra Innings,Gameplay,2,2,0,0,100.0,0.0,0.0
Super Mega Baseball: Extra Innings,Music & Sound,1,1,0,0,100.0,0.0,0.0
Super Mega Baseball: Extra Innings,Difficulty,2,1,1,0,50.0,50.0,0.0
Super One More Jump,Gameplay,2,2,0,0,100.0,0.0,0.0
Super One More Jump,Graphics,1,1,0,0,100.0,0.0,0.0
Super One More Jump,Level Design,3,2,1,0,66.67,33.33,0.0
Super One More Jump,Music & Sound,3,3,0,0,100.0,0.0,0.0
Super One More Jump,Difficulty,2,2,0,0,100.0,0.0,0.0
Super Robot Wars T,Gameplay,2,1,1,0,50.0,50.0,0.0
Super Robot Wars T,Story,1,0,1,0,0.0,100.0,0.0
Super Robot Wars T,Level Design,1,1,0,0,100.0,0.0,0.0
Super Robot Wars T,Difficulty,2,1,1,0,50.0,50.0,0.0
Super Smash Bros. Ultimate,Gameplay,18,18,0,0,100.0,0.0,0.0
Super Smash Bros. Ultimate,Story,6,6,0,0,100.0,0.0,0.0
Super Smash Bros. Ultimate,Graphics,3,3,0,0,100.0,0.0,0.0
Super Smash Bros. Ultimate,Characters,36,36,0,0,100.0,0.0,0.0
Super Smash Bros. Ultimate,Level Design,5,5,0,0,100.0,0.0,0.0
Super Smash Bros. Ultimate,Music & Sound,7,7,0,0,100.0,0.0,0.0
Super Smash Bros. Ultimate,Difficulty,15,15,0,0,100.0,0.0,0.0
Super Smash Bros. Ultimate,Performance,1,1,0,0,100.0,0.0,0.0
Super Smash Bros. Ultimate,Replayability,32,32,0,0,100.0,0.0,0.0
Super Smash Bros. for Nintendo 3DS,Gameplay,11,10,1,0,90.91,9.09,0.0
Super Smash Bros. for Nintendo 3DS,Graphics,2,2,0,0,100.0,0.0,0.0
Super Smash Bros. for Nintendo 3DS,Characters,11,11,0,0,100.0,0.0,0.0
Super Smash Bros. for Nintendo 3DS,Level Design,1,1,0,0,100.0,0.0,0.0
Super Smash Bros. for Nintendo 3DS,Difficulty,6,5,1,0,83.33,16.67,0.0
Super Smash Bros. for Nintendo 3DS,Performance,1,1,0,0,100.0,0.0,0.0
Super Smash Bros. for Nintendo 3DS,Replayability,10,9,1,0,90.0,10.0,0.0
Super Smash Bros. for Wii U,Gameplay,10,10,0,0,100.0,0.0,0.0
Super Smash Bros. for Wii U,Story,2,2,0,0,100.0,0.0,0.0
Super Smash Bros. for Wii U,Graphics,4,4,0,0,100.0,0.0,0.0
Super Smash Bros. for Wii U,Characters,11,11,0,0,100.0,0.0,0.0
Super Smash Bros. for Wii U,Level Design,2,2,0,0,100.0,0.0,0.0
Super Smash Bros. for Wii U,Music & Sound,4,4,0,0,100.0,0.0,0.0
Super Smash Bros. for Wii U,Difficulty,5,5,0,0,100.0,0.0,0.0
Super Smash Bros. for Wii U,Performance,4,4,0,0,100.0,0.0,0.0
Super Smash Bros. for Wii U,Replayability,11,11,0,0,100.0,0.0,0.0
Super TIME Force Ultra,Gameplay,4,3,1,0,75.0,25.0,0.0
Super TIME Force Ultra,Story,1,1,0,0,100.0,0.0,0.0
Super TIME Force Ultra,Characters,2,1,1,0,50.0,50.0,0.0
Super TIME Force Ultra,Level Design,2,1,1,0,50.0,50.0,0.0
Super TIME Force Ultra,Difficulty,1,1,0,0,100.0,0.0,0.0
Super TIME Force Ultra,Replayability,1,1,0,0,100.0,0.0,0.0
Super Time Force,Gameplay,8,7,1,0,87.5,12.5,0.0
Super Time Force,Story,6,4,2,0,66.67,33.33,0.0
Super Time Force,Graphics,1,1,0,0,100.0,0.0,0.0
Super Time Force,Characters,3,1,2,0,33.33,66.67,0.0
Super Time Force,Level Design,3,1,2,0,33.33,66.67,0.0
Super Time Force,Music & Sound,1,1,0,0,100.0,0.0,0.0
Super Time Force,Difficulty,3,2,1,0,66.67,33.33,0.0
Super Time Force,Replayability,3,2,1,0,66.67,33.33,0.0
Surviving Mars: Green Planet,Difficulty,2,2,0,0,100.0,0.0,0.0
Surviving Mars: Green Planet,Replayability,1,1,0,0,100.0,0.0,0.0
Swarm,Gameplay,1,1,0,0,100.0,0.0,0.0
Swarm,Graphics,2,2,0,0,100.0,0.0,0.0
Swarm,Level Design,2,2,0,0,100.0,0.0,0.0
Swarm,Music & Sound,1,1,0,0,100.0,0.0,0.0
Swarm,Difficulty,1,1,0,0,100.0,0.0,0.0
Swarm,Replayability,1,1,0,0,100.0,0.0,0.0
Swarm 2,Gameplay,1,1,0,0,100.0,0.0,0.0
Sword of the Sea,Gameplay,18,16,2,0,88.89,11.11,0.0
Sword of the Sea,Story,12,8,4,0,66.67,33.33,0.0
Sword of the Sea,Graphics,9,8,1,0,88.89,11.11,0.0
Sword of the Sea,Level Design,1,1,0,0,100.0,0.0,0.0
Sword of the Sea,Music & Sound,14,13,1,0,92.86,7.14,0.0
Sword of the Sea,Difficulty,2,2,0,0,100.0,0.0,0.0
Sword of the Sea,Performance,2,2,0,0,100.0,0.0,0.0
Sword of the Sea,Replayability,2,2,0,0,100.0,0.0,0.0
Swords and Soldiers 2 Shawarmageddon,Gameplay,4,4,0,0,100.0,0.0,0.0
Swords and Soldiers 2 Shawarmageddon,Story,3,2,1,0,66.67,33.33,0.0
Swords and Soldiers 2 Shawarmageddon,Characters,1,1,0,0,100.0,0.0,0.0
Swords and Soldiers 2 Shawarmageddon,Level Design,1,1,0,0,100.0,0.0,0.0
Swords and Soldiers 2 Shawarmageddon,Music & Sound,1,1,0,0,100.0,0.0,0.0
Swords and Soldiers 2 Shawarmageddon,Difficulty,2,2,0,0,100.0,0.0,0.0
Swords and Soldiers 2 Shawarmageddon,Replayability,2,2,0,0,100.0,0.0,0.0
Syberia: The World Before,Gameplay,5,3,2,0,60.0,40.0,0.0
Syberia: The World Before,Story,21,14,7,0,66.67,33.33,0.0
Syberia: The World Before,Graphics,6,5,1,0,83.33,16.67,0.0
Syberia: The World Before,Characters,5,2,3,0,40.0,60.0,0.0
Syberia: The World Before,Music & Sound,6,6,0,0,100.0,0.0,0.0
Syberia: The World Before,Difficulty,3,2,1,0,66.67,33.33,0.0
Syberia: The World Before,Performance,4,3,1,0,75.0,25.0,0.0
Syberia: The World Before,Replayability,1,1,0,0,100.0,0.0,0.0
Symphony of War: The Nephilim Saga,Gameplay,8,4,4,0,50.0,50.0,0.0
Symphony of War: The Nephilim Saga,Story,2,1,1,0,50.0,50.0,0.0
Symphony of War: The Nephilim Saga,Graphics,1,1,0,0,100.0,0.0,0.0
Symphony of War: The Nephilim Saga,Characters,2,2,0,0,100.0,0.0,0.0
Symphony of War: The Nephilim Saga,Level Design,1,0,1,0,0.0,100.0,0.0
Symphony of War: The Nephilim Saga,Music & Sound,2,2,0,0,100.0,0.0,0.0
Synth Riders,Gameplay,6,5,1,0,83.33,16.67,0.0
Synth Riders,Graphics,3,2,1,0,66.67,33.33,0.0
Synth Riders,Level Design,1,0,1,0,0.0,100.0,0.0
Synth Riders,Music & Sound,9,8,1,0,88.89,11.11,0.0
Synth Riders,Difficulty,3,3,0,0,100.0,0.0,0.0
Synth Riders,Replayability,1,1,0,0,100.0,0.0,0.0
System Shock 2: 25th Anniversary Remaster,Gameplay,17,12,5,0,70.59,29.41,0.0
System Shock 2: 25th Anniversary Remaster,Story,3,3,0,0,100.0,0.0,0.0
System Shock 2: 25th Anniversary Remaster,Graphics,6,3,3,0,50.0,50.0,0.0
System Shock 2: 25th Anniversary Remaster,Characters,2,2,0,0,100.0,0.0,0.0
System Shock 2: 25th Anniversary Remaster,Level Design,2,1,1,0,50.0,50.0,0.0
System Shock 2: 25th Anniversary Remaster,Music & Sound,1,1,0,0,100.0,0.0,0.0
System Shock 2: 25th Anniversary Remaster,Difficulty,2,0,2,0,0.0,100.0,0.0
System Shock 2: 25th Anniversary Remaster,Performance,5,4,1,0,80.0,20.0,0.0
System Shock: Enhanced Edition,Graphics,1,1,0,0,100.0,0.0,0.0
TEVI,Gameplay,10,6,4,0,60.0,40.0,0.0
TEVI,Story,8,4,4,0,50.0,50.0,0.0
TEVI,Graphics,3,2,1,0,66.67,33.33,0.0
TEVI,Characters,5,5,0,0,100.0,0.0,0.0
TEVI,Level Design,5,4,1,0,80.0,20.0,0.0
TEVI,Music & Sound,3,3,0,0,100.0,0.0,0.0
TEVI,Difficulty,5,5,0,0,100.0,0.0,0.0
TEVI,Performance,1,0,1,0,0.0,100.0,0.0
TEVI,Replayability,2,2,0,0,100.0,0.0,0.0
TOEM,Gameplay,2,1,1,0,50.0,50.0,0.0
TOEM,Story,2,1,1,0,50.0,50.0,0.0
TOEM,Characters,7,5,2,0,71.43,28.57,0.0
TOEM,Music & Sound,5,4,1,0,80.0,20.0,0.0
TOEM,Difficulty,3,3,0,0,100.0,0.0,0.0
TOEM,Performance,1,0,1,0,0.0,100.0,0.0
TOEM,Replayability,2,2,0,0,100.0,0.0,0.0
TR-49,Gameplay,1,0,1,0,0.0,100.0,0.0
TR-49,Story,9,7,2,0,77.78,22.22,0.0
TR-49,Graphics,2,1,1,0,50.0,50.0,0.0
TR-49,Characters,1,1,0,0,100.0,0.0,0.0
TR-49,Music & Sound,4,3,1,0,75.0,25.0,0.0
TR-49,Difficulty,1,1,0,0,100.0,0.0,0.0
TR-49,Performance,1,0,1,0,0.0,100.0,0.0
TR-49,Replayability,1,1,0,0,100.0,0.0,0.0
TRI: Of Friendship and Madness,Gameplay,1,1,0,0,100.0,0.0,0.0
TRI: Of Friendship and Madness,Graphics,1,1,0,0,100.0,0.0,0.0
TRI: Of Friendship and Madness,Level Design,1,1,0,0,100.0,0.0,0.0
TRI: Of Friendship and Madness,Music & Sound,2,2,0,0,100.0,0.0,0.0
TRI: Of Friendship and Madness,Difficulty,2,2,0,0,100.0,0.0,0.0
Tactical Breach Wizards,Gameplay,7,7,0,0,100.0,0.0,0.0
Tactical Breach Wizards,Story,8,8,0,0,100.0,0.0,0.0
Tactical Breach Wizards,Graphics,1,1,0,0,100.0,0.0,0.0
Tactical Breach Wizards,Characters,7,7,0,0,100.0,0.0,0.0
Tactical Breach Wizards,Level Design,2,2,0,0,100.0,0.0,0.0
Tactical Breach Wizards,Difficulty,4,4,0,0,100.0,0.0,0.0
Tactical Breach Wizards,Replayability,1,1,0,0,100.0,0.0,0.0
Tactics Ogre: Reborn,Gameplay,24,17,6,1,70.83,25.0,4.17
Tactics Ogre: Reborn,Story,17,15,2,0,88.24,11.76,0.0
Tactics Ogre: Reborn,Graphics,4,4,0,0,100.0,0.0,0.0
Tactics Ogre: Reborn,Characters,2,2,0,0,100.0,0.0,0.0
Tactics Ogre: Reborn,Level Design,8,6,2,0,75.0,25.0,0.0
Tactics Ogre: Reborn,Music & Sound,7,6,1,0,85.71,14.29,0.0
Tactics Ogre: Reborn,Difficulty,10,6,4,0,60.0,40.0,0.0
Tactics Ogre: Reborn,Performance,1,1,0,0,100.0,0.0,0.0
Tactics Ogre: Reborn,Replayability,4,4,0,0,100.0,0.0,0.0
Tadpole Treble,Gameplay,5,5,0,0,100.0,0.0,0.0
Tadpole Treble,Story,2,2,0,0,100.0,0.0,0.0
Tadpole Treble,Level Design,4,2,2,0,50.0,50.0,0.0
Tadpole Treble,Music & Sound,6,5,1,0,83.33,16.67,0.0
Tadpole Treble,Replayability,2,1,1,0,50.0,50.0,0.0
Tadpole Treble Encore,Gameplay,4,1,3,0,25.0,75.0,0.0
Tadpole Treble Encore,Story,1,0,1,0,0.0,100.0,0.0
Tadpole Treble Encore,Graphics,1,0,1,0,0.0,100.0,0.0
Tadpole Treble Encore,Level Design,3,2,1,0,66.67,33.33,0.0
Tadpole Treble Encore,Music & Sound,8,4,4,0,50.0,50.0,0.0
Tadpole Treble Encore,Difficulty,3,1,2,0,33.33,66.67,0.0
Tadpole Treble Encore,Replayability,6,5,1,0,83.33,16.67,0.0
Tails of Iron,Gameplay,36,25,11,0,69.44,30.56,0.0
Tails of Iron,Story,12,9,3,0,75.0,25.0,0.0
Tails of Iron,Graphics,11,8,3,0,72.73,27.27,0.0
Tails of Iron,Characters,1,1,0,0,100.0,0.0,0.0
Tails of Iron,Level Design,1,1,0,0,100.0,0.0,0.0
Tails of Iron,Music & Sound,3,3,0,0,100.0,0.0,0.0
Tails of Iron,Difficulty,24,21,3,0,87.5,12.5,0.0
Tails of Iron,Performance,12,7,5,0,58.33,41.67,0.0
Tails of Iron,Replayability,1,1,0,0,100.0,0.0,0.0
Tails of Iron 2: Whiskers of Winter,Gameplay,38,26,12,0,68.42,31.58,0.0
Tails of Iron 2: Whiskers of Winter,Story,19,13,6,0,68.42,31.58,0.0
Tails of Iron 2: Whiskers of Winter,Graphics,13,8,5,0,61.54,38.46,0.0
Tails of Iron 2: Whiskers of Winter,Characters,6,6,0,0,100.0,0.0,0.0
Tails of Iron 2: Whiskers of Winter,Level Design,8,2,6,0,25.0,75.0,0.0
Tails of Iron 2: Whiskers of Winter,Music & Sound,1,1,0,0,100.0,0.0,0.0
Tails of Iron 2: Whiskers of Winter,Difficulty,19,13,6,0,68.42,31.58,0.0
Tails of Iron 2: Whiskers of Winter,Performance,12,10,2,0,83.33,16.67,0.0
Tails of Iron 2: Whiskers of Winter,Replayability,6,6,0,0,100.0,0.0,0.0
Tales From The Borderlands: Episode Four - Escape Plan Bravo,Story,9,7,2,0,77.78,22.22,0.0
Tales From The Borderlands: Episode Four - Escape Plan Bravo,Characters,3,1,2,0,33.33,66.67,0.0
Tales From The Borderlands: Episode Four - Escape Plan Bravo,Music & Sound,1,1,0,0,100.0,0.0,0.0
Tales From The Borderlands: Episode Four - Escape Plan Bravo,Performance,2,2,0,0,100.0,0.0,0.0
Tales From The Borderlands: Episode Four - Escape Plan Bravo,Replayability,1,1,0,0,100.0,0.0,0.0
Tales From The Borderlands: Episode One - Zer0 Sum,Gameplay,7,5,2,0,71.43,28.57,0.0
Tales From The Borderlands: Episode One - Zer0 Sum,Story,18,15,3,0,83.33,16.67,0.0
Tales From The Borderlands: Episode One - Zer0 Sum,Graphics,1,1,0,0,100.0,0.0,0.0
Tales From The Borderlands: Episode One - Zer0 Sum,Characters,10,9,1,0,90.0,10.0,0.0
Tales From The Borderlands: Episode One - Zer0 Sum,Level Design,1,1,0,0,100.0,0.0,0.0
Tales From The Borderlands: Episode One - Zer0 Sum,Music & Sound,1,1,0,0,100.0,0.0,0.0
Tales From The Borderlands: Episode One - Zer0 Sum,Difficulty,2,2,0,0,100.0,0.0,0.0
Tales From The Borderlands: Episode One - Zer0 Sum,Performance,3,3,0,0,100.0,0.0,0.0
Tales From The Borderlands: Episode One - Zer0 Sum,Replayability,1,1,0,0,100.0,0.0,0.0
Tales From The Borderlands: Episode Two - Atlas Mugged,Gameplay,3,2,1,0,66.67,33.33,0.0
Tales From The Borderlands: Episode Two - Atlas Mugged,Story,14,11,3,0,78.57,21.43,0.0
Tales From The Borderlands: Episode Two - Atlas Mugged,Characters,10,6,4,0,60.0,40.0,0.0
Tales From The Borderlands: Episode Two - Atlas Mugged,Difficulty,1,1,0,0,100.0,0.0,0.0
Tales From The Borderlands: Episode Two - Atlas Mugged,Performance,2,2,0,0,100.0,0.0,0.0
Tales from the Borderlands - Season One,Gameplay,3,2,1,0,66.67,33.33,0.0
Tales from the Borderlands - Season One,Story,21,18,3,0,85.71,14.29,0.0
Tales from the Borderlands - Season One,Graphics,3,1,2,0,33.33,66.67,0.0
Tales from the Borderlands - Season One,Characters,15,13,2,0,86.67,13.33,0.0
Tales from the Borderlands - Season One,Music & Sound,2,2,0,0,100.0,0.0,0.0
Tales from the Borderlands - Season One,Performance,1,1,0,0,100.0,0.0,0.0
Tales from the Borderlands - Season One,Replayability,1,1,0,0,100.0,0.0,0.0
Tales from the Borderlands: Episode Five - The Vault of the Traveler,Story,9,7,2,0,77.78,22.22,0.0
Tales from the Borderlands: Episode Five - The Vault of the Traveler,Characters,2,1,1,0,50.0,50.0,0.0
Tales from the Borderlands: Episode Five - The Vault of the Traveler,Replayability,1,1,0,0,100.0,0.0,0.0
Tales of Arise,Gameplay,58,52,6,0,89.66,10.34,0.0
Tales of Arise,Story,67,59,8,0,88.06,11.94,0.0
Tales of Arise,Graphics,21,18,3,0,85.71,14.29,0.0
Tales of Arise,Characters,45,41,4,0,91.11,8.89,0.0
Tales of Arise,Level Design,10,6,4,0,60.0,40.0,0.0
Tales of Arise,Music & Sound,7,6,1,0,85.71,14.29,0.0
Tales of Arise,Difficulty,10,8,2,0,80.0,20.0,0.0
Tales of Arise,Performance,10,9,1,0,90.0,10.0,0.0
Tales of Arise,Replayability,5,4,1,0,80.0,20.0,0.0
Tales of Graces f Remastered,Gameplay,38,32,6,0,84.21,15.79,0.0
Tales of Graces f Remastered,Story,37,29,8,0,78.38,21.62,0.0
Tales of Graces f Remastered,Graphics,19,17,2,0,89.47,10.53,0.0
Tales of Graces f Remastered,Characters,28,25,3,0,89.29,10.71,0.0
Tales of Graces f Remastered,Level Design,6,3,3,0,50.0,50.0,0.0
Tales of Graces f Remastered,Music & Sound,2,2,0,0,100.0,0.0,0.0
Tales of Graces f Remastered,Difficulty,5,4,1,0,80.0,20.0,0.0
Tales of Graces f Remastered,Performance,6,6,0,0,100.0,0.0,0.0
Tales of Graces f Remastered,Replayability,6,6,0,0,100.0,0.0,0.0
Tales of Vesperia: Definitive Edition,Gameplay,23,19,4,0,82.61,17.39,0.0
Tales of Vesperia: Definitive Edition,Story,23,18,5,0,78.26,21.74,0.0
Tales of Vesperia: Definitive Edition,Graphics,6,5,1,0,83.33,16.67,0.0
Tales of Vesperia: Definitive Edition,Characters,23,21,2,0,91.3,8.7,0.0
Tales of Vesperia: Definitive Edition,Level Design,2,1,1,0,50.0,50.0,0.0
Tales of Vesperia: Definitive Edition,Music & Sound,2,2,0,0,100.0,0.0,0.0
Tales of Vesperia: Definitive Edition,Difficulty,5,5,0,0,100.0,0.0,0.0
Tales of Vesperia: Definitive Edition,Performance,1,1,0,0,100.0,0.0,0.0
Tales of Vesperia: Definitive Edition,Replayability,15,14,1,0,93.33,6.67,0.0
Tearaway,Gameplay,7,6,1,0,85.71,14.29,0.0
Tearaway,Story,7,5,2,0,71.43,28.57,0.0
Tearaway,Graphics,4,3,1,0,75.0,25.0,0.0
Tearaway,Characters,2,2,0,0,100.0,0.0,0.0
Tearaway,Level Design,2,1,1,0,50.0,50.0,0.0
Tearaway,Music & Sound,2,2,0,0,100.0,0.0,0.0
Tearaway,Difficulty,2,2,0,0,100.0,0.0,0.0
Tearaway,Replayability,1,1,0,0,100.0,0.0,0.0
Tearaway Unfolded,Gameplay,14,11,3,0,78.57,21.43,0.0
Tearaway Unfolded,Story,8,4,4,0,50.0,50.0,0.0
Tearaway Unfolded,Graphics,5,3,2,0,60.0,40.0,0.0
Tearaway Unfolded,Characters,1,1,0,0,100.0,0.0,0.0
Tearaway Unfolded,Level Design,3,2,1,0,66.67,33.33,0.0
Tearaway Unfolded,Music & Sound,5,3,2,0,60.0,40.0,0.0
Tearaway Unfolded,Difficulty,2,2,0,0,100.0,0.0,0.0
Tearaway Unfolded,Replayability,1,1,0,0,100.0,0.0,0.0
Technobabylon,Story,5,5,0,0,100.0,0.0,0.0
Technobabylon,Graphics,1,1,0,0,100.0,0.0,0.0
Technobabylon,Characters,4,4,0,0,100.0,0.0,0.0
Technobabylon,Music & Sound,2,2,0,0,100.0,0.0,0.0
Technobabylon,Difficulty,1,1,0,0,100.0,0.0,0.0
Teenage Mutant Ninja Turtles: Shredder's Revenge,Gameplay,46,41,5,0,89.13,10.87,0.0
Teenage Mutant Ninja Turtles: Shredder's Revenge,Story,6,5,1,0,83.33,16.67,0.0
Teenage Mutant Ninja Turtles: Shredder's Revenge,Graphics,16,15,1,0,93.75,6.25,0.0
Teenage Mutant Ninja Turtles: Shredder's Revenge,Characters,15,15,0,0,100.0,0.0,0.0
Teenage Mutant Ninja Turtles: Shredder's Revenge,Level Design,8,7,1,0,87.5,12.5,0.0
Teenage Mutant Ninja Turtles: Shredder's Revenge,Music & Sound,14,14,0,0,100.0,0.0,0.0
Teenage Mutant Ninja Turtles: Shredder's Revenge,Difficulty,13,11,2,0,84.62,15.38,0.0
Teenage Mutant Ninja Turtles: Shredder's Revenge,Performance,2,1,1,0,50.0,50.0,0.0
Teenage Mutant Ninja Turtles: Shredder's Revenge,Replayability,11,11,0,0,100.0,0.0,0.0
Teenage Mutant Ninja Turtles: Shredder's Revenge - Dimension Shellshock,Gameplay,2,1,1,0,50.0,50.0,0.0
Teenage Mutant Ninja Turtles: Shredder's Revenge - Dimension Shellshock,Story,1,1,0,0,100.0,0.0,0.0
Teenage Mutant Ninja Turtles: Shredder's Revenge - Dimension Shellshock,Graphics,1,1,0,0,100.0,0.0,0.0
Teenage Mutant Ninja Turtles: Shredder's Revenge - Dimension Shellshock,Characters,15,10,5,0,66.67,33.33,0.0
Teenage Mutant Ninja Turtles: Shredder's Revenge - Dimension Shellshock,Level Design,1,1,0,0,100.0,0.0,0.0
Teenage Mutant Ninja Turtles: Shredder's Revenge - Dimension Shellshock,Music & Sound,2,2,0,0,100.0,0.0,0.0
Teenage Mutant Ninja Turtles: Shredder's Revenge - Dimension Shellshock,Difficulty,7,4,3,0,57.14,42.86,0.0
Teenage Mutant Ninja Turtles: Shredder's Revenge - Dimension Shellshock,Replayability,6,5,1,0,83.33,16.67,0.0
Teenage Mutant Ninja Turtles: The Cowabunga Collection,Gameplay,4,3,1,0,75.0,25.0,0.0
Teenage Mutant Ninja Turtles: The Cowabunga Collection,Graphics,1,1,0,0,100.0,0.0,0.0
Teenage Mutant Ninja Turtles: The Cowabunga Collection,Characters,3,3,0,0,100.0,0.0,0.0
Teenage Mutant Ninja Turtles: The Cowabunga Collection,Level Design,5,5,0,0,100.0,0.0,0.0
Teenage Mutant Ninja Turtles: The Cowabunga Collection,Music & Sound,1,0,1,0,0.0,100.0,0.0
Teenage Mutant Ninja Turtles: The Cowabunga Collection,Difficulty,8,6,2,0,75.0,25.0,0.0
Teenage Mutant Ninja Turtles: The Cowabunga Collection,Performance,1,0,1,0,0.0,100.0,0.0
Teenage Mutant Ninja Turtles: The Cowabunga Collection,Replayability,17,17,0,0,100.0,0.0,0.0
Tekken 7,Gameplay,47,42,5,0,89.36,10.64,0.0
Tekken 7,Story,34,28,6,0,82.35,17.65,0.0
Tekken 7,Graphics,9,8,1,0,88.89,11.11,0.0
Tekken 7,Characters,28,23,5,0,82.14,17.86,0.0
Tekken 7,Level Design,4,4,0,0,100.0,0.0,0.0
Tekken 7,Music & Sound,5,5,0,0,100.0,0.0,0.0
Tekken 7,Difficulty,8,6,2,0,75.0,25.0,0.0
Tekken 7,Performance,11,9,2,0,81.82,18.18,0.0
Tekken 7,Replayability,14,10,4,0,71.43,28.57,0.0
Tekken 8,Gameplay,62,61,1,0,98.39,1.61,0.0
Tekken 8,Story,40,39,1,0,97.5,2.5,0.0
Tekken 8,Graphics,27,26,1,0,96.3,3.7,0.0
Tekken 8,Characters,28,28,0,0,100.0,0.0,0.0
Tekken 8,Level Design,12,12,0,0,100.0,0.0,0.0
Tekken 8,Music & Sound,9,8,1,0,88.89,11.11,0.0
Tekken 8,Difficulty,8,8,0,0,100.0,0.0,0.0
Tekken 8,Performance,7,7,0,0,100.0,0.0,0.0
Tekken 8,Replayability,31,31,0,0,100.0,0.0,0.0
Tell Me Why,Gameplay,11,8,3,0,72.73,27.27,0.0
Tell Me Why,Story,59,43,15,1,72.88,25.42,1.69
Tell Me Why,Characters,31,27,4,0,87.1,12.9,0.0
Tell Me Why,Level Design,2,2,0,0,100.0,0.0,0.0
Tell Me Why,Music & Sound,1,1,0,0,100.0,0.0,0.0
Tell Me Why,Difficulty,6,5,1,0,83.33,16.67,0.0
Tell Me Why,Performance,2,2,0,0,100.0,0.0,0.0
Temirana: The Lucky Princess and the Tragic Knights,Gameplay,1,1,0,0,100.0,0.0,0.0
Temirana: The Lucky Princess and the Tragic Knights,Story,1,1,0,0,100.0,0.0,0.0
Temirana: The Lucky Princess and the Tragic Knights,Graphics,5,3,2,0,60.0,40.0,0.0
Temirana: The Lucky Princess and the Tragic Knights,Characters,3,2,1,0,66.67,33.33,0.0
Temirana: The Lucky Princess and the Tragic Knights,Replayability,1,1,0,0,100.0,0.0,0.0
Tents and Trees,Gameplay,1,1,0,0,100.0,0.0,0.0
Tents and Trees,Graphics,1,1,0,0,100.0,0.0,0.0
Tents and Trees,Level Design,1,1,0,0,100.0,0.0,0.0
Tents and Trees,Difficulty,1,1,0,0,100.0,0.0,0.0
Tents and Trees,Replayability,1,1,0,0,100.0,0.0,0.0
Terra Nil,Gameplay,12,10,2,0,83.33,16.67,0.0
Terra Nil,Story,1,1,0,0,100.0,0.0,0.0
Terra Nil,Graphics,3,2,1,0,66.67,33.33,0.0
Terra Nil,Level Design,17,15,2,0,88.24,11.76,0.0
Terra Nil,Music & Sound,2,1,1,0,50.0,50.0,0.0
Terra Nil,Difficulty,11,10,1,0,90.91,9.09,0.0
Terra Nil,Performance,2,2,0,0,100.0,0.0,0.0
Terra Nil,Replayability,4,2,2,0,50.0,50.0,0.0
TerraTech Legion,Gameplay,4,3,1,0,75.0,25.0,0.0
TerraTech Legion,Characters,1,1,0,0,100.0,0.0,0.0
TerraTech Legion,Difficulty,2,2,0,0,100.0,0.0,0.0
TerraTech Legion,Replayability,1,1,0,0,100.0,0.0,0.0
TetherGeist,Gameplay,4,4,0,0,100.0,0.0,0.0
TetherGeist,Story,4,3,1,0,75.0,25.0,0.0
TetherGeist,Graphics,1,1,0,0,100.0,0.0,0.0
TetherGeist,Level Design,3,3,0,0,100.0,0.0,0.0
TetherGeist,Difficulty,5,3,2,0,60.0,40.0,0.0
TetherGeist,Performance,1,1,0,0,100.0,0.0,0.0
TetherGeist,Replayability,1,1,0,0,100.0,0.0,0.0
Tetris 99,Gameplay,3,3,0,0,100.0,0.0,0.0
Tetris 99,Difficulty,2,2,0,0,100.0,0.0,0.0
Tetris Effect,Gameplay,21,19,2,0,90.48,9.52,0.0
Tetris Effect,Story,2,2,0,0,100.0,0.0,0.0
Tetris Effect,Graphics,26,25,1,0,96.15,3.85,0.0
Tetris Effect,Level Design,6,4,2,0,66.67,33.33,0.0
Tetris Effect,Music & Sound,28,26,2,0,92.86,7.14,0.0
Tetris Effect,Difficulty,15,12,3,0,80.0,20.0,0.0
Tetris Effect,Performance,1,1,0,0,100.0,0.0,0.0
Tetris Effect,Replayability,2,2,0,0,100.0,0.0,0.0
Tetris Effect: Connected,Gameplay,4,3,1,0,75.0,25.0,0.0
Tetris Effect: Connected,Story,1,1,0,0,100.0,0.0,0.0
Tetris Effect: Connected,Graphics,10,9,1,0,90.0,10.0,0.0
Tetris Effect: Connected,Level Design,4,4,0,0,100.0,0.0,0.0
Tetris Effect: Connected,Music & Sound,7,6,1,0,85.71,14.29,0.0
Tetris Effect: Connected,Difficulty,5,5,0,0,100.0,0.0,0.0
Tetris Effect: Connected,Performance,1,1,0,0,100.0,0.0,0.0
Tetris Effect: Connected,Replayability,3,3,0,0,100.0,0.0,0.0
Tetris Forever,Gameplay,4,4,0,0,100.0,0.0,0.0
Tetris Forever,Story,8,7,1,0,87.5,12.5,0.0
Tetris Forever,Level Design,1,0,1,0,0.0,100.0,0.0
Tetris Forever,Difficulty,4,3,1,0,75.0,25.0,0.0
Tetris Forever,Replayability,4,4,0,0,100.0,0.0,0.0
Thank Goodness You're Here,Gameplay,11,10,1,0,90.91,9.09,0.0
Thank Goodness You're Here,Story,5,5,0,0,100.0,0.0,0.0
Thank Goodness You're Here,Graphics,9,9,0,0,100.0,0.0,0.0
Thank Goodness You're Here,Characters,5,4,1,0,80.0,20.0,0.0
Thank Goodness You're Here,Level Design,3,2,1,0,66.67,33.33,0.0
Thank Goodness You're Here,Music & Sound,2,2,0,0,100.0,0.0,0.0
Thank Goodness You're Here,Difficulty,2,2,0,0,100.0,0.0,0.0
Thank Goodness You're Here,Performance,1,1,0,0,100.0,0.0,0.0
Thank Goodness You're Here,Replayability,5,4,1,0,80.0,20.0,0.0
"That Dragon, Cancer",Gameplay,4,2,2,0,50.0,50.0,0.0
"That Dragon, Cancer",Story,11,10,1,0,90.91,9.09,0.0
"That Dragon, Cancer",Graphics,1,1,0,0,100.0,0.0,0.0
"That Dragon, Cancer",Level Design,1,1,0,0,100.0,0.0,0.0
"That Dragon, Cancer",Difficulty,5,3,2,0,60.0,40.0,0.0
"That Dragon, Cancer",Replayability,1,0,1,0,0.0,100.0,0.0
The 7th Guest Remake,Gameplay,3,2,1,0,66.67,33.33,0.0
The 7th Guest Remake,Story,3,2,1,0,66.67,33.33,0.0
The 7th Guest Remake,Graphics,1,0,1,0,0.0,100.0,0.0
The 7th Guest Remake,Characters,1,1,0,0,100.0,0.0,0.0
The 7th Guest Remake,Music & Sound,1,0,1,0,0.0,100.0,0.0
The 7th Guest Remake,Difficulty,3,3,0,0,100.0,0.0,0.0
The 7th Guest Remake,Performance,1,1,0,0,100.0,0.0,0.0
The Alters,Gameplay,56,49,7,0,87.5,12.5,0.0
The Alters,Story,61,53,7,1,86.89,11.48,1.64
The Alters,Graphics,6,6,0,0,100.0,0.0,0.0
The Alters,Characters,16,13,3,0,81.25,18.75,0.0
The Alters,Level Design,1,1,0,0,100.0,0.0,0.0
The Alters,Music & Sound,4,4,0,0,100.0,0.0,0.0
The Alters,Difficulty,13,12,1,0,92.31,7.69,0.0
The Alters,Performance,8,7,1,0,87.5,12.5,0.0
The Alters,Replayability,6,6,0,0,100.0,0.0,0.0
The BIT.TRIP,Replayability,1,1,0,0,100.0,0.0,0.0
The Banished Vault,Gameplay,2,1,1,0,50.0,50.0,0.0
The Banished Vault,Story,1,1,0,0,100.0,0.0,0.0
The Banner Saga,Gameplay,35,28,6,1,80.0,17.14,2.86
The Banner Saga,Story,30,26,4,0,86.67,13.33,0.0
The Banner Saga,Graphics,15,11,3,1,73.33,20.0,6.67
The Banner Saga,Characters,13,11,2,0,84.62,15.38,0.0
The Banner Saga,Level Design,3,3,0,0,100.0,0.0,0.0
The Banner Saga,Music & Sound,8,8,0,0,100.0,0.0,0.0
The Banner Saga,Difficulty,15,12,3,0,80.0,20.0,0.0
The Banner Saga,Performance,1,0,0,1,0.0,0.0,100.0
The Banner Saga,Replayability,3,1,2,0,33.33,66.67,0.0
The Banner Saga 2,Gameplay,20,18,2,0,90.0,10.0,0.0
The Banner Saga 2,Story,26,22,4,0,84.62,15.38,0.0
The Banner Saga 2,Graphics,10,8,2,0,80.0,20.0,0.0
The Banner Saga 2,Characters,6,6,0,0,100.0,0.0,0.0
The Banner Saga 2,Music & Sound,2,2,0,0,100.0,0.0,0.0
The Banner Saga 2,Difficulty,5,4,1,0,80.0,20.0,0.0
The Banner Saga 3,Gameplay,14,13,1,0,92.86,7.14,0.0
The Banner Saga 3,Story,24,23,1,0,95.83,4.17,0.0
The Banner Saga 3,Graphics,5,5,0,0,100.0,0.0,0.0
The Banner Saga 3,Characters,9,9,0,0,100.0,0.0,0.0
The Banner Saga 3,Level Design,1,0,1,0,0.0,100.0,0.0
The Banner Saga 3,Music & Sound,4,4,0,0,100.0,0.0,0.0
The Banner Saga 3,Difficulty,4,4,0,0,100.0,0.0,0.0
The Binding Of Isaac: Repentance,Characters,1,1,0,0,100.0,0.0,0.0
The Binding Of Isaac: Repentance,Level Design,1,1,0,0,100.0,0.0,0.0
The Binding Of Isaac: Repentance,Music & Sound,1,1,0,0,100.0,0.0,0.0
The Binding Of Isaac: Repentance,Difficulty,2,2,0,0,100.0,0.0,0.0
The Binding Of Isaac: Repentance,Replayability,3,3,0,0,100.0,0.0,0.0
The Binding of Isaac: Afterbirth,Gameplay,2,2,0,0,100.0,0.0,0.0
The Binding of Isaac: Afterbirth,Difficulty,2,2,0,0,100.0,0.0,0.0
The Binding of Isaac: Afterbirth,Replayability,4,4,0,0,100.0,0.0,0.0
The Binding of Isaac: Afterbirth+,Gameplay,2,2,0,0,100.0,0.0,0.0
The Binding of Isaac: Afterbirth+,Difficulty,4,3,1,0,75.0,25.0,0.0
The Binding of Isaac: Afterbirth+,Replayability,6,3,2,1,50.0,33.33,16.67
The Binding of Isaac: Rebirth,Gameplay,5,3,2,0,60.0,40.0,0.0
The Binding of Isaac: Rebirth,Story,2,1,1,0,50.0,50.0,0.0
The Binding of Isaac: Rebirth,Graphics,3,1,2,0,33.33,66.67,0.0
The Binding of Isaac: Rebirth,Characters,4,4,0,0,100.0,0.0,0.0
The Binding of Isaac: Rebirth,Level Design,3,2,1,0,66.67,33.33,0.0
The Binding of Isaac: Rebirth,Music & Sound,2,2,0,0,100.0,0.0,0.0
The Binding of Isaac: Rebirth,Difficulty,4,3,1,0,75.0,25.0,0.0
The Binding of Isaac: Rebirth,Performance,1,1,0,0,100.0,0.0,0.0
The Binding of Isaac: Rebirth,Replayability,7,5,2,0,71.43,28.57,0.0
The Blackwell Epiphany,Gameplay,1,1,0,0,100.0,0.0,0.0
The Blackwell Epiphany,Story,5,5,0,0,100.0,0.0,0.0
The Blackwell Epiphany,Characters,1,1,0,0,100.0,0.0,0.0
The Blackwell Epiphany,Level Design,1,1,0,0,100.0,0.0,0.0
The Blackwell Epiphany,Music & Sound,2,2,0,0,100.0,0.0,0.0
The Case of the Golden Idol,Gameplay,5,4,1,0,80.0,20.0,0.0
The Case of the Golden Idol,Story,9,7,2,0,77.78,22.22,0.0
The Case of the Golden Idol,Characters,1,1,0,0,100.0,0.0,0.0
The Case of the Golden Idol,Level Design,1,1,0,0,100.0,0.0,0.0
The Case of the Golden Idol,Music & Sound,1,1,0,0,100.0,0.0,0.0
The Case of the Golden Idol,Difficulty,5,5,0,0,100.0,0.0,0.0
The Cosmic Wheel Sisterhood,Gameplay,7,7,0,0,100.0,0.0,0.0
The Cosmic Wheel Sisterhood,Story,28,24,3,1,85.71,10.71,3.57
The Cosmic Wheel Sisterhood,Graphics,7,6,0,1,85.71,0.0,14.29
The Cosmic Wheel Sisterhood,Characters,7,5,2,0,71.43,28.57,0.0
The Cosmic Wheel Sisterhood,Level Design,1,1,0,0,100.0,0.0,0.0
The Cosmic Wheel Sisterhood,Music & Sound,4,3,0,1,75.0,0.0,25.0
The Cosmic Wheel Sisterhood,Difficulty,2,2,0,0,100.0,0.0,0.0
The Cosmic Wheel Sisterhood,Replayability,1,1,0,0,100.0,0.0,0.0
The Crimson Diamond,Gameplay,1,1,0,0,100.0,0.0,0.0
The Crimson Diamond,Story,3,2,1,0,66.67,33.33,0.0
The Crimson Diamond,Graphics,2,1,1,0,50.0,50.0,0.0
The Crimson Diamond,Characters,2,2,0,0,100.0,0.0,0.0
The Crimson Diamond,Music & Sound,2,1,1,0,50.0,50.0,0.0
The Crimson Diamond,Difficulty,1,0,1,0,0.0,100.0,0.0
The Crimson Diamond,Performance,1,0,1,0,0.0,100.0,0.0
The Curious Tale of the Stolen Pets,Level Design,1,1,0,0,100.0,0.0,0.0
The Curious Tale of the Stolen Pets,Replayability,1,1,0,0,100.0,0.0,0.0
The Darkside Detective: A Fumble in the Dark,Gameplay,3,3,0,0,100.0,0.0,0.0
The Darkside Detective: A Fumble in the Dark,Story,3,3,0,0,100.0,0.0,0.0
The Darkside Detective: A Fumble in the Dark,Graphics,2,2,0,0,100.0,0.0,0.0
The Darkside Detective: A Fumble in the Dark,Characters,2,2,0,0,100.0,0.0,0.0
The Darkside Detective: A Fumble in the Dark,Level Design,1,1,0,0,100.0,0.0,0.0
The Darkside Detective: A Fumble in the Dark,Music & Sound,1,1,0,0,100.0,0.0,0.0
The Drifter,Gameplay,8,8,0,0,100.0,0.0,0.0
The Drifter,Story,24,23,1,0,95.83,4.17,0.0
The Drifter,Graphics,3,3,0,0,100.0,0.0,0.0
The Drifter,Characters,10,9,1,0,90.0,10.0,0.0
The Drifter,Music & Sound,6,6,0,0,100.0,0.0,0.0
The Drifter,Difficulty,4,4,0,0,100.0,0.0,0.0
The Drifter,Performance,1,1,0,0,100.0,0.0,0.0
The Elder Scrolls IV: Oblivion Remastered,Gameplay,26,24,2,0,92.31,7.69,0.0
The Elder Scrolls IV: Oblivion Remastered,Story,10,10,0,0,100.0,0.0,0.0
The Elder Scrolls IV: Oblivion Remastered,Graphics,33,27,6,0,81.82,18.18,0.0
The Elder Scrolls IV: Oblivion Remastered,Characters,4,3,1,0,75.0,25.0,0.0
The Elder Scrolls IV: Oblivion Remastered,Level Design,5,4,1,0,80.0,20.0,0.0
The Elder Scrolls IV: Oblivion Remastered,Music & Sound,2,1,1,0,50.0,50.0,0.0
The Elder Scrolls IV: Oblivion Remastered,Difficulty,4,2,2,0,50.0,50.0,0.0
The Elder Scrolls IV: Oblivion Remastered,Performance,30,20,10,0,66.67,33.33,0.0
The Elder Scrolls IV: Oblivion Remastered,Replayability,5,4,1,0,80.0,20.0,0.0
The Elder Scrolls Online: Dragonhold,Gameplay,1,1,0,0,100.0,0.0,0.0
The Elder Scrolls Online: Dragonhold,Story,4,4,0,0,100.0,0.0,0.0
The Elder Scrolls Online: Dragonhold,Replayability,2,2,0,0,100.0,0.0,0.0
The Elder Scrolls Online: Murkmire,Replayability,1,1,0,0,100.0,0.0,0.0
The Elder Scrolls Online: Necrom,Gameplay,3,3,0,0,100.0,0.0,0.0
The Elder Scrolls Online: Necrom,Story,7,6,1,0,85.71,14.29,0.0
The Elder Scrolls Online: Necrom,Graphics,2,2,0,0,100.0,0.0,0.0
The Elder Scrolls Online: Necrom,Characters,3,2,1,0,66.67,33.33,0.0
The Elder Scrolls Online: Necrom,Level Design,2,1,1,0,50.0,50.0,0.0
The Elder Scrolls Online: Necrom,Music & Sound,1,1,0,0,100.0,0.0,0.0
The Elder Scrolls Online: Necrom,Difficulty,3,3,0,0,100.0,0.0,0.0
The Elder Scrolls Online: Necrom,Performance,1,1,0,0,100.0,0.0,0.0
The Elder Scrolls Online: Necrom,Replayability,6,6,0,0,100.0,0.0,0.0
The Elder Scrolls V: Skyrim - Nintendo Switch Edition,Gameplay,8,8,0,0,100.0,0.0,0.0
The Elder Scrolls V: Skyrim - Nintendo Switch Edition,Graphics,7,7,0,0,100.0,0.0,0.0
The Elder Scrolls V: Skyrim - Nintendo Switch Edition,Level Design,1,1,0,0,100.0,0.0,0.0
The Elder Scrolls V: Skyrim - Nintendo Switch Edition,Music & Sound,1,1,0,0,100.0,0.0,0.0
The Elder Scrolls V: Skyrim - Nintendo Switch Edition,Difficulty,4,4,0,0,100.0,0.0,0.0
The Elder Scrolls V: Skyrim - Nintendo Switch Edition,Performance,4,4,0,0,100.0,0.0,0.0
The Elder Scrolls V: Skyrim - Nintendo Switch Edition,Replayability,6,6,0,0,100.0,0.0,0.0
The Elder Scrolls V: Skyrim - Special Edition,Gameplay,5,3,2,0,60.0,40.0,0.0
The Elder Scrolls V: Skyrim - Special Edition,Story,4,2,2,0,50.0,50.0,0.0
The Elder Scrolls V: Skyrim - Special Edition,Graphics,13,10,3,0,76.92,23.08,0.0
The Elder Scrolls V: Skyrim - Special Edition,Characters,1,1,0,0,100.0,0.0,0.0
The Elder Scrolls V: Skyrim - Special Edition,Level Design,1,1,0,0,100.0,0.0,0.0
The Elder Scrolls V: Skyrim - Special Edition,Music & Sound,1,1,0,0,100.0,0.0,0.0
The Elder Scrolls V: Skyrim - Special Edition,Difficulty,1,1,0,0,100.0,0.0,0.0
The Elder Scrolls V: Skyrim - Special Edition,Performance,7,3,4,0,42.86,57.14,0.0
The Elder Scrolls V: Skyrim - Special Edition,Replayability,6,6,0,0,100.0,0.0,0.0
The Elder Scrolls: Legends,Gameplay,5,4,1,0,80.0,20.0,0.0
The Elder Scrolls: Legends,Story,2,1,1,0,50.0,50.0,0.0
The Elder Scrolls: Legends,Graphics,1,1,0,0,100.0,0.0,0.0
The Elder Scrolls: Legends,Characters,1,1,0,0,100.0,0.0,0.0
The Elder Scrolls: Legends,Level Design,1,0,1,0,0.0,100.0,0.0
The Elder Scrolls: Legends,Music & Sound,1,1,0,0,100.0,0.0,0.0
The Elder Scrolls: Legends,Performance,1,1,0,0,100.0,0.0,0.0
The Elder Scrolls: Legends,Replayability,2,2,0,0,100.0,0.0,0.0
The End Is Nigh,Gameplay,7,7,0,0,100.0,0.0,0.0
The End Is Nigh,Graphics,1,1,0,0,100.0,0.0,0.0
The End Is Nigh,Characters,1,1,0,0,100.0,0.0,0.0
The End Is Nigh,Level Design,4,4,0,0,100.0,0.0,0.0
The End Is Nigh,Music & Sound,1,1,0,0,100.0,0.0,0.0
The End Is Nigh,Difficulty,12,10,2,0,83.33,16.67,0.0
The End Is Nigh,Replayability,2,2,0,0,100.0,0.0,0.0
The Entropy Centre,Gameplay,4,3,1,0,75.0,25.0,0.0
The Entropy Centre,Story,9,5,4,0,55.56,44.44,0.0
The Entropy Centre,Graphics,3,2,1,0,66.67,33.33,0.0
The Entropy Centre,Characters,2,2,0,0,100.0,0.0,0.0
The Entropy Centre,Music & Sound,1,1,0,0,100.0,0.0,0.0
The Entropy Centre,Difficulty,2,0,2,0,0.0,100.0,0.0
The Entropy Centre,Performance,1,0,1,0,0.0,100.0,0.0
The Eternal Cylinder,Gameplay,11,4,7,0,36.36,63.64,0.0
The Eternal Cylinder,Story,5,2,3,0,40.0,60.0,0.0
The Eternal Cylinder,Graphics,1,1,0,0,100.0,0.0,0.0
The Eternal Cylinder,Characters,1,1,0,0,100.0,0.0,0.0
The Eternal Cylinder,Level Design,1,1,0,0,100.0,0.0,0.0
The Eternal Cylinder,Difficulty,4,2,2,0,50.0,50.0,0.0
The Excavation Of Hob's Barrow,Gameplay,2,2,0,0,100.0,0.0,0.0
The Excavation Of Hob's Barrow,Story,12,11,1,0,91.67,8.33,0.0
The Excavation Of Hob's Barrow,Graphics,2,1,1,0,50.0,50.0,0.0
The Excavation Of Hob's Barrow,Characters,2,2,0,0,100.0,0.0,0.0
The Excavation Of Hob's Barrow,Level Design,2,2,0,0,100.0,0.0,0.0
The Excavation Of Hob's Barrow,Music & Sound,2,2,0,0,100.0,0.0,0.0
The Excavation Of Hob's Barrow,Difficulty,4,4,0,0,100.0,0.0,0.0
The Excavation Of Hob's Barrow,Replayability,1,1,0,0,100.0,0.0,0.0
The Exorcist: Legion VR,Story,1,1,0,0,100.0,0.0,0.0
The Exorcist: Legion VR,Music & Sound,1,1,0,0,100.0,0.0,0.0
The Exorcist: Legion VR,Difficulty,1,1,0,0,100.0,0.0,0.0
The Exorcist: Legion VR,Performance,1,1,0,0,100.0,0.0,0.0
The Exorcist: Legion VR,Replayability,2,1,1,0,50.0,50.0,0.0
The Fabulous Fear Machine,Gameplay,5,4,1,0,80.0,20.0,0.0
The Fabulous Fear Machine,Story,5,4,1,0,80.0,20.0,0.0
The Fabulous Fear Machine,Graphics,3,3,0,0,100.0,0.0,0.0
The Fabulous Fear Machine,Level Design,2,2,0,0,100.0,0.0,0.0
The Fabulous Fear Machine,Music & Sound,1,1,0,0,100.0,0.0,0.0
The Fabulous Fear Machine,Replayability,1,1,0,0,100.0,0.0,0.0
The Finals,Gameplay,8,6,2,0,75.0,25.0,0.0
The Finals,Level Design,2,1,1,0,50.0,50.0,0.0
The Finals,Performance,4,4,0,0,100.0,0.0,0.0
The Finals,Replayability,2,2,0,0,100.0,0.0,0.0
The First Berserker: Khazan,Gameplay,67,52,15,0,77.61,22.39,0.0
The First Berserker: Khazan,Story,31,24,7,0,77.42,22.58,0.0
The First Berserker: Khazan,Graphics,13,11,2,0,84.62,15.38,0.0
The First Berserker: Khazan,Characters,7,7,0,0,100.0,0.0,0.0
The First Berserker: Khazan,Level Design,18,13,5,0,72.22,27.78,0.0
The First Berserker: Khazan,Music & Sound,3,2,1,0,66.67,33.33,0.0
The First Berserker: Khazan,Difficulty,33,25,8,0,75.76,24.24,0.0
The First Berserker: Khazan,Performance,4,4,0,0,100.0,0.0,0.0
The First Berserker: Khazan,Replayability,3,2,1,0,66.67,33.33,0.0
The Forest,Gameplay,8,5,3,0,62.5,37.5,0.0
The Forest,Story,5,3,2,0,60.0,40.0,0.0
The Forest,Graphics,1,1,0,0,100.0,0.0,0.0
The Forest,Music & Sound,1,1,0,0,100.0,0.0,0.0
The Forest,Difficulty,6,4,2,0,66.67,33.33,0.0
The Forest,Performance,1,1,0,0,100.0,0.0,0.0
The Forest,Replayability,1,1,0,0,100.0,0.0,0.0
The Forgotten City,Gameplay,19,16,3,0,84.21,15.79,0.0
The Forgotten City,Story,52,44,8,0,84.62,15.38,0.0
The Forgotten City,Graphics,6,5,1,0,83.33,16.67,0.0
The Forgotten City,Characters,12,11,1,0,91.67,8.33,0.0
The Forgotten City,Music & Sound,2,2,0,0,100.0,0.0,0.0
The Forgotten City,Difficulty,6,4,2,0,66.67,33.33,0.0
The Forgotten City,Performance,4,3,1,0,75.0,25.0,0.0
The Forgotten City,Replayability,3,3,0,0,100.0,0.0,0.0
The Gallery - Episode 1: Call of the Starseed (VR),Gameplay,1,1,0,0,100.0,0.0,0.0
The Gallery - Episode 1: Call of the Starseed (VR),Story,2,2,0,0,100.0,0.0,0.0
The Great Ace Attorney Chronicles,Gameplay,21,16,5,0,76.19,23.81,0.0
The Great Ace Attorney Chronicles,Story,36,30,6,0,83.33,16.67,0.0
The Great Ace Attorney Chronicles,Graphics,20,17,3,0,85.0,15.0,0.0
The Great Ace Attorney Chronicles,Characters,32,27,5,0,84.38,15.62,0.0
The Great Ace Attorney Chronicles,Level Design,1,0,1,0,0.0,100.0,0.0
The Great Ace Attorney Chronicles,Music & Sound,2,2,0,0,100.0,0.0,0.0
The Great Ace Attorney Chronicles,Difficulty,4,4,0,0,100.0,0.0,0.0
The Great Ace Attorney Chronicles,Replayability,8,7,1,0,87.5,12.5,0.0
The Holy Gosh Darn,Gameplay,1,1,0,0,100.0,0.0,0.0
The Holy Gosh Darn,Story,3,3,0,0,100.0,0.0,0.0
The Holy Gosh Darn,Characters,2,2,0,0,100.0,0.0,0.0
The Holy Gosh Darn,Difficulty,1,1,0,0,100.0,0.0,0.0
The Holy Gosh Darn,Replayability,2,2,0,0,100.0,0.0,0.0
The House in Fata Morgana,Story,6,5,1,0,83.33,16.67,0.0
The House in Fata Morgana,Graphics,9,8,1,0,88.89,11.11,0.0
The House in Fata Morgana,Characters,2,2,0,0,100.0,0.0,0.0
The House in Fata Morgana,Music & Sound,2,2,0,0,100.0,0.0,0.0
The House in Fata Morgana,Difficulty,4,4,0,0,100.0,0.0,0.0
The House in Fata Morgana,Replayability,1,1,0,0,100.0,0.0,0.0
The Hundred Line -Last Defense Academy-,Gameplay,24,21,3,0,87.5,12.5,0.0
The Hundred Line -Last Defense Academy-,Story,31,25,6,0,80.65,19.35,0.0
The Hundred Line -Last Defense Academy-,Graphics,22,17,5,0,77.27,22.73,0.0
The Hundred Line -Last Defense Academy-,Characters,14,11,3,0,78.57,21.43,0.0
The Hundred Line -Last Defense Academy-,Level Design,3,3,0,0,100.0,0.0,0.0
The Hundred Line -Last Defense Academy-,Music & Sound,1,1,0,0,100.0,0.0,0.0
The Hundred Line -Last Defense Academy-,Difficulty,7,5,2,0,71.43,28.57,0.0
The Hundred Line -Last Defense Academy-,Replayability,5,4,1,0,80.0,20.0,0.0
The Hungry Lamb: Traveling in the Late Ming Dynasty,Story,7,5,2,0,71.43,28.57,0.0
The Hungry Lamb: Traveling in the Late Ming Dynasty,Graphics,7,5,2,0,71.43,28.57,0.0
The Hungry Lamb: Traveling in the Late Ming Dynasty,Characters,1,0,1,0,0.0,100.0,0.0
The Hungry Lamb: Traveling in the Late Ming Dynasty,Difficulty,1,1,0,0,100.0,0.0,0.0
The Journey Down Trilogy,Story,4,4,0,0,100.0,0.0,0.0
The Journey Down Trilogy,Characters,3,3,0,0,100.0,0.0,0.0
The Journey Down Trilogy,Music & Sound,2,2,0,0,100.0,0.0,0.0
The Journey Down Trilogy,Difficulty,1,1,0,0,100.0,0.0,0.0
The Journey Down: Chapter Three,Story,2,2,0,0,100.0,0.0,0.0
The Journey Down: Chapter Three,Graphics,1,1,0,0,100.0,0.0,0.0
The Journey Down: Chapter Three,Level Design,1,1,0,0,100.0,0.0,0.0
The Journey Down: Chapter Three,Music & Sound,1,1,0,0,100.0,0.0,0.0
The Journey Down: Chapter Two,Story,5,5,0,0,100.0,0.0,0.0
The Journey Down: Chapter Two,Characters,4,4,0,0,100.0,0.0,0.0
The Journey Down: Chapter Two,Level Design,1,1,0,0,100.0,0.0,0.0
The Journey Down: Chapter Two,Replayability,1,1,0,0,100.0,0.0,0.0
The King is Watching,Gameplay,6,6,0,0,100.0,0.0,0.0
The King is Watching,Graphics,3,3,0,0,100.0,0.0,0.0
The King is Watching,Difficulty,3,3,0,0,100.0,0.0,0.0
The King of Fighters 2002 Unlimited Match,Gameplay,5,4,1,0,80.0,20.0,0.0
The King of Fighters 2002 Unlimited Match,Graphics,1,1,0,0,100.0,0.0,0.0
The King of Fighters 2002 Unlimited Match,Characters,2,2,0,0,100.0,0.0,0.0
The King of Fighters 2002 Unlimited Match,Music & Sound,1,1,0,0,100.0,0.0,0.0
The King of Fighters 2002 Unlimited Match,Difficulty,1,1,0,0,100.0,0.0,0.0
The King of Fighters XV,Gameplay,32,27,5,0,84.38,15.62,0.0
The King of Fighters XV,Story,9,4,4,1,44.44,44.44,11.11
The King of Fighters XV,Graphics,17,16,1,0,94.12,5.88,0.0
The King of Fighters XV,Characters,18,16,1,1,88.89,5.56,5.56
The King of Fighters XV,Level Design,3,3,0,0,100.0,0.0,0.0
The King of Fighters XV,Music & Sound,3,3,0,0,100.0,0.0,0.0
The King of Fighters XV,Difficulty,8,6,2,0,75.0,25.0,0.0
The King of Fighters XV,Performance,4,3,1,0,75.0,25.0,0.0
The King of Fighters XV,Replayability,10,7,3,0,70.0,30.0,0.0
The Last Clockwinder,Gameplay,1,1,0,0,100.0,0.0,0.0
The Last Clockwinder,Story,2,2,0,0,100.0,0.0,0.0
The Last Clockwinder,Graphics,2,2,0,0,100.0,0.0,0.0
The Last Clockwinder,Characters,1,1,0,0,100.0,0.0,0.0
The Last Clockwinder,Level Design,1,0,1,0,0.0,100.0,0.0
The Last Clockwinder,Music & Sound,1,1,0,0,100.0,0.0,0.0
The Last Clockwinder,Performance,1,1,0,0,100.0,0.0,0.0
The Last Friend,Gameplay,7,7,0,0,100.0,0.0,0.0
The Last Friend,Story,6,4,2,0,66.67,33.33,0.0
The Last Friend,Graphics,3,2,1,0,66.67,33.33,0.0
The Last Friend,Characters,1,0,1,0,0.0,100.0,0.0
The Last Friend,Level Design,1,1,0,0,100.0,0.0,0.0
The Last Friend,Music & Sound,1,0,1,0,0.0,100.0,0.0
The Last Friend,Difficulty,6,6,0,0,100.0,0.0,0.0
The Last Friend,Replayability,1,0,1,0,0.0,100.0,0.0
The Last Guardian,Gameplay,31,17,12,2,54.84,38.71,6.45
The Last Guardian,Story,28,18,9,1,64.29,32.14,3.57
The Last Guardian,Graphics,5,5,0,0,100.0,0.0,0.0
The Last Guardian,Characters,14,11,3,0,78.57,21.43,0.0
The Last Guardian,Level Design,3,3,0,0,100.0,0.0,0.0
The Last Guardian,Music & Sound,2,1,1,0,50.0,50.0,0.0
The Last Guardian,Difficulty,7,5,1,1,71.43,14.29,14.29
The Last Guardian,Performance,13,7,6,0,53.85,46.15,0.0
The Last Guardian,Replayability,1,0,1,0,0.0,100.0,0.0
The Last Spell,Gameplay,10,5,5,0,50.0,50.0,0.0
The Last Spell,Story,2,1,1,0,50.0,50.0,0.0
The Last Spell,Graphics,3,3,0,0,100.0,0.0,0.0
The Last Spell,Characters,1,1,0,0,100.0,0.0,0.0
The Last Spell,Level Design,1,1,0,0,100.0,0.0,0.0
The Last Spell,Music & Sound,4,3,1,0,75.0,25.0,0.0
The Last Spell,Difficulty,3,1,2,0,33.33,66.67,0.0
The Last Spell,Performance,1,1,0,0,100.0,0.0,0.0
The Last Spell,Replayability,1,1,0,0,100.0,0.0,0.0
The Last of Us Part I,Gameplay,37,27,7,3,72.97,18.92,8.11
The Last of Us Part I,Story,40,27,10,3,67.5,25.0,7.5
The Last of Us Part I,Graphics,44,39,3,2,88.64,6.82,4.55
The Last of Us Part I,Characters,10,8,0,2,80.0,0.0,20.0
The Last of Us Part I,Level Design,8,6,2,0,75.0,25.0,0.0
The Last of Us Part I,Music & Sound,7,6,0,1,85.71,0.0,14.29
The Last of Us Part I,Difficulty,18,10,2,6,55.56,11.11,33.33
The Last of Us Part I,Performance,29,15,7,7,51.72,24.14,24.14
The Last of Us Part I,Replayability,12,7,5,0,58.33,41.67,0.0
The Last of Us Part II,Gameplay,58,45,12,1,77.59,20.69,1.72
The Last of Us Part II,Story,82,67,13,2,81.71,15.85,2.44
The Last of Us Part II,Graphics,25,20,5,0,80.0,20.0,0.0
The Last of Us Part II,Characters,24,21,2,1,87.5,8.33,4.17
The Last of Us Part II,Level Design,9,7,1,1,77.78,11.11,11.11
The Last of Us Part II,Music & Sound,5,5,0,0,100.0,0.0,0.0
The Last of Us Part II,Difficulty,17,13,4,0,76.47,23.53,0.0
The Last of Us Part II,Performance,10,7,3,0,70.0,30.0,0.0
The Last of Us Part II,Replayability,1,1,0,0,100.0,0.0,0.0
The Last of Us Part II Remastered,Gameplay,22,15,6,1,68.18,27.27,4.55
The Last of Us Part II Remastered,Story,37,30,7,0,81.08,18.92,0.0
The Last of Us Part II Remastered,Graphics,21,20,1,0,95.24,4.76,0.0
The Last of Us Part II Remastered,Characters,6,5,1,0,83.33,16.67,0.0
The Last of Us Part II Remastered,Level Design,13,12,1,0,92.31,7.69,0.0
The Last of Us Part II Remastered,Music & Sound,4,4,0,0,100.0,0.0,0.0
The Last of Us Part II Remastered,Difficulty,11,9,2,0,81.82,18.18,0.0
The Last of Us Part II Remastered,Performance,20,18,2,0,90.0,10.0,0.0
The Last of Us Part II Remastered,Replayability,29,25,4,0,86.21,13.79,0.0
The Last of Us Remastered,Gameplay,7,7,0,0,100.0,0.0,0.0
The Last of Us Remastered,Story,10,10,0,0,100.0,0.0,0.0
The Last of Us Remastered,Graphics,11,11,0,0,100.0,0.0,0.0
The Last of Us Remastered,Characters,5,5,0,0,100.0,0.0,0.0
The Last of Us Remastered,Level Design,1,1,0,0,100.0,0.0,0.0
The Last of Us Remastered,Music & Sound,2,2,0,0,100.0,0.0,0.0
The Last of Us Remastered,Performance,5,5,0,0,100.0,0.0,0.0
The Last of Us Remastered,Replayability,6,6,0,0,100.0,0.0,0.0
The Legend of Heroes: Kuro no Kiseki,Story,1,1,0,0,100.0,0.0,0.0
The Legend of Heroes: Kuro no Kiseki,Graphics,1,1,0,0,100.0,0.0,0.0
The Legend of Heroes: Kuro no Kiseki,Characters,1,1,0,0,100.0,0.0,0.0
The Legend of Heroes: Trails Beyond the Horizon,Gameplay,33,27,6,0,81.82,18.18,0.0
The Legend of Heroes: Trails Beyond the Horizon,Story,36,29,7,0,80.56,19.44,0.0
The Legend of Heroes: Trails Beyond the Horizon,Graphics,7,6,1,0,85.71,14.29,0.0
The Legend of Heroes: Trails Beyond the Horizon,Characters,21,18,3,0,85.71,14.29,0.0
The Legend of Heroes: Trails Beyond the Horizon,Level Design,1,1,0,0,100.0,0.0,0.0
The Legend of Heroes: Trails Beyond the Horizon,Music & Sound,1,1,0,0,100.0,0.0,0.0
The Legend of Heroes: Trails Beyond the Horizon,Performance,2,2,0,0,100.0,0.0,0.0
The Legend of Heroes: Trails Beyond the Horizon,Replayability,4,3,1,0,75.0,25.0,0.0
The Legend of Heroes: Trails Through Daybreak,Gameplay,33,29,4,0,87.88,12.12,0.0
The Legend of Heroes: Trails Through Daybreak,Story,29,27,2,0,93.1,6.9,0.0
The Legend of Heroes: Trails Through Daybreak,Graphics,4,3,1,0,75.0,25.0,0.0
The Legend of Heroes: Trails Through Daybreak,Characters,26,25,1,0,96.15,3.85,0.0
The Legend of Heroes: Trails Through Daybreak,Level Design,2,1,1,0,50.0,50.0,0.0
The Legend of Heroes: Trails Through Daybreak,Music & Sound,1,1,0,0,100.0,0.0,0.0
The Legend of Heroes: Trails Through Daybreak,Difficulty,5,5,0,0,100.0,0.0,0.0
The Legend of Heroes: Trails Through Daybreak,Performance,1,1,0,0,100.0,0.0,0.0
The Legend of Heroes: Trails Through Daybreak,Replayability,2,2,0,0,100.0,0.0,0.0
The Legend of Heroes: Trails from Zero,Gameplay,19,16,3,0,84.21,15.79,0.0
The Legend of Heroes: Trails from Zero,Story,35,30,5,0,85.71,14.29,0.0
The Legend of Heroes: Trails from Zero,Graphics,6,4,2,0,66.67,33.33,0.0
The Legend of Heroes: Trails from Zero,Characters,21,20,1,0,95.24,4.76,0.0
The Legend of Heroes: Trails from Zero,Level Design,2,1,1,0,50.0,50.0,0.0
The Legend of Heroes: Trails from Zero,Music & Sound,6,4,2,0,66.67,33.33,0.0
The Legend of Heroes: Trails from Zero,Difficulty,5,5,0,0,100.0,0.0,0.0
The Legend of Heroes: Trails from Zero,Performance,1,1,0,0,100.0,0.0,0.0
The Legend of Heroes: Trails from Zero,Replayability,1,1,0,0,100.0,0.0,0.0
The Legend of Heroes: Trails in the Sky,Gameplay,2,2,0,0,100.0,0.0,0.0
The Legend of Heroes: Trails in the Sky,Story,1,1,0,0,100.0,0.0,0.0
The Legend of Heroes: Trails in the Sky,Characters,3,3,0,0,100.0,0.0,0.0
The Legend of Heroes: Trails in the Sky,Difficulty,1,1,0,0,100.0,0.0,0.0
The Legend of Heroes: Trails in the Sky - Second Chapter,Gameplay,1,1,0,0,100.0,0.0,0.0
The Legend of Heroes: Trails in the Sky - Second Chapter,Story,3,3,0,0,100.0,0.0,0.0
The Legend of Heroes: Trails in the Sky - Second Chapter,Characters,1,1,0,0,100.0,0.0,0.0
The Legend of Heroes: Trails in the Sky - Second Chapter,Difficulty,1,1,0,0,100.0,0.0,0.0
The Legend of Heroes: Trails in the Sky the 3rd,Story,5,2,3,0,40.0,60.0,0.0
The Legend of Heroes: Trails in the Sky the 3rd,Graphics,1,0,1,0,0.0,100.0,0.0
The Legend of Heroes: Trails in the Sky the 3rd,Characters,4,3,1,0,75.0,25.0,0.0
The Legend of Heroes: Trails in the Sky the 3rd,Difficulty,1,0,1,0,0.0,100.0,0.0
The Legend of Heroes: Trails into Reverie,Gameplay,20,15,5,0,75.0,25.0,0.0
The Legend of Heroes: Trails into Reverie,Story,30,22,8,0,73.33,26.67,0.0
The Legend of Heroes: Trails into Reverie,Graphics,3,2,1,0,66.67,33.33,0.0
The Legend of Heroes: Trails into Reverie,Characters,28,22,5,1,78.57,17.86,3.57
The Legend of Heroes: Trails into Reverie,Level Design,3,3,0,0,100.0,0.0,0.0
The Legend of Heroes: Trails into Reverie,Music & Sound,4,3,1,0,75.0,25.0,0.0
The Legend of Heroes: Trails into Reverie,Difficulty,5,1,3,1,20.0,60.0,20.0
The Legend of Heroes: Trails into Reverie,Performance,3,2,0,1,66.67,0.0,33.33
The Legend of Heroes: Trails into Reverie,Replayability,5,4,1,0,80.0,20.0,0.0
The Legend of Heroes: Trails of Cold Steel II,Gameplay,18,12,5,1,66.67,27.78,5.56
The Legend of Heroes: Trails of Cold Steel II,Story,24,20,3,1,83.33,12.5,4.17
The Legend of Heroes: Trails of Cold Steel II,Graphics,5,3,1,1,60.0,20.0,20.0
The Legend of Heroes: Trails of Cold Steel II,Characters,12,10,1,1,83.33,8.33,8.33
The Legend of Heroes: Trails of Cold Steel II,Level Design,1,1,0,0,100.0,0.0,0.0
The Legend of Heroes: Trails of Cold Steel II,Music & Sound,1,0,0,1,0.0,0.0,100.0
The Legend of Heroes: Trails of Cold Steel II,Difficulty,4,4,0,0,100.0,0.0,0.0
The Legend of Heroes: Trails of Cold Steel II,Performance,2,1,1,0,50.0,50.0,0.0
The Legend of Heroes: Trails of Cold Steel II,Replayability,3,1,2,0,33.33,66.67,0.0
The Legend of Heroes: Trails of Cold Steel III,Gameplay,25,20,5,0,80.0,20.0,0.0
The Legend of Heroes: Trails of Cold Steel III,Story,38,30,8,0,78.95,21.05,0.0
The Legend of Heroes: Trails of Cold Steel III,Graphics,10,9,1,0,90.0,10.0,0.0
The Legend of Heroes: Trails of Cold Steel III,Characters,23,21,2,0,91.3,8.7,0.0
The Legend of Heroes: Trails of Cold Steel III,Level Design,1,1,0,0,100.0,0.0,0.0
The Legend of Heroes: Trails of Cold Steel III,Music & Sound,5,5,0,0,100.0,0.0,0.0
The Legend of Heroes: Trails of Cold Steel III,Difficulty,14,11,3,0,78.57,21.43,0.0
The Legend of Heroes: Trails of Cold Steel III,Performance,4,4,0,0,100.0,0.0,0.0
The Legend of Heroes: Trails of Cold Steel III,Replayability,4,2,2,0,50.0,50.0,0.0
The Legend of Heroes: Trails of Cold Steel IV,Gameplay,15,11,3,1,73.33,20.0,6.67
The Legend of Heroes: Trails of Cold Steel IV,Story,35,26,8,1,74.29,22.86,2.86
The Legend of Heroes: Trails of Cold Steel IV,Graphics,3,2,0,1,66.67,0.0,33.33
The Legend of Heroes: Trails of Cold Steel IV,Characters,29,22,6,1,75.86,20.69,3.45
The Legend of Heroes: Trails of Cold Steel IV,Level Design,1,1,0,0,100.0,0.0,0.0
The Legend of Heroes: Trails of Cold Steel IV,Music & Sound,2,1,0,1,50.0,0.0,50.0
The Legend of Heroes: Trails of Cold Steel IV,Difficulty,4,3,1,0,75.0,25.0,0.0
The Legend of Heroes: Trails of Cold Steel IV,Performance,1,1,0,0,100.0,0.0,0.0
The Legend of Heroes: Trails of Cold Steel IV,Replayability,4,3,1,0,75.0,25.0,0.0
The Legend of Heroes: Trails to Azure,Gameplay,21,20,1,0,95.24,4.76,0.0
The Legend of Heroes: Trails to Azure,Story,23,21,2,0,91.3,8.7,0.0
The Legend of Heroes: Trails to Azure,Graphics,6,5,1,0,83.33,16.67,0.0
The Legend of Heroes: Trails to Azure,Characters,18,17,1,0,94.44,5.56,0.0
The Legend of Heroes: Trails to Azure,Music & Sound,4,4,0,0,100.0,0.0,0.0
The Legend of Heroes: Trails to Azure,Difficulty,4,3,1,0,75.0,25.0,0.0
The Legend of Heroes: Trails to Azure,Performance,2,1,1,0,50.0,50.0,0.0
The Legend of Heroes: Trails to Azure,Replayability,3,2,1,0,66.67,33.33,0.0
The Legend of Heroes: Trials of Cold Steel - Decisive Edition,Gameplay,4,4,0,0,100.0,0.0,0.0
The Legend of Heroes: Trials of Cold Steel - Decisive Edition,Story,6,5,1,0,83.33,16.67,0.0
The Legend of Heroes: Trials of Cold Steel - Decisive Edition,Graphics,1,1,0,0,100.0,0.0,0.0
The Legend of Heroes: Trials of Cold Steel - Decisive Edition,Characters,4,4,0,0,100.0,0.0,0.0
The Legend of Heroes: Trials of Cold Steel - Decisive Edition,Music & Sound,1,1,0,0,100.0,0.0,0.0
The Legend of Heroes: Trials of Cold Steel - Decisive Edition,Difficulty,2,2,0,0,100.0,0.0,0.0
The Legend of Heroes: Trials of Cold Steel - Decisive Edition,Replayability,1,1,0,0,100.0,0.0,0.0
The Legend of Tian Ding,Gameplay,16,14,2,0,87.5,12.5,0.0
The Legend of Tian Ding,Story,5,5,0,0,100.0,0.0,0.0
The Legend of Tian Ding,Graphics,9,7,2,0,77.78,22.22,0.0
The Legend of Tian Ding,Characters,3,3,0,0,100.0,0.0,0.0
The Legend of Tian Ding,Level Design,2,1,1,0,50.0,50.0,0.0
The Legend of Tian Ding,Music & Sound,1,0,1,0,0.0,100.0,0.0
The Legend of Tian Ding,Difficulty,4,4,0,0,100.0,0.0,0.0
The Legend of Zelda: A Link Between Worlds,Gameplay,12,12,0,0,100.0,0.0,0.0
The Legend of Zelda: A Link Between Worlds,Story,2,2,0,0,100.0,0.0,0.0
The Legend of Zelda: A Link Between Worlds,Graphics,6,6,0,0,100.0,0.0,0.0
The Legend of Zelda: A Link Between Worlds,Characters,3,3,0,0,100.0,0.0,0.0
The Legend of Zelda: A Link Between Worlds,Level Design,3,3,0,0,100.0,0.0,0.0
The Legend of Zelda: A Link Between Worlds,Music & Sound,3,3,0,0,100.0,0.0,0.0
The Legend of Zelda: A Link Between Worlds,Difficulty,8,8,0,0,100.0,0.0,0.0
The Legend of Zelda: A Link Between Worlds,Replayability,1,1,0,0,100.0,0.0,0.0
The Legend of Zelda: Breath of the Wild,Gameplay,29,29,0,0,100.0,0.0,0.0
The Legend of Zelda: Breath of the Wild,Story,7,7,0,0,100.0,0.0,0.0
The Legend of Zelda: Breath of the Wild,Graphics,6,6,0,0,100.0,0.0,0.0
The Legend of Zelda: Breath of the Wild,Characters,2,2,0,0,100.0,0.0,0.0
The Legend of Zelda: Breath of the Wild,Level Design,6,6,0,0,100.0,0.0,0.0
The Legend of Zelda: Breath of the Wild,Difficulty,5,4,1,0,80.0,20.0,0.0
The Legend of Zelda: Breath of the Wild,Performance,11,11,0,0,100.0,0.0,0.0
The Legend of Zelda: Breath of the Wild,Replayability,6,6,0,0,100.0,0.0,0.0
The Legend of Zelda: Breath of the Wild - The Champions' Ballad,Gameplay,3,3,0,0,100.0,0.0,0.0
The Legend of Zelda: Breath of the Wild - The Champions' Ballad,Story,6,5,1,0,83.33,16.67,0.0
The Legend of Zelda: Breath of the Wild - The Champions' Ballad,Level Design,1,1,0,0,100.0,0.0,0.0
The Legend of Zelda: Breath of the Wild - The Champions' Ballad,Difficulty,2,2,0,0,100.0,0.0,0.0
The Legend of Zelda: Breath of the Wild - The Champions' Ballad,Replayability,1,1,0,0,100.0,0.0,0.0
The Legend of Zelda: Breath of the Wild Nintendo Switch 2 Edition,Gameplay,2,2,0,0,100.0,0.0,0.0
The Legend of Zelda: Breath of the Wild Nintendo Switch 2 Edition,Story,2,2,0,0,100.0,0.0,0.0
The Legend of Zelda: Breath of the Wild Nintendo Switch 2 Edition,Graphics,7,7,0,0,100.0,0.0,0.0
The Legend of Zelda: Breath of the Wild Nintendo Switch 2 Edition,Music & Sound,1,1,0,0,100.0,0.0,0.0
The Legend of Zelda: Breath of the Wild Nintendo Switch 2 Edition,Difficulty,1,1,0,0,100.0,0.0,0.0
The Legend of Zelda: Breath of the Wild Nintendo Switch 2 Edition,Performance,7,7,0,0,100.0,0.0,0.0
The Legend of Zelda: Breath of the Wild Nintendo Switch 2 Edition,Replayability,4,4,0,0,100.0,0.0,0.0
The Legend of Zelda: Echoes of Wisdom,Gameplay,53,48,4,1,90.57,7.55,1.89
The Legend of Zelda: Echoes of Wisdom,Story,5,5,0,0,100.0,0.0,0.0
The Legend of Zelda: Echoes of Wisdom,Graphics,8,8,0,0,100.0,0.0,0.0
The Legend of Zelda: Echoes of Wisdom,Characters,15,15,0,0,100.0,0.0,0.0
The Legend of Zelda: Echoes of Wisdom,Level Design,2,2,0,0,100.0,0.0,0.0
The Legend of Zelda: Echoes of Wisdom,Music & Sound,5,5,0,0,100.0,0.0,0.0
The Legend of Zelda: Echoes of Wisdom,Difficulty,6,6,0,0,100.0,0.0,0.0
The Legend of Zelda: Echoes of Wisdom,Performance,17,16,1,0,94.12,5.88,0.0
The Legend of Zelda: Echoes of Wisdom,Replayability,2,2,0,0,100.0,0.0,0.0
The Legend of Zelda: Link's Awakening,Gameplay,16,15,1,0,93.75,6.25,0.0
The Legend of Zelda: Link's Awakening,Story,3,3,0,0,100.0,0.0,0.0
The Legend of Zelda: Link's Awakening,Graphics,19,18,1,0,94.74,5.26,0.0
The Legend of Zelda: Link's Awakening,Characters,4,4,0,0,100.0,0.0,0.0
The Legend of Zelda: Link's Awakening,Level Design,5,5,0,0,100.0,0.0,0.0
The Legend of Zelda: Link's Awakening,Music & Sound,7,7,0,0,100.0,0.0,0.0
The Legend of Zelda: Link's Awakening,Difficulty,7,7,0,0,100.0,0.0,0.0
The Legend of Zelda: Link's Awakening,Performance,12,11,1,0,91.67,8.33,0.0
The Legend of Zelda: Link's Awakening,Replayability,4,4,0,0,100.0,0.0,0.0
The Legend of Zelda: Majora's Mask 3D,Gameplay,8,8,0,0,100.0,0.0,0.0
The Legend of Zelda: Majora's Mask 3D,Story,8,8,0,0,100.0,0.0,0.0
The Legend of Zelda: Majora's Mask 3D,Graphics,4,4,0,0,100.0,0.0,0.0
The Legend of Zelda: Majora's Mask 3D,Characters,4,4,0,0,100.0,0.0,0.0
The Legend of Zelda: Majora's Mask 3D,Level Design,2,2,0,0,100.0,0.0,0.0
The Legend of Zelda: Majora's Mask 3D,Music & Sound,1,1,0,0,100.0,0.0,0.0
The Legend of Zelda: Majora's Mask 3D,Difficulty,3,3,0,0,100.0,0.0,0.0
The Legend of Zelda: Majora's Mask 3D,Performance,2,2,0,0,100.0,0.0,0.0
The Legend of Zelda: Skyward Sword HD,Gameplay,37,31,6,0,83.78,16.22,0.0
The Legend of Zelda: Skyward Sword HD,Story,24,18,6,0,75.0,25.0,0.0
The Legend of Zelda: Skyward Sword HD,Graphics,12,10,2,0,83.33,16.67,0.0
The Legend of Zelda: Skyward Sword HD,Characters,7,6,1,0,85.71,14.29,0.0
The Legend of Zelda: Skyward Sword HD,Level Design,2,1,1,0,50.0,50.0,0.0
The Legend of Zelda: Skyward Sword HD,Music & Sound,2,2,0,0,100.0,0.0,0.0
The Legend of Zelda: Skyward Sword HD,Difficulty,7,5,2,0,71.43,28.57,0.0
The Legend of Zelda: Skyward Sword HD,Performance,6,4,2,0,66.67,33.33,0.0
The Legend of Zelda: Skyward Sword HD,Replayability,7,6,1,0,85.71,14.29,0.0
The Legend of Zelda: Tears of the Kingdom,Gameplay,33,32,1,0,96.97,3.03,0.0
The Legend of Zelda: Tears of the Kingdom,Story,15,15,0,0,100.0,0.0,0.0
The Legend of Zelda: Tears of the Kingdom,Graphics,5,5,0,0,100.0,0.0,0.0
The Legend of Zelda: Tears of the Kingdom,Characters,2,2,0,0,100.0,0.0,0.0
The Legend of Zelda: Tears of the Kingdom,Level Design,14,13,1,0,92.86,7.14,0.0
The Legend of Zelda: Tears of the Kingdom,Music & Sound,4,4,0,0,100.0,0.0,0.0
The Legend of Zelda: Tears of the Kingdom,Difficulty,12,12,0,0,100.0,0.0,0.0
The Legend of Zelda: Tears of the Kingdom,Performance,8,8,0,0,100.0,0.0,0.0
The Legend of Zelda: Tears of the Kingdom,Replayability,3,2,1,0,66.67,33.33,0.0
The Legend of Zelda: Tears of the Kingdom Nintendo Switch 2 Edition,Gameplay,2,2,0,0,100.0,0.0,0.0
The Legend of Zelda: Tears of the Kingdom Nintendo Switch 2 Edition,Story,1,1,0,0,100.0,0.0,0.0
The Legend of Zelda: Tears of the Kingdom Nintendo Switch 2 Edition,Graphics,2,2,0,0,100.0,0.0,0.0
The Legend of Zelda: Tears of the Kingdom Nintendo Switch 2 Edition,Characters,1,1,0,0,100.0,0.0,0.0
The Legend of Zelda: Tears of the Kingdom Nintendo Switch 2 Edition,Difficulty,1,1,0,0,100.0,0.0,0.0
The Legend of Zelda: Tears of the Kingdom Nintendo Switch 2 Edition,Performance,4,4,0,0,100.0,0.0,0.0
The Legend of Zelda: Tears of the Kingdom Nintendo Switch 2 Edition,Replayability,2,2,0,0,100.0,0.0,0.0
The Legend of Zelda: Twilight Princess HD,Gameplay,11,9,2,0,81.82,18.18,0.0
The Legend of Zelda: Twilight Princess HD,Story,6,6,0,0,100.0,0.0,0.0
The Legend of Zelda: Twilight Princess HD,Graphics,13,10,3,0,76.92,23.08,0.0
The Legend of Zelda: Twilight Princess HD,Characters,3,3,0,0,100.0,0.0,0.0
The Legend of Zelda: Twilight Princess HD,Level Design,1,1,0,0,100.0,0.0,0.0
The Legend of Zelda: Twilight Princess HD,Difficulty,1,0,1,0,0.0,100.0,0.0
The Legend of Zelda: Twilight Princess HD,Replayability,2,2,0,0,100.0,0.0,0.0
The Life and Suffering of Sir Brante,Gameplay,4,3,1,0,75.0,25.0,0.0
The Life and Suffering of Sir Brante,Story,7,4,3,0,57.14,42.86,0.0
The Life and Suffering of Sir Brante,Graphics,2,1,1,0,50.0,50.0,0.0
The Life and Suffering of Sir Brante,Characters,4,3,1,0,75.0,25.0,0.0
The Life and Suffering of Sir Brante,Difficulty,5,4,1,0,80.0,20.0,0.0
The Lion's Song: The Full Season,Gameplay,5,4,1,0,80.0,20.0,0.0
The Lion's Song: The Full Season,Story,13,10,3,0,76.92,23.08,0.0
The Lion's Song: The Full Season,Graphics,5,4,1,0,80.0,20.0,0.0
The Lion's Song: The Full Season,Characters,8,7,1,0,87.5,12.5,0.0
The Lion's Song: The Full Season,Level Design,1,1,0,0,100.0,0.0,0.0
The Lion's Song: The Full Season,Music & Sound,5,4,1,0,80.0,20.0,0.0
The Lion's Song: The Full Season,Difficulty,2,1,1,0,50.0,50.0,0.0
The Lullaby of Life,Gameplay,3,3,0,0,100.0,0.0,0.0
The Lullaby of Life,Story,2,2,0,0,100.0,0.0,0.0
The Lullaby of Life,Graphics,2,2,0,0,100.0,0.0,0.0
The Lullaby of Life,Characters,2,2,0,0,100.0,0.0,0.0
The Lullaby of Life,Music & Sound,5,4,1,0,80.0,20.0,0.0
The Lullaby of Life,Difficulty,3,3,0,0,100.0,0.0,0.0
The Making of Karateka,Gameplay,1,0,1,0,0.0,100.0,0.0
The Making of Karateka,Story,2,2,0,0,100.0,0.0,0.0
The Making of Karateka,Difficulty,1,1,0,0,100.0,0.0,0.0
The Making of Karateka,Performance,1,1,0,0,100.0,0.0,0.0
The Making of Karateka,Replayability,3,3,0,0,100.0,0.0,0.0
The Messenger,Gameplay,35,33,2,0,94.29,5.71,0.0
The Messenger,Story,16,16,0,0,100.0,0.0,0.0
The Messenger,Graphics,3,3,0,0,100.0,0.0,0.0
The Messenger,Characters,3,3,0,0,100.0,0.0,0.0
The Messenger,Level Design,12,12,0,0,100.0,0.0,0.0
The Messenger,Music & Sound,10,10,0,0,100.0,0.0,0.0
The Messenger,Difficulty,22,21,1,0,95.45,4.55,0.0
The Messenger,Performance,1,1,0,0,100.0,0.0,0.0
The Messenger,Replayability,3,3,0,0,100.0,0.0,0.0
The Metronomicon,Gameplay,4,2,2,0,50.0,50.0,0.0
The Metronomicon,Story,1,0,1,0,0.0,100.0,0.0
The Metronomicon,Music & Sound,3,2,1,0,66.67,33.33,0.0
The Metronomicon,Difficulty,1,1,0,0,100.0,0.0,0.0
The Metronomicon,Replayability,1,1,0,0,100.0,0.0,0.0
The Midnight Walk,Gameplay,13,9,4,0,69.23,30.77,0.0
The Midnight Walk,Story,15,12,3,0,80.0,20.0,0.0
The Midnight Walk,Graphics,7,7,0,0,100.0,0.0,0.0
The Midnight Walk,Characters,2,2,0,0,100.0,0.0,0.0
The Midnight Walk,Level Design,2,1,1,0,50.0,50.0,0.0
The Midnight Walk,Music & Sound,9,7,2,0,77.78,22.22,0.0
The Midnight Walk,Difficulty,1,1,0,0,100.0,0.0,0.0
The Midnight Walk,Replayability,1,1,0,0,100.0,0.0,0.0
The Murder of Sonic the Hedgehog,Gameplay,1,1,0,0,100.0,0.0,0.0
The Murder of Sonic the Hedgehog,Story,2,0,2,0,0.0,100.0,0.0
The Murder of Sonic the Hedgehog,Graphics,5,3,2,0,60.0,40.0,0.0
The Murder of Sonic the Hedgehog,Characters,2,2,0,0,100.0,0.0,0.0
The Murder of Sonic the Hedgehog,Music & Sound,1,1,0,0,100.0,0.0,0.0
The Nameless: Slay Dragon,Gameplay,4,3,1,0,75.0,25.0,0.0
The Nameless: Slay Dragon,Story,7,5,2,0,71.43,28.57,0.0
The Nameless: Slay Dragon,Graphics,1,1,0,0,100.0,0.0,0.0
The Nameless: Slay Dragon,Characters,3,3,0,0,100.0,0.0,0.0
The Nameless: Slay Dragon,Level Design,1,1,0,0,100.0,0.0,0.0
The Nameless: Slay Dragon,Performance,1,1,0,0,100.0,0.0,0.0
The Nameless: Slay Dragon,Replayability,1,0,1,0,0.0,100.0,0.0
The Nioh Collection,Gameplay,6,5,1,0,83.33,16.67,0.0
The Nioh Collection,Story,2,1,1,0,50.0,50.0,0.0
The Nioh Collection,Graphics,2,1,1,0,50.0,50.0,0.0
The Nioh Collection,Characters,1,1,0,0,100.0,0.0,0.0
The Nioh Collection,Difficulty,8,6,2,0,75.0,25.0,0.0
The Nioh Collection,Performance,4,3,1,0,75.0,25.0,0.0
The Nioh Collection,Replayability,7,6,1,0,85.71,14.29,0.0
The Outer Worlds,Gameplay,33,24,9,0,72.73,27.27,0.0
The Outer Worlds,Story,51,35,15,1,68.63,29.41,1.96
The Outer Worlds,Graphics,11,4,6,1,36.36,54.55,9.09
The Outer Worlds,Characters,27,22,4,1,81.48,14.81,3.7
The Outer Worlds,Level Design,3,3,0,0,100.0,0.0,0.0
The Outer Worlds,Music & Sound,1,1,0,0,100.0,0.0,0.0
The Outer Worlds,Difficulty,9,5,3,1,55.56,33.33,11.11
The Outer Worlds,Performance,10,4,4,2,40.0,40.0,20.0
The Outer Worlds,Replayability,8,7,1,0,87.5,12.5,0.0
The Outer Worlds 2,Gameplay,40,31,9,0,77.5,22.5,0.0
The Outer Worlds 2,Story,53,42,11,0,79.25,20.75,0.0
The Outer Worlds 2,Graphics,4,4,0,0,100.0,0.0,0.0
The Outer Worlds 2,Characters,25,23,2,0,92.0,8.0,0.0
The Outer Worlds 2,Level Design,6,5,1,0,83.33,16.67,0.0
The Outer Worlds 2,Music & Sound,3,2,1,0,66.67,33.33,0.0
The Outer Worlds 2,Difficulty,10,5,5,0,50.0,50.0,0.0
The Outer Worlds 2,Performance,16,14,1,1,87.5,6.25,6.25
The Outer Worlds 2,Replayability,13,9,4,0,69.23,30.77,0.0
The Outer Worlds: Spacer's Choice Edition,Gameplay,3,3,0,0,100.0,0.0,0.0
The Outer Worlds: Spacer's Choice Edition,Story,3,3,0,0,100.0,0.0,0.0
The Outer Worlds: Spacer's Choice Edition,Graphics,5,2,3,0,40.0,60.0,0.0
The Outer Worlds: Spacer's Choice Edition,Characters,3,2,1,0,66.67,33.33,0.0
The Outer Worlds: Spacer's Choice Edition,Difficulty,2,1,1,0,50.0,50.0,0.0
The Outer Worlds: Spacer's Choice Edition,Performance,9,4,5,0,44.44,55.56,0.0
The Outer Worlds: Spacer's Choice Edition,Replayability,3,2,1,0,66.67,33.33,0.0
The Perfect Pencil,Gameplay,7,5,2,0,71.43,28.57,0.0
The Perfect Pencil,Story,4,2,2,0,50.0,50.0,0.0
The Perfect Pencil,Characters,1,1,0,0,100.0,0.0,0.0
The Perfect Pencil,Music & Sound,1,1,0,0,100.0,0.0,0.0
The Perfect Pencil,Difficulty,1,0,1,0,0.0,100.0,0.0
The Planet Crafter,Gameplay,4,3,1,0,75.0,25.0,0.0
The Planet Crafter,Story,3,1,2,0,33.33,66.67,0.0
The Planet Crafter,Graphics,1,1,0,0,100.0,0.0,0.0
The Planet Crafter,Difficulty,2,2,0,0,100.0,0.0,0.0
The Planet Crafter,Replayability,1,1,0,0,100.0,0.0,0.0
The Plucky Squire,Gameplay,59,45,13,1,76.27,22.03,1.69
The Plucky Squire,Story,34,30,4,0,88.24,11.76,0.0
The Plucky Squire,Graphics,21,19,2,0,90.48,9.52,0.0
The Plucky Squire,Characters,14,13,0,1,92.86,0.0,7.14
The Plucky Squire,Level Design,5,3,1,1,60.0,20.0,20.0
The Plucky Squire,Music & Sound,4,4,0,0,100.0,0.0,0.0
The Plucky Squire,Difficulty,19,14,5,0,73.68,26.32,0.0
The Plucky Squire,Performance,8,6,2,0,75.0,25.0,0.0
The Plucky Squire,Replayability,2,2,0,0,100.0,0.0,0.0
The Red Strings Club,Gameplay,12,7,5,0,58.33,41.67,0.0
The Red Strings Club,Story,26,18,7,1,69.23,26.92,3.85
The Red Strings Club,Graphics,4,3,1,0,75.0,25.0,0.0
The Red Strings Club,Characters,3,3,0,0,100.0,0.0,0.0
The Red Strings Club,Music & Sound,2,2,0,0,100.0,0.0,0.0
The Red Strings Club,Difficulty,1,1,0,0,100.0,0.0,0.0
The Red Strings Club,Replayability,1,0,1,0,0.0,100.0,0.0
The Riftbreaker,Gameplay,6,4,2,0,66.67,33.33,0.0
The Riftbreaker,Story,2,2,0,0,100.0,0.0,0.0
The Riftbreaker,Graphics,4,3,1,0,75.0,25.0,0.0
The Riftbreaker,Characters,1,1,0,0,100.0,0.0,0.0
The Riftbreaker,Music & Sound,1,1,0,0,100.0,0.0,0.0
The Riftbreaker,Difficulty,2,2,0,0,100.0,0.0,0.0
The Riftbreaker,Performance,1,1,0,0,100.0,0.0,0.0
The Rise of the Golden Idol,Gameplay,9,9,0,0,100.0,0.0,0.0
The Rise of the Golden Idol,Story,8,8,0,0,100.0,0.0,0.0
The Rise of the Golden Idol,Graphics,3,3,0,0,100.0,0.0,0.0
The Rise of the Golden Idol,Level Design,1,1,0,0,100.0,0.0,0.0
The Rise of the Golden Idol,Difficulty,3,3,0,0,100.0,0.0,0.0
The Rise of the Golden Idol,Performance,1,1,0,0,100.0,0.0,0.0
The Rise of the Golden Idol,Replayability,1,1,0,0,100.0,0.0,0.0
The Rogue Prince of Persia,Gameplay,40,33,7,0,82.5,17.5,0.0
The Rogue Prince of Persia,Story,11,8,3,0,72.73,27.27,0.0
The Rogue Prince of Persia,Graphics,9,9,0,0,100.0,0.0,0.0
The Rogue Prince of Persia,Characters,4,3,1,0,75.0,25.0,0.0
The Rogue Prince of Persia,Level Design,4,3,1,0,75.0,25.0,0.0
The Rogue Prince of Persia,Music & Sound,8,5,3,0,62.5,37.5,0.0
The Rogue Prince of Persia,Difficulty,12,10,2,0,83.33,16.67,0.0
The Rogue Prince of Persia,Performance,2,2,0,0,100.0,0.0,0.0
The Rogue Prince of Persia,Replayability,11,5,6,0,45.45,54.55,0.0
The Roottrees Are Dead,Gameplay,1,1,0,0,100.0,0.0,0.0
The Roottrees Are Dead,Story,4,4,0,0,100.0,0.0,0.0
The Roottrees Are Dead,Graphics,1,1,0,0,100.0,0.0,0.0
The Roottrees Are Dead,Level Design,1,1,0,0,100.0,0.0,0.0
The Roottrees Are Dead,Music & Sound,2,2,0,0,100.0,0.0,0.0
The Roottrees Are Dead,Replayability,1,1,0,0,100.0,0.0,0.0
The Sexy Brutale,Gameplay,12,8,4,0,66.67,33.33,0.0
The Sexy Brutale,Story,21,14,7,0,66.67,33.33,0.0
The Sexy Brutale,Graphics,7,4,3,0,57.14,42.86,0.0
The Sexy Brutale,Characters,4,3,1,0,75.0,25.0,0.0
The Sexy Brutale,Level Design,1,1,0,0,100.0,0.0,0.0
The Sexy Brutale,Music & Sound,10,8,2,0,80.0,20.0,0.0
The Sexy Brutale,Difficulty,11,9,2,0,81.82,18.18,0.0
The Sexy Brutale,Performance,7,4,3,0,57.14,42.86,0.0
The Sexy Brutale,Replayability,2,1,1,0,50.0,50.0,0.0
The Sims 4: Cats & Dogs,Gameplay,2,2,0,0,100.0,0.0,0.0
The Sims 4: Cats & Dogs,Difficulty,1,1,0,0,100.0,0.0,0.0
The Sims 4: Cats & Dogs,Replayability,1,1,0,0,100.0,0.0,0.0
The Sims 4: City Living,Gameplay,1,1,0,0,100.0,0.0,0.0
The Sims 4: City Living,Performance,1,1,0,0,100.0,0.0,0.0
The Sims 4: City Living,Replayability,1,1,0,0,100.0,0.0,0.0
The Sims 4: Cottage Living,Gameplay,2,1,1,0,50.0,50.0,0.0
The Sims 4: Cottage Living,Characters,1,1,0,0,100.0,0.0,0.0
The Sims 4: Cottage Living,Replayability,1,0,1,0,0.0,100.0,0.0
The Sims 4: Discover University,Gameplay,1,1,0,0,100.0,0.0,0.0
The Sims 4: Discover University,Difficulty,1,1,0,0,100.0,0.0,0.0
The Sims 4: Discover University,Performance,1,1,0,0,100.0,0.0,0.0
The Sims 4: Discover University,Replayability,1,1,0,0,100.0,0.0,0.0
The Sims 4: Dream Home Decorator,Gameplay,2,1,1,0,50.0,50.0,0.0
The Sims 4: Dream Home Decorator,Difficulty,1,1,0,0,100.0,0.0,0.0
The Sims 4: Dream Home Decorator,Replayability,2,2,0,0,100.0,0.0,0.0
The Sims 4: Eco Lifestyle,Gameplay,2,2,0,0,100.0,0.0,0.0
The Sims 4: Eco Lifestyle,Story,2,2,0,0,100.0,0.0,0.0
The Sims 4: Eco Lifestyle,Level Design,3,2,1,0,66.67,33.33,0.0
The Sims 4: Eco Lifestyle,Difficulty,1,1,0,0,100.0,0.0,0.0
The Sims 4: Eco Lifestyle,Performance,2,2,0,0,100.0,0.0,0.0
The Sims 4: Eco Lifestyle,Replayability,2,2,0,0,100.0,0.0,0.0
The Sims 4: Island Living,Replayability,1,1,0,0,100.0,0.0,0.0
The Sims 4: Seasons,Replayability,1,0,1,0,0.0,100.0,0.0
The Stanley Parable: Ultra Deluxe,Gameplay,5,4,1,0,80.0,20.0,0.0
The Stanley Parable: Ultra Deluxe,Story,11,10,1,0,90.91,9.09,0.0
The Stanley Parable: Ultra Deluxe,Level Design,1,1,0,0,100.0,0.0,0.0
The Stanley Parable: Ultra Deluxe,Music & Sound,1,1,0,0,100.0,0.0,0.0
The Stanley Parable: Ultra Deluxe,Difficulty,1,1,0,0,100.0,0.0,0.0
The Stanley Parable: Ultra Deluxe,Performance,1,1,0,0,100.0,0.0,0.0
The Stanley Parable: Ultra Deluxe,Replayability,16,14,2,0,87.5,12.5,0.0
The Swapper,Gameplay,7,6,1,0,85.71,14.29,0.0
The Swapper,Story,14,13,1,0,92.86,7.14,0.0
The Swapper,Graphics,8,7,0,1,87.5,0.0,12.5
The Swapper,Level Design,2,2,0,0,100.0,0.0,0.0
The Swapper,Music & Sound,2,2,0,0,100.0,0.0,0.0
The Swapper,Difficulty,9,9,0,0,100.0,0.0,0.0
The Swapper,Replayability,4,3,1,0,75.0,25.0,0.0
The Swords of Ditto: Mormo's Curse,Gameplay,1,1,0,0,100.0,0.0,0.0
The Swords of Ditto: Mormo's Curse,Graphics,1,1,0,0,100.0,0.0,0.0
The Séance of Blake Manor,Gameplay,4,3,1,0,75.0,25.0,0.0
The Séance of Blake Manor,Story,6,5,1,0,83.33,16.67,0.0
The Séance of Blake Manor,Characters,3,2,1,0,66.67,33.33,0.0
The Séance of Blake Manor,Difficulty,1,0,1,0,0.0,100.0,0.0
The Séance of Blake Manor,Performance,3,2,1,0,66.67,33.33,0.0
The Talos Principle,Gameplay,7,6,1,0,85.71,14.29,0.0
The Talos Principle,Story,15,14,1,0,93.33,6.67,0.0
The Talos Principle,Graphics,1,1,0,0,100.0,0.0,0.0
The Talos Principle,Level Design,4,4,0,0,100.0,0.0,0.0
The Talos Principle,Music & Sound,3,3,0,0,100.0,0.0,0.0
The Talos Principle,Difficulty,8,7,1,0,87.5,12.5,0.0
The Talos Principle,Performance,1,1,0,0,100.0,0.0,0.0
The Talos Principle,Replayability,4,4,0,0,100.0,0.0,0.0
The Talos Principle 2,Gameplay,11,10,1,0,90.91,9.09,0.0
The Talos Principle 2,Story,29,28,1,0,96.55,3.45,0.0
The Talos Principle 2,Graphics,4,4,0,0,100.0,0.0,0.0
The Talos Principle 2,Characters,5,5,0,0,100.0,0.0,0.0
The Talos Principle 2,Level Design,5,5,0,0,100.0,0.0,0.0
The Talos Principle 2,Music & Sound,3,3,0,0,100.0,0.0,0.0
The Talos Principle 2,Difficulty,11,10,1,0,90.91,9.09,0.0
The Talos Principle 2,Performance,3,3,0,0,100.0,0.0,0.0
The Talos Principle 2,Replayability,2,2,0,0,100.0,0.0,0.0
The Talos Principle 2: Road to Elysium,Gameplay,1,1,0,0,100.0,0.0,0.0
The Talos Principle 2: Road to Elysium,Story,1,1,0,0,100.0,0.0,0.0
The Talos Principle 2: Road to Elysium,Characters,1,1,0,0,100.0,0.0,0.0
The Talos Principle 2: Road to Elysium,Difficulty,2,2,0,0,100.0,0.0,0.0
The Talos Principle 2: Road to Elysium,Replayability,1,1,0,0,100.0,0.0,0.0
The Talos Principle: Reawakened,Gameplay,4,4,0,0,100.0,0.0,0.0
The Talos Principle: Reawakened,Story,6,6,0,0,100.0,0.0,0.0
The Talos Principle: Reawakened,Graphics,13,13,0,0,100.0,0.0,0.0
The Talos Principle: Reawakened,Characters,1,1,0,0,100.0,0.0,0.0
The Talos Principle: Reawakened,Level Design,4,4,0,0,100.0,0.0,0.0
The Talos Principle: Reawakened,Music & Sound,1,1,0,0,100.0,0.0,0.0
The Talos Principle: Reawakened,Difficulty,5,5,0,0,100.0,0.0,0.0
The Talos Principle: Reawakened,Replayability,5,5,0,0,100.0,0.0,0.0
The Talos Principle: Road To Gehenna,Story,1,1,0,0,100.0,0.0,0.0
The Talos Principle: Road To Gehenna,Level Design,1,1,0,0,100.0,0.0,0.0
The Talos Principle: Road To Gehenna,Difficulty,1,1,0,0,100.0,0.0,0.0
The Talos Principle: Road To Gehenna,Replayability,1,1,0,0,100.0,0.0,0.0
The Vale: Shadow of the Crown,Gameplay,5,4,1,0,80.0,20.0,0.0
The Vale: Shadow of the Crown,Story,3,3,0,0,100.0,0.0,0.0
The Vale: Shadow of the Crown,Graphics,1,0,1,0,0.0,100.0,0.0
The Vale: Shadow of the Crown,Music & Sound,8,7,1,0,87.5,12.5,0.0
The Vale: Shadow of the Crown,Difficulty,2,2,0,0,100.0,0.0,0.0
The Walking Dead: Saints & Sinners,Gameplay,8,8,0,0,100.0,0.0,0.0
The Walking Dead: Saints & Sinners,Story,7,6,1,0,85.71,14.29,0.0
The Walking Dead: Saints & Sinners,Characters,1,1,0,0,100.0,0.0,0.0
The Walking Dead: Saints & Sinners,Music & Sound,1,1,0,0,100.0,0.0,0.0
The Walking Dead: Saints & Sinners,Difficulty,2,1,1,0,50.0,50.0,0.0
The Walking Dead: Saints & Sinners,Performance,3,2,1,0,66.67,33.33,0.0
The Walking Dead: Saints & Sinners,Replayability,1,1,0,0,100.0,0.0,0.0
The Walking Dead: Season Two Episode 2 - A House Divided,Gameplay,3,2,1,0,66.67,33.33,0.0
The Walking Dead: Season Two Episode 2 - A House Divided,Story,19,13,5,1,68.42,26.32,5.26
The Walking Dead: Season Two Episode 2 - A House Divided,Characters,7,5,2,0,71.43,28.57,0.0
The Walking Dead: Season Two Episode 2 - A House Divided,Level Design,1,1,0,0,100.0,0.0,0.0
The Walking Dead: Season Two Episode 2 - A House Divided,Difficulty,4,4,0,0,100.0,0.0,0.0
The Walking Dead: Season Two Episode 2 - A House Divided,Performance,2,2,0,0,100.0,0.0,0.0
The Walking Dead: Season Two Episode 3 - In Harm's Way,Gameplay,1,1,0,0,100.0,0.0,0.0
The Walking Dead: Season Two Episode 3 - In Harm's Way,Story,8,5,3,0,62.5,37.5,0.0
The Walking Dead: Season Two Episode 3 - In Harm's Way,Characters,9,8,1,0,88.89,11.11,0.0
The Walking Dead: Season Two Episode 3 - In Harm's Way,Difficulty,3,3,0,0,100.0,0.0,0.0
The Walking Dead: The Telltale Definitive Series,Gameplay,1,1,0,0,100.0,0.0,0.0
The Walking Dead: The Telltale Definitive Series,Story,6,5,1,0,83.33,16.67,0.0
The Walking Dead: The Telltale Definitive Series,Graphics,6,6,0,0,100.0,0.0,0.0
The Walking Dead: The Telltale Definitive Series,Characters,2,2,0,0,100.0,0.0,0.0
The Walking Dead: The Telltale Definitive Series,Difficulty,4,4,0,0,100.0,0.0,0.0
The Walking Dead: The Telltale Definitive Series,Performance,3,3,0,0,100.0,0.0,0.0
The Walking Dead: The Telltale Definitive Series,Replayability,4,4,0,0,100.0,0.0,0.0
The Witcher 3: Wild Hunt,Gameplay,39,37,2,0,94.87,5.13,0.0
The Witcher 3: Wild Hunt,Story,37,36,1,0,97.3,2.7,0.0
The Witcher 3: Wild Hunt,Graphics,11,10,1,0,90.91,9.09,0.0
The Witcher 3: Wild Hunt,Characters,22,21,1,0,95.45,4.55,0.0
The Witcher 3: Wild Hunt,Level Design,7,7,0,0,100.0,0.0,0.0
The Witcher 3: Wild Hunt,Music & Sound,5,5,0,0,100.0,0.0,0.0
The Witcher 3: Wild Hunt,Difficulty,9,7,2,0,77.78,22.22,0.0
The Witcher 3: Wild Hunt,Performance,17,14,2,1,82.35,11.76,5.88
The Witcher 3: Wild Hunt,Replayability,20,20,0,0,100.0,0.0,0.0
The Witcher 3: Wild Hunt - Blood and Wine,Gameplay,8,8,0,0,100.0,0.0,0.0
The Witcher 3: Wild Hunt - Blood and Wine,Story,14,14,0,0,100.0,0.0,0.0
The Witcher 3: Wild Hunt - Blood and Wine,Graphics,1,1,0,0,100.0,0.0,0.0
The Witcher 3: Wild Hunt - Blood and Wine,Characters,8,8,0,0,100.0,0.0,0.0
The Witcher 3: Wild Hunt - Blood and Wine,Level Design,5,5,0,0,100.0,0.0,0.0
The Witcher 3: Wild Hunt - Blood and Wine,Music & Sound,1,1,0,0,100.0,0.0,0.0
The Witcher 3: Wild Hunt - Blood and Wine,Difficulty,2,2,0,0,100.0,0.0,0.0
The Witcher 3: Wild Hunt - Blood and Wine,Performance,1,1,0,0,100.0,0.0,0.0
The Witcher 3: Wild Hunt - Blood and Wine,Replayability,11,11,0,0,100.0,0.0,0.0
The Witcher 3: Wild Hunt - Complete Edition (Switch),Gameplay,3,3,0,0,100.0,0.0,0.0
The Witcher 3: Wild Hunt - Complete Edition (Switch),Story,2,2,0,0,100.0,0.0,0.0
The Witcher 3: Wild Hunt - Complete Edition (Switch),Graphics,15,15,0,0,100.0,0.0,0.0
The Witcher 3: Wild Hunt - Complete Edition (Switch),Characters,2,2,0,0,100.0,0.0,0.0
The Witcher 3: Wild Hunt - Complete Edition (Switch),Difficulty,2,2,0,0,100.0,0.0,0.0
The Witcher 3: Wild Hunt - Complete Edition (Switch),Performance,13,13,0,0,100.0,0.0,0.0
The Witcher 3: Wild Hunt - Complete Edition (Switch),Replayability,3,2,1,0,66.67,33.33,0.0
The Witcher 3: Wild Hunt - Hearts of Stone,Gameplay,10,8,2,0,80.0,20.0,0.0
The Witcher 3: Wild Hunt - Hearts of Stone,Story,26,25,1,0,96.15,3.85,0.0
The Witcher 3: Wild Hunt - Hearts of Stone,Graphics,1,1,0,0,100.0,0.0,0.0
The Witcher 3: Wild Hunt - Hearts of Stone,Characters,15,15,0,0,100.0,0.0,0.0
The Witcher 3: Wild Hunt - Hearts of Stone,Level Design,3,3,0,0,100.0,0.0,0.0
The Witcher 3: Wild Hunt - Hearts of Stone,Difficulty,3,2,1,0,66.67,33.33,0.0
The Witcher 3: Wild Hunt - Hearts of Stone,Replayability,14,14,0,0,100.0,0.0,0.0
The Witness,Gameplay,15,11,4,0,73.33,26.67,0.0
The Witness,Story,10,5,4,1,50.0,40.0,10.0
The Witness,Graphics,2,2,0,0,100.0,0.0,0.0
The Witness,Level Design,4,1,2,1,25.0,50.0,25.0
The Witness,Music & Sound,1,1,0,0,100.0,0.0,0.0
The Witness,Difficulty,17,14,3,0,82.35,17.65,0.0
The Witness,Replayability,3,3,0,0,100.0,0.0,0.0
The Wizards,Gameplay,6,4,2,0,66.67,33.33,0.0
The Wizards,Level Design,2,1,1,0,50.0,50.0,0.0
The Wizards,Difficulty,2,2,0,0,100.0,0.0,0.0
The Wizards,Replayability,1,0,1,0,0.0,100.0,0.0
The Wolf Among Us: Episode 1 - Faith,Gameplay,1,0,1,0,0.0,100.0,0.0
The Wolf Among Us: Episode 1 - Faith,Story,4,3,1,0,75.0,25.0,0.0
The Wolf Among Us: Episode 1 - Faith,Characters,2,1,1,0,50.0,50.0,0.0
The Wolf Among Us: Episode 1 - Faith,Performance,1,0,1,0,0.0,100.0,0.0
The Wolf Among Us: Episode 3 - A Crooked Mile,Gameplay,4,3,1,0,75.0,25.0,0.0
The Wolf Among Us: Episode 3 - A Crooked Mile,Story,11,8,3,0,72.73,27.27,0.0
The Wolf Among Us: Episode 3 - A Crooked Mile,Graphics,2,1,1,0,50.0,50.0,0.0
The Wolf Among Us: Episode 3 - A Crooked Mile,Characters,9,9,0,0,100.0,0.0,0.0
The Wolf Among Us: Episode 3 - A Crooked Mile,Level Design,1,0,1,0,0.0,100.0,0.0
The Wolf Among Us: Episode 3 - A Crooked Mile,Music & Sound,2,1,1,0,50.0,50.0,0.0
The Wolf Among Us: Episode 3 - A Crooked Mile,Difficulty,2,1,1,0,50.0,50.0,0.0
The Wolf Among Us: Episode 3 - A Crooked Mile,Replayability,2,2,0,0,100.0,0.0,0.0
The Wolf Among Us: Episode 5 - Cry Wolf,Gameplay,2,2,0,0,100.0,0.0,0.0
The Wolf Among Us: Episode 5 - Cry Wolf,Story,7,7,0,0,100.0,0.0,0.0
The Wolf Among Us: Episode 5 - Cry Wolf,Characters,4,4,0,0,100.0,0.0,0.0
The Wolf Among Us: Episode 5 - Cry Wolf,Difficulty,1,1,0,0,100.0,0.0,0.0
The Wolf Among Us: Episode 5 - Cry Wolf,Replayability,3,3,0,0,100.0,0.0,0.0
The Wolf Among Us: Season One,Gameplay,3,3,0,0,100.0,0.0,0.0
The Wolf Among Us: Season One,Story,3,2,1,0,66.67,33.33,0.0
The Wolf Among Us: Season One,Graphics,1,1,0,0,100.0,0.0,0.0
The Wolf Among Us: Season One,Characters,1,1,0,0,100.0,0.0,0.0
The Wolf Among Us: Season One,Level Design,1,0,1,0,0.0,100.0,0.0
The Wolf Among Us: Season One,Performance,1,1,0,0,100.0,0.0,0.0
Theatrhythm Final Bar Line,Gameplay,20,19,1,0,95.0,5.0,0.0
Theatrhythm Final Bar Line,Graphics,4,3,1,0,75.0,25.0,0.0
Theatrhythm Final Bar Line,Characters,9,8,1,0,88.89,11.11,0.0
Theatrhythm Final Bar Line,Level Design,6,6,0,0,100.0,0.0,0.0
Theatrhythm Final Bar Line,Music & Sound,32,29,3,0,90.62,9.38,0.0
Theatrhythm Final Bar Line,Difficulty,12,11,1,0,91.67,8.33,0.0
Theatrhythm Final Bar Line,Performance,1,1,0,0,100.0,0.0,0.0
Theatrhythm Final Bar Line,Replayability,24,24,0,0,100.0,0.0,0.0
Theatrhythm Final Fantasy: Curtain Call,Gameplay,6,6,0,0,100.0,0.0,0.0
Theatrhythm Final Fantasy: Curtain Call,Characters,5,4,1,0,80.0,20.0,0.0
Theatrhythm Final Fantasy: Curtain Call,Level Design,1,1,0,0,100.0,0.0,0.0
Theatrhythm Final Fantasy: Curtain Call,Music & Sound,15,14,1,0,93.33,6.67,0.0
Theatrhythm Final Fantasy: Curtain Call,Difficulty,2,2,0,0,100.0,0.0,0.0
Theatrhythm Final Fantasy: Curtain Call,Replayability,7,7,0,0,100.0,0.0,0.0
Them's Fightin' Herds,Gameplay,6,4,2,0,66.67,33.33,0.0
Them's Fightin' Herds,Story,13,9,4,0,69.23,30.77,0.0
Them's Fightin' Herds,Graphics,5,2,3,0,40.0,60.0,0.0
Them's Fightin' Herds,Characters,9,4,5,0,44.44,55.56,0.0
Them's Fightin' Herds,Level Design,2,1,1,0,50.0,50.0,0.0
Them's Fightin' Herds,Music & Sound,1,1,0,0,100.0,0.0,0.0
Them's Fightin' Herds,Difficulty,4,3,1,0,75.0,25.0,0.0
Them's Fightin' Herds,Performance,2,0,2,0,0.0,100.0,0.0
Them's Fightin' Herds,Replayability,5,2,3,0,40.0,60.0,0.0
There Is No Game: Wrong Dimension,Gameplay,2,2,0,0,100.0,0.0,0.0
There Is No Game: Wrong Dimension,Story,3,3,0,0,100.0,0.0,0.0
There Is No Game: Wrong Dimension,Graphics,1,1,0,0,100.0,0.0,0.0
There Is No Game: Wrong Dimension,Difficulty,2,2,0,0,100.0,0.0,0.0
Thimbleweed Park,Gameplay,10,6,4,0,60.0,40.0,0.0
Thimbleweed Park,Story,25,21,4,0,84.0,16.0,0.0
Thimbleweed Park,Graphics,2,2,0,0,100.0,0.0,0.0
Thimbleweed Park,Characters,21,18,3,0,85.71,14.29,0.0
Thimbleweed Park,Level Design,4,2,2,0,50.0,50.0,0.0
Thimbleweed Park,Difficulty,8,7,1,0,87.5,12.5,0.0
Thimbleweed Park,Replayability,1,0,1,0,0.0,100.0,0.0
This Bed We Made,Gameplay,1,1,0,0,100.0,0.0,0.0
This Bed We Made,Story,9,7,2,0,77.78,22.22,0.0
This Bed We Made,Graphics,3,3,0,0,100.0,0.0,0.0
This Bed We Made,Characters,2,2,0,0,100.0,0.0,0.0
This Bed We Made,Music & Sound,2,2,0,0,100.0,0.0,0.0
This Bed We Made,Difficulty,1,1,0,0,100.0,0.0,0.0
This Bed We Made,Replayability,1,0,1,0,0.0,100.0,0.0
This War Of Mine: Final Cut,Gameplay,3,3,0,0,100.0,0.0,0.0
This War Of Mine: Final Cut,Story,2,2,0,0,100.0,0.0,0.0
This War Of Mine: Final Cut,Characters,1,1,0,0,100.0,0.0,0.0
This War Of Mine: Final Cut,Music & Sound,1,1,0,0,100.0,0.0,0.0
This War Of Mine: Final Cut,Difficulty,2,2,0,0,100.0,0.0,0.0
This War Of Mine: Final Cut,Performance,2,2,0,0,100.0,0.0,0.0
This War Of Mine: Final Cut,Replayability,2,2,0,0,100.0,0.0,0.0
This War of Mine,Gameplay,12,9,3,0,75.0,25.0,0.0
This War of Mine,Story,4,3,1,0,75.0,25.0,0.0
This War of Mine,Graphics,6,5,1,0,83.33,16.67,0.0
This War of Mine,Characters,4,2,2,0,50.0,50.0,0.0
This War of Mine,Level Design,2,1,1,0,50.0,50.0,0.0
This War of Mine,Music & Sound,2,2,0,0,100.0,0.0,0.0
This War of Mine,Difficulty,12,10,2,0,83.33,16.67,0.0
This War of Mine,Replayability,2,2,0,0,100.0,0.0,0.0
This Way Madness Lies,Gameplay,6,6,0,0,100.0,0.0,0.0
This Way Madness Lies,Story,4,4,0,0,100.0,0.0,0.0
This Way Madness Lies,Graphics,1,1,0,0,100.0,0.0,0.0
This Way Madness Lies,Music & Sound,2,2,0,0,100.0,0.0,0.0
This Way Madness Lies,Difficulty,1,1,0,0,100.0,0.0,0.0
This Way Madness Lies,Replayability,1,1,0,0,100.0,0.0,0.0
Threshold,Gameplay,5,2,3,0,40.0,60.0,0.0
Threshold,Story,2,2,0,0,100.0,0.0,0.0
Threshold,Graphics,4,3,1,0,75.0,25.0,0.0
Threshold,Performance,2,1,1,0,50.0,50.0,0.0
Thronebreaker: The Witcher Tales,Gameplay,22,19,3,0,86.36,13.64,0.0
Thronebreaker: The Witcher Tales,Story,33,26,7,0,78.79,21.21,0.0
Thronebreaker: The Witcher Tales,Graphics,4,4,0,0,100.0,0.0,0.0
Thronebreaker: The Witcher Tales,Characters,16,14,2,0,87.5,12.5,0.0
Thronebreaker: The Witcher Tales,Level Design,2,2,0,0,100.0,0.0,0.0
Thronebreaker: The Witcher Tales,Music & Sound,1,1,0,0,100.0,0.0,0.0
Thronebreaker: The Witcher Tales,Difficulty,15,13,2,0,86.67,13.33,0.0
Thronebreaker: The Witcher Tales,Performance,2,2,0,0,100.0,0.0,0.0
Thronebreaker: The Witcher Tales,Replayability,2,2,0,0,100.0,0.0,0.0
Thronefall,Gameplay,4,4,0,0,100.0,0.0,0.0
Thronefall,Graphics,1,1,0,0,100.0,0.0,0.0
Thronefall,Level Design,1,1,0,0,100.0,0.0,0.0
Thronefall,Difficulty,3,3,0,0,100.0,0.0,0.0
Thronefall,Performance,2,2,0,0,100.0,0.0,0.0
Thronefall,Replayability,2,2,0,0,100.0,0.0,0.0
Thumper,Gameplay,6,6,0,0,100.0,0.0,0.0
Thumper,Graphics,8,8,0,0,100.0,0.0,0.0
Thumper,Level Design,6,5,1,0,83.33,16.67,0.0
Thumper,Music & Sound,18,17,1,0,94.44,5.56,0.0
Thumper,Difficulty,17,17,0,0,100.0,0.0,0.0
Thumper,Performance,1,1,0,0,100.0,0.0,0.0
Thumper,Replayability,1,1,0,0,100.0,0.0,0.0
Thumper (VR),Gameplay,2,2,0,0,100.0,0.0,0.0
Thumper (VR),Graphics,2,2,0,0,100.0,0.0,0.0
Thumper (VR),Level Design,1,1,0,0,100.0,0.0,0.0
Thumper (VR),Music & Sound,2,2,0,0,100.0,0.0,0.0
Thumper (VR),Difficulty,1,0,1,0,0.0,100.0,0.0
Timberborn,Gameplay,6,4,2,0,66.67,33.33,0.0
Timberborn,Story,2,2,0,0,100.0,0.0,0.0
Timberborn,Graphics,1,1,0,0,100.0,0.0,0.0
Timberborn,Characters,1,1,0,0,100.0,0.0,0.0
Timberborn,Level Design,1,1,0,0,100.0,0.0,0.0
Timberborn,Music & Sound,1,1,0,0,100.0,0.0,0.0
Timberborn,Difficulty,2,2,0,0,100.0,0.0,0.0
Timberborn,Performance,1,1,0,0,100.0,0.0,0.0
Timberborn,Replayability,3,2,1,0,66.67,33.33,0.0
Time Flies,Gameplay,8,6,1,1,75.0,12.5,12.5
Time Flies,Story,2,2,0,0,100.0,0.0,0.0
Time Flies,Graphics,3,3,0,0,100.0,0.0,0.0
Time Flies,Level Design,4,4,0,0,100.0,0.0,0.0
Time Flies,Music & Sound,2,1,0,1,50.0,0.0,50.0
Time Flies,Difficulty,1,1,0,0,100.0,0.0,0.0
Timemelters,Gameplay,1,1,0,0,100.0,0.0,0.0
Timemelters,Story,1,1,0,0,100.0,0.0,0.0
Timemelters,Characters,1,1,0,0,100.0,0.0,0.0
Timemelters,Performance,1,1,0,0,100.0,0.0,0.0
Tiny Bookshop,Gameplay,13,8,5,0,61.54,38.46,0.0
Tiny Bookshop,Story,10,5,5,0,50.0,50.0,0.0
Tiny Bookshop,Graphics,3,2,1,0,66.67,33.33,0.0
Tiny Bookshop,Characters,7,4,3,0,57.14,42.86,0.0
Tiny Bookshop,Music & Sound,3,0,3,0,0.0,100.0,0.0
Tiny Bookshop,Difficulty,4,4,0,0,100.0,0.0,0.0
Tiny Bookshop,Replayability,2,1,1,0,50.0,50.0,0.0
Tiny Terry's Turbo Trip,Gameplay,9,5,4,0,55.56,44.44,0.0
Tiny Terry's Turbo Trip,Story,5,4,1,0,80.0,20.0,0.0
Tiny Terry's Turbo Trip,Characters,5,4,1,0,80.0,20.0,0.0
Tiny Terry's Turbo Trip,Level Design,3,2,1,0,66.67,33.33,0.0
Tiny Terry's Turbo Trip,Difficulty,2,0,2,0,0.0,100.0,0.0
Tiny Terry's Turbo Trip,Performance,2,1,1,0,50.0,50.0,0.0
Tinykin,Gameplay,27,21,6,0,77.78,22.22,0.0
Tinykin,Story,4,4,0,0,100.0,0.0,0.0
Tinykin,Graphics,8,6,2,0,75.0,25.0,0.0
Tinykin,Characters,2,2,0,0,100.0,0.0,0.0
Tinykin,Level Design,7,6,1,0,85.71,14.29,0.0
Tinykin,Music & Sound,1,1,0,0,100.0,0.0,0.0
Tinykin,Difficulty,3,2,1,0,66.67,33.33,0.0
Tinykin,Performance,3,2,1,0,66.67,33.33,0.0
Tinykin,Replayability,2,2,0,0,100.0,0.0,0.0
Titanfall,Gameplay,17,16,1,0,94.12,5.88,0.0
Titanfall,Story,5,3,2,0,60.0,40.0,0.0
Titanfall,Graphics,1,1,0,0,100.0,0.0,0.0
Titanfall,Level Design,6,6,0,0,100.0,0.0,0.0
Titanfall,Difficulty,2,1,1,0,50.0,50.0,0.0
Titanfall,Performance,12,10,2,0,83.33,16.67,0.0
Titanfall,Replayability,2,2,0,0,100.0,0.0,0.0
Titanfall 2,Gameplay,29,28,1,0,96.55,3.45,0.0
Titanfall 2,Story,13,11,2,0,84.62,15.38,0.0
Titanfall 2,Graphics,1,1,0,0,100.0,0.0,0.0
Titanfall 2,Characters,3,3,0,0,100.0,0.0,0.0
Titanfall 2,Level Design,8,5,3,0,62.5,37.5,0.0
Titanfall 2,Music & Sound,1,1,0,0,100.0,0.0,0.0
Titanfall 2,Difficulty,5,4,1,0,80.0,20.0,0.0
Titanfall 2,Performance,21,20,1,0,95.24,4.76,0.0
Titanfall 2,Replayability,7,5,2,0,71.43,28.57,0.0
Titanium Court,Gameplay,3,3,0,0,100.0,0.0,0.0
Titanium Court,Story,3,3,0,0,100.0,0.0,0.0
Titanium Court,Difficulty,1,1,0,0,100.0,0.0,0.0
To The Moon,Gameplay,4,4,0,0,100.0,0.0,0.0
To The Moon,Story,9,9,0,0,100.0,0.0,0.0
To The Moon,Graphics,1,1,0,0,100.0,0.0,0.0
To The Moon,Music & Sound,1,1,0,0,100.0,0.0,0.0
To The Moon,Difficulty,3,3,0,0,100.0,0.0,0.0
To The Moon,Performance,1,1,0,0,100.0,0.0,0.0
Toki Tori,Gameplay,3,3,0,0,100.0,0.0,0.0
Toki Tori,Graphics,2,2,0,0,100.0,0.0,0.0
Toki Tori,Characters,1,1,0,0,100.0,0.0,0.0
Toki Tori,Level Design,5,5,0,0,100.0,0.0,0.0
Toki Tori,Music & Sound,2,2,0,0,100.0,0.0,0.0
Toki Tori,Difficulty,4,4,0,0,100.0,0.0,0.0
Toki Tori 2+,Gameplay,6,5,1,0,83.33,16.67,0.0
Toki Tori 2+,Graphics,1,0,1,0,0.0,100.0,0.0
Toki Tori 2+,Level Design,3,2,1,0,66.67,33.33,0.0
Toki Tori 2+,Difficulty,6,6,0,0,100.0,0.0,0.0
Toki Tori 2+,Replayability,1,1,0,0,100.0,0.0,0.0
Tokyo Mirage Sessions #FE,Gameplay,13,12,1,0,92.31,7.69,0.0
Tokyo Mirage Sessions #FE,Story,11,6,5,0,54.55,45.45,0.0
Tokyo Mirage Sessions #FE,Graphics,2,2,0,0,100.0,0.0,0.0
Tokyo Mirage Sessions #FE,Characters,10,7,3,0,70.0,30.0,0.0
Tokyo Mirage Sessions #FE,Level Design,2,1,1,0,50.0,50.0,0.0
Tokyo Mirage Sessions #FE,Music & Sound,5,4,1,0,80.0,20.0,0.0
Tokyo Mirage Sessions #FE,Difficulty,2,1,1,0,50.0,50.0,0.0
Tokyo Mirage Sessions #FE,Performance,6,4,2,0,66.67,33.33,0.0
Tokyo Mirage Sessions #FE,Replayability,1,1,0,0,100.0,0.0,0.0
Tokyo Mirage Sessions #FE Encore,Gameplay,12,9,2,1,75.0,16.67,8.33
Tokyo Mirage Sessions #FE Encore,Story,15,13,2,0,86.67,13.33,0.0
Tokyo Mirage Sessions #FE Encore,Graphics,2,2,0,0,100.0,0.0,0.0
Tokyo Mirage Sessions #FE Encore,Characters,10,6,4,0,60.0,40.0,0.0
Tokyo Mirage Sessions #FE Encore,Level Design,1,1,0,0,100.0,0.0,0.0
Tokyo Mirage Sessions #FE Encore,Music & Sound,12,10,2,0,83.33,16.67,0.0
Tokyo Mirage Sessions #FE Encore,Difficulty,3,3,0,0,100.0,0.0,0.0
Tokyo Mirage Sessions #FE Encore,Performance,1,1,0,0,100.0,0.0,0.0
Tokyo Mirage Sessions #FE Encore,Replayability,10,10,0,0,100.0,0.0,0.0
Tom Clancy's The Division 2,Gameplay,33,28,5,0,84.85,15.15,0.0
Tom Clancy's The Division 2,Story,30,23,7,0,76.67,23.33,0.0
Tom Clancy's The Division 2,Graphics,7,7,0,0,100.0,0.0,0.0
Tom Clancy's The Division 2,Characters,9,8,1,0,88.89,11.11,0.0
Tom Clancy's The Division 2,Level Design,6,5,1,0,83.33,16.67,0.0
Tom Clancy's The Division 2,Music & Sound,3,3,0,0,100.0,0.0,0.0
Tom Clancy's The Division 2,Difficulty,7,7,0,0,100.0,0.0,0.0
Tom Clancy's The Division 2,Performance,9,7,2,0,77.78,22.22,0.0
Tom Clancy's The Division 2,Replayability,41,37,4,0,90.24,9.76,0.0
Tom Clancy's The Division 2: Battle for Brooklyn,Gameplay,2,2,0,0,100.0,0.0,0.0
Tom Clancy's The Division 2: Battle for Brooklyn,Story,3,2,1,0,66.67,33.33,0.0
Tom Clancy's The Division 2: Battle for Brooklyn,Replayability,2,1,1,0,50.0,50.0,0.0
Tomb Raider,Gameplay,5,5,0,0,100.0,0.0,0.0
Tomb Raider,Story,2,2,0,0,100.0,0.0,0.0
Tomb Raider,Graphics,12,10,2,0,83.33,16.67,0.0
Tomb Raider,Characters,2,1,1,0,50.0,50.0,0.0
Tomb Raider,Level Design,1,1,0,0,100.0,0.0,0.0
Tomb Raider,Difficulty,3,3,0,0,100.0,0.0,0.0
Tomb Raider,Performance,1,1,0,0,100.0,0.0,0.0
Tomb Raider,Replayability,4,4,0,0,100.0,0.0,0.0
Tombwater,Gameplay,6,6,0,0,100.0,0.0,0.0
Tombwater,Story,2,2,0,0,100.0,0.0,0.0
Tombwater,Characters,1,1,0,0,100.0,0.0,0.0
Tombwater,Level Design,3,3,0,0,100.0,0.0,0.0
Tombwater,Music & Sound,1,1,0,0,100.0,0.0,0.0
Tombwater,Difficulty,2,2,0,0,100.0,0.0,0.0
Tony Hawk's Pro Skater 1 + 2,Gameplay,45,43,2,0,95.56,4.44,0.0
Tony Hawk's Pro Skater 1 + 2,Story,1,1,0,0,100.0,0.0,0.0
Tony Hawk's Pro Skater 1 + 2,Graphics,21,21,0,0,100.0,0.0,0.0
Tony Hawk's Pro Skater 1 + 2,Characters,4,4,0,0,100.0,0.0,0.0
Tony Hawk's Pro Skater 1 + 2,Level Design,18,18,0,0,100.0,0.0,0.0
Tony Hawk's Pro Skater 1 + 2,Music & Sound,28,28,0,0,100.0,0.0,0.0
Tony Hawk's Pro Skater 1 + 2,Difficulty,13,13,0,0,100.0,0.0,0.0
Tony Hawk's Pro Skater 1 + 2,Performance,9,8,1,0,88.89,11.11,0.0
Tony Hawk's Pro Skater 1 + 2,Replayability,12,10,2,0,83.33,16.67,0.0
Tony Hawk's Pro Skater 3 + 4,Gameplay,52,44,7,1,84.62,13.46,1.92
Tony Hawk's Pro Skater 3 + 4,Story,2,2,0,0,100.0,0.0,0.0
Tony Hawk's Pro Skater 3 + 4,Graphics,23,21,2,0,91.3,8.7,0.0
Tony Hawk's Pro Skater 3 + 4,Characters,4,3,0,1,75.0,0.0,25.0
Tony Hawk's Pro Skater 3 + 4,Level Design,26,22,3,1,84.62,11.54,3.85
Tony Hawk's Pro Skater 3 + 4,Music & Sound,34,30,3,1,88.24,8.82,2.94
Tony Hawk's Pro Skater 3 + 4,Difficulty,9,6,3,0,66.67,33.33,0.0
Tony Hawk's Pro Skater 3 + 4,Performance,9,6,3,0,66.67,33.33,0.0
Tony Hawk's Pro Skater 3 + 4,Replayability,26,23,3,0,88.46,11.54,0.0
Toodee and Topdee,Gameplay,7,3,4,0,42.86,57.14,0.0
Toodee and Topdee,Story,3,2,1,0,66.67,33.33,0.0
Toodee and Topdee,Graphics,1,1,0,0,100.0,0.0,0.0
Toodee and Topdee,Characters,3,3,0,0,100.0,0.0,0.0
Toodee and Topdee,Level Design,2,2,0,0,100.0,0.0,0.0
Toodee and Topdee,Difficulty,4,3,1,0,75.0,25.0,0.0
Toodee and Topdee,Replayability,2,2,0,0,100.0,0.0,0.0
Torchlight II,Gameplay,11,6,5,0,54.55,45.45,0.0
Torchlight II,Story,4,4,0,0,100.0,0.0,0.0
Torchlight II,Graphics,2,2,0,0,100.0,0.0,0.0
Torchlight II,Level Design,1,0,1,0,0.0,100.0,0.0
Torchlight II,Music & Sound,1,1,0,0,100.0,0.0,0.0
Torchlight II,Difficulty,1,1,0,0,100.0,0.0,0.0
Torchlight II,Performance,2,2,0,0,100.0,0.0,0.0
Torchlight II,Replayability,5,5,0,0,100.0,0.0,0.0
Torment: Tides of Numenera,Gameplay,23,18,5,0,78.26,21.74,0.0
Torment: Tides of Numenera,Story,46,37,8,1,80.43,17.39,2.17
Torment: Tides of Numenera,Graphics,4,2,2,0,50.0,50.0,0.0
Torment: Tides of Numenera,Characters,14,12,1,1,85.71,7.14,7.14
Torment: Tides of Numenera,Level Design,3,3,0,0,100.0,0.0,0.0
Torment: Tides of Numenera,Music & Sound,1,1,0,0,100.0,0.0,0.0
Torment: Tides of Numenera,Difficulty,7,3,3,1,42.86,42.86,14.29
Torment: Tides of Numenera,Performance,9,4,4,1,44.44,44.44,11.11
Torment: Tides of Numenera,Replayability,9,8,1,0,88.89,11.11,0.0
Tormentor X Punisher,Gameplay,1,1,0,0,100.0,0.0,0.0
Tormentor X Punisher,Difficulty,2,2,0,0,100.0,0.0,0.0
Tormenture,Gameplay,1,0,1,0,0.0,100.0,0.0
Torn Away,Gameplay,8,6,2,0,75.0,25.0,0.0
Torn Away,Story,11,9,2,0,81.82,18.18,0.0
Torn Away,Graphics,2,1,1,0,50.0,50.0,0.0
Torn Away,Characters,4,4,0,0,100.0,0.0,0.0
Torn Away,Music & Sound,1,1,0,0,100.0,0.0,0.0
Torn Away,Difficulty,3,2,0,1,66.67,0.0,33.33
Torn Away,Performance,1,0,1,0,0.0,100.0,0.0
Torn Away,Replayability,1,0,1,0,0.0,100.0,0.0
Total War: THREE KINGDOMS,Gameplay,9,9,0,0,100.0,0.0,0.0
Total War: THREE KINGDOMS,Story,3,3,0,0,100.0,0.0,0.0
Total War: THREE KINGDOMS,Graphics,3,2,1,0,66.67,33.33,0.0
Total War: THREE KINGDOMS,Characters,10,10,0,0,100.0,0.0,0.0
Total War: THREE KINGDOMS,Level Design,1,1,0,0,100.0,0.0,0.0
Total War: THREE KINGDOMS,Difficulty,6,5,1,0,83.33,16.67,0.0
Total War: THREE KINGDOMS,Performance,2,1,1,0,50.0,50.0,0.0
Total War: THREE KINGDOMS,Replayability,1,0,1,0,0.0,100.0,0.0
Total War: Three Kingdoms - A World Betrayed,Gameplay,2,2,0,0,100.0,0.0,0.0
Total War: Three Kingdoms - A World Betrayed,Level Design,1,1,0,0,100.0,0.0,0.0
Total War: Three Kingdoms - A World Betrayed,Replayability,1,0,1,0,0.0,100.0,0.0
Total War: WARHAMMER II - Curse of the Vampire Coast,Gameplay,3,3,0,0,100.0,0.0,0.0
Total War: WARHAMMER II - Curse of the Vampire Coast,Graphics,1,0,1,0,0.0,100.0,0.0
Total War: Warhammer,Gameplay,10,10,0,0,100.0,0.0,0.0
Total War: Warhammer,Story,2,2,0,0,100.0,0.0,0.0
Total War: Warhammer,Graphics,1,1,0,0,100.0,0.0,0.0
Total War: Warhammer,Characters,1,1,0,0,100.0,0.0,0.0
Total War: Warhammer,Level Design,1,1,0,0,100.0,0.0,0.0
Total War: Warhammer,Music & Sound,1,1,0,0,100.0,0.0,0.0
Total War: Warhammer,Difficulty,3,2,1,0,66.67,33.33,0.0
Total War: Warhammer,Performance,2,2,0,0,100.0,0.0,0.0
Total War: Warhammer,Replayability,1,0,1,0,0.0,100.0,0.0
Total War: Warhammer - The King And The Warlord,Gameplay,1,0,1,0,0.0,100.0,0.0
Total War: Warhammer - The King And The Warlord,Replayability,1,1,0,0,100.0,0.0,0.0
Total War: Warhammer 2 - Rise of the Tomb Kings,Gameplay,2,2,0,0,100.0,0.0,0.0
Total War: Warhammer 2 - Rise of the Tomb Kings,Replayability,1,0,1,0,0.0,100.0,0.0
Total War: Warhammer 3 Thrones of Decay,Gameplay,2,1,1,0,50.0,50.0,0.0
Total War: Warhammer 3 Thrones of Decay,Replayability,3,3,0,0,100.0,0.0,0.0
Total War: Warhammer II,Gameplay,7,6,1,0,85.71,14.29,0.0
Total War: Warhammer II,Story,6,5,1,0,83.33,16.67,0.0
Total War: Warhammer II,Characters,1,1,0,0,100.0,0.0,0.0
Total War: Warhammer II,Level Design,6,6,0,0,100.0,0.0,0.0
Total War: Warhammer II,Difficulty,5,5,0,0,100.0,0.0,0.0
Total War: Warhammer II,Performance,2,2,0,0,100.0,0.0,0.0
Total War: Warhammer II,Replayability,6,5,1,0,83.33,16.67,0.0
Total War: Warhammer III,Gameplay,24,22,2,0,91.67,8.33,0.0
Total War: Warhammer III,Story,10,8,2,0,80.0,20.0,0.0
Total War: Warhammer III,Graphics,3,2,1,0,66.67,33.33,0.0
Total War: Warhammer III,Characters,1,1,0,0,100.0,0.0,0.0
Total War: Warhammer III,Level Design,5,3,2,0,60.0,40.0,0.0
Total War: Warhammer III,Music & Sound,1,1,0,0,100.0,0.0,0.0
Total War: Warhammer III,Difficulty,4,4,0,0,100.0,0.0,0.0
Total War: Warhammer III,Performance,7,5,2,0,71.43,28.57,0.0
Total War: Warhammer III,Replayability,4,4,0,0,100.0,0.0,0.0
Total War: Warhammer III - Forge of the Chaos Dwarfs,Gameplay,4,4,0,0,100.0,0.0,0.0
Total War: Warhammer III - Forge of the Chaos Dwarfs,Characters,1,1,0,0,100.0,0.0,0.0
Total War: Warhammer III - Forge of the Chaos Dwarfs,Difficulty,1,1,0,0,100.0,0.0,0.0
Total War: Warhammer III - Forge of the Chaos Dwarfs,Performance,1,1,0,0,100.0,0.0,0.0
Total War: Warhammer III - Forge of the Chaos Dwarfs,Replayability,2,2,0,0,100.0,0.0,0.0
TowerFall,Characters,1,1,0,0,100.0,0.0,0.0
TowerFall Ascension,Gameplay,5,4,1,0,80.0,20.0,0.0
TowerFall Ascension,Graphics,2,2,0,0,100.0,0.0,0.0
TowerFall Ascension,Characters,1,1,0,0,100.0,0.0,0.0
TowerFall Ascension,Level Design,2,2,0,0,100.0,0.0,0.0
TowerFall Ascension,Music & Sound,1,1,0,0,100.0,0.0,0.0
TowerFall Ascension,Difficulty,7,5,2,0,71.43,28.57,0.0
TowerFall Ascension,Replayability,3,2,1,0,66.67,33.33,0.0
Traffix,Gameplay,1,1,0,0,100.0,0.0,0.0
Traffix,Level Design,2,1,1,0,50.0,50.0,0.0
Traffix,Music & Sound,2,1,1,0,50.0,50.0,0.0
Traffix,Difficulty,1,1,0,0,100.0,0.0,0.0
Trails in the Sky 1st Chapter,Gameplay,30,29,1,0,96.67,3.33,0.0
Trails in the Sky 1st Chapter,Story,28,27,1,0,96.43,3.57,0.0
Trails in the Sky 1st Chapter,Graphics,17,17,0,0,100.0,0.0,0.0
Trails in the Sky 1st Chapter,Characters,16,16,0,0,100.0,0.0,0.0
Trails in the Sky 1st Chapter,Level Design,1,1,0,0,100.0,0.0,0.0
Trails in the Sky 1st Chapter,Music & Sound,6,6,0,0,100.0,0.0,0.0
Trails in the Sky 1st Chapter,Difficulty,5,5,0,0,100.0,0.0,0.0
Trails in the Sky 1st Chapter,Performance,2,2,0,0,100.0,0.0,0.0
Trails in the Sky 1st Chapter,Replayability,2,2,0,0,100.0,0.0,0.0
Transistor,Gameplay,42,36,5,1,85.71,11.9,2.38
Transistor,Story,37,30,6,1,81.08,16.22,2.7
Transistor,Graphics,8,8,0,0,100.0,0.0,0.0
Transistor,Characters,7,3,4,0,42.86,57.14,0.0
Transistor,Level Design,4,4,0,0,100.0,0.0,0.0
Transistor,Music & Sound,17,16,1,0,94.12,5.88,0.0
Transistor,Difficulty,5,4,1,0,80.0,20.0,0.0
Transistor,Performance,2,1,1,0,50.0,50.0,0.0
Transistor,Replayability,4,4,0,0,100.0,0.0,0.0
Transport Fever,Replayability,1,1,0,0,100.0,0.0,0.0
Trials of Fire,Gameplay,4,4,0,0,100.0,0.0,0.0
Trials of Fire,Story,2,2,0,0,100.0,0.0,0.0
Trials of Fire,Graphics,1,1,0,0,100.0,0.0,0.0
Trials of Fire,Characters,2,2,0,0,100.0,0.0,0.0
Trials of Fire,Level Design,1,1,0,0,100.0,0.0,0.0
Trials of Fire,Difficulty,1,1,0,0,100.0,0.0,0.0
Trials of Fire,Replayability,3,3,0,0,100.0,0.0,0.0
Triangle Strategy,Gameplay,56,46,10,0,82.14,17.86,0.0
Triangle Strategy,Story,86,71,15,0,82.56,17.44,0.0
Triangle Strategy,Graphics,14,11,3,0,78.57,21.43,0.0
Triangle Strategy,Characters,28,22,6,0,78.57,21.43,0.0
Triangle Strategy,Level Design,7,6,1,0,85.71,14.29,0.0
Triangle Strategy,Music & Sound,5,4,1,0,80.0,20.0,0.0
Triangle Strategy,Difficulty,15,12,3,0,80.0,20.0,0.0
Triangle Strategy,Performance,3,2,1,0,66.67,33.33,0.0
Triangle Strategy,Replayability,14,13,1,0,92.86,7.14,0.0
Trine 2: Complete Story,Gameplay,4,4,0,0,100.0,0.0,0.0
Trine 2: Complete Story,Story,8,8,0,0,100.0,0.0,0.0
Trine 2: Complete Story,Graphics,5,5,0,0,100.0,0.0,0.0
Trine 2: Complete Story,Characters,1,1,0,0,100.0,0.0,0.0
Trine 2: Complete Story,Level Design,1,1,0,0,100.0,0.0,0.0
Trine 2: Complete Story,Music & Sound,1,1,0,0,100.0,0.0,0.0
Trine 2: Complete Story,Difficulty,2,2,0,0,100.0,0.0,0.0
Trine 2: Complete Story,Performance,1,1,0,0,100.0,0.0,0.0
Trine 2: Complete Story,Replayability,3,3,0,0,100.0,0.0,0.0
Trine: Enchanted Edition,Gameplay,6,3,3,0,50.0,50.0,0.0
Trine: Enchanted Edition,Story,1,1,0,0,100.0,0.0,0.0
Trine: Enchanted Edition,Graphics,4,3,1,0,75.0,25.0,0.0
Trine: Enchanted Edition,Level Design,4,4,0,0,100.0,0.0,0.0
Trine: Enchanted Edition,Music & Sound,4,4,0,0,100.0,0.0,0.0
Trine: Enchanted Edition,Difficulty,1,1,0,0,100.0,0.0,0.0
Trine: Enchanted Edition,Replayability,1,1,0,0,100.0,0.0,0.0
Trombone Champ: Unflattened,Music & Sound,2,2,0,0,100.0,0.0,0.0
Trombone Champ: Unflattened,Difficulty,1,0,1,0,0.0,100.0,0.0
Tsukihime -A piece of blue glass moon-,Story,12,12,0,0,100.0,0.0,0.0
Tsukihime -A piece of blue glass moon-,Graphics,13,13,0,0,100.0,0.0,0.0
Tsukihime -A piece of blue glass moon-,Characters,6,6,0,0,100.0,0.0,0.0
Tsukihime -A piece of blue glass moon-,Level Design,1,0,1,0,0.0,100.0,0.0
Tsukihime -A piece of blue glass moon-,Difficulty,1,1,0,0,100.0,0.0,0.0
Tsukihime -A piece of blue glass moon-,Replayability,1,1,0,0,100.0,0.0,0.0
Tumblestone,Gameplay,2,2,0,0,100.0,0.0,0.0
Tumblestone,Story,2,2,0,0,100.0,0.0,0.0
Tumblestone,Graphics,1,1,0,0,100.0,0.0,0.0
Tumblestone,Level Design,1,1,0,0,100.0,0.0,0.0
Tumblestone,Music & Sound,1,1,0,0,100.0,0.0,0.0
Tumblestone,Difficulty,1,0,1,0,0.0,100.0,0.0
Tumblestone,Replayability,5,3,2,0,60.0,40.0,0.0
Tunic,Gameplay,38,35,3,0,92.11,7.89,0.0
Tunic,Story,10,7,3,0,70.0,30.0,0.0
Tunic,Graphics,11,7,4,0,63.64,36.36,0.0
Tunic,Characters,2,2,0,0,100.0,0.0,0.0
Tunic,Level Design,8,7,1,0,87.5,12.5,0.0
Tunic,Music & Sound,7,6,1,0,85.71,14.29,0.0
Tunic,Difficulty,34,30,4,0,88.24,11.76,0.0
Tunic,Performance,3,2,1,0,66.67,33.33,0.0
Turbo Kid,Gameplay,3,2,1,0,66.67,33.33,0.0
Turbo Kid,Graphics,1,1,0,0,100.0,0.0,0.0
Turbo Kid,Characters,1,0,1,0,0.0,100.0,0.0
Turbo Kid,Level Design,1,0,1,0,0.0,100.0,0.0
Turbo Kid,Music & Sound,1,1,0,0,100.0,0.0,0.0
Turbo Kid,Difficulty,1,1,0,0,100.0,0.0,0.0
Turbo Kid,Replayability,3,1,2,0,33.33,66.67,0.0
Turbo Overkill,Gameplay,8,3,4,1,37.5,50.0,12.5
Turbo Overkill,Story,3,0,2,1,0.0,66.67,33.33
Turbo Overkill,Graphics,4,2,1,1,50.0,25.0,25.0
Turbo Overkill,Level Design,4,2,2,0,50.0,50.0,0.0
Turbo Overkill,Music & Sound,2,0,1,1,0.0,50.0,50.0
Turbo Overkill,Difficulty,2,0,2,0,0.0,100.0,0.0
Turbo Overkill,Performance,9,3,6,0,33.33,66.67,0.0
Turbo Overkill,Replayability,1,1,0,0,100.0,0.0,0.0
Two Point Campus,Gameplay,16,10,6,0,62.5,37.5,0.0
Two Point Campus,Story,2,2,0,0,100.0,0.0,0.0
Two Point Campus,Graphics,3,3,0,0,100.0,0.0,0.0
Two Point Campus,Characters,3,3,0,0,100.0,0.0,0.0
Two Point Campus,Level Design,8,7,1,0,87.5,12.5,0.0
Two Point Campus,Difficulty,14,12,2,0,85.71,14.29,0.0
Two Point Campus,Performance,6,5,1,0,83.33,16.67,0.0
Two Point Campus,Replayability,4,3,1,0,75.0,25.0,0.0
Two Point Campus: Space Academy,Gameplay,1,1,0,0,100.0,0.0,0.0
Two Point Campus: Space Academy,Graphics,1,0,1,0,0.0,100.0,0.0
Two Point Campus: Space Academy,Level Design,3,3,0,0,100.0,0.0,0.0
Two Point Campus: Space Academy,Difficulty,1,1,0,0,100.0,0.0,0.0
Two Point Campus: Space Academy,Replayability,1,0,1,0,0.0,100.0,0.0
Two Point Hospital,Gameplay,29,23,6,0,79.31,20.69,0.0
Two Point Hospital,Graphics,5,4,1,0,80.0,20.0,0.0
Two Point Hospital,Characters,2,2,0,0,100.0,0.0,0.0
Two Point Hospital,Level Design,4,4,0,0,100.0,0.0,0.0
Two Point Hospital,Music & Sound,1,1,0,0,100.0,0.0,0.0
Two Point Hospital,Difficulty,14,11,3,0,78.57,21.43,0.0
Two Point Hospital,Performance,5,4,1,0,80.0,20.0,0.0
Two Point Hospital,Replayability,5,3,2,0,60.0,40.0,0.0
Two Point Museum,Gameplay,45,37,8,0,82.22,17.78,0.0
Two Point Museum,Graphics,5,4,1,0,80.0,20.0,0.0
Two Point Museum,Characters,3,1,2,0,33.33,66.67,0.0
Two Point Museum,Level Design,7,6,1,0,85.71,14.29,0.0
Two Point Museum,Music & Sound,1,1,0,0,100.0,0.0,0.0
Two Point Museum,Difficulty,22,19,3,0,86.36,13.64,0.0
Two Point Museum,Performance,5,4,1,0,80.0,20.0,0.0
Two Point Museum,Replayability,3,3,0,0,100.0,0.0,0.0
Two Point Museum: Fantasy Finds,Gameplay,2,2,0,0,100.0,0.0,0.0
Two Point Museum: Fantasy Finds,Graphics,1,1,0,0,100.0,0.0,0.0
Two Point Museum: Fantasy Finds,Level Design,1,1,0,0,100.0,0.0,0.0
Two Point Museum: Fantasy Finds,Difficulty,2,2,0,0,100.0,0.0,0.0
Two Point Museum: Fantasy Finds,Replayability,1,1,0,0,100.0,0.0,0.0
Tyranny,Gameplay,16,6,9,1,37.5,56.25,6.25
Tyranny,Story,20,12,7,1,60.0,35.0,5.0
Tyranny,Characters,5,5,0,0,100.0,0.0,0.0
Tyranny,Level Design,1,1,0,0,100.0,0.0,0.0
Tyranny,Difficulty,5,2,3,0,40.0,60.0,0.0
Tyranny,Replayability,7,5,2,0,71.43,28.57,0.0
UFO 50,Gameplay,1,1,0,0,100.0,0.0,0.0
UFO 50,Level Design,3,3,0,0,100.0,0.0,0.0
UFO 50,Difficulty,1,1,0,0,100.0,0.0,0.0
UFO 50,Replayability,2,2,0,0,100.0,0.0,0.0
UNDER NIGHT IN-BIRTH Exe:Late,Gameplay,2,2,0,0,100.0,0.0,0.0
UNDER NIGHT IN-BIRTH Exe:Late,Characters,1,0,1,0,0.0,100.0,0.0
UNDER NIGHT IN-BIRTH Exe:Late,Difficulty,1,0,1,0,0.0,100.0,0.0
UNDER NIGHT IN-BIRTH Exe:Late[cl-r],Gameplay,4,2,2,0,50.0,50.0,0.0
UNDER NIGHT IN-BIRTH Exe:Late[cl-r],Story,4,3,1,0,75.0,25.0,0.0
UNDER NIGHT IN-BIRTH Exe:Late[cl-r],Graphics,4,3,1,0,75.0,25.0,0.0
UNDER NIGHT IN-BIRTH Exe:Late[cl-r],Characters,10,7,3,0,70.0,30.0,0.0
UNDER NIGHT IN-BIRTH Exe:Late[cl-r],Level Design,1,0,1,0,0.0,100.0,0.0
UNDER NIGHT IN-BIRTH Exe:Late[cl-r],Music & Sound,1,1,0,0,100.0,0.0,0.0
UNDER NIGHT IN-BIRTH Exe:Late[cl-r],Difficulty,3,2,1,0,66.67,33.33,0.0
UNDER NIGHT IN-BIRTH Exe:Late[cl-r],Replayability,5,3,2,0,60.0,40.0,0.0
UNDER NIGHT IN-BIRTH II SYS:CELES,Gameplay,12,11,1,0,91.67,8.33,0.0
UNDER NIGHT IN-BIRTH II SYS:CELES,Story,4,3,1,0,75.0,25.0,0.0
UNDER NIGHT IN-BIRTH II SYS:CELES,Graphics,4,3,1,0,75.0,25.0,0.0
UNDER NIGHT IN-BIRTH II SYS:CELES,Characters,7,5,2,0,71.43,28.57,0.0
UNDER NIGHT IN-BIRTH II SYS:CELES,Level Design,3,2,1,0,66.67,33.33,0.0
UNDER NIGHT IN-BIRTH II SYS:CELES,Music & Sound,1,1,0,0,100.0,0.0,0.0
UNDER NIGHT IN-BIRTH II SYS:CELES,Difficulty,5,3,2,0,60.0,40.0,0.0
UNDER NIGHT IN-BIRTH II SYS:CELES,Performance,2,1,1,0,50.0,50.0,0.0
UNDER NIGHT IN-BIRTH II SYS:CELES,Replayability,4,4,0,0,100.0,0.0,0.0
Ugly,Gameplay,5,5,0,0,100.0,0.0,0.0
Ugly,Story,6,5,1,0,83.33,16.67,0.0
Ugly,Level Design,6,5,1,0,83.33,16.67,0.0
Ugly,Music & Sound,1,1,0,0,100.0,0.0,0.0
Ugly,Difficulty,2,1,1,0,50.0,50.0,0.0
Ugly,Performance,2,2,0,0,100.0,0.0,0.0
Ultrawings 2,Replayability,1,1,0,0,100.0,0.0,0.0
Umurangi Generation,Gameplay,3,2,0,1,66.67,0.0,33.33
Umurangi Generation,Story,6,4,1,1,66.67,16.67,16.67
Umurangi Generation,Graphics,1,0,0,1,0.0,0.0,100.0
Umurangi Generation,Characters,1,1,0,0,100.0,0.0,0.0
Umurangi Generation,Music & Sound,1,1,0,0,100.0,0.0,0.0
Umurangi Generation,Difficulty,2,0,0,2,0.0,0.0,100.0
Umurangi Generation,Replayability,1,1,0,0,100.0,0.0,0.0
UnMetal,Gameplay,10,6,4,0,60.0,40.0,0.0
UnMetal,Story,8,7,1,0,87.5,12.5,0.0
UnMetal,Music & Sound,1,1,0,0,100.0,0.0,0.0
UnMetal,Difficulty,3,2,1,0,66.67,33.33,0.0
UnMetal,Replayability,1,0,1,0,0.0,100.0,0.0
Unavowed,Gameplay,3,2,1,0,66.67,33.33,0.0
Unavowed,Story,8,7,1,0,87.5,12.5,0.0
Unavowed,Graphics,2,2,0,0,100.0,0.0,0.0
Unavowed,Characters,4,4,0,0,100.0,0.0,0.0
Unavowed,Replayability,1,1,0,0,100.0,0.0,0.0
Uncharted 4: A Thief's End,Gameplay,32,27,5,0,84.38,15.62,0.0
Uncharted 4: A Thief's End,Story,35,33,2,0,94.29,5.71,0.0
Uncharted 4: A Thief's End,Graphics,16,14,2,0,87.5,12.5,0.0
Uncharted 4: A Thief's End,Characters,17,16,1,0,94.12,5.88,0.0
Uncharted 4: A Thief's End,Level Design,6,6,0,0,100.0,0.0,0.0
Uncharted 4: A Thief's End,Music & Sound,1,1,0,0,100.0,0.0,0.0
Uncharted 4: A Thief's End,Difficulty,6,5,1,0,83.33,16.67,0.0
Uncharted 4: A Thief's End,Performance,4,4,0,0,100.0,0.0,0.0
Uncharted: Legacy of Thieves Collection,Gameplay,12,9,3,0,75.0,25.0,0.0
Uncharted: Legacy of Thieves Collection,Story,9,8,1,0,88.89,11.11,0.0
Uncharted: Legacy of Thieves Collection,Graphics,27,21,6,0,77.78,22.22,0.0
Uncharted: Legacy of Thieves Collection,Characters,4,3,1,0,75.0,25.0,0.0
Uncharted: Legacy of Thieves Collection,Level Design,3,3,0,0,100.0,0.0,0.0
Uncharted: Legacy of Thieves Collection,Music & Sound,9,8,1,0,88.89,11.11,0.0
Uncharted: Legacy of Thieves Collection,Difficulty,8,5,3,0,62.5,37.5,0.0
Uncharted: Legacy of Thieves Collection,Performance,27,21,6,0,77.78,22.22,0.0
Uncharted: Legacy of Thieves Collection,Replayability,9,9,0,0,100.0,0.0,0.0
Uncharted: The Lost Legacy,Gameplay,26,24,2,0,92.31,7.69,0.0
Uncharted: The Lost Legacy,Story,33,29,4,0,87.88,12.12,0.0
Uncharted: The Lost Legacy,Graphics,13,12,1,0,92.31,7.69,0.0
Uncharted: The Lost Legacy,Characters,32,31,1,0,96.88,3.12,0.0
Uncharted: The Lost Legacy,Level Design,6,5,1,0,83.33,16.67,0.0
Uncharted: The Lost Legacy,Difficulty,4,4,0,0,100.0,0.0,0.0
Uncharted: The Lost Legacy,Performance,4,2,2,0,50.0,50.0,0.0
Uncharted: The Lost Legacy,Replayability,6,4,2,0,66.67,33.33,0.0
Uncharted: The Nathan Drake Collection,Gameplay,3,3,0,0,100.0,0.0,0.0
Uncharted: The Nathan Drake Collection,Story,5,4,1,0,80.0,20.0,0.0
Uncharted: The Nathan Drake Collection,Graphics,7,6,1,0,85.71,14.29,0.0
Uncharted: The Nathan Drake Collection,Characters,5,4,1,0,80.0,20.0,0.0
Uncharted: The Nathan Drake Collection,Level Design,1,1,0,0,100.0,0.0,0.0
Uncharted: The Nathan Drake Collection,Music & Sound,1,1,0,0,100.0,0.0,0.0
Uncharted: The Nathan Drake Collection,Difficulty,2,2,0,0,100.0,0.0,0.0
Uncharted: The Nathan Drake Collection,Performance,7,6,1,0,85.71,14.29,0.0
Uncharted: The Nathan Drake Collection,Replayability,1,1,0,0,100.0,0.0,0.0
Under Defeat,Gameplay,2,1,1,0,50.0,50.0,0.0
Under Defeat,Graphics,1,1,0,0,100.0,0.0,0.0
Under Defeat,Music & Sound,3,3,0,0,100.0,0.0,0.0
Under Defeat,Difficulty,3,3,0,0,100.0,0.0,0.0
Under Defeat,Replayability,1,1,0,0,100.0,0.0,0.0
Under the Island,Gameplay,18,11,6,1,61.11,33.33,5.56
Under the Island,Story,7,4,2,1,57.14,28.57,14.29
Under the Island,Graphics,3,2,0,1,66.67,0.0,33.33
Under the Island,Characters,2,2,0,0,100.0,0.0,0.0
Under the Island,Level Design,1,1,0,0,100.0,0.0,0.0
Under the Island,Difficulty,8,6,2,0,75.0,25.0,0.0
Under the Island,Performance,1,0,1,0,0.0,100.0,0.0
Under the Island,Replayability,1,0,1,0,0.0,100.0,0.0
Undernauts: Labyrinth of Yomi,Gameplay,2,2,0,0,100.0,0.0,0.0
Undernauts: Labyrinth of Yomi,Story,4,3,1,0,75.0,25.0,0.0
Undernauts: Labyrinth of Yomi,Characters,1,1,0,0,100.0,0.0,0.0
Undernauts: Labyrinth of Yomi,Difficulty,3,3,0,0,100.0,0.0,0.0
Undernauts: Labyrinth of Yomi,Replayability,1,0,1,0,0.0,100.0,0.0
Undertale,Gameplay,19,17,2,0,89.47,10.53,0.0
Undertale,Story,19,17,2,0,89.47,10.53,0.0
Undertale,Graphics,2,2,0,0,100.0,0.0,0.0
Undertale,Characters,11,11,0,0,100.0,0.0,0.0
Undertale,Level Design,2,2,0,0,100.0,0.0,0.0
Undertale,Music & Sound,8,7,1,0,87.5,12.5,0.0
Undertale,Difficulty,8,8,0,0,100.0,0.0,0.0
Undertale,Replayability,2,2,0,0,100.0,0.0,0.0
Undusted: Letters from the Past,Gameplay,6,6,0,0,100.0,0.0,0.0
Undusted: Letters from the Past,Story,6,5,1,0,83.33,16.67,0.0
Undusted: Letters from the Past,Graphics,2,2,0,0,100.0,0.0,0.0
Undusted: Letters from the Past,Music & Sound,2,2,0,0,100.0,0.0,0.0
Undusted: Letters from the Past,Replayability,1,1,0,0,100.0,0.0,0.0
Unicorn Overlord,Gameplay,41,37,4,0,90.24,9.76,0.0
Unicorn Overlord,Story,28,26,2,0,92.86,7.14,0.0
Unicorn Overlord,Graphics,18,16,2,0,88.89,11.11,0.0
Unicorn Overlord,Characters,13,13,0,0,100.0,0.0,0.0
Unicorn Overlord,Level Design,6,5,1,0,83.33,16.67,0.0
Unicorn Overlord,Music & Sound,5,5,0,0,100.0,0.0,0.0
Unicorn Overlord,Difficulty,6,6,0,0,100.0,0.0,0.0
Unicorn Overlord,Replayability,4,4,0,0,100.0,0.0,0.0
Unity of Command 2,Difficulty,1,1,0,0,100.0,0.0,0.0
Unpacking,Gameplay,13,12,1,0,92.31,7.69,0.0
Unpacking,Story,22,20,2,0,90.91,9.09,0.0
Unpacking,Graphics,3,2,1,0,66.67,33.33,0.0
Unpacking,Characters,7,7,0,0,100.0,0.0,0.0
Unpacking,Level Design,2,2,0,0,100.0,0.0,0.0
Unpacking,Music & Sound,8,8,0,0,100.0,0.0,0.0
Unpacking,Difficulty,3,3,0,0,100.0,0.0,0.0
Unpacking,Replayability,1,0,1,0,0.0,100.0,0.0
Unravel Two,Gameplay,28,21,7,0,75.0,25.0,0.0
Unravel Two,Story,9,8,1,0,88.89,11.11,0.0
Unravel Two,Graphics,10,8,2,0,80.0,20.0,0.0
Unravel Two,Characters,9,8,1,0,88.89,11.11,0.0
Unravel Two,Level Design,11,8,3,0,72.73,27.27,0.0
Unravel Two,Music & Sound,4,4,0,0,100.0,0.0,0.0
Unravel Two,Difficulty,7,6,1,0,85.71,14.29,0.0
Unravel Two,Performance,2,2,0,0,100.0,0.0,0.0
Unravel Two,Replayability,3,2,1,0,66.67,33.33,0.0
Unsighted,Gameplay,13,11,2,0,84.62,15.38,0.0
Unsighted,Story,9,9,0,0,100.0,0.0,0.0
Unsighted,Graphics,1,1,0,0,100.0,0.0,0.0
Unsighted,Characters,4,3,1,0,75.0,25.0,0.0
Unsighted,Level Design,2,2,0,0,100.0,0.0,0.0
Unsighted,Difficulty,4,3,1,0,75.0,25.0,0.0
Unsighted,Replayability,2,1,1,0,50.0,50.0,0.0
Unsouled,Gameplay,3,1,2,0,33.33,66.67,0.0
Unsouled,Story,2,2,0,0,100.0,0.0,0.0
Unsouled,Graphics,1,0,1,0,0.0,100.0,0.0
Unsouled,Level Design,1,0,1,0,0.0,100.0,0.0
Unsouled,Music & Sound,2,1,1,0,50.0,50.0,0.0
Unsouled,Difficulty,3,2,1,0,66.67,33.33,0.0
Until Then,Gameplay,5,3,2,0,60.0,40.0,0.0
Until Then,Story,24,19,4,1,79.17,16.67,4.17
Until Then,Graphics,12,11,0,1,91.67,0.0,8.33
Until Then,Characters,5,5,0,0,100.0,0.0,0.0
Until Then,Level Design,1,0,1,0,0.0,100.0,0.0
Until Then,Music & Sound,2,2,0,0,100.0,0.0,0.0
Until Then,Difficulty,3,1,2,0,33.33,66.67,0.0
Until Then,Performance,1,0,1,0,0.0,100.0,0.0
Until You Fall,Gameplay,7,7,0,0,100.0,0.0,0.0
Until You Fall,Story,2,2,0,0,100.0,0.0,0.0
Until You Fall,Level Design,1,0,1,0,0.0,100.0,0.0
Until You Fall,Music & Sound,4,4,0,0,100.0,0.0,0.0
Until You Fall,Difficulty,2,2,0,0,100.0,0.0,0.0
Until You Fall,Replayability,1,1,0,0,100.0,0.0,0.0
Untitled Goose Game,Gameplay,7,5,2,0,71.43,28.57,0.0
Untitled Goose Game,Story,2,2,0,0,100.0,0.0,0.0
Untitled Goose Game,Graphics,3,2,1,0,66.67,33.33,0.0
Untitled Goose Game,Characters,1,0,1,0,0.0,100.0,0.0
Untitled Goose Game,Level Design,1,0,1,0,0.0,100.0,0.0
Untitled Goose Game,Music & Sound,6,5,1,0,83.33,16.67,0.0
Untitled Goose Game,Difficulty,4,4,0,0,100.0,0.0,0.0
Untitled Goose Game,Performance,1,1,0,0,100.0,0.0,0.0
Untitled Goose Game,Replayability,4,3,1,0,75.0,25.0,0.0
V Rising,Gameplay,40,31,9,0,77.5,22.5,0.0
V Rising,Story,2,2,0,0,100.0,0.0,0.0
V Rising,Graphics,2,2,0,0,100.0,0.0,0.0
V Rising,Characters,1,1,0,0,100.0,0.0,0.0
V Rising,Level Design,3,2,1,0,66.67,33.33,0.0
V Rising,Music & Sound,2,2,0,0,100.0,0.0,0.0
V Rising,Difficulty,5,3,2,0,60.0,40.0,0.0
V Rising,Performance,1,1,0,0,100.0,0.0,0.0
V Rising,Replayability,6,6,0,0,100.0,0.0,0.0
VA-11 Hall-A: Cyberpunk Bartender Action,Gameplay,12,8,4,0,66.67,33.33,0.0
VA-11 Hall-A: Cyberpunk Bartender Action,Story,21,15,6,0,71.43,28.57,0.0
VA-11 Hall-A: Cyberpunk Bartender Action,Graphics,23,23,0,0,100.0,0.0,0.0
VA-11 Hall-A: Cyberpunk Bartender Action,Characters,23,21,2,0,91.3,8.7,0.0
VA-11 Hall-A: Cyberpunk Bartender Action,Level Design,2,1,1,0,50.0,50.0,0.0
VA-11 Hall-A: Cyberpunk Bartender Action,Music & Sound,7,7,0,0,100.0,0.0,0.0
VA-11 Hall-A: Cyberpunk Bartender Action,Difficulty,2,2,0,0,100.0,0.0,0.0
VA-11 Hall-A: Cyberpunk Bartender Action,Replayability,2,2,0,0,100.0,0.0,0.0
VVVVVV,Gameplay,1,1,0,0,100.0,0.0,0.0
VVVVVV,Graphics,1,1,0,0,100.0,0.0,0.0
VVVVVV,Level Design,2,2,0,0,100.0,0.0,0.0
VVVVVV,Music & Sound,2,2,0,0,100.0,0.0,0.0
VVVVVV,Difficulty,2,2,0,0,100.0,0.0,0.0
VVVVVV,Performance,1,1,0,0,100.0,0.0,0.0
Vacation Simulator,Gameplay,2,2,0,0,100.0,0.0,0.0
Vacation Simulator,Story,2,1,1,0,50.0,50.0,0.0
Vacation Simulator,Level Design,1,0,1,0,0.0,100.0,0.0
Vacation Simulator,Difficulty,1,0,1,0,0.0,100.0,0.0
Vacation Simulator,Replayability,1,0,1,0,0.0,100.0,0.0
Valfaris,Gameplay,14,13,1,0,92.86,7.14,0.0
Valfaris,Story,1,1,0,0,100.0,0.0,0.0
Valfaris,Graphics,2,1,1,0,50.0,50.0,0.0
Valfaris,Level Design,5,4,1,0,80.0,20.0,0.0
Valfaris,Music & Sound,9,8,1,0,88.89,11.11,0.0
Valfaris,Difficulty,16,13,3,0,81.25,18.75,0.0
Valfaris,Performance,1,0,1,0,0.0,100.0,0.0
Valfaris: Mecha Therion,Gameplay,3,3,0,0,100.0,0.0,0.0
Valfaris: Mecha Therion,Story,1,0,1,0,0.0,100.0,0.0
Valfaris: Mecha Therion,Graphics,1,1,0,0,100.0,0.0,0.0
Valfaris: Mecha Therion,Level Design,1,1,0,0,100.0,0.0,0.0
Valfaris: Mecha Therion,Music & Sound,4,4,0,0,100.0,0.0,0.0
Valfaris: Mecha Therion,Difficulty,4,3,1,0,75.0,25.0,0.0
Valfaris: Mecha Therion,Replayability,1,1,0,0,100.0,0.0,0.0
Valheim,Graphics,1,1,0,0,100.0,0.0,0.0
Valheim,Characters,1,1,0,0,100.0,0.0,0.0
Valheim,Music & Sound,1,1,0,0,100.0,0.0,0.0
Valheim,Difficulty,5,5,0,0,100.0,0.0,0.0
Valheim,Performance,1,1,0,0,100.0,0.0,0.0
Valheim,Replayability,3,2,1,0,66.67,33.33,0.0
Valkyria Chronicles,Gameplay,10,9,1,0,90.0,10.0,0.0
Valkyria Chronicles,Story,8,7,1,0,87.5,12.5,0.0
Valkyria Chronicles,Graphics,4,4,0,0,100.0,0.0,0.0
Valkyria Chronicles,Characters,2,2,0,0,100.0,0.0,0.0
Valkyria Chronicles,Music & Sound,2,2,0,0,100.0,0.0,0.0
Valkyria Chronicles,Difficulty,3,2,1,0,66.67,33.33,0.0
Valkyria Chronicles,Performance,1,1,0,0,100.0,0.0,0.0
Valkyria Chronicles 4,Gameplay,33,26,6,1,78.79,18.18,3.03
Valkyria Chronicles 4,Story,30,25,4,1,83.33,13.33,3.33
Valkyria Chronicles 4,Graphics,7,6,1,0,85.71,14.29,0.0
Valkyria Chronicles 4,Characters,24,21,2,1,87.5,8.33,4.17
Valkyria Chronicles 4,Level Design,1,1,0,0,100.0,0.0,0.0
Valkyria Chronicles 4,Difficulty,7,7,0,0,100.0,0.0,0.0
Valkyria Chronicles 4,Performance,2,1,0,1,50.0,0.0,50.0
Valkyria Chronicles 4,Replayability,4,4,0,0,100.0,0.0,0.0
Valkyria Chronicles Remastered,Gameplay,12,9,3,0,75.0,25.0,0.0
Valkyria Chronicles Remastered,Story,9,7,2,0,77.78,22.22,0.0
Valkyria Chronicles Remastered,Graphics,10,7,3,0,70.0,30.0,0.0
Valkyria Chronicles Remastered,Characters,4,3,1,0,75.0,25.0,0.0
Valkyria Chronicles Remastered,Difficulty,6,5,1,0,83.33,16.67,0.0
Valkyria Chronicles Remastered,Performance,1,1,0,0,100.0,0.0,0.0
Valkyria Chronicles Remastered,Replayability,1,1,0,0,100.0,0.0,0.0
Valkyrie Profile: Lenneth,Gameplay,4,1,3,0,25.0,75.0,0.0
Valkyrie Profile: Lenneth,Story,2,0,2,0,0.0,100.0,0.0
Valkyrie Profile: Lenneth,Graphics,1,0,1,0,0.0,100.0,0.0
Valkyrie Profile: Lenneth,Difficulty,3,2,1,0,66.67,33.33,0.0
Valorant,Gameplay,11,9,2,0,81.82,18.18,0.0
Valorant,Story,1,1,0,0,100.0,0.0,0.0
Valorant,Characters,2,1,1,0,50.0,50.0,0.0
Valorant,Level Design,2,1,1,0,50.0,50.0,0.0
Valorant,Difficulty,2,2,0,0,100.0,0.0,0.0
Valorant,Performance,14,12,2,0,85.71,14.29,0.0
Valorant,Replayability,2,1,1,0,50.0,50.0,0.0
Vampire Crawlers: The Turbo Wildcard from Vampire Survivors,Gameplay,18,15,3,0,83.33,16.67,0.0
Vampire Crawlers: The Turbo Wildcard from Vampire Survivors,Story,1,0,1,0,0.0,100.0,0.0
Vampire Crawlers: The Turbo Wildcard from Vampire Survivors,Graphics,3,3,0,0,100.0,0.0,0.0
Vampire Crawlers: The Turbo Wildcard from Vampire Survivors,Characters,3,2,1,0,66.67,33.33,0.0
Vampire Crawlers: The Turbo Wildcard from Vampire Survivors,Level Design,2,2,0,0,100.0,0.0,0.0
Vampire Crawlers: The Turbo Wildcard from Vampire Survivors,Music & Sound,3,2,1,0,66.67,33.33,0.0
Vampire Crawlers: The Turbo Wildcard from Vampire Survivors,Difficulty,11,8,3,0,72.73,27.27,0.0
Vampire Crawlers: The Turbo Wildcard from Vampire Survivors,Performance,1,1,0,0,100.0,0.0,0.0
Vampire Crawlers: The Turbo Wildcard from Vampire Survivors,Replayability,8,6,2,0,75.0,25.0,0.0
Vampire Survivors,Gameplay,9,9,0,0,100.0,0.0,0.0
Vampire Survivors,Story,1,1,0,0,100.0,0.0,0.0
Vampire Survivors,Graphics,3,3,0,0,100.0,0.0,0.0
Vampire Survivors,Characters,5,5,0,0,100.0,0.0,0.0
Vampire Survivors,Level Design,2,2,0,0,100.0,0.0,0.0
Vampire Survivors,Music & Sound,2,2,0,0,100.0,0.0,0.0
Vampire Survivors,Difficulty,3,3,0,0,100.0,0.0,0.0
Vampire Survivors,Performance,1,0,1,0,0.0,100.0,0.0
Vampire Survivors,Replayability,8,8,0,0,100.0,0.0,0.0
Vampire Survivors: Ode to Castlevania,Gameplay,1,1,0,0,100.0,0.0,0.0
Vampire Survivors: Ode to Castlevania,Graphics,1,1,0,0,100.0,0.0,0.0
Vampire Survivors: Ode to Castlevania,Characters,6,6,0,0,100.0,0.0,0.0
Vampire Survivors: Ode to Castlevania,Level Design,1,1,0,0,100.0,0.0,0.0
Vampire Survivors: Ode to Castlevania,Music & Sound,1,1,0,0,100.0,0.0,0.0
Vampire Survivors: Ode to Castlevania,Replayability,5,5,0,0,100.0,0.0,0.0
Vampire Survivors: Operation Guns,Characters,2,2,0,0,100.0,0.0,0.0
Vampire Survivors: Operation Guns,Level Design,1,1,0,0,100.0,0.0,0.0
Vampire Survivors: Operation Guns,Replayability,1,1,0,0,100.0,0.0,0.0
Variable Barricade,Gameplay,1,1,0,0,100.0,0.0,0.0
Variable Barricade,Story,4,4,0,0,100.0,0.0,0.0
Variable Barricade,Graphics,2,2,0,0,100.0,0.0,0.0
Variable Barricade,Characters,6,4,2,0,66.67,33.33,0.0
Variable Barricade,Music & Sound,1,1,0,0,100.0,0.0,0.0
Variable Barricade,Difficulty,2,2,0,0,100.0,0.0,0.0
Variable Barricade,Replayability,1,1,0,0,100.0,0.0,0.0
Velocity 2X,Gameplay,20,16,3,1,80.0,15.0,5.0
Velocity 2X,Story,6,5,1,0,83.33,16.67,0.0
Velocity 2X,Graphics,5,5,0,0,100.0,0.0,0.0
Velocity 2X,Characters,3,2,1,0,66.67,33.33,0.0
Velocity 2X,Level Design,8,6,2,0,75.0,25.0,0.0
Velocity 2X,Music & Sound,6,6,0,0,100.0,0.0,0.0
Velocity 2X,Difficulty,5,5,0,0,100.0,0.0,0.0
Velocity 2X,Performance,1,1,0,0,100.0,0.0,0.0
Velocity 2X,Replayability,4,4,0,0,100.0,0.0,0.0
Venba,Gameplay,10,7,3,0,70.0,30.0,0.0
Venba,Story,34,26,8,0,76.47,23.53,0.0
Venba,Graphics,3,3,0,0,100.0,0.0,0.0
Venba,Characters,4,3,1,0,75.0,25.0,0.0
Venba,Level Design,2,1,1,0,50.0,50.0,0.0
Venba,Music & Sound,8,7,1,0,87.5,12.5,0.0
Venba,Difficulty,4,3,1,0,75.0,25.0,0.0
Venba,Replayability,2,2,0,0,100.0,0.0,0.0
Vernal Edge,Gameplay,5,4,1,0,80.0,20.0,0.0
Vernal Edge,Story,3,3,0,0,100.0,0.0,0.0
Vernal Edge,Characters,1,1,0,0,100.0,0.0,0.0
Vernal Edge,Level Design,3,1,2,0,33.33,66.67,0.0
Vernal Edge,Difficulty,1,0,1,0,0.0,100.0,0.0
Victoria 3,Gameplay,5,4,1,0,80.0,20.0,0.0
Victoria 3,Story,2,2,0,0,100.0,0.0,0.0
Victoria 3,Level Design,2,2,0,0,100.0,0.0,0.0
Victoria 3,Replayability,4,3,1,0,75.0,25.0,0.0
Videoball,Gameplay,1,1,0,0,100.0,0.0,0.0
Videoball,Graphics,1,1,0,0,100.0,0.0,0.0
Videoball,Level Design,1,1,0,0,100.0,0.0,0.0
Videoball,Difficulty,1,1,0,0,100.0,0.0,0.0
Videoverse,Gameplay,2,1,1,0,50.0,50.0,0.0
Videoverse,Story,7,6,1,0,85.71,14.29,0.0
Videoverse,Graphics,2,2,0,0,100.0,0.0,0.0
Videoverse,Characters,3,2,1,0,66.67,33.33,0.0
Videoverse,Difficulty,1,1,0,0,100.0,0.0,0.0
Viewfinder,Gameplay,25,18,7,0,72.0,28.0,0.0
Viewfinder,Story,22,19,3,0,86.36,13.64,0.0
Viewfinder,Graphics,12,10,2,0,83.33,16.67,0.0
Viewfinder,Characters,3,3,0,0,100.0,0.0,0.0
Viewfinder,Level Design,16,14,2,0,87.5,12.5,0.0
Viewfinder,Music & Sound,3,3,0,0,100.0,0.0,0.0
Viewfinder,Difficulty,9,7,2,0,77.78,22.22,0.0
Viewfinder,Performance,6,4,2,0,66.67,33.33,0.0
Viewfinder,Replayability,7,6,1,0,85.71,14.29,0.0
Virtua Fighter 5 R.E.V.O. World Stage,Gameplay,7,4,3,0,57.14,42.86,0.0
Virtua Fighter 5 R.E.V.O. World Stage,Story,3,1,2,0,33.33,66.67,0.0
Virtua Fighter 5 R.E.V.O. World Stage,Graphics,3,1,2,0,33.33,66.67,0.0
Virtua Fighter 5 R.E.V.O. World Stage,Characters,1,1,0,0,100.0,0.0,0.0
Virtua Fighter 5 R.E.V.O. World Stage,Level Design,1,0,1,0,0.0,100.0,0.0
Virtua Fighter 5 R.E.V.O. World Stage,Difficulty,1,0,1,0,0.0,100.0,0.0
Virtua Fighter 5 R.E.V.O. World Stage,Performance,3,3,0,0,100.0,0.0,0.0
Virtua Fighter 5 R.E.V.O. World Stage,Replayability,8,7,1,0,87.5,12.5,0.0
Voez,Gameplay,2,2,0,0,100.0,0.0,0.0
Voez,Story,1,0,1,0,0.0,100.0,0.0
Voez,Graphics,2,1,1,0,50.0,50.0,0.0
Voez,Music & Sound,8,5,3,0,62.5,37.5,0.0
Voez,Difficulty,1,1,0,0,100.0,0.0,0.0
Voez,Performance,1,1,0,0,100.0,0.0,0.0
Voez,Replayability,5,5,0,0,100.0,0.0,0.0
Void Bastards,Gameplay,16,12,4,0,75.0,25.0,0.0
Void Bastards,Story,3,2,1,0,66.67,33.33,0.0
Void Bastards,Graphics,13,9,4,0,69.23,30.77,0.0
Void Bastards,Characters,2,2,0,0,100.0,0.0,0.0
Void Bastards,Level Design,1,1,0,0,100.0,0.0,0.0
Void Bastards,Music & Sound,1,1,0,0,100.0,0.0,0.0
Void Bastards,Difficulty,4,3,1,0,75.0,25.0,0.0
Void Bastards,Performance,10,6,4,0,60.0,40.0,0.0
Void Bastards,Replayability,3,1,1,1,33.33,33.33,33.33
Volgarr the Viking,Gameplay,2,0,2,0,0.0,100.0,0.0
Volgarr the Viking,Graphics,2,1,1,0,50.0,50.0,0.0
Volgarr the Viking,Level Design,1,1,0,0,100.0,0.0,0.0
Volgarr the Viking,Difficulty,2,1,1,0,50.0,50.0,0.0
Volgarr the Viking,Replayability,1,1,0,0,100.0,0.0,0.0
Vultures - Scavengers of Death,Gameplay,6,3,3,0,50.0,50.0,0.0
Vultures - Scavengers of Death,Story,1,1,0,0,100.0,0.0,0.0
Vultures - Scavengers of Death,Graphics,1,0,1,0,0.0,100.0,0.0
Vultures - Scavengers of Death,Level Design,2,1,1,0,50.0,50.0,0.0
Vultures - Scavengers of Death,Difficulty,1,1,0,0,100.0,0.0,0.0
Vultures - Scavengers of Death,Performance,2,1,1,0,50.0,50.0,0.0
WWE 2K23,Gameplay,20,18,1,1,90.0,5.0,5.0
WWE 2K23,Story,4,2,2,0,50.0,50.0,0.0
WWE 2K23,Graphics,10,9,1,0,90.0,10.0,0.0
WWE 2K23,Characters,3,2,1,0,66.67,33.33,0.0
WWE 2K23,Level Design,3,3,0,0,100.0,0.0,0.0
WWE 2K23,Music & Sound,1,1,0,0,100.0,0.0,0.0
WWE 2K23,Difficulty,10,8,2,0,80.0,20.0,0.0
WWE 2K23,Performance,4,3,1,0,75.0,25.0,0.0
WWE 2K23,Replayability,12,10,2,0,83.33,16.67,0.0
WWE 2K24,Gameplay,26,25,1,0,96.15,3.85,0.0
WWE 2K24,Story,8,8,0,0,100.0,0.0,0.0
WWE 2K24,Graphics,17,15,2,0,88.24,11.76,0.0
WWE 2K24,Level Design,4,3,1,0,75.0,25.0,0.0
WWE 2K24,Difficulty,3,3,0,0,100.0,0.0,0.0
WWE 2K24,Performance,7,6,1,0,85.71,14.29,0.0
WWE 2K24,Replayability,18,16,2,0,88.89,11.11,0.0
WWE 2K25,Gameplay,27,16,11,0,59.26,40.74,0.0
WWE 2K25,Graphics,15,12,3,0,80.0,20.0,0.0
WWE 2K25,Characters,2,1,1,0,50.0,50.0,0.0
WWE 2K25,Music & Sound,3,1,2,0,33.33,66.67,0.0
WWE 2K25,Difficulty,7,3,4,0,42.86,57.14,0.0
WWE 2K25,Performance,9,4,5,0,44.44,55.56,0.0
WWE 2K25,Replayability,14,10,4,0,71.43,28.57,0.0
Walkabout Mini Golf,Gameplay,4,4,0,0,100.0,0.0,0.0
Walkabout Mini Golf,Graphics,2,2,0,0,100.0,0.0,0.0
Walkabout Mini Golf,Characters,1,1,0,0,100.0,0.0,0.0
Walkabout Mini Golf,Level Design,1,1,0,0,100.0,0.0,0.0
Walkabout Mini Golf,Music & Sound,1,1,0,0,100.0,0.0,0.0
Walkabout Mini Golf,Difficulty,3,3,0,0,100.0,0.0,0.0
Wanderer,Gameplay,3,1,2,0,33.33,66.67,0.0
Wanderer,Story,3,1,2,0,33.33,66.67,0.0
Wanderer,Graphics,3,2,1,0,66.67,33.33,0.0
Wanderer,Level Design,2,2,0,0,100.0,0.0,0.0
Wanderer,Music & Sound,1,1,0,0,100.0,0.0,0.0
Wanderer,Performance,2,1,1,0,50.0,50.0,0.0
Wandersong,Gameplay,10,8,2,0,80.0,20.0,0.0
Wandersong,Story,15,13,2,0,86.67,13.33,0.0
Wandersong,Graphics,7,7,0,0,100.0,0.0,0.0
Wandersong,Characters,7,3,4,0,42.86,57.14,0.0
Wandersong,Music & Sound,10,7,3,0,70.0,30.0,0.0
Wandersong,Difficulty,3,2,1,0,66.67,33.33,0.0
Wandersong,Performance,2,1,1,0,50.0,50.0,0.0
Wandersong,Replayability,1,0,1,0,0.0,100.0,0.0
Wanderstop,Gameplay,23,17,6,0,73.91,26.09,0.0
Wanderstop,Story,29,21,8,0,72.41,27.59,0.0
Wanderstop,Graphics,5,3,2,0,60.0,40.0,0.0
Wanderstop,Characters,14,10,4,0,71.43,28.57,0.0
Wanderstop,Level Design,4,2,2,0,50.0,50.0,0.0
Wanderstop,Music & Sound,4,4,0,0,100.0,0.0,0.0
Wanderstop,Difficulty,4,4,0,0,100.0,0.0,0.0
Wanderstop,Performance,3,3,0,0,100.0,0.0,0.0
Wanderstop,Replayability,1,1,0,0,100.0,0.0,0.0
Wargroove,Gameplay,15,11,4,0,73.33,26.67,0.0
Wargroove,Story,7,6,1,0,85.71,14.29,0.0
Wargroove,Graphics,3,2,1,0,66.67,33.33,0.0
Wargroove,Characters,6,4,2,0,66.67,33.33,0.0
Wargroove,Level Design,7,5,2,0,71.43,28.57,0.0
Wargroove,Music & Sound,2,1,1,0,50.0,50.0,0.0
Wargroove,Difficulty,12,9,3,0,75.0,25.0,0.0
Wargroove,Replayability,23,21,2,0,91.3,8.7,0.0
Wargroove 2,Gameplay,9,8,1,0,88.89,11.11,0.0
Wargroove 2,Story,7,6,1,0,85.71,14.29,0.0
Wargroove 2,Graphics,3,2,1,0,66.67,33.33,0.0
Wargroove 2,Characters,2,2,0,0,100.0,0.0,0.0
Wargroove 2,Level Design,3,2,1,0,66.67,33.33,0.0
Wargroove 2,Music & Sound,2,2,0,0,100.0,0.0,0.0
Wargroove 2,Difficulty,3,3,0,0,100.0,0.0,0.0
Wargroove 2,Replayability,6,5,1,0,83.33,16.67,0.0
Wargroove: Double Trouble,Gameplay,1,1,0,0,100.0,0.0,0.0
Wargroove: Double Trouble,Replayability,1,1,0,0,100.0,0.0,0.0
"Warhammer 40,000: Rogue Trader - Void Shadows",Story,1,1,0,0,100.0,0.0,0.0
"Warhammer 40,000: Rogue Trader - Void Shadows",Characters,1,1,0,0,100.0,0.0,0.0
"Warhammer 40,000: Rogue Trader - Void Shadows",Replayability,2,2,0,0,100.0,0.0,0.0
"Warhammer 40,000: Space Marine 2",Gameplay,64,52,12,0,81.25,18.75,0.0
"Warhammer 40,000: Space Marine 2",Story,20,14,6,0,70.0,30.0,0.0
"Warhammer 40,000: Space Marine 2",Graphics,17,15,2,0,88.24,11.76,0.0
"Warhammer 40,000: Space Marine 2",Characters,8,6,2,0,75.0,25.0,0.0
"Warhammer 40,000: Space Marine 2",Level Design,8,7,1,0,87.5,12.5,0.0
"Warhammer 40,000: Space Marine 2",Music & Sound,2,2,0,0,100.0,0.0,0.0
"Warhammer 40,000: Space Marine 2",Difficulty,17,14,3,0,82.35,17.65,0.0
"Warhammer 40,000: Space Marine 2",Performance,17,14,3,0,82.35,17.65,0.0
"Warhammer 40,000: Space Marine 2",Replayability,17,14,3,0,82.35,17.65,0.0
Warhammer: Vermintide 2,Gameplay,16,12,4,0,75.0,25.0,0.0
Warhammer: Vermintide 2,Story,1,1,0,0,100.0,0.0,0.0
Warhammer: Vermintide 2,Graphics,2,2,0,0,100.0,0.0,0.0
Warhammer: Vermintide 2,Characters,7,6,1,0,85.71,14.29,0.0
Warhammer: Vermintide 2,Level Design,9,7,2,0,77.78,22.22,0.0
Warhammer: Vermintide 2,Music & Sound,1,1,0,0,100.0,0.0,0.0
Warhammer: Vermintide 2,Difficulty,11,10,1,0,90.91,9.09,0.0
Warhammer: Vermintide 2,Performance,2,1,1,0,50.0,50.0,0.0
Warhammer: Vermintide 2,Replayability,3,2,1,0,66.67,33.33,0.0
Warno,Difficulty,1,1,0,0,100.0,0.0,0.0
Warstride Challenges,Gameplay,2,2,0,0,100.0,0.0,0.0
Warstride Challenges,Level Design,2,1,1,0,50.0,50.0,0.0
Warstride Challenges,Difficulty,4,3,1,0,75.0,25.0,0.0
Warstride Challenges,Performance,4,3,1,0,75.0,25.0,0.0
Warstride Challenges,Replayability,1,0,1,0,0.0,100.0,0.0
Wasted,Gameplay,2,1,1,0,50.0,50.0,0.0
Wasted,Graphics,1,0,1,0,0.0,100.0,0.0
Wasted,Level Design,1,1,0,0,100.0,0.0,0.0
Wasted,Difficulty,2,2,0,0,100.0,0.0,0.0
Wasted,Performance,1,0,1,0,0.0,100.0,0.0
Wasted,Replayability,1,1,0,0,100.0,0.0,0.0
Wasteland 2,Gameplay,10,8,2,0,80.0,20.0,0.0
Wasteland 2,Story,5,3,2,0,60.0,40.0,0.0
Wasteland 2,Graphics,1,0,1,0,0.0,100.0,0.0
Wasteland 2,Characters,3,2,1,0,66.67,33.33,0.0
Wasteland 2,Level Design,3,2,1,0,66.67,33.33,0.0
Wasteland 2,Difficulty,4,4,0,0,100.0,0.0,0.0
Wasteland 2,Performance,2,1,1,0,50.0,50.0,0.0
Wasteland 2,Replayability,1,0,1,0,0.0,100.0,0.0
Wasteland 3,Gameplay,43,38,5,0,88.37,11.63,0.0
Wasteland 3,Story,32,29,3,0,90.62,9.38,0.0
Wasteland 3,Graphics,5,5,0,0,100.0,0.0,0.0
Wasteland 3,Characters,21,19,2,0,90.48,9.52,0.0
Wasteland 3,Music & Sound,1,1,0,0,100.0,0.0,0.0
Wasteland 3,Difficulty,11,10,1,0,90.91,9.09,0.0
Wasteland 3,Performance,23,20,3,0,86.96,13.04,0.0
Wasteland 3,Replayability,6,6,0,0,100.0,0.0,0.0
Watch Dogs 2,Gameplay,25,15,10,0,60.0,40.0,0.0
Watch Dogs 2,Story,26,18,6,2,69.23,23.08,7.69
Watch Dogs 2,Graphics,9,8,1,0,88.89,11.11,0.0
Watch Dogs 2,Characters,28,24,4,0,85.71,14.29,0.0
Watch Dogs 2,Level Design,4,3,1,0,75.0,25.0,0.0
Watch Dogs 2,Music & Sound,3,2,1,0,66.67,33.33,0.0
Watch Dogs 2,Difficulty,10,4,5,1,40.0,50.0,10.0
Watch Dogs 2,Performance,7,5,2,0,71.43,28.57,0.0
Watch Dogs 2,Replayability,11,9,2,0,81.82,18.18,0.0
Watch Dogs 2 - Human Conditions,Characters,1,1,0,0,100.0,0.0,0.0
Watch Dogs 2 - Human Conditions,Difficulty,1,1,0,0,100.0,0.0,0.0
Watch Dogs 2 - Human Conditions,Replayability,1,0,1,0,0.0,100.0,0.0
Wax Heads,Gameplay,7,4,3,0,57.14,42.86,0.0
Wax Heads,Story,18,11,7,0,61.11,38.89,0.0
Wax Heads,Graphics,5,3,2,0,60.0,40.0,0.0
Wax Heads,Characters,9,4,5,0,44.44,55.56,0.0
Wax Heads,Level Design,1,0,1,0,0.0,100.0,0.0
Wax Heads,Music & Sound,14,11,3,0,78.57,21.43,0.0
Wax Heads,Difficulty,7,4,3,0,57.14,42.86,0.0
Wayward Strand,Gameplay,7,5,2,0,71.43,28.57,0.0
Wayward Strand,Story,22,18,4,0,81.82,18.18,0.0
Wayward Strand,Graphics,2,2,0,0,100.0,0.0,0.0
Wayward Strand,Characters,12,8,4,0,66.67,33.33,0.0
Wayward Strand,Difficulty,4,3,1,0,75.0,25.0,0.0
Wayward Strand,Performance,2,1,1,0,50.0,50.0,0.0
Wayward Strand,Replayability,1,1,0,0,100.0,0.0,0.0
We Love Katamari REROLL+ Royal Reverie,Gameplay,13,13,0,0,100.0,0.0,0.0
We Love Katamari REROLL+ Royal Reverie,Story,6,6,0,0,100.0,0.0,0.0
We Love Katamari REROLL+ Royal Reverie,Graphics,5,5,0,0,100.0,0.0,0.0
We Love Katamari REROLL+ Royal Reverie,Level Design,7,7,0,0,100.0,0.0,0.0
We Love Katamari REROLL+ Royal Reverie,Music & Sound,6,5,1,0,83.33,16.67,0.0
We Love Katamari REROLL+ Royal Reverie,Difficulty,5,5,0,0,100.0,0.0,0.0
We Love Katamari REROLL+ Royal Reverie,Performance,1,1,0,0,100.0,0.0,0.0
We Love Katamari REROLL+ Royal Reverie,Replayability,13,13,0,0,100.0,0.0,0.0
Welcome to Elk,Gameplay,1,0,1,0,0.0,100.0,0.0
Welcome to Elk,Story,5,3,2,0,60.0,40.0,0.0
Welcome to Elk,Characters,3,1,2,0,33.33,66.67,0.0
Welcome to Elk,Difficulty,2,1,1,0,50.0,50.0,0.0
Welcome to Elk,Replayability,1,0,1,0,0.0,100.0,0.0
West of Loathing,Gameplay,14,11,3,0,78.57,21.43,0.0
West of Loathing,Story,14,12,2,0,85.71,14.29,0.0
West of Loathing,Graphics,6,5,1,0,83.33,16.67,0.0
West of Loathing,Characters,3,3,0,0,100.0,0.0,0.0
West of Loathing,Difficulty,3,3,0,0,100.0,0.0,0.0
West of Loathing,Replayability,3,3,0,0,100.0,0.0,0.0
Westerado: Double Barreled,Gameplay,3,2,1,0,66.67,33.33,0.0
Westerado: Double Barreled,Story,2,2,0,0,100.0,0.0,0.0
Westerado: Double Barreled,Graphics,1,1,0,0,100.0,0.0,0.0
Westerado: Double Barreled,Difficulty,1,0,1,0,0.0,100.0,0.0
Westerado: Double Barreled,Replayability,1,1,0,0,100.0,0.0,0.0
What Remains of Edith Finch,Gameplay,25,22,3,0,88.0,12.0,0.0
What Remains of Edith Finch,Story,54,51,3,0,94.44,5.56,0.0
What Remains of Edith Finch,Graphics,5,5,0,0,100.0,0.0,0.0
What Remains of Edith Finch,Characters,7,5,2,0,71.43,28.57,0.0
What Remains of Edith Finch,Level Design,5,5,0,0,100.0,0.0,0.0
What Remains of Edith Finch,Music & Sound,4,4,0,0,100.0,0.0,0.0
What Remains of Edith Finch,Difficulty,6,6,0,0,100.0,0.0,0.0
What Remains of Edith Finch,Performance,2,2,0,0,100.0,0.0,0.0
What Remains of Edith Finch,Replayability,1,1,0,0,100.0,0.0,0.0
What the Golf?,Gameplay,7,6,1,0,85.71,14.29,0.0
What the Golf?,Level Design,9,8,1,0,88.89,11.11,0.0
What the Golf?,Difficulty,4,4,0,0,100.0,0.0,0.0
What the Golf?,Performance,1,1,0,0,100.0,0.0,0.0
What the Golf?,Replayability,2,0,2,0,0.0,100.0,0.0
WildStar,Gameplay,7,7,0,0,100.0,0.0,0.0
WildStar,Story,1,0,1,0,0.0,100.0,0.0
WildStar,Graphics,1,1,0,0,100.0,0.0,0.0
WildStar,Characters,3,2,1,0,66.67,33.33,0.0
WildStar,Level Design,4,3,1,0,75.0,25.0,0.0
WildStar,Difficulty,5,3,2,0,60.0,40.0,0.0
WildStar,Performance,2,2,0,0,100.0,0.0,0.0
WildStar,Replayability,11,10,1,0,90.91,9.09,0.0
Wildermyth,Gameplay,12,8,4,0,66.67,33.33,0.0
Wildermyth,Story,9,7,2,0,77.78,22.22,0.0
Wildermyth,Graphics,1,1,0,0,100.0,0.0,0.0
Wildermyth,Characters,6,5,1,0,83.33,16.67,0.0
Wildermyth,Level Design,1,1,0,0,100.0,0.0,0.0
Wildermyth,Music & Sound,1,0,1,0,0.0,100.0,0.0
Wildermyth,Difficulty,4,3,1,0,75.0,25.0,0.0
Wildermyth,Performance,4,2,2,0,50.0,50.0,0.0
Wildermyth,Replayability,4,2,2,0,50.0,50.0,0.0
Will You Snail?,Gameplay,1,1,0,0,100.0,0.0,0.0
Will You Snail?,Story,1,1,0,0,100.0,0.0,0.0
Will You Snail?,Characters,1,1,0,0,100.0,0.0,0.0
Will You Snail?,Difficulty,1,1,0,0,100.0,0.0,0.0
Wilmot's Warehouse,Gameplay,1,1,0,0,100.0,0.0,0.0
Wilmot's Warehouse,Graphics,1,1,0,0,100.0,0.0,0.0
Wilmot's Warehouse,Difficulty,2,1,1,0,50.0,50.0,0.0
Wilson's Heart,Gameplay,1,0,1,0,0.0,100.0,0.0
Wilson's Heart,Story,1,0,1,0,0.0,100.0,0.0
Wilson's Heart,Level Design,1,0,1,0,0.0,100.0,0.0
Wingspan,Gameplay,4,2,2,0,50.0,50.0,0.0
Wingspan,Graphics,1,0,1,0,0.0,100.0,0.0
Wingspan,Difficulty,2,1,1,0,50.0,50.0,0.0
Wingspan,Performance,1,1,0,0,100.0,0.0,0.0
Wipeout: Omega Collection,Gameplay,7,7,0,0,100.0,0.0,0.0
Wipeout: Omega Collection,Story,1,1,0,0,100.0,0.0,0.0
Wipeout: Omega Collection,Graphics,8,8,0,0,100.0,0.0,0.0
Wipeout: Omega Collection,Music & Sound,9,9,0,0,100.0,0.0,0.0
Wipeout: Omega Collection,Difficulty,5,5,0,0,100.0,0.0,0.0
Wipeout: Omega Collection,Performance,3,3,0,0,100.0,0.0,0.0
Wipeout: Omega Collection,Replayability,5,4,1,0,80.0,20.0,0.0
Witch on the Holy Night,Gameplay,1,0,1,0,0.0,100.0,0.0
Witch on the Holy Night,Story,6,6,0,0,100.0,0.0,0.0
Witch on the Holy Night,Graphics,4,4,0,0,100.0,0.0,0.0
Witch on the Holy Night,Characters,4,3,1,0,75.0,25.0,0.0
Witch on the Holy Night,Difficulty,2,2,0,0,100.0,0.0,0.0
Witch on the Holy Night,Replayability,1,1,0,0,100.0,0.0,0.0
WitchSpring R,Gameplay,12,10,2,0,83.33,16.67,0.0
WitchSpring R,Story,11,9,2,0,81.82,18.18,0.0
WitchSpring R,Graphics,2,1,1,0,50.0,50.0,0.0
WitchSpring R,Characters,4,3,1,0,75.0,25.0,0.0
WitchSpring R,Difficulty,3,3,0,0,100.0,0.0,0.0
WitchSpring R,Replayability,1,0,1,0,0.0,100.0,0.0
Wizard of Legend 2,Gameplay,4,3,1,0,75.0,25.0,0.0
Wizard of Legend 2,Story,1,0,1,0,0.0,100.0,0.0
Wizard of Legend 2,Graphics,3,3,0,0,100.0,0.0,0.0
Wizard of Legend 2,Level Design,1,1,0,0,100.0,0.0,0.0
Wizard of Legend 2,Performance,3,2,1,0,66.67,33.33,0.0
Wizard of Legend 2,Replayability,1,1,0,0,100.0,0.0,0.0
Wizordum,Gameplay,4,1,3,0,25.0,75.0,0.0
Wizordum,Graphics,1,1,0,0,100.0,0.0,0.0
Wizordum,Level Design,4,1,3,0,25.0,75.0,0.0
Wizordum,Difficulty,1,0,1,0,0.0,100.0,0.0
Wizordum,Performance,3,1,2,0,33.33,66.67,0.0
Wo Long: Fallen Dynasty,Gameplay,81,58,23,0,71.6,28.4,0.0
Wo Long: Fallen Dynasty,Story,18,14,4,0,77.78,22.22,0.0
Wo Long: Fallen Dynasty,Graphics,3,3,0,0,100.0,0.0,0.0
Wo Long: Fallen Dynasty,Characters,7,3,4,0,42.86,57.14,0.0
Wo Long: Fallen Dynasty,Level Design,19,15,4,0,78.95,21.05,0.0
Wo Long: Fallen Dynasty,Music & Sound,2,2,0,0,100.0,0.0,0.0
Wo Long: Fallen Dynasty,Difficulty,47,29,18,0,61.7,38.3,0.0
Wo Long: Fallen Dynasty,Performance,17,10,7,0,58.82,41.18,0.0
Wo Long: Fallen Dynasty,Replayability,3,1,2,0,33.33,66.67,0.0
Wo Long: Fallen Dynasty Complete Edition,Gameplay,4,2,2,0,50.0,50.0,0.0
Wo Long: Fallen Dynasty Complete Edition,Story,2,1,1,0,50.0,50.0,0.0
Wo Long: Fallen Dynasty Complete Edition,Characters,1,1,0,0,100.0,0.0,0.0
Wo Long: Fallen Dynasty Complete Edition,Level Design,1,0,1,0,0.0,100.0,0.0
Wo Long: Fallen Dynasty Complete Edition,Difficulty,4,2,2,0,50.0,50.0,0.0
Wo Long: Fallen Dynasty Complete Edition,Performance,1,0,1,0,0.0,100.0,0.0
Wolfenstein 2: The New Colossus,Gameplay,47,43,4,0,91.49,8.51,0.0
Wolfenstein 2: The New Colossus,Story,69,65,4,0,94.2,5.8,0.0
Wolfenstein 2: The New Colossus,Graphics,9,9,0,0,100.0,0.0,0.0
Wolfenstein 2: The New Colossus,Characters,31,30,1,0,96.77,3.23,0.0
Wolfenstein 2: The New Colossus,Level Design,16,16,0,0,100.0,0.0,0.0
Wolfenstein 2: The New Colossus,Music & Sound,7,6,1,0,85.71,14.29,0.0
Wolfenstein 2: The New Colossus,Difficulty,18,15,3,0,83.33,16.67,0.0
Wolfenstein 2: The New Colossus,Performance,32,29,3,0,90.62,9.38,0.0
Wolfenstein 2: The New Colossus,Replayability,2,1,1,0,50.0,50.0,0.0
Wolfenstein: The New Order,Gameplay,23,20,3,0,86.96,13.04,0.0
Wolfenstein: The New Order,Story,31,26,5,0,83.87,16.13,0.0
Wolfenstein: The New Order,Graphics,4,4,0,0,100.0,0.0,0.0
Wolfenstein: The New Order,Characters,15,14,1,0,93.33,6.67,0.0
Wolfenstein: The New Order,Level Design,5,4,1,0,80.0,20.0,0.0
Wolfenstein: The New Order,Music & Sound,3,3,0,0,100.0,0.0,0.0
Wolfenstein: The New Order,Difficulty,9,6,3,0,66.67,33.33,0.0
Wolfenstein: The New Order,Performance,16,16,0,0,100.0,0.0,0.0
Wolfenstein: The New Order,Replayability,6,5,1,0,83.33,16.67,0.0
World End Syndrome,Gameplay,1,1,0,0,100.0,0.0,0.0
World End Syndrome,Story,9,7,2,0,77.78,22.22,0.0
World End Syndrome,Graphics,16,13,3,0,81.25,18.75,0.0
World End Syndrome,Characters,4,3,1,0,75.0,25.0,0.0
World End Syndrome,Level Design,1,1,0,0,100.0,0.0,0.0
World End Syndrome,Music & Sound,1,1,0,0,100.0,0.0,0.0
World End Syndrome,Difficulty,2,2,0,0,100.0,0.0,0.0
World of Goo,Gameplay,4,4,0,0,100.0,0.0,0.0
World of Goo,Music & Sound,1,1,0,0,100.0,0.0,0.0
World of Goo,Difficulty,2,2,0,0,100.0,0.0,0.0
World of Goo,Replayability,2,2,0,0,100.0,0.0,0.0
World of Goo 2,Gameplay,8,6,2,0,75.0,25.0,0.0
World of Goo 2,Story,4,3,0,1,75.0,0.0,25.0
World of Goo 2,Graphics,2,2,0,0,100.0,0.0,0.0
World of Goo 2,Level Design,3,3,0,0,100.0,0.0,0.0
World of Goo 2,Music & Sound,1,1,0,0,100.0,0.0,0.0
World of Goo 2,Difficulty,2,1,1,0,50.0,50.0,0.0
World of Goo 2,Performance,1,1,0,0,100.0,0.0,0.0
World of Goo 2,Replayability,1,1,0,0,100.0,0.0,0.0
World of Warcraft: Dragonflight,Gameplay,5,5,0,0,100.0,0.0,0.0
World of Warcraft: Dragonflight,Story,2,2,0,0,100.0,0.0,0.0
World of Warcraft: Dragonflight,Characters,2,2,0,0,100.0,0.0,0.0
World of Warcraft: Dragonflight,Music & Sound,1,1,0,0,100.0,0.0,0.0
World of Warcraft: Dragonflight,Difficulty,1,0,1,0,0.0,100.0,0.0
World of Warcraft: Dragonflight,Replayability,3,3,0,0,100.0,0.0,0.0
World of Warcraft: Legion,Gameplay,5,5,0,0,100.0,0.0,0.0
World of Warcraft: Legion,Story,9,9,0,0,100.0,0.0,0.0
World of Warcraft: Legion,Graphics,1,1,0,0,100.0,0.0,0.0
World of Warcraft: Legion,Characters,4,4,0,0,100.0,0.0,0.0
World of Warcraft: Legion,Level Design,5,4,1,0,80.0,20.0,0.0
World of Warcraft: Legion,Difficulty,1,1,0,0,100.0,0.0,0.0
World of Warcraft: Legion,Replayability,12,12,0,0,100.0,0.0,0.0
World of Warcraft: Midnight,Gameplay,5,5,0,0,100.0,0.0,0.0
World of Warcraft: Midnight,Story,9,8,1,0,88.89,11.11,0.0
World of Warcraft: Midnight,Graphics,1,1,0,0,100.0,0.0,0.0
World of Warcraft: Midnight,Characters,2,1,1,0,50.0,50.0,0.0
World of Warcraft: Midnight,Level Design,2,2,0,0,100.0,0.0,0.0
World of Warcraft: Midnight,Difficulty,2,2,0,0,100.0,0.0,0.0
World of Warcraft: Midnight,Performance,4,4,0,0,100.0,0.0,0.0
World of Warcraft: Midnight,Replayability,4,2,2,0,50.0,50.0,0.0
World of Warcraft: The Burning Crusade Classic,Replayability,1,1,0,0,100.0,0.0,0.0
World of Warcraft: The War Within,Gameplay,6,6,0,0,100.0,0.0,0.0
World of Warcraft: The War Within,Story,10,9,1,0,90.0,10.0,0.0
World of Warcraft: The War Within,Characters,2,2,0,0,100.0,0.0,0.0
World of Warcraft: The War Within,Music & Sound,3,2,1,0,66.67,33.33,0.0
World of Warcraft: The War Within,Difficulty,3,3,0,0,100.0,0.0,0.0
World of Warcraft: The War Within,Replayability,3,3,0,0,100.0,0.0,0.0
World of Warcraft: Warlords of Draenor,Gameplay,1,1,0,0,100.0,0.0,0.0
World of Warcraft: Warlords of Draenor,Story,3,3,0,0,100.0,0.0,0.0
World of Warcraft: Warlords of Draenor,Graphics,1,1,0,0,100.0,0.0,0.0
World of Warcraft: Warlords of Draenor,Characters,2,2,0,0,100.0,0.0,0.0
World of Warcraft: Warlords of Draenor,Level Design,1,1,0,0,100.0,0.0,0.0
World of Warcraft: Warlords of Draenor,Music & Sound,1,1,0,0,100.0,0.0,0.0
World of Warcraft: Warlords of Draenor,Difficulty,2,2,0,0,100.0,0.0,0.0
World of Warcraft: Warlords of Draenor,Performance,1,1,0,0,100.0,0.0,0.0
World of Warcraft: Warlords of Draenor,Replayability,6,5,1,0,83.33,16.67,0.0
World of Warships Legends,Gameplay,4,2,2,0,50.0,50.0,0.0
World of Warships Legends,Graphics,1,1,0,0,100.0,0.0,0.0
World of Warships Legends,Replayability,2,1,1,0,50.0,50.0,0.0
Worldless,Gameplay,21,12,9,0,57.14,42.86,0.0
Worldless,Story,7,3,4,0,42.86,57.14,0.0
Worldless,Graphics,8,5,3,0,62.5,37.5,0.0
Worldless,Characters,1,1,0,0,100.0,0.0,0.0
Worldless,Level Design,2,0,2,0,0.0,100.0,0.0
Worldless,Music & Sound,2,1,1,0,50.0,50.0,0.0
Worldless,Difficulty,11,5,6,0,45.45,54.55,0.0
Wunderling,Gameplay,4,3,1,0,75.0,25.0,0.0
Wunderling,Story,5,4,1,0,80.0,20.0,0.0
Wunderling,Graphics,1,1,0,0,100.0,0.0,0.0
Wunderling,Characters,4,4,0,0,100.0,0.0,0.0
Wunderling,Level Design,7,7,0,0,100.0,0.0,0.0
Wunderling,Difficulty,3,3,0,0,100.0,0.0,0.0
Wunderling,Replayability,1,1,0,0,100.0,0.0,0.0
Wylde Flowers,Gameplay,4,1,3,0,25.0,75.0,0.0
Wylde Flowers,Story,3,2,1,0,66.67,33.33,0.0
Wylde Flowers,Graphics,1,0,1,0,0.0,100.0,0.0
Wylde Flowers,Characters,3,1,2,0,33.33,66.67,0.0
Wylde Flowers,Level Design,1,1,0,0,100.0,0.0,0.0
XCOM 2,Gameplay,25,20,5,0,80.0,20.0,0.0
XCOM 2,Story,12,9,3,0,75.0,25.0,0.0
XCOM 2,Graphics,1,1,0,0,100.0,0.0,0.0
XCOM 2,Characters,2,2,0,0,100.0,0.0,0.0
XCOM 2,Level Design,6,6,0,0,100.0,0.0,0.0
XCOM 2,Difficulty,20,18,2,0,90.0,10.0,0.0
XCOM 2,Performance,26,19,7,0,73.08,26.92,0.0
XCOM 2,Replayability,2,2,0,0,100.0,0.0,0.0
XCOM 2 - Shen's Last Gift,Story,2,2,0,0,100.0,0.0,0.0
XCOM 2: War of the Chosen,Gameplay,7,7,0,0,100.0,0.0,0.0
XCOM 2: War of the Chosen,Graphics,1,1,0,0,100.0,0.0,0.0
XCOM 2: War of the Chosen,Level Design,3,3,0,0,100.0,0.0,0.0
XCOM 2: War of the Chosen,Music & Sound,1,0,1,0,0.0,100.0,0.0
XCOM 2: War of the Chosen,Difficulty,2,2,0,0,100.0,0.0,0.0
XCOM 2: War of the Chosen,Performance,4,3,1,0,75.0,25.0,0.0
XCOM 2: War of the Chosen,Replayability,9,9,0,0,100.0,0.0,0.0
XCOM: Enemy Unknown Plus,Gameplay,1,1,0,0,100.0,0.0,0.0
XCOM: Enemy Unknown Plus,Story,1,1,0,0,100.0,0.0,0.0
XCOM: Enemy Unknown Plus,Performance,1,0,1,0,0.0,100.0,0.0
XCOM: Enemy Within,Gameplay,4,4,0,0,100.0,0.0,0.0
XCOM: Enemy Within,Difficulty,5,5,0,0,100.0,0.0,0.0
XCOM: Enemy Within,Replayability,5,4,1,0,80.0,20.0,0.0
XENOTILT: HOSTILE PINBALL ACTION,Gameplay,1,1,0,0,100.0,0.0,0.0
XENOTILT: HOSTILE PINBALL ACTION,Graphics,1,1,0,0,100.0,0.0,0.0
XENOTILT: HOSTILE PINBALL ACTION,Music & Sound,1,1,0,0,100.0,0.0,0.0
XENOTILT: HOSTILE PINBALL ACTION,Difficulty,1,0,1,0,0.0,100.0,0.0
Xanadu Next,Gameplay,6,5,1,0,83.33,16.67,0.0
Xanadu Next,Story,1,1,0,0,100.0,0.0,0.0
Xanadu Next,Graphics,3,3,0,0,100.0,0.0,0.0
Xanadu Next,Level Design,3,1,2,0,33.33,66.67,0.0
Xanadu Next,Music & Sound,2,2,0,0,100.0,0.0,0.0
Xanadu Next,Difficulty,3,3,0,0,100.0,0.0,0.0
Xanadu Next,Performance,1,0,1,0,0.0,100.0,0.0
Xanadu Next,Replayability,1,1,0,0,100.0,0.0,0.0
Xenoblade Chronicles 2,Gameplay,23,18,4,1,78.26,17.39,4.35
Xenoblade Chronicles 2,Story,28,21,7,0,75.0,25.0,0.0
Xenoblade Chronicles 2,Graphics,5,3,2,0,60.0,40.0,0.0
Xenoblade Chronicles 2,Characters,14,10,4,0,71.43,28.57,0.0
Xenoblade Chronicles 2,Level Design,2,1,1,0,50.0,50.0,0.0
Xenoblade Chronicles 2,Music & Sound,11,9,2,0,81.82,18.18,0.0
Xenoblade Chronicles 2,Difficulty,8,5,3,0,62.5,37.5,0.0
Xenoblade Chronicles 2,Performance,8,6,2,0,75.0,25.0,0.0
Xenoblade Chronicles 2,Replayability,7,5,2,0,71.43,28.57,0.0
Xenoblade Chronicles 2: Torna - The Golden Country,Gameplay,16,14,2,0,87.5,12.5,0.0
Xenoblade Chronicles 2: Torna - The Golden Country,Story,13,9,4,0,69.23,30.77,0.0
Xenoblade Chronicles 2: Torna - The Golden Country,Characters,4,4,0,0,100.0,0.0,0.0
Xenoblade Chronicles 2: Torna - The Golden Country,Level Design,3,3,0,0,100.0,0.0,0.0
Xenoblade Chronicles 2: Torna - The Golden Country,Music & Sound,1,1,0,0,100.0,0.0,0.0
Xenoblade Chronicles 2: Torna - The Golden Country,Difficulty,1,1,0,0,100.0,0.0,0.0
Xenoblade Chronicles 2: Torna - The Golden Country,Replayability,7,6,1,0,85.71,14.29,0.0
Xenoblade Chronicles 3,Gameplay,53,48,5,0,90.57,9.43,0.0
Xenoblade Chronicles 3,Story,56,52,4,0,92.86,7.14,0.0
Xenoblade Chronicles 3,Graphics,3,3,0,0,100.0,0.0,0.0
Xenoblade Chronicles 3,Characters,33,33,0,0,100.0,0.0,0.0
Xenoblade Chronicles 3,Level Design,6,5,1,0,83.33,16.67,0.0
Xenoblade Chronicles 3,Music & Sound,9,9,0,0,100.0,0.0,0.0
Xenoblade Chronicles 3,Difficulty,7,6,1,0,85.71,14.29,0.0
Xenoblade Chronicles 3,Performance,7,7,0,0,100.0,0.0,0.0
Xenoblade Chronicles 3,Replayability,8,7,1,0,87.5,12.5,0.0
Xenoblade Chronicles 3: Future Redeemed,Gameplay,7,6,1,0,85.71,14.29,0.0
Xenoblade Chronicles 3: Future Redeemed,Story,8,8,0,0,100.0,0.0,0.0
Xenoblade Chronicles 3: Future Redeemed,Characters,2,2,0,0,100.0,0.0,0.0
Xenoblade Chronicles 3: Future Redeemed,Replayability,2,2,0,0,100.0,0.0,0.0
Xenoblade Chronicles 3D,Gameplay,10,10,0,0,100.0,0.0,0.0
Xenoblade Chronicles 3D,Story,5,5,0,0,100.0,0.0,0.0
Xenoblade Chronicles 3D,Graphics,8,7,0,1,87.5,0.0,12.5
Xenoblade Chronicles 3D,Characters,2,2,0,0,100.0,0.0,0.0
Xenoblade Chronicles 3D,Difficulty,1,1,0,0,100.0,0.0,0.0
Xenoblade Chronicles 3D,Performance,1,1,0,0,100.0,0.0,0.0
Xenoblade Chronicles 3D,Replayability,1,1,0,0,100.0,0.0,0.0
Xenoblade Chronicles X,Gameplay,19,16,3,0,84.21,15.79,0.0
Xenoblade Chronicles X,Story,9,6,3,0,66.67,33.33,0.0
Xenoblade Chronicles X,Graphics,2,1,1,0,50.0,50.0,0.0
Xenoblade Chronicles X,Characters,1,1,0,0,100.0,0.0,0.0
Xenoblade Chronicles X,Level Design,3,3,0,0,100.0,0.0,0.0
Xenoblade Chronicles X,Music & Sound,4,3,1,0,75.0,25.0,0.0
Xenoblade Chronicles X,Difficulty,10,8,2,0,80.0,20.0,0.0
Xenoblade Chronicles X,Performance,3,3,0,0,100.0,0.0,0.0
Xenoblade Chronicles X,Replayability,11,9,2,0,81.82,18.18,0.0
Xenoblade Chronicles X: Definitive Edition,Gameplay,37,37,0,0,100.0,0.0,0.0
Xenoblade Chronicles X: Definitive Edition,Story,27,26,1,0,96.3,3.7,0.0
Xenoblade Chronicles X: Definitive Edition,Graphics,12,11,1,0,91.67,8.33,0.0
Xenoblade Chronicles X: Definitive Edition,Characters,4,4,0,0,100.0,0.0,0.0
Xenoblade Chronicles X: Definitive Edition,Level Design,4,4,0,0,100.0,0.0,0.0
Xenoblade Chronicles X: Definitive Edition,Music & Sound,5,5,0,0,100.0,0.0,0.0
Xenoblade Chronicles X: Definitive Edition,Difficulty,5,4,1,0,80.0,20.0,0.0
Xenoblade Chronicles X: Definitive Edition,Performance,9,8,1,0,88.89,11.11,0.0
Xenoblade Chronicles X: Definitive Edition,Replayability,19,18,1,0,94.74,5.26,0.0
Xenoblade Chronicles: Definitive Edition,Gameplay,22,20,2,0,90.91,9.09,0.0
Xenoblade Chronicles: Definitive Edition,Story,31,31,0,0,100.0,0.0,0.0
Xenoblade Chronicles: Definitive Edition,Graphics,17,17,0,0,100.0,0.0,0.0
Xenoblade Chronicles: Definitive Edition,Characters,11,11,0,0,100.0,0.0,0.0
Xenoblade Chronicles: Definitive Edition,Level Design,1,1,0,0,100.0,0.0,0.0
Xenoblade Chronicles: Definitive Edition,Music & Sound,8,8,0,0,100.0,0.0,0.0
Xenoblade Chronicles: Definitive Edition,Difficulty,5,5,0,0,100.0,0.0,0.0
Xenoblade Chronicles: Definitive Edition,Performance,8,8,0,0,100.0,0.0,0.0
Xenoblade Chronicles: Definitive Edition,Replayability,13,13,0,0,100.0,0.0,0.0
Xenonauts 2,Gameplay,4,2,2,0,50.0,50.0,0.0
Xenonauts 2,Difficulty,1,1,0,0,100.0,0.0,0.0
Yakuza 0,Gameplay,44,43,1,0,97.73,2.27,0.0
Yakuza 0,Story,55,51,4,0,92.73,7.27,0.0
Yakuza 0,Graphics,6,4,2,0,66.67,33.33,0.0
Yakuza 0,Characters,24,24,0,0,100.0,0.0,0.0
Yakuza 0,Level Design,7,7,0,0,100.0,0.0,0.0
Yakuza 0,Music & Sound,3,3,0,0,100.0,0.0,0.0
Yakuza 0,Difficulty,13,13,0,0,100.0,0.0,0.0
Yakuza 0,Performance,4,4,0,0,100.0,0.0,0.0
Yakuza 0,Replayability,18,16,2,0,88.89,11.11,0.0
Yakuza 0 Director's Cut,Gameplay,6,6,0,0,100.0,0.0,0.0
Yakuza 0 Director's Cut,Story,18,17,1,0,94.44,5.56,0.0
Yakuza 0 Director's Cut,Graphics,6,6,0,0,100.0,0.0,0.0
Yakuza 0 Director's Cut,Characters,2,2,0,0,100.0,0.0,0.0
Yakuza 0 Director's Cut,Music & Sound,1,1,0,0,100.0,0.0,0.0
Yakuza 0 Director's Cut,Difficulty,3,2,1,0,66.67,33.33,0.0
Yakuza 0 Director's Cut,Performance,7,6,1,0,85.71,14.29,0.0
Yakuza 0 Director's Cut,Replayability,11,10,1,0,90.91,9.09,0.0
Yakuza 5 Remastered,Gameplay,5,4,1,0,80.0,20.0,0.0
Yakuza 5 Remastered,Story,6,6,0,0,100.0,0.0,0.0
Yakuza 5 Remastered,Graphics,1,1,0,0,100.0,0.0,0.0
Yakuza 5 Remastered,Characters,1,1,0,0,100.0,0.0,0.0
Yakuza 5 Remastered,Performance,1,1,0,0,100.0,0.0,0.0
Yakuza 5 Remastered,Replayability,1,1,0,0,100.0,0.0,0.0
Yakuza 6: The Song of Life,Gameplay,27,22,5,0,81.48,18.52,0.0
Yakuza 6: The Song of Life,Story,61,52,9,0,85.25,14.75,0.0
Yakuza 6: The Song of Life,Graphics,8,6,2,0,75.0,25.0,0.0
Yakuza 6: The Song of Life,Characters,28,26,2,0,92.86,7.14,0.0
Yakuza 6: The Song of Life,Music & Sound,1,1,0,0,100.0,0.0,0.0
Yakuza 6: The Song of Life,Difficulty,3,3,0,0,100.0,0.0,0.0
Yakuza 6: The Song of Life,Performance,3,3,0,0,100.0,0.0,0.0
Yakuza 6: The Song of Life,Replayability,16,13,3,0,81.25,18.75,0.0
Yakuza Kiwami,Gameplay,29,23,6,0,79.31,20.69,0.0
Yakuza Kiwami,Story,40,33,7,0,82.5,17.5,0.0
Yakuza Kiwami,Graphics,13,11,2,0,84.62,15.38,0.0
Yakuza Kiwami,Characters,13,11,2,0,84.62,15.38,0.0
Yakuza Kiwami,Level Design,2,1,1,0,50.0,50.0,0.0
Yakuza Kiwami,Music & Sound,6,3,3,0,50.0,50.0,0.0
Yakuza Kiwami,Difficulty,9,7,2,0,77.78,22.22,0.0
Yakuza Kiwami,Performance,10,7,2,1,70.0,20.0,10.0
Yakuza Kiwami,Replayability,12,8,4,0,66.67,33.33,0.0
Yakuza Kiwami 2,Gameplay,29,27,2,0,93.1,6.9,0.0
Yakuza Kiwami 2,Story,39,37,2,0,94.87,5.13,0.0
Yakuza Kiwami 2,Graphics,13,12,1,0,92.31,7.69,0.0
Yakuza Kiwami 2,Characters,13,11,2,0,84.62,15.38,0.0
Yakuza Kiwami 2,Level Design,4,2,2,0,50.0,50.0,0.0
Yakuza Kiwami 2,Difficulty,6,5,1,0,83.33,16.67,0.0
Yakuza Kiwami 2,Performance,8,6,2,0,75.0,25.0,0.0
Yakuza Kiwami 2,Replayability,12,11,1,0,91.67,8.33,0.0
Yakuza Remastered Collection,Gameplay,4,4,0,0,100.0,0.0,0.0
Yakuza Remastered Collection,Story,8,8,0,0,100.0,0.0,0.0
Yakuza Remastered Collection,Graphics,7,6,1,0,85.71,14.29,0.0
Yakuza Remastered Collection,Characters,4,4,0,0,100.0,0.0,0.0
Yakuza Remastered Collection,Performance,1,1,0,0,100.0,0.0,0.0
Yakuza Remastered Collection,Replayability,3,3,0,0,100.0,0.0,0.0
Yakuza: Like a Dragon,Gameplay,56,48,8,0,85.71,14.29,0.0
Yakuza: Like a Dragon,Story,44,38,6,0,86.36,13.64,0.0
Yakuza: Like a Dragon,Graphics,5,2,3,0,40.0,60.0,0.0
Yakuza: Like a Dragon,Characters,44,36,8,0,81.82,18.18,0.0
Yakuza: Like a Dragon,Level Design,4,2,2,0,50.0,50.0,0.0
Yakuza: Like a Dragon,Difficulty,13,11,2,0,84.62,15.38,0.0
Yakuza: Like a Dragon,Performance,1,1,0,0,100.0,0.0,0.0
Yakuza: Like a Dragon,Replayability,6,4,2,0,66.67,33.33,0.0
Year Walk,Gameplay,1,1,0,0,100.0,0.0,0.0
Year Walk,Story,3,2,1,0,66.67,33.33,0.0
Year Walk,Graphics,1,1,0,0,100.0,0.0,0.0
Year Walk,Characters,1,0,1,0,0.0,100.0,0.0
Year Walk,Level Design,1,1,0,0,100.0,0.0,0.0
Yoku's Island Express,Gameplay,30,24,6,0,80.0,20.0,0.0
Yoku's Island Express,Story,7,6,1,0,85.71,14.29,0.0
Yoku's Island Express,Graphics,6,4,2,0,66.67,33.33,0.0
Yoku's Island Express,Characters,9,9,0,0,100.0,0.0,0.0
Yoku's Island Express,Level Design,5,4,1,0,80.0,20.0,0.0
Yoku's Island Express,Music & Sound,5,2,3,0,40.0,60.0,0.0
Yoku's Island Express,Difficulty,3,3,0,0,100.0,0.0,0.0
Yoku's Island Express,Replayability,1,1,0,0,100.0,0.0,0.0
Yooka-Laylee and the Impossible Lair,Gameplay,24,20,3,1,83.33,12.5,4.17
Yooka-Laylee and the Impossible Lair,Story,3,3,0,0,100.0,0.0,0.0
Yooka-Laylee and the Impossible Lair,Graphics,4,4,0,0,100.0,0.0,0.0
Yooka-Laylee and the Impossible Lair,Characters,3,1,2,0,33.33,66.67,0.0
Yooka-Laylee and the Impossible Lair,Level Design,17,16,1,0,94.12,5.88,0.0
Yooka-Laylee and the Impossible Lair,Difficulty,15,8,6,1,53.33,40.0,6.67
Yooka-Laylee and the Impossible Lair,Replayability,1,1,0,0,100.0,0.0,0.0
Yoshi and the Mysterious Book,Gameplay,51,40,11,0,78.43,21.57,0.0
Yoshi and the Mysterious Book,Story,4,1,3,0,25.0,75.0,0.0
Yoshi and the Mysterious Book,Graphics,3,1,2,0,33.33,66.67,0.0
Yoshi and the Mysterious Book,Characters,3,3,0,0,100.0,0.0,0.0
Yoshi and the Mysterious Book,Level Design,21,14,7,0,66.67,33.33,0.0
Yoshi and the Mysterious Book,Music & Sound,1,0,1,0,0.0,100.0,0.0
Yoshi and the Mysterious Book,Difficulty,21,18,3,0,85.71,14.29,0.0
Yoshi and the Mysterious Book,Performance,1,1,0,0,100.0,0.0,0.0
Yoshi and the Mysterious Book,Replayability,6,4,2,0,66.67,33.33,0.0
Yoshi's Crafted World,Gameplay,31,26,5,0,83.87,16.13,0.0
Yoshi's Crafted World,Story,3,1,2,0,33.33,66.67,0.0
Yoshi's Crafted World,Graphics,23,19,4,0,82.61,17.39,0.0
Yoshi's Crafted World,Characters,4,3,1,0,75.0,25.0,0.0
Yoshi's Crafted World,Level Design,28,22,6,0,78.57,21.43,0.0
Yoshi's Crafted World,Music & Sound,6,4,2,0,66.67,33.33,0.0
Yoshi's Crafted World,Difficulty,23,17,6,0,73.91,26.09,0.0
Yoshi's Crafted World,Performance,1,0,1,0,0.0,100.0,0.0
Yoshi's Crafted World,Replayability,7,5,2,0,71.43,28.57,0.0
Youropa,Gameplay,3,1,2,0,33.33,66.67,0.0
Youropa,Story,2,0,2,0,0.0,100.0,0.0
Youropa,Graphics,1,1,0,0,100.0,0.0,0.0
Youropa,Characters,1,0,1,0,0.0,100.0,0.0
Youropa,Level Design,4,2,2,0,50.0,50.0,0.0
Youropa,Music & Sound,1,1,0,0,100.0,0.0,0.0
Youropa,Difficulty,1,1,0,0,100.0,0.0,0.0
Youropa,Performance,1,0,1,0,0.0,100.0,0.0
Ys Memoire: The Oath in Felghana,Gameplay,25,20,5,0,80.0,20.0,0.0
Ys Memoire: The Oath in Felghana,Story,14,10,4,0,71.43,28.57,0.0
Ys Memoire: The Oath in Felghana,Graphics,10,7,3,0,70.0,30.0,0.0
Ys Memoire: The Oath in Felghana,Characters,8,6,2,0,75.0,25.0,0.0
Ys Memoire: The Oath in Felghana,Level Design,3,2,1,0,66.67,33.33,0.0
Ys Memoire: The Oath in Felghana,Music & Sound,9,7,2,0,77.78,22.22,0.0
Ys Memoire: The Oath in Felghana,Difficulty,17,10,7,0,58.82,41.18,0.0
Ys Memoire: The Oath in Felghana,Replayability,3,2,1,0,66.67,33.33,0.0
Ys Origin,Gameplay,26,18,8,0,69.23,30.77,0.0
Ys Origin,Story,19,17,2,0,89.47,10.53,0.0
Ys Origin,Graphics,5,4,1,0,80.0,20.0,0.0
Ys Origin,Characters,14,9,5,0,64.29,35.71,0.0
Ys Origin,Level Design,5,4,1,0,80.0,20.0,0.0
Ys Origin,Music & Sound,13,11,2,0,84.62,15.38,0.0
Ys Origin,Difficulty,14,9,5,0,64.29,35.71,0.0
Ys Origin,Replayability,9,4,5,0,44.44,55.56,0.0
Ys VIII: Lacrimosa of DANA,Gameplay,48,45,3,0,93.75,6.25,0.0
Ys VIII: Lacrimosa of DANA,Story,34,30,4,0,88.24,11.76,0.0
Ys VIII: Lacrimosa of DANA,Graphics,8,5,3,0,62.5,37.5,0.0
Ys VIII: Lacrimosa of DANA,Characters,18,17,1,0,94.44,5.56,0.0
Ys VIII: Lacrimosa of DANA,Level Design,10,9,1,0,90.0,10.0,0.0
Ys VIII: Lacrimosa of DANA,Music & Sound,13,11,2,0,84.62,15.38,0.0
Ys VIII: Lacrimosa of DANA,Difficulty,5,5,0,0,100.0,0.0,0.0
Ys VIII: Lacrimosa of DANA,Performance,14,11,2,1,78.57,14.29,7.14
Ys VIII: Lacrimosa of DANA,Replayability,5,5,0,0,100.0,0.0,0.0
Ys X: Proud Nordics,Gameplay,22,20,2,0,90.91,9.09,0.0
Ys X: Proud Nordics,Story,17,14,3,0,82.35,17.65,0.0
Ys X: Proud Nordics,Graphics,7,5,2,0,71.43,28.57,0.0
Ys X: Proud Nordics,Characters,7,6,1,0,85.71,14.29,0.0
Ys X: Proud Nordics,Level Design,2,2,0,0,100.0,0.0,0.0
Ys X: Proud Nordics,Music & Sound,5,5,0,0,100.0,0.0,0.0
Ys X: Proud Nordics,Difficulty,4,4,0,0,100.0,0.0,0.0
Ys X: Proud Nordics,Performance,7,5,2,0,71.43,28.57,0.0
Ys X: Proud Nordics,Replayability,21,16,5,0,76.19,23.81,0.0
Yumeutsutsu Re:Master,Story,3,2,1,0,66.67,33.33,0.0
Yumeutsutsu Re:Master,Graphics,3,3,0,0,100.0,0.0,0.0
Yumeutsutsu Re:Master,Characters,3,2,1,0,66.67,33.33,0.0
Yumeutsutsu Re:Master,Difficulty,1,1,0,0,100.0,0.0,0.0
Yuppie Psycho,Story,6,6,0,0,100.0,0.0,0.0
Yuppie Psycho,Graphics,1,1,0,0,100.0,0.0,0.0
Yuppie Psycho,Characters,1,1,0,0,100.0,0.0,0.0
Yuppie Psycho,Music & Sound,1,1,0,0,100.0,0.0,0.0
Yuppie Psycho,Difficulty,2,2,0,0,100.0,0.0,0.0
Yuppie Psycho,Performance,1,0,1,0,0.0,100.0,0.0
Yuppie Psycho,Replayability,1,1,0,0,100.0,0.0,0.0
ZEN Pinball 2,Gameplay,1,1,0,0,100.0,0.0,0.0
ZEN Pinball 2,Music & Sound,1,1,0,0,100.0,0.0,0.0
ZEN Pinball 2,Replayability,1,1,0,0,100.0,0.0,0.0
ZEN Pinball 2: South Park: Super-Sweet Pinball,Characters,1,1,0,0,100.0,0.0,0.0
ZEN Pinball 2: South Park: Super-Sweet Pinball,Difficulty,2,2,0,0,100.0,0.0,0.0
ZEN Pinball 2: Star Wars: The Force Awakens,Difficulty,2,2,0,0,100.0,0.0,0.0
ZEN Pinball 2: Star Wars: The Force Awakens,Replayability,1,1,0,0,100.0,0.0,0.0
ZEN Pinball 2: The Walking Dead,Graphics,1,1,0,0,100.0,0.0,0.0
ZEN Pinball 2: The Walking Dead,Music & Sound,1,1,0,0,100.0,0.0,0.0
ZEN Pinball 2: The Walking Dead,Difficulty,1,1,0,0,100.0,0.0,0.0
ZERO PARADES: For Dead Spies,Gameplay,11,9,2,0,81.82,18.18,0.0
ZERO PARADES: For Dead Spies,Story,30,25,5,0,83.33,16.67,0.0
ZERO PARADES: For Dead Spies,Graphics,2,1,1,0,50.0,50.0,0.0
ZERO PARADES: For Dead Spies,Characters,12,12,0,0,100.0,0.0,0.0
ZERO PARADES: For Dead Spies,Level Design,2,2,0,0,100.0,0.0,0.0
ZERO PARADES: For Dead Spies,Difficulty,4,3,1,0,75.0,25.0,0.0
ZERO PARADES: For Dead Spies,Performance,3,3,0,0,100.0,0.0,0.0
ZERO Sievert,Gameplay,1,0,1,0,0.0,100.0,0.0
ZERO Sievert,Level Design,1,0,1,0,0.0,100.0,0.0
Zen Pinball 2: Portal Pinball,Gameplay,3,2,1,0,66.67,33.33,0.0
Zen Pinball 2: Portal Pinball,Difficulty,2,2,0,0,100.0,0.0,0.0
Zen Pinball 2: Portal Pinball,Replayability,1,1,0,0,100.0,0.0,0.0
Zenzizenzic,Gameplay,5,4,1,0,80.0,20.0,0.0
Zenzizenzic,Graphics,2,1,1,0,50.0,50.0,0.0
Zenzizenzic,Level Design,2,2,0,0,100.0,0.0,0.0
Zenzizenzic,Music & Sound,2,1,1,0,50.0,50.0,0.0
Zenzizenzic,Difficulty,2,2,0,0,100.0,0.0,0.0
Zero Escape: The Nonary Games,Gameplay,2,1,1,0,50.0,50.0,0.0
Zero Escape: The Nonary Games,Story,10,7,3,0,70.0,30.0,0.0
Zero Escape: The Nonary Games,Graphics,11,10,1,0,90.91,9.09,0.0
Zero Escape: The Nonary Games,Characters,5,3,2,0,60.0,40.0,0.0
Zero Escape: The Nonary Games,Music & Sound,1,1,0,0,100.0,0.0,0.0
Zero Escape: The Nonary Games,Difficulty,4,3,1,0,75.0,25.0,0.0
Zero Escape: The Nonary Games,Replayability,3,2,1,0,66.67,33.33,0.0
Zero Time Dilemma,Gameplay,4,4,0,0,100.0,0.0,0.0
Zero Time Dilemma,Story,35,23,10,2,65.71,28.57,5.71
Zero Time Dilemma,Graphics,8,4,4,0,50.0,50.0,0.0
Zero Time Dilemma,Characters,11,8,3,0,72.73,27.27,0.0
Zero Time Dilemma,Level Design,2,1,0,1,50.0,0.0,50.0
Zero Time Dilemma,Music & Sound,1,1,0,0,100.0,0.0,0.0
Zero Time Dilemma,Difficulty,4,3,0,1,75.0,0.0,25.0
Zero Time Dilemma,Performance,1,1,0,0,100.0,0.0,0.0
Zoe Begone!,Gameplay,4,3,1,0,75.0,25.0,0.0
Zoe Begone!,Graphics,2,2,0,0,100.0,0.0,0.0
Zoe Begone!,Level Design,1,1,0,0,100.0,0.0,0.0
Zoe Begone!,Music & Sound,1,1,0,0,100.0,0.0,0.0
Zoe Begone!,Difficulty,3,3,0,0,100.0,0.0,0.0
art of rally,Gameplay,4,3,1,0,75.0,25.0,0.0
art of rally,Graphics,11,7,4,0,63.64,36.36,0.0
art of rally,Level Design,2,2,0,0,100.0,0.0,0.0
art of rally,Music & Sound,3,3,0,0,100.0,0.0,0.0
art of rally,Difficulty,6,4,2,0,66.67,33.33,0.0
art of rally,Performance,2,0,2,0,0.0,100.0,0.0
art of rally,Replayability,1,1,0,0,100.0,0.0,0.0
eFootball PES 2020,Gameplay,25,14,11,0,56.0,44.0,0.0
eFootball PES 2020,Graphics,6,4,2,0,66.67,33.33,0.0
eFootball PES 2020,Level Design,1,1,0,0,100.0,0.0,0.0
eFootball PES 2020,Difficulty,1,0,1,0,0.0,100.0,0.0
eFootball PES 2020,Performance,2,1,1,0,50.0,50.0,0.0
eFootball PES 2020,Replayability,5,1,4,0,20.0,80.0,0.0
flower,Gameplay,3,1,2,0,33.33,66.67,0.0
flower,Graphics,1,1,0,0,100.0,0.0,0.0
flower,Level Design,1,0,1,0,0.0,100.0,0.0
flower,Music & Sound,1,0,1,0,0.0,100.0,0.0
flower,Difficulty,1,1,0,0,100.0,0.0,0.0
inFamous: Second Son,Gameplay,23,18,5,0,78.26,21.74,0.0
inFamous: Second Son,Story,20,18,2,0,90.0,10.0,0.0
inFamous: Second Son,Graphics,14,9,5,0,64.29,35.71,0.0
inFamous: Second Son,Characters,14,10,4,0,71.43,28.57,0.0
inFamous: Second Son,Level Design,1,1,0,0,100.0,0.0,0.0
inFamous: Second Son,Music & Sound,3,2,1,0,66.67,33.33,0.0
inFamous: Second Son,Difficulty,4,3,1,0,75.0,25.0,0.0
inFamous: Second Son,Performance,2,1,1,0,50.0,50.0,0.0
s.p.l.i.t,Gameplay,3,2,1,0,66.67,33.33,0.0
s.p.l.i.t,Story,6,2,4,0,33.33,66.67,0.0
s.p.l.i.t,Level Design,1,1,0,0,100.0,0.0,0.0
s.p.l.i.t,Music & Sound,1,1,0,0,100.0,0.0,0.0
s.p.l.i.t,Difficulty,1,0,1,0,0.0,100.0,0.0
s.p.l.i.t,Replayability,3,3,0,0,100.0,0.0,0.0
tERRORbane,Gameplay,1,1,0,0,100.0,0.0,0.0
tERRORbane,Story,2,1,1,0,50.0,50.0,0.0
tERRORbane,Graphics,1,1,0,0,100.0,0.0,0.0
tERRORbane,Level Design,1,1,0,0,100.0,0.0,0.0
tERRORbane,Difficulty,2,1,1,0,50.0,50.0,0.0
tERRORbane,Performance,2,2,0,0,100.0,0.0,0.0
Öoo,Gameplay,3,3,0,0,100.0,0.0,0.0
Öoo,Characters,1,1,0,0,100.0,0.0,0.0
​Red Matter,Gameplay,2,2,0,0,100.0,0.0,0.0
​Red Matter,Story,2,2,0,0,100.0,0.0,0.0
​Red Matter,Replayability,1,1,0,0,100.0,0.0,0.0
