game_name,key_point
007 First Light,Most discussed aspect: Gameplay (44 reviews)
007 First Light,Strongest aspect: Graphics (100.0% positive)
007 First Light,Most criticized aspect: Music & Sound (50.0% negative)
007 First Light,Common positive theme: James Bond game
007 First Light,Common negative theme: illusion quickly falls
1000xRESIST,Most discussed aspect: Story (20 reviews)
1000xRESIST,Strongest aspect: Graphics (100.0% positive)
1000xRESIST,Most criticized aspect: Gameplay (0.0% negative)
1000xRESIST,Common positive theme: Sunset Visitor
13 Sentinels Aegis Rim,Most discussed aspect: Story (77 reviews)
13 Sentinels Aegis Rim,Strongest aspect: Characters (100.0% positive)
13 Sentinels Aegis Rim,Most criticized aspect: Gameplay (0.0% negative)
13 Sentinels Aegis Rim,Common positive theme: Aegis Rim
2XKO,Most discussed aspect: Gameplay (4 reviews)
2XKO,Strongest aspect: Gameplay (100.0% positive)
2XKO,Most criticized aspect: Gameplay (0.0% negative)
2XKO,Common positive theme: superbly crafted core
3 Out of 10: Season Two,Most discussed aspect: Story (1 reviews)
3 Out of 10: Season Two,Strongest aspect: Story (100.0% positive)
3 Out of 10: Season Two,Most criticized aspect: Story (0.0% negative)
3 Out of 10: Season Two,Common positive theme: fun-filled title
30 Birds,Most discussed aspect: Story (3 reviews)
30 Birds,Strongest aspect: Gameplay (100.0% positive)
30 Birds,Most criticized aspect: Gameplay (0.0% negative)
30 Birds,Common positive theme: Birds
30XX,Most discussed aspect: Gameplay (11 reviews)
30XX,Strongest aspect: Gameplay (100.0% positive)
30XX,Most criticized aspect: Gameplay (0.0% negative)
30XX,Common positive theme: Mega Man
428: Shibuya Scramble,Most discussed aspect: Graphics (16 reviews)
428: Shibuya Scramble,Strongest aspect: Characters (87.5% positive)
428: Shibuya Scramble,Most criticized aspect: Story (0.0% negative)
428: Shibuya Scramble,Common positive theme: Shibuya Scramble
6180 The Moon,Most discussed aspect: Gameplay (4 reviews)
6180 The Moon,Strongest aspect: Graphics (100.0% positive)
6180 The Moon,Most criticized aspect: Gameplay (0.0% negative)
6180 The Moon,Common positive theme: extremely compelling experience
8-Bit Adventures 2,Most discussed aspect: Gameplay (7 reviews)
8-Bit Adventures 2,Strongest aspect: Gameplay (100.0% positive)
8-Bit Adventures 2,Most criticized aspect: Gameplay (0.0% negative)
8-Bit Adventures 2,Common positive theme: Adventures
80 Days,Most discussed aspect: Story (1 reviews)
80 Days,Strongest aspect: Story (100.0% positive)
80 Days,Most criticized aspect: Story (0.0% negative)
80 Days,Common positive theme: Jules Verne
A Monster's Expedition,Most discussed aspect: Difficulty (5 reviews)
A Monster's Expedition,Strongest aspect: Story (100.0% positive)
A Monster's Expedition,Most criticized aspect: Gameplay (0.0% negative)
A Monster's Expedition,Common positive theme: Monster Expedition
A Mortician's Tale,Most discussed aspect: Story (1 reviews)
A Mortician's Tale,Strongest aspect: Story (100.0% positive)
A Mortician's Tale,Most criticized aspect: Story (0.0% negative)
A Mortician's Tale,Common positive theme: clear-eyed and uplifting
A Plague Tale: Innocence,Most discussed aspect: Story (90 reviews)
A Plague Tale: Innocence,Strongest aspect: Graphics (100.0% positive)
A Plague Tale: Innocence,Most criticized aspect: Gameplay (0.0% negative)
A Plague Tale: Innocence,Common positive theme: Plague Tale
A Plague Tale: Requiem,Most discussed aspect: Story (75 reviews)
A Plague Tale: Requiem,Strongest aspect: Difficulty (88.9% positive)
A Plague Tale: Requiem,Most criticized aspect: Gameplay (0.0% negative)
A Plague Tale: Requiem,Common positive theme: Plague Tale Requiem
A Short Hike,Most discussed aspect: Gameplay (9 reviews)
A Short Hike,Strongest aspect: Characters (100.0% positive)
A Short Hike,Most criticized aspect: Gameplay (0.0% negative)
A Short Hike,Common positive theme: Short Hike
A Space for the Unbound,Most discussed aspect: Story (36 reviews)
A Space for the Unbound,Strongest aspect: Graphics (100.0% positive)
A Space for the Unbound,Most criticized aspect: Gameplay (0.0% negative)
A Space for the Unbound,Common positive theme: Space
ACA NEOGEO BLAZING STAR,Most discussed aspect: Level Design (1 reviews)
ACA NEOGEO BLAZING STAR,Strongest aspect: Level Design (100.0% positive)
ACA NEOGEO BLAZING STAR,Most criticized aspect: Level Design (0.0% negative)
ACA NEOGEO BLAZING STAR,Common positive theme: Neo Geo shmups
AI: THE SOMNIUM FILES - nirvanA Initiative,Most discussed aspect: Story (35 reviews)
AI: THE SOMNIUM FILES - nirvanA Initiative,Strongest aspect: Gameplay (100.0% positive)
AI: THE SOMNIUM FILES - nirvanA Initiative,Most criticized aspect: Gameplay (0.0% negative)
AI: THE SOMNIUM FILES - nirvanA Initiative,Common positive theme: Somnium Files
AI: The Somnium Files,Most discussed aspect: Story (25 reviews)
AI: The Somnium Files,Strongest aspect: Gameplay (100.0% positive)
AI: The Somnium Files,Most criticized aspect: Story (4.0% negative)
AI: The Somnium Files,Common positive theme: Somnium Files
AI: The Somnium Files,Common negative theme: Somnium Files
ANONYMOUS;CODE,Most discussed aspect: Story (20 reviews)
ANONYMOUS;CODE,Strongest aspect: Gameplay (100.0% positive)
ANONYMOUS;CODE,Most criticized aspect: Gameplay (0.0% negative)
ANONYMOUS;CODE,Common positive theme: Science Adventure series
ANTONBLAST,Most discussed aspect: Gameplay (18 reviews)
ANTONBLAST,Strongest aspect: Story (100.0% positive)
ANTONBLAST,Most criticized aspect: Characters (25.0% negative)
ANTONBLAST,Common positive theme: Antonblast
ANTONBLAST,Common negative theme: Antonblast feels
APE OUT,Most discussed aspect: Music & Sound (23 reviews)
APE OUT,Strongest aspect: Story (100.0% positive)
APE OUT,Most criticized aspect: Gameplay (0.0% negative)
APE OUT,Common positive theme: Ape
APICO,Most discussed aspect: Gameplay (4 reviews)
APICO,Strongest aspect: Story (100.0% positive)
APICO,Most criticized aspect: Gameplay (0.0% negative)
APICO,Common positive theme: APICO
ARC Raiders,Most discussed aspect: Gameplay (28 reviews)
ARC Raiders,Strongest aspect: Story (100.0% positive)
ARC Raiders,Most criticized aspect: Gameplay (7.1% negative)
ARC Raiders,Common positive theme: ARC Raiders
ARC Raiders,Common negative theme: doner kebab smeared
ASTLIBRA Gaiden: The Cave of Phantom Mist,Most discussed aspect: Gameplay (3 reviews)
ASTLIBRA Gaiden: The Cave of Phantom Mist,Strongest aspect: Difficulty (100.0% positive)
ASTLIBRA Gaiden: The Cave of Phantom Mist,Most criticized aspect: Gameplay (0.0% negative)
ASTLIBRA Gaiden: The Cave of Phantom Mist,Common positive theme: Astlibra DLC
ASTLIBRA Revision,Most discussed aspect: Story (14 reviews)
ASTLIBRA Revision,Strongest aspect: Music & Sound (100.0% positive)
ASTLIBRA Revision,Most criticized aspect: Gameplay (0.0% negative)
ASTLIBRA Revision,Common positive theme: Astlibra Revision
Aaero: Complete Edition,Most discussed aspect: Music & Sound (4 reviews)
Aaero: Complete Edition,Strongest aspect: Gameplay (100.0% positive)
Aaero: Complete Edition,Most criticized aspect: Gameplay (0.0% negative)
Aaero: Complete Edition,Common positive theme: system to click
Abiotic Factor,Most discussed aspect: Gameplay (3 reviews)
Abiotic Factor,Strongest aspect: Gameplay (100.0% positive)
Abiotic Factor,Most criticized aspect: Gameplay (0.0% negative)
Abiotic Factor,Common positive theme: Abiotic Factor
Absolum,Most discussed aspect: Gameplay (48 reviews)
Absolum,Strongest aspect: Graphics (100.0% positive)
Absolum,Most criticized aspect: Gameplay (0.0% negative)
Absolum,Common positive theme: Absolum
Ace Attorney Investigations Collection,Most discussed aspect: Graphics (22 reviews)
Ace Attorney Investigations Collection,Strongest aspect: Graphics (100.0% positive)
Ace Attorney Investigations Collection,Most criticized aspect: Gameplay (0.0% negative)
Ace Attorney Investigations Collection,Common positive theme: Ace Attorney Investigations
Ace Combat 7: Skies Unknown,Most discussed aspect: Gameplay (114 reviews)
Ace Combat 7: Skies Unknown,Strongest aspect: Performance (100.0% positive)
Ace Combat 7: Skies Unknown,Most criticized aspect: Gameplay (0.0% negative)
Ace Combat 7: Skies Unknown,Common positive theme: Ace Combat
Aces & Adventures,Most discussed aspect: Gameplay (3 reviews)
Aces & Adventures,Strongest aspect: Gameplay (100.0% positive)
Aces & Adventures,Most criticized aspect: Gameplay (0.0% negative)
Aces & Adventures,Common positive theme: Adventures combines poker
Advance Wars 1+2: Re-Boot Camp,Most discussed aspect: Gameplay (26 reviews)
Advance Wars 1+2: Re-Boot Camp,Strongest aspect: Level Design (100.0% positive)
Advance Wars 1+2: Re-Boot Camp,Most criticized aspect: Gameplay (0.0% negative)
Advance Wars 1+2: Re-Boot Camp,Common positive theme: Advance Wars
Aether & Iron,Most discussed aspect: Story (15 reviews)
Aether & Iron,Strongest aspect: Characters (100.0% positive)
Aether & Iron,Most criticized aspect: Gameplay (0.0% negative)
Aether & Iron,Common positive theme: Iron
Against The Storm,Most discussed aspect: Gameplay (9 reviews)
Against The Storm,Strongest aspect: Graphics (100.0% positive)
Against The Storm,Most criticized aspect: Gameplay (0.0% negative)
Against The Storm,Common positive theme: Storm
Age of Empires II: Definitive Edition,Most discussed aspect: Gameplay (11 reviews)
Age of Empires II: Definitive Edition,Strongest aspect: Level Design (100.0% positive)
Age of Empires II: Definitive Edition,Most criticized aspect: Gameplay (0.0% negative)
Age of Empires II: Definitive Edition,Common positive theme: Definitive Edition
Age of Empires IV,Most discussed aspect: Gameplay (19 reviews)
Age of Empires IV,Strongest aspect: Story (100.0% positive)
Age of Empires IV,Most criticized aspect: Gameplay (0.0% negative)
Age of Empires IV,Common positive theme: Age of Empires
Age of Mythology: Retold,Most discussed aspect: Gameplay (22 reviews)
Age of Mythology: Retold,Strongest aspect: Story (100.0% positive)
Age of Mythology: Retold,Most criticized aspect: Level Design (33.3% negative)
Age of Mythology: Retold,Common positive theme: Age of Mythology
Age of Mythology: Retold,Common negative theme: fantastic time capsule
Age of Wonders 4,Most discussed aspect: Gameplay (7 reviews)
Age of Wonders 4,Strongest aspect: Graphics (100.0% positive)
Age of Wonders 4,Most criticized aspect: Gameplay (0.0% negative)
Age of Wonders 4,Common positive theme: Age
Age of Wonders III,Most discussed aspect: Gameplay (6 reviews)
Age of Wonders III,Strongest aspect: Level Design (100.0% positive)
Age of Wonders III,Most criticized aspect: Gameplay (0.0% negative)
Age of Wonders III,Common positive theme: Age
Age of Wonders: Planetfall,Most discussed aspect: Gameplay (13 reviews)
Age of Wonders: Planetfall,Strongest aspect: Story (100.0% positive)
Age of Wonders: Planetfall,Most criticized aspect: Gameplay (0.0% negative)
Age of Wonders: Planetfall,Common positive theme: Age
Agent A: A Puzzle in Disguise,Most discussed aspect: Difficulty (3 reviews)
Agent A: A Puzzle in Disguise,Strongest aspect: Difficulty (100.0% positive)
Agent A: A Puzzle in Disguise,Most criticized aspect: Gameplay (0.0% negative)
Agent A: A Puzzle in Disguise,Common positive theme: sweet escape room
Alaloth: Champions of The Four Kingdoms,Most discussed aspect: Gameplay (4 reviews)
Alaloth: Champions of The Four Kingdoms,Strongest aspect: Gameplay (100.0% positive)
Alaloth: Champions of The Four Kingdoms,Most criticized aspect: Gameplay (0.0% negative)
Alaloth: Champions of The Four Kingdoms,Common positive theme: Gamera Interactive blended
Alan Wake 2,Most discussed aspect: Story (70 reviews)
Alan Wake 2,Strongest aspect: Difficulty (100.0% positive)
Alan Wake 2,Most criticized aspect: Story (2.9% negative)
Alan Wake 2,Common positive theme: Alan Wake
Alan Wake 2,Common negative theme: Remedy game
Alan Wake 2: Night Springs,Most discussed aspect: Gameplay (7 reviews)
Alan Wake 2: Night Springs,Strongest aspect: Graphics (100.0% positive)
Alan Wake 2: Night Springs,Most criticized aspect: Gameplay (0.0% negative)
Alan Wake 2: Night Springs,Common positive theme: Alan Wake
Alan Wake Remastered,Most discussed aspect: Story (33 reviews)
Alan Wake Remastered,Strongest aspect: Replayability (100.0% positive)
Alan Wake Remastered,Most criticized aspect: Gameplay (0.0% negative)
Alan Wake Remastered,Common positive theme: Alan Wake Remastered
Alan Wake Remastered,Common negative theme: disappointingly trivial actioner
Alba: A Wildlife Adventure,Most discussed aspect: Story (10 reviews)
Alba: A Wildlife Adventure,Strongest aspect: Graphics (100.0% positive)
Alba: A Wildlife Adventure,Most criticized aspect: Gameplay (0.0% negative)
Alba: A Wildlife Adventure,Common positive theme: Wildlife Adventure
Alien: Isolation,Most discussed aspect: Gameplay (12 reviews)
Alien: Isolation,Strongest aspect: Graphics (100.0% positive)
Alien: Isolation,Most criticized aspect: Gameplay (0.0% negative)
Alien: Isolation,Common positive theme: Alien
Aliens Go Home Run,Most discussed aspect: Gameplay (2 reviews)
Aliens Go Home Run,Strongest aspect: Graphics (100.0% positive)
Aliens Go Home Run,Most criticized aspect: Gameplay (0.0% negative)
Aliens Go Home Run,Common positive theme: Aliens Go Home
Aliens vs. Pinball,Most discussed aspect: Music & Sound (1 reviews)
Aliens vs. Pinball,Strongest aspect: Music & Sound (100.0% positive)
Aliens vs. Pinball,Most criticized aspect: Music & Sound (0.0% negative)
Aliens vs. Pinball,Common positive theme: Pinball
Alisa Developer's Cut,Most discussed aspect: Gameplay (8 reviews)
Alisa Developer's Cut,Strongest aspect: Graphics (100.0% positive)
Alisa Developer's Cut,Most criticized aspect: Characters (100.0% negative)
Alisa Developer's Cut,Common positive theme: Resident Evil
Alisa Developer's Cut,Common negative theme: items compound things
Altdeus: Beyond Chronos,Most discussed aspect: Story (15 reviews)
Altdeus: Beyond Chronos,Strongest aspect: Gameplay (100.0% positive)
Altdeus: Beyond Chronos,Most criticized aspect: Gameplay (0.0% negative)
Altdeus: Beyond Chronos,Common positive theme: ALTDEUS
Amid Evil,Most discussed aspect: Performance (6 reviews)
Amid Evil,Strongest aspect: Gameplay (100.0% positive)
Amid Evil,Most criticized aspect: Gameplay (0.0% negative)
Amid Evil,Common positive theme: Amid Evil
Among Us VR,Most discussed aspect: Gameplay (3 reviews)
Among Us VR,Strongest aspect: Gameplay (100.0% positive)
Among Us VR,Most criticized aspect: Gameplay (0.0% negative)
Among Us VR,Common positive theme: social deduction hit
Angeline Era,Most discussed aspect: Gameplay (3 reviews)
Angeline Era,Strongest aspect: Gameplay (100.0% positive)
Angeline Era,Most criticized aspect: Gameplay (0.0% negative)
Angeline Era,Common positive theme: Angeline Era
Angry Video Game Nerd 8-bit,Most discussed aspect: Gameplay (5 reviews)
Angry Video Game Nerd 8-bit,Strongest aspect: Gameplay (100.0% positive)
Angry Video Game Nerd 8-bit,Most criticized aspect: Gameplay (0.0% negative)
Angry Video Game Nerd 8-bit,Common positive theme: Video Game Nerd
Animal Crossing New Horizons: Happy Home Paradise,Most discussed aspect: Gameplay (2 reviews)
Animal Crossing New Horizons: Happy Home Paradise,Strongest aspect: Gameplay (100.0% positive)
Animal Crossing New Horizons: Happy Home Paradise,Most criticized aspect: Gameplay (0.0% negative)
Animal Crossing New Horizons: Happy Home Paradise,Common positive theme: Happy Home Paradise
Animal Crossing: New Horizons,Most discussed aspect: Gameplay (11 reviews)
Animal Crossing: New Horizons,Strongest aspect: Gameplay (100.0% positive)
Animal Crossing: New Horizons,Most criticized aspect: Gameplay (0.0% negative)
Animal Crossing: New Horizons,Common positive theme: Animal Crossing
Animal Well,Most discussed aspect: Gameplay (18 reviews)
Animal Well,Strongest aspect: Graphics (100.0% positive)
Animal Well,Most criticized aspect: Gameplay (0.0% negative)
Animal Well,Common positive theme: Animal
Anno 117: Pax Romana,Most discussed aspect: Gameplay (28 reviews)
Anno 117: Pax Romana,Strongest aspect: Story (100.0% positive)
Anno 117: Pax Romana,Most criticized aspect: Gameplay (0.0% negative)
Anno 117: Pax Romana,Common positive theme: Pax Romana
Anno 1800,Most discussed aspect: Gameplay (15 reviews)
Anno 1800,Strongest aspect: Graphics (100.0% positive)
Anno 1800,Most criticized aspect: Gameplay (0.0% negative)
Anno 1800,Common positive theme: Anno
Anomaly Agent,Most discussed aspect: Gameplay (11 reviews)
Anomaly Agent,Strongest aspect: Graphics (100.0% positive)
Anomaly Agent,Most criticized aspect: Gameplay (0.0% negative)
Anomaly Agent,Common positive theme: Anomaly Agent
Apex Legends,Most discussed aspect: Gameplay (18 reviews)
Apex Legends,Strongest aspect: Replayability (100.0% positive)
Apex Legends,Most criticized aspect: Graphics (50.0% negative)
Apex Legends,Common positive theme: Apex Legends
Apex Legends,Common negative theme: Apex Legends
Apollo Justice: Ace Attorney Trilogy,Most discussed aspect: Story (19 reviews)
Apollo Justice: Ace Attorney Trilogy,Strongest aspect: Gameplay (100.0% positive)
Apollo Justice: Ace Attorney Trilogy,Most criticized aspect: Gameplay (0.0% negative)
Apollo Justice: Ace Attorney Trilogy,Common positive theme: Ace Attorney Trilogy
Arcade Spirits: The New Challengers,Most discussed aspect: Graphics (6 reviews)
Arcade Spirits: The New Challengers,Strongest aspect: Story (100.0% positive)
Arcade Spirits: The New Challengers,Most criticized aspect: Story (0.0% negative)
Arcade Spirits: The New Challengers,Common positive theme: Arcade Spirits
ArcheAge,Most discussed aspect: Gameplay (3 reviews)
ArcheAge,Strongest aspect: Gameplay (100.0% positive)
ArcheAge,Most criticized aspect: Gameplay (0.0% negative)
ArcheAge,Common positive theme: story worth hearing
Archvale,Most discussed aspect: Gameplay (5 reviews)
Archvale,Strongest aspect: Level Design (100.0% positive)
Archvale,Most criticized aspect: Gameplay (0.0% negative)
Archvale,Common positive theme: ridiculously playable adventure
Arco,Most discussed aspect: Difficulty (7 reviews)
Arco,Strongest aspect: Gameplay (100.0% positive)
Arco,Most criticized aspect: Gameplay (0.0% negative)
Arco,Common positive theme: Arco
Arena of Valor,Most discussed aspect: Difficulty (1 reviews)
Arena of Valor,Strongest aspect: Difficulty (100.0% positive)
Arena of Valor,Most criticized aspect: Difficulty (0.0% negative)
Arena of Valor,Common positive theme: fact Nintendo Switch
Arise: A simple story,Most discussed aspect: Story (55 reviews)
Arise: A simple story,Strongest aspect: Characters (100.0% positive)
Arise: A simple story,Most criticized aspect: Gameplay (3.3% negative)
Arise: A simple story,Common positive theme: Simple Story
Arise: A simple story,Common negative theme: Simple Story
Armored Core VI: Fires of Rubicon,Most discussed aspect: Gameplay (56 reviews)
Armored Core VI: Fires of Rubicon,Strongest aspect: Replayability (100.0% positive)
Armored Core VI: Fires of Rubicon,Most criticized aspect: Music & Sound (100.0% negative)
Armored Core VI: Fires of Rubicon,Common positive theme: Armored Core
Armored Core VI: Fires of Rubicon,Common negative theme: Armored Core
Arranger: A Role-Puzzling Adventure,Most discussed aspect: Story (14 reviews)
Arranger: A Role-Puzzling Adventure,Strongest aspect: Graphics (100.0% positive)
Arranger: A Role-Puzzling Adventure,Most criticized aspect: Gameplay (0.0% negative)
Arranger: A Role-Puzzling Adventure,Common positive theme: Role-Puzzling Adventure
Art Academy: Home Studio,Most discussed aspect: Level Design (2 reviews)
Art Academy: Home Studio,Strongest aspect: Graphics (100.0% positive)
Art Academy: Home Studio,Most criticized aspect: Graphics (0.0% negative)
Art Academy: Home Studio,Common positive theme: Art Academy
Art of Balance,Most discussed aspect: Gameplay (2 reviews)
Art of Balance,Strongest aspect: Gameplay (100.0% positive)
Art of Balance,Most criticized aspect: Gameplay (0.0% negative)
Art of Balance,Common positive theme: Art of Balance
Asgard's Wrath,Most discussed aspect: Graphics (2 reviews)
Asgard's Wrath,Strongest aspect: Gameplay (100.0% positive)
Asgard's Wrath,Most criticized aspect: Gameplay (0.0% negative)
Asgard's Wrath,Common positive theme: must-play action RPG
Asgard's Wrath 2,Most discussed aspect: Gameplay (4 reviews)
Asgard's Wrath 2,Strongest aspect: Gameplay (100.0% positive)
Asgard's Wrath 2,Most criticized aspect: Gameplay (0.0% negative)
Asgard's Wrath 2,Common positive theme: Asgard ’s Wrath
Ash of Gods: The Way,Most discussed aspect: Story (6 reviews)
Ash of Gods: The Way,Strongest aspect: Story (100.0% positive)
Ash of Gods: The Way,Most criticized aspect: Gameplay (0.0% negative)
Ash of Gods: The Way,Common positive theme: Ash of Gods
Ashen,Most discussed aspect: Difficulty (13 reviews)
Ashen,Strongest aspect: Graphics (100.0% positive)
Ashen,Most criticized aspect: Gameplay (8.3% negative)
Ashen,Common positive theme: Dark Souls
Ashen,Common negative theme: hardcore Souls fans
Ashes of the Singularity: Escalation,Most discussed aspect: Replayability (1 reviews)
Ashes of the Singularity: Escalation,Strongest aspect: Replayability (100.0% positive)
Ashes of the Singularity: Escalation,Most criticized aspect: Replayability (0.0% negative)
Ashes of the Singularity: Escalation,Common positive theme: original campaign missions
Assassin's Creed IV: Black Flag,Most discussed aspect: Gameplay (11 reviews)
Assassin's Creed IV: Black Flag,Strongest aspect: Story (100.0% positive)
Assassin's Creed IV: Black Flag,Most criticized aspect: Gameplay (0.0% negative)
Assassin's Creed IV: Black Flag,Common positive theme: Assassin Creed
Assassin's Creed Nexus,Most discussed aspect: Gameplay (10 reviews)
Assassin's Creed Nexus,Strongest aspect: Story (100.0% positive)
Assassin's Creed Nexus,Most criticized aspect: Gameplay (0.0% negative)
Assassin's Creed Nexus,Common positive theme: Assassin Creed Nexus
Assassin's Creed Odyssey,Most discussed aspect: Gameplay (47 reviews)
Assassin's Creed Odyssey,Strongest aspect: Music & Sound (100.0% positive)
Assassin's Creed Odyssey,Most criticized aspect: Replayability (8.3% negative)
Assassin's Creed Odyssey,Common positive theme: Assassin Creed Odyssey
Assassin's Creed Odyssey,Common negative theme: ship crew sings
Assassin's Creed Origins,Most discussed aspect: Gameplay (51 reviews)
Assassin's Creed Origins,Strongest aspect: Characters (100.0% positive)
Assassin's Creed Origins,Most criticized aspect: Gameplay (0.0% negative)
Assassin's Creed Origins,Common positive theme: Assassin Creed Origins
Assassin's Creed Origins: The Curse of the Pharaohs,Most discussed aspect: Level Design (3 reviews)
Assassin's Creed Origins: The Curse of the Pharaohs,Strongest aspect: Gameplay (100.0% positive)
Assassin's Creed Origins: The Curse of the Pharaohs,Most criticized aspect: Gameplay (0.0% negative)
Assassin's Creed Origins: The Curse of the Pharaohs,Common positive theme: Assassin Creed Origins
Assassin's Creed Shadows,Most discussed aspect: Gameplay (109 reviews)
Assassin's Creed Shadows,Strongest aspect: Characters (79.0% positive)
Assassin's Creed Shadows,Most criticized aspect: Level Design (5.6% negative)
Assassin's Creed Shadows,Common positive theme: Assassin Creed Shadows
Assassin's Creed Shadows,Common negative theme: Assassin Creed Shadows
Assassin's Creed Valhalla,Most discussed aspect: Gameplay (65 reviews)
Assassin's Creed Valhalla,Strongest aspect: Level Design (88.9% positive)
Assassin's Creed Valhalla,Most criticized aspect: Gameplay (0.0% negative)
Assassin's Creed Valhalla,Common positive theme: Assassin Creed Valhalla
Assassin's Creed Valhalla - Discovery Tour: Viking Age,Most discussed aspect: Gameplay (2 reviews)
Assassin's Creed Valhalla - Discovery Tour: Viking Age,Strongest aspect: Level Design (100.0% positive)
Assassin's Creed Valhalla - Discovery Tour: Viking Age,Most criticized aspect: Gameplay (0.0% negative)
Assassin's Creed Valhalla - Discovery Tour: Viking Age,Common positive theme: real world cultures
Assault Android Cactus,Most discussed aspect: Gameplay (10 reviews)
Assault Android Cactus,Strongest aspect: Music & Sound (100.0% positive)
Assault Android Cactus,Most criticized aspect: Gameplay (0.0% negative)
Assault Android Cactus,Common positive theme: Assault Android Cactus
Assault Android Cactus+,Most discussed aspect: Gameplay (1 reviews)
Assault Android Cactus+,Strongest aspect: Gameplay (100.0% positive)
Assault Android Cactus+,Most criticized aspect: Gameplay (0.0% negative)
Assault Android Cactus+,Common positive theme: Assault Android Cactus
Astalon: Tears of the Earth,Most discussed aspect: Gameplay (9 reviews)
Astalon: Tears of the Earth,Strongest aspect: Graphics (100.0% positive)
Astalon: Tears of the Earth,Most criticized aspect: Gameplay (0.0% negative)
Astalon: Tears of the Earth,Common positive theme: Tears
Astebreed,Most discussed aspect: Gameplay (5 reviews)
Astebreed,Strongest aspect: Graphics (100.0% positive)
Astebreed,Most criticized aspect: Gameplay (0.0% negative)
Astebreed,Common positive theme: delicious score system
Astral Ascent,Most discussed aspect: Gameplay (12 reviews)
Astral Ascent,Strongest aspect: Graphics (100.0% positive)
Astral Ascent,Most criticized aspect: Gameplay (0.0% negative)
Astral Ascent,Common positive theme: Astral Ascent
Astral Chain,Most discussed aspect: Gameplay (51 reviews)
Astral Chain,Strongest aspect: Story (100.0% positive)
Astral Chain,Most criticized aspect: Gameplay (0.0% negative)
Astral Chain,Common positive theme: Astral Chain
Astrea: Six-Sided Oracles,Most discussed aspect: Gameplay (4 reviews)
Astrea: Six-Sided Oracles,Strongest aspect: Difficulty (100.0% positive)
Astrea: Six-Sided Oracles,Most criticized aspect: Gameplay (0.0% negative)
Astrea: Six-Sided Oracles,Common positive theme: Six-Sided Oracles
Astro Bot,Most discussed aspect: Gameplay (51 reviews)
Astro Bot,Strongest aspect: Story (100.0% positive)
Astro Bot,Most criticized aspect: Gameplay (0.0% negative)
Astro Bot,Common positive theme: Astro Bot
Astro Bot Rescue Mission,Most discussed aspect: Gameplay (17 reviews)
Astro Bot Rescue Mission,Strongest aspect: Graphics (100.0% positive)
Astro Bot Rescue Mission,Most criticized aspect: Gameplay (0.0% negative)
Astro Bot Rescue Mission,Common positive theme: Bot Rescue Mission
Astro's Playroom,Most discussed aspect: Gameplay (14 reviews)
Astro's Playroom,Strongest aspect: Gameplay (100.0% positive)
Astro's Playroom,Most criticized aspect: Gameplay (0.0% negative)
Astro's Playroom,Common positive theme: Astro Playroom
Atari 50: The Anniversary Celebration,Most discussed aspect: Replayability (6 reviews)
Atari 50: The Anniversary Celebration,Strongest aspect: Story (100.0% positive)
Atari 50: The Anniversary Celebration,Most criticized aspect: Story (0.0% negative)
Atari 50: The Anniversary Celebration,Common positive theme: Anniversary Celebration
Atelier Dusk Trilogy Deluxe Pack,Most discussed aspect: Story (5 reviews)
Atelier Dusk Trilogy Deluxe Pack,Strongest aspect: Characters (100.0% positive)
Atelier Dusk Trilogy Deluxe Pack,Most criticized aspect: Gameplay (0.0% negative)
Atelier Dusk Trilogy Deluxe Pack,Common positive theme: Atelier Dusk Trilogy
Atelier Lulua: The Scion of Arland,Most discussed aspect: Gameplay (18 reviews)
Atelier Lulua: The Scion of Arland,Strongest aspect: Music & Sound (100.0% positive)
Atelier Lulua: The Scion of Arland,Most criticized aspect: Gameplay (0.0% negative)
Atelier Lulua: The Scion of Arland,Common positive theme: Atelier Lulua
Atelier Lydie & Suelle: The Alchemists and the Mysterious Paintings DX,Most discussed aspect: Gameplay (2 reviews)
Atelier Lydie & Suelle: The Alchemists and the Mysterious Paintings DX,Strongest aspect: Gameplay (100.0% positive)
Atelier Lydie & Suelle: The Alchemists and the Mysterious Paintings DX,Most criticized aspect: Gameplay (0.0% negative)
Atelier Lydie & Suelle: The Alchemists and the Mysterious Paintings DX,Common positive theme: previously-paid DLC included
Atelier Ryza 2: Lost Legends & the Secret Fairy,Most discussed aspect: Gameplay (40 reviews)
Atelier Ryza 2: Lost Legends & the Secret Fairy,Strongest aspect: Graphics (100.0% positive)
Atelier Ryza 2: Lost Legends & the Secret Fairy,Most criticized aspect: Gameplay (0.0% negative)
Atelier Ryza 2: Lost Legends & the Secret Fairy,Common positive theme: Atelier Ryza
Atelier Ryza 3: Alchemist of the End & the Secret Key,Most discussed aspect: Gameplay (30 reviews)
Atelier Ryza 3: Alchemist of the End & the Secret Key,Strongest aspect: Graphics (100.0% positive)
Atelier Ryza 3: Alchemist of the End & the Secret Key,Most criticized aspect: Gameplay (0.0% negative)
Atelier Ryza 3: Alchemist of the End & the Secret Key,Common positive theme: Atelier Ryza
Atelier Ryza Secret Trilogy Deluxe Pack,Most discussed aspect: Replayability (11 reviews)
Atelier Ryza Secret Trilogy Deluxe Pack,Strongest aspect: Gameplay (100.0% positive)
Atelier Ryza Secret Trilogy Deluxe Pack,Most criticized aspect: Gameplay (0.0% negative)
Atelier Ryza Secret Trilogy Deluxe Pack,Common positive theme: Atelier Ryza Secret
Atelier Ryza: Ever Darkness & the Secret Hideout,Most discussed aspect: Story (18 reviews)
Atelier Ryza: Ever Darkness & the Secret Hideout,Strongest aspect: Graphics (100.0% positive)
Atelier Ryza: Ever Darkness & the Secret Hideout,Most criticized aspect: Gameplay (0.0% negative)
Atelier Ryza: Ever Darkness & the Secret Hideout,Common positive theme: Atelier Ryza
Atelier Sophie 2: The Alchemist & The Mysterious Dream,Most discussed aspect: Gameplay (30 reviews)
Atelier Sophie 2: The Alchemist & The Mysterious Dream,Strongest aspect: Level Design (100.0% positive)
Atelier Sophie 2: The Alchemist & The Mysterious Dream,Most criticized aspect: Gameplay (0.0% negative)
Atelier Sophie 2: The Alchemist & The Mysterious Dream,Common positive theme: Atelier Sophie
Athenian Rhapsody,Most discussed aspect: Difficulty (4 reviews)
Athenian Rhapsody,Strongest aspect: Gameplay (100.0% positive)
Athenian Rhapsody,Most criticized aspect: Gameplay (0.0% negative)
Athenian Rhapsody,Common positive theme: Athenian Rhapsody
Atlas Reactor,Most discussed aspect: Gameplay (3 reviews)
Atlas Reactor,Strongest aspect: Difficulty (100.0% positive)
Atlas Reactor,Most criticized aspect: Gameplay (0.0% negative)
Atlas Reactor,Common positive theme: Atlas Reactor
Atomic Heart: Enchantment Under the Sea,Most discussed aspect: Gameplay (7 reviews)
Atomic Heart: Enchantment Under the Sea,Strongest aspect: Graphics (100.0% positive)
Atomic Heart: Enchantment Under the Sea,Most criticized aspect: Gameplay (0.0% negative)
Atomic Heart: Enchantment Under the Sea,Common positive theme: Atomic Heart
Augmented Empire,Most discussed aspect: Story (4 reviews)
Augmented Empire,Strongest aspect: Characters (100.0% positive)
Augmented Empire,Most criticized aspect: Gameplay (0.0% negative)
Augmented Empire,Common positive theme: Augmented Empire
Aureole - Wings of Hope,Most discussed aspect: Difficulty (4 reviews)
Aureole - Wings of Hope,Strongest aspect: Gameplay (100.0% positive)
Aureole - Wings of Hope,Most criticized aspect: Gameplay (0.0% negative)
Aureole - Wings of Hope,Common positive theme: Wings of Hope
Avadon 3: The Warborn,Most discussed aspect: Characters (2 reviews)
Avadon 3: The Warborn,Strongest aspect: Story (100.0% positive)
Avadon 3: The Warborn,Most criticized aspect: Story (0.0% negative)
Avadon 3: The Warborn,Common positive theme: toned-down art style
Avernum 2: Crystal Souls,Most discussed aspect: Gameplay (2 reviews)
Avernum 2: Crystal Souls,Strongest aspect: Gameplay (100.0% positive)
Avernum 2: Crystal Souls,Most criticized aspect: Gameplay (0.0% negative)
Avernum 2: Crystal Souls,Common positive theme: Crystal Souls
Aviary Attorney: Definitive Edition,Most discussed aspect: Story (4 reviews)
Aviary Attorney: Definitive Edition,Strongest aspect: Gameplay (100.0% positive)
Aviary Attorney: Definitive Edition,Most criticized aspect: Gameplay (0.0% negative)
Aviary Attorney: Definitive Edition,Common positive theme: Aviary Attorney
Avicii Invector,Most discussed aspect: Music & Sound (23 reviews)
Avicii Invector,Strongest aspect: Gameplay (100.0% positive)
Avicii Invector,Most criticized aspect: Gameplay (0.0% negative)
Avicii Invector,Common positive theme: Avicii Invector
Avowed,Most discussed aspect: Gameplay (101 reviews)
Avowed,Strongest aspect: Difficulty (81.2% positive)
Avowed,Most criticized aspect: Level Design (7.1% negative)
Avowed,Common positive theme: Avowed
Avowed,Common negative theme: thugs and monsters
Axiom Verge,Most discussed aspect: Gameplay (20 reviews)
Axiom Verge,Strongest aspect: Characters (100.0% positive)
Axiom Verge,Most criticized aspect: Gameplay (0.0% negative)
Axiom Verge,Common positive theme: Axiom Verge
Aztez,Most discussed aspect: Gameplay (1 reviews)
Aztez,Strongest aspect: Gameplay (100.0% positive)
Aztez,Most criticized aspect: Gameplay (0.0% negative)
Aztez,Common positive theme: Turn Based Strategy
Azure Striker Gunvolt: Striker Pack,Most discussed aspect: Gameplay (2 reviews)
Azure Striker Gunvolt: Striker Pack,Strongest aspect: Gameplay (100.0% positive)
Azure Striker Gunvolt: Striker Pack,Most criticized aspect: Gameplay (0.0% negative)
Azure Striker Gunvolt: Striker Pack,Common positive theme: Azure Striker Gunvolt
BALL x PIT,Most discussed aspect: Gameplay (33 reviews)
BALL x PIT,Strongest aspect: Characters (100.0% positive)
BALL x PIT,Most criticized aspect: Gameplay (0.0% negative)
BALL x PIT,Common positive theme: Ball x Pit
BYE-BYE BOXBOY!,Most discussed aspect: Gameplay (6 reviews)
BYE-BYE BOXBOY!,Strongest aspect: Gameplay (100.0% positive)
BYE-BYE BOXBOY!,Most criticized aspect: Gameplay (0.0% negative)
BYE-BYE BOXBOY!,Common positive theme: Bye-Bye Boxboy
Baba Is You,Most discussed aspect: Difficulty (7 reviews)
Baba Is You,Strongest aspect: Gameplay (100.0% positive)
Baba Is You,Most criticized aspect: Gameplay (0.0% negative)
Baba Is You,Common positive theme: Baba
Backfirewall,Most discussed aspect: Story (6 reviews)
Backfirewall,Strongest aspect: Gameplay (100.0% positive)
Backfirewall,Most criticized aspect: Gameplay (0.0% negative)
Backfirewall,Common positive theme: Backfirewall
Backyard Baseball '97,Most discussed aspect: Gameplay (5 reviews)
Backyard Baseball '97,Strongest aspect: Story (100.0% positive)
Backyard Baseball '97,Most criticized aspect: Gameplay (0.0% negative)
Backyard Baseball '97,Common positive theme: Backyard Baseball
Bakeru,Most discussed aspect: Gameplay (18 reviews)
Bakeru,Strongest aspect: Graphics (100.0% positive)
Bakeru,Most criticized aspect: Gameplay (0.0% negative)
Bakeru,Common positive theme: Bakeru
Balatro,Most discussed aspect: Gameplay (19 reviews)
Balatro,Strongest aspect: Gameplay (100.0% positive)
Balatro,Most criticized aspect: Gameplay (0.0% negative)
Balatro,Common positive theme: Balatro
Baldur's Gate 3,Most discussed aspect: Story (51 reviews)
Baldur's Gate 3,Strongest aspect: Gameplay (100.0% positive)
Baldur's Gate 3,Most criticized aspect: Gameplay (0.0% negative)
Baldur's Gate 3,Common positive theme: Baldur Gate
Bang-On Balls: Chronicles,Most discussed aspect: Gameplay (6 reviews)
Bang-On Balls: Chronicles,Strongest aspect: Graphics (100.0% positive)
Bang-On Balls: Chronicles,Most criticized aspect: Gameplay (0.0% negative)
Bang-On Balls: Chronicles,Common positive theme: Bang-On Balls
Barbearian,Most discussed aspect: Graphics (2 reviews)
Barbearian,Strongest aspect: Gameplay (100.0% positive)
Barbearian,Most criticized aspect: Gameplay (0.0% negative)
Barbearian,Common positive theme: levels to battle
Bastion,Most discussed aspect: Gameplay (22 reviews)
Bastion,Strongest aspect: Music & Sound (100.0% positive)
Bastion,Most criticized aspect: Gameplay (0.0% negative)
Bastion,Common positive theme: Bastion
Batman: Arkham Knight,Most discussed aspect: Story (36 reviews)
Batman: Arkham Knight,Strongest aspect: Level Design (100.0% positive)
Batman: Arkham Knight,Most criticized aspect: Difficulty (20.0% negative)
Batman: Arkham Knight,Common positive theme: Batman Arkham Knight
Batman: Arkham Knight,Common negative theme: fix Batman
Batman: Arkham Shadow,Most discussed aspect: Gameplay (15 reviews)
Batman: Arkham Shadow,Strongest aspect: Story (100.0% positive)
Batman: Arkham Shadow,Most criticized aspect: Gameplay (0.0% negative)
Batman: Arkham Shadow,Common positive theme: Arkham Shadow
Batman: The Enemy Within - Episode 5,Most discussed aspect: Story (9 reviews)
Batman: The Enemy Within - Episode 5,Strongest aspect: Story (100.0% positive)
Batman: The Enemy Within - Episode 5,Most criticized aspect: Story (0.0% negative)
Batman: The Enemy Within - Episode 5,Common positive theme: Batman
Batman: The Enemy Within - The Complete Season,Most discussed aspect: Story (9 reviews)
Batman: The Enemy Within - The Complete Season,Strongest aspect: Performance (100.0% positive)
Batman: The Enemy Within - The Complete Season,Most criticized aspect: Gameplay (0.0% negative)
Batman: The Enemy Within - The Complete Season,Common positive theme: Enemy
Battle Chef Brigade,Most discussed aspect: Gameplay (15 reviews)
Battle Chef Brigade,Strongest aspect: Gameplay (100.0% positive)
Battle Chef Brigade,Most criticized aspect: Gameplay (0.0% negative)
Battle Chef Brigade,Common positive theme: Battle Chef Brigade
Battle Garegga Rev.2016,Most discussed aspect: Difficulty (1 reviews)
Battle Garegga Rev.2016,Strongest aspect: Difficulty (100.0% positive)
Battle Garegga Rev.2016,Most criticized aspect: Difficulty (0.0% negative)
Battle Garegga Rev.2016,Common positive theme: Battle Garegga
Battle Suit Aces,Most discussed aspect: Characters (4 reviews)
Battle Suit Aces,Strongest aspect: Gameplay (100.0% positive)
Battle Suit Aces,Most criticized aspect: Gameplay (0.0% negative)
Battle Suit Aces,Common positive theme: Battle Suit Aces
BattleBlock Theater,Most discussed aspect: Gameplay (3 reviews)
BattleBlock Theater,Strongest aspect: Gameplay (100.0% positive)
BattleBlock Theater,Most criticized aspect: Gameplay (0.0% negative)
BattleBlock Theater,Common positive theme: BattleBlock Theater
BattleTech,Most discussed aspect: Gameplay (17 reviews)
BattleTech,Strongest aspect: Level Design (100.0% positive)
BattleTech,Most criticized aspect: Gameplay (0.0% negative)
BattleTech,Common positive theme: Battletech
BattleTech,Common negative theme: game is fun
Battlefield 1,Most discussed aspect: Gameplay (18 reviews)
Battlefield 1,Strongest aspect: Story (100.0% positive)
Battlefield 1,Most criticized aspect: Gameplay (0.0% negative)
Battlefield 1,Common positive theme: Battlefield
Battlefield 6,Most discussed aspect: Gameplay (30 reviews)
Battlefield 6,Strongest aspect: Characters (100.0% positive)
Battlefield 6,Most criticized aspect: Gameplay (0.0% negative)
Battlefield 6,Common positive theme: Battlefield
Battlefleet Gothic: Armada,Most discussed aspect: Story (3 reviews)
Battlefleet Gothic: Armada,Strongest aspect: Story (100.0% positive)
Battlefleet Gothic: Armada,Most criticized aspect: Gameplay (0.0% negative)
Battlefleet Gothic: Armada,Common positive theme: Battlefleet Gothic
Battlerite,Most discussed aspect: Gameplay (2 reviews)
Battlerite,Strongest aspect: Characters (100.0% positive)
Battlerite,Most criticized aspect: Gameplay (0.0% negative)
Battlerite,Common positive theme: packed with smart
Battlestar Galactica: Scattered Hopes,Most discussed aspect: Gameplay (6 reviews)
Battlestar Galactica: Scattered Hopes,Strongest aspect: Gameplay (50.0% positive)
Battlestar Galactica: Scattered Hopes,Most criticized aspect: Gameplay (0.0% negative)
Battlestar Galactica: Scattered Hopes,Common positive theme: Scattered Hopes
Bayonetta,Most discussed aspect: Gameplay (16 reviews)
Bayonetta,Strongest aspect: Characters (100.0% positive)
Bayonetta,Most criticized aspect: Gameplay (0.0% negative)
Bayonetta,Common positive theme: Bayonetta
Bayonetta & Vanquish 10th Anniversary Bundle,Most discussed aspect: Gameplay (11 reviews)
Bayonetta & Vanquish 10th Anniversary Bundle,Strongest aspect: Characters (100.0% positive)
Bayonetta & Vanquish 10th Anniversary Bundle,Most criticized aspect: Gameplay (0.0% negative)
Bayonetta & Vanquish 10th Anniversary Bundle,Common positive theme: Anniversary Bundle
Bayonetta 1+2,Most discussed aspect: Gameplay (14 reviews)
Bayonetta 1+2,Strongest aspect: Gameplay (100.0% positive)
Bayonetta 1+2,Most criticized aspect: Gameplay (0.0% negative)
Bayonetta 1+2,Common positive theme: Nintendo Switch
Bayonetta 2,Most discussed aspect: Gameplay (27 reviews)
Bayonetta 2,Strongest aspect: Level Design (100.0% positive)
Bayonetta 2,Most criticized aspect: Gameplay (0.0% negative)
Bayonetta 2,Common positive theme: Bayonetta
Bayonetta 3,Most discussed aspect: Gameplay (58 reviews)
Bayonetta 3,Strongest aspect: Music & Sound (100.0% positive)
Bayonetta 3,Most criticized aspect: Level Design (13.3% negative)
Bayonetta 3,Common positive theme: Bayonetta
Bayonetta 3,Common negative theme: Bayonetta
Bayonetta Origins: Cereza and the Lost Demon,Most discussed aspect: Gameplay (42 reviews)
Bayonetta Origins: Cereza and the Lost Demon,Strongest aspect: Music & Sound (100.0% positive)
Bayonetta Origins: Cereza and the Lost Demon,Most criticized aspect: Gameplay (0.0% negative)
Bayonetta Origins: Cereza and the Lost Demon,Common positive theme: Bayonetta Origins
Beacon Pines,Most discussed aspect: Story (25 reviews)
Beacon Pines,Strongest aspect: Level Design (100.0% positive)
Beacon Pines,Most criticized aspect: Gameplay (0.0% negative)
Beacon Pines,Common positive theme: Beacon Pines
Beat Saber,Most discussed aspect: Music & Sound (13 reviews)
Beat Saber,Strongest aspect: Level Design (100.0% positive)
Beat Saber,Most criticized aspect: Gameplay (0.0% negative)
Beat Saber,Common positive theme: Beat Saber
Before I Forget,Most discussed aspect: Story (6 reviews)
Before I Forget,Strongest aspect: Gameplay (100.0% positive)
Before I Forget,Most criticized aspect: Gameplay (0.0% negative)
Before I Forget,Common positive theme: Forget
Before Your Eyes,Most discussed aspect: Story (27 reviews)
Before Your Eyes,Strongest aspect: Level Design (100.0% positive)
Before Your Eyes,Most criticized aspect: Gameplay (0.0% negative)
Before Your Eyes,Common positive theme: Eyes
Beholder 2,Most discussed aspect: Story (2 reviews)
Beholder 2,Strongest aspect: Gameplay (100.0% positive)
Beholder 2,Most criticized aspect: Gameplay (0.0% negative)
Beholder 2,Common positive theme: predecessor left
Berserk Boy,Most discussed aspect: Gameplay (28 reviews)
Berserk Boy,Strongest aspect: Performance (100.0% positive)
Berserk Boy,Most criticized aspect: Gameplay (0.0% negative)
Berserk Boy,Common positive theme: Berserk Boy
Berserk Boy,Common negative theme: Berserk Boy
Betrayal At Club Low,Most discussed aspect: Gameplay (3 reviews)
Betrayal At Club Low,Strongest aspect: Gameplay (100.0% positive)
Betrayal At Club Low,Most criticized aspect: Gameplay (0.0% negative)
Betrayal At Club Low,Common positive theme: Club Low
Beyond Galaxyland,Most discussed aspect: Gameplay (13 reviews)
Beyond Galaxyland,Strongest aspect: Story (100.0% positive)
Beyond Galaxyland,Most criticized aspect: Gameplay (0.0% negative)
Beyond Galaxyland,Common positive theme: Galaxyland
BioShock Infinite: Burial at Sea - Episode Two,Most discussed aspect: Story (14 reviews)
BioShock Infinite: Burial at Sea - Episode Two,Strongest aspect: Graphics (100.0% positive)
BioShock Infinite: Burial at Sea - Episode Two,Most criticized aspect: Gameplay (0.0% negative)
BioShock Infinite: Burial at Sea - Episode Two,Common positive theme: Burial at Sea
BioShock: The Collection,Most discussed aspect: Replayability (16 reviews)
BioShock: The Collection,Strongest aspect: Gameplay (100.0% positive)
BioShock: The Collection,Most criticized aspect: Gameplay (0.0% negative)
BioShock: The Collection,Common positive theme: BioShock Collection
Bionic Bay,Most discussed aspect: Gameplay (19 reviews)
Bionic Bay,Strongest aspect: Story (100.0% positive)
Bionic Bay,Most criticized aspect: Gameplay (0.0% negative)
Bionic Bay,Common positive theme: Bionic Bay
Birushana: Winds of Fate,Most discussed aspect: Story (4 reviews)
Birushana: Winds of Fate,Strongest aspect: Graphics (100.0% positive)
Birushana: Winds of Fate,Most criticized aspect: Story (0.0% negative)
Birushana: Winds of Fate,Common positive theme: Winds of Fate
Black Book,Most discussed aspect: Gameplay (7 reviews)
Black Book,Strongest aspect: Characters (100.0% positive)
Black Book,Most criticized aspect: Gameplay (0.0% negative)
Black Book,Common positive theme: Black Book
Black Book,Common negative theme: poor mechanical decisions
Black Jacket,Most discussed aspect: Gameplay (3 reviews)
Black Jacket,Strongest aspect: Gameplay (100.0% positive)
Black Jacket,Most criticized aspect: Gameplay (0.0% negative)
Black Jacket,Common positive theme: Black Jacket
Black Mesa,Most discussed aspect: Level Design (2 reviews)
Black Mesa,Strongest aspect: Gameplay (100.0% positive)
Black Mesa,Most criticized aspect: Gameplay (0.0% negative)
Black Mesa,Common positive theme: Black Mesa
Black Myth: Wukong,Most discussed aspect: Gameplay (55 reviews)
Black Myth: Wukong,Strongest aspect: Characters (88.9% positive)
Black Myth: Wukong,Most criticized aspect: Gameplay (0.0% negative)
Black Myth: Wukong,Common positive theme: Black Myth Wukong
Blade Chimera,Most discussed aspect: Gameplay (20 reviews)
Blade Chimera,Strongest aspect: Story (100.0% positive)
Blade Chimera,Most criticized aspect: Gameplay (0.0% negative)
Blade Chimera,Common positive theme: Blade Chimera
Blasphemous 2,Most discussed aspect: Gameplay (42 reviews)
Blasphemous 2,Strongest aspect: Characters (100.0% positive)
Blasphemous 2,Most criticized aspect: Gameplay (0.0% negative)
Blasphemous 2,Common positive theme: Blasphemous
Blaster Master Zero 2,Most discussed aspect: Gameplay (7 reviews)
Blaster Master Zero 2,Strongest aspect: Story (100.0% positive)
Blaster Master Zero 2,Most criticized aspect: Gameplay (0.0% negative)
Blaster Master Zero 2,Common positive theme: Blaster Master
BlazBlue Entropy Effect,Most discussed aspect: Gameplay (10 reviews)
BlazBlue Entropy Effect,Strongest aspect: Difficulty (100.0% positive)
BlazBlue Entropy Effect,Most criticized aspect: Gameplay (0.0% negative)
BlazBlue Entropy Effect,Common positive theme: BlazBlue Entropy Effect
BlazBlue Entropy Effect X,Most discussed aspect: Gameplay (16 reviews)
BlazBlue Entropy Effect X,Strongest aspect: Level Design (100.0% positive)
BlazBlue Entropy Effect X,Most criticized aspect: Gameplay (0.0% negative)
BlazBlue Entropy Effect X,Common positive theme: BlazBlue Entropy Effect
BlazBlue: Central Fiction,Most discussed aspect: Characters (13 reviews)
BlazBlue: Central Fiction,Strongest aspect: Graphics (100.0% positive)
BlazBlue: Central Fiction,Most criticized aspect: Gameplay (0.0% negative)
BlazBlue: Central Fiction,Common positive theme: Central Fiction
BlazBlue: Central Fiction Special Edition,Most discussed aspect: Characters (5 reviews)
BlazBlue: Central Fiction Special Edition,Strongest aspect: Level Design (100.0% positive)
BlazBlue: Central Fiction Special Edition,Most criticized aspect: Gameplay (0.0% negative)
BlazBlue: Central Fiction Special Edition,Common positive theme: Centralfiction Special Edition
Blazing Beaks,Most discussed aspect: Gameplay (3 reviews)
Blazing Beaks,Strongest aspect: Story (100.0% positive)
Blazing Beaks,Most criticized aspect: Gameplay (0.0% negative)
Blazing Beaks,Common positive theme: Blazing Beaks
Blind Drive,Most discussed aspect: Gameplay (2 reviews)
Blind Drive,Strongest aspect: Graphics (100.0% positive)
Blind Drive,Most criticized aspect: Gameplay (0.0% negative)
Blind Drive,Common positive theme: Blind Drive
Blood & Truth,Most discussed aspect: Story (20 reviews)
Blood & Truth,Strongest aspect: Level Design (100.0% positive)
Blood & Truth,Most criticized aspect: Gameplay (7.1% negative)
Blood & Truth,Common positive theme: Truth
Blood & Truth,Common negative theme: Truth story
Blood West,Most discussed aspect: Gameplay (6 reviews)
Blood West,Strongest aspect: Graphics (100.0% positive)
Blood West,Most criticized aspect: Gameplay (0.0% negative)
Blood West,Common positive theme: Blood West
Blood: Fresh Supply,Most discussed aspect: Performance (4 reviews)
Blood: Fresh Supply,Strongest aspect: Gameplay (100.0% positive)
Blood: Fresh Supply,Most criticized aspect: Gameplay (0.0% negative)
Blood: Fresh Supply,Common positive theme: Fresh Supply
Blood: Refreshed Supply,Most discussed aspect: Performance (5 reviews)
Blood: Refreshed Supply,Strongest aspect: Gameplay (100.0% positive)
Blood: Refreshed Supply,Most criticized aspect: Gameplay (0.0% negative)
Blood: Refreshed Supply,Common positive theme: Refreshed Supply
Bloodborne,Most discussed aspect: Gameplay (24 reviews)
Bloodborne,Strongest aspect: Story (100.0% positive)
Bloodborne,Most criticized aspect: Gameplay (0.0% negative)
Bloodborne,Common positive theme: Bloodborne
Bloodborne: The Old Hunters,Most discussed aspect: Difficulty (8 reviews)
Bloodborne: The Old Hunters,Strongest aspect: Gameplay (100.0% positive)
Bloodborne: The Old Hunters,Most criticized aspect: Gameplay (0.0% negative)
Bloodborne: The Old Hunters,Common positive theme: Hunters
Bloodstained: Curse of the Moon 2,Most discussed aspect: Gameplay (7 reviews)
Bloodstained: Curse of the Moon 2,Strongest aspect: Graphics (100.0% positive)
Bloodstained: Curse of the Moon 2,Most criticized aspect: Gameplay (0.0% negative)
Bloodstained: Curse of the Moon 2,Common positive theme: Curse
Bloodstained: Ritual of the Night,Most discussed aspect: Gameplay (30 reviews)
Bloodstained: Ritual of the Night,Strongest aspect: Graphics (100.0% positive)
Bloodstained: Ritual of the Night,Most criticized aspect: Gameplay (0.0% negative)
Bloodstained: Ritual of the Night,Common positive theme: Night
Bloodstained: Ritual of the Night,Common negative theme: poorly developed
Blue Prince,Most discussed aspect: Gameplay (26 reviews)
Blue Prince,Strongest aspect: Story (100.0% positive)
Blue Prince,Most criticized aspect: Gameplay (0.0% negative)
Blue Prince,Common positive theme: Blue Prince
Bonfire Peaks,Most discussed aspect: Gameplay (5 reviews)
Bonfire Peaks,Strongest aspect: Graphics (100.0% positive)
Bonfire Peaks,Most criticized aspect: Gameplay (0.0% negative)
Bonfire Peaks,Common positive theme: Bonfire Peaks
Borderlands 2,Most discussed aspect: Characters (3 reviews)
Borderlands 2,Strongest aspect: Story (100.0% positive)
Borderlands 2,Most criticized aspect: Gameplay (0.0% negative)
Borderlands 2,Common positive theme: Borderlands
Borderlands 3,Most discussed aspect: Gameplay (30 reviews)
Borderlands 3,Strongest aspect: Music & Sound (100.0% positive)
Borderlands 3,Most criticized aspect: Gameplay (0.0% negative)
Borderlands 3,Common positive theme: Borderlands
Borderlands 4,Most discussed aspect: Gameplay (65 reviews)
Borderlands 4,Strongest aspect: Gameplay (84.6% positive)
Borderlands 4,Most criticized aspect: Gameplay (0.0% negative)
Borderlands 4,Common positive theme: Borderlands
Borderlands Legendary Collection,Most discussed aspect: Gameplay (5 reviews)
Borderlands Legendary Collection,Strongest aspect: Gameplay (100.0% positive)
Borderlands Legendary Collection,Most criticized aspect: Gameplay (0.0% negative)
Borderlands Legendary Collection,Common positive theme: Borderlands Legendary Collection
Borderlands: The Handsome Collection,Most discussed aspect: Replayability (10 reviews)
Borderlands: The Handsome Collection,Strongest aspect: Story (100.0% positive)
Borderlands: The Handsome Collection,Most criticized aspect: Gameplay (0.0% negative)
Borderlands: The Handsome Collection,Common positive theme: Handsome Collection
Borderlands: The Handsome Collection,Common negative theme: terrible Vita port
Botany Manor,Most discussed aspect: Story (15 reviews)
Botany Manor,Strongest aspect: Characters (100.0% positive)
Botany Manor,Most criticized aspect: Gameplay (0.0% negative)
Botany Manor,Common positive theme: Botany Manor
BoxVR,Most discussed aspect: Music & Sound (4 reviews)
BoxVR,Strongest aspect: Gameplay (100.0% positive)
BoxVR,Most criticized aspect: Gameplay (0.0% negative)
BoxVR,Common positive theme: reaction-testing and sweat-inducing
Boxes: Lost Fragments,Most discussed aspect: Gameplay (2 reviews)
Boxes: Lost Fragments,Strongest aspect: Gameplay (100.0% positive)
Boxes: Lost Fragments,Most criticized aspect: Gameplay (0.0% negative)
Boxes: Lost Fragments,Common positive theme: Lost Fragments
Braid: Anniversary Edition,Most discussed aspect: Graphics (8 reviews)
Braid: Anniversary Edition,Strongest aspect: Graphics (100.0% positive)
Braid: Anniversary Edition,Most criticized aspect: Gameplay (0.0% negative)
Braid: Anniversary Edition,Common positive theme: Braid Anniversary Edition
Bravely Default,Most discussed aspect: Gameplay (10 reviews)
Bravely Default,Strongest aspect: Graphics (100.0% positive)
Bravely Default,Most criticized aspect: Gameplay (0.0% negative)
Bravely Default,Common positive theme: Bravely Default
Bravely Default: Flying Fairy HD Remaster,Most discussed aspect: Gameplay (30 reviews)
Bravely Default: Flying Fairy HD Remaster,Strongest aspect: Level Design (100.0% positive)
Bravely Default: Flying Fairy HD Remaster,Most criticized aspect: Gameplay (0.0% negative)
Bravely Default: Flying Fairy HD Remaster,Common positive theme: Default Flying Fairy
Bravely Second: End Layer,Most discussed aspect: Story (14 reviews)
Bravely Second: End Layer,Strongest aspect: Difficulty (100.0% positive)
Bravely Second: End Layer,Most criticized aspect: Gameplay (0.0% negative)
Bravely Second: End Layer,Common positive theme: Bravely Default
Broken Age: Act 1,Most discussed aspect: Story (11 reviews)
Broken Age: Act 1,Strongest aspect: Music & Sound (100.0% positive)
Broken Age: Act 1,Most criticized aspect: Gameplay (0.0% negative)
Broken Age: Act 1,Common positive theme: Broken Age
Broken Sword - Shadow of the Templars: Reforged,Most discussed aspect: Graphics (15 reviews)
Broken Sword - Shadow of the Templars: Reforged,Strongest aspect: Gameplay (85.7% positive)
Broken Sword - Shadow of the Templars: Reforged,Most criticized aspect: Gameplay (0.0% negative)
Broken Sword - Shadow of the Templars: Reforged,Common positive theme: Broken Sword
Brothers: A Tale of Two Sons Remake,Most discussed aspect: Story (24 reviews)
Brothers: A Tale of Two Sons Remake,Strongest aspect: Difficulty (100.0% positive)
Brothers: A Tale of Two Sons Remake,Most criticized aspect: Gameplay (0.0% negative)
Brothers: A Tale of Two Sons Remake,Common positive theme: Sons Remake
Buckshot Roulette,Most discussed aspect: Gameplay (6 reviews)
Buckshot Roulette,Strongest aspect: Story (100.0% positive)
Buckshot Roulette,Most criticized aspect: Gameplay (0.0% negative)
Buckshot Roulette,Common positive theme: Buckshot Roulette
Bug Academy,Most discussed aspect: Performance (5 reviews)
Bug Academy,Strongest aspect: Gameplay (100.0% positive)
Bug Academy,Most criticized aspect: Gameplay (0.0% negative)
Bug Academy,Common positive theme: Bug Academy
Bug Fables: The Everlasting Sapling,Most discussed aspect: Performance (27 reviews)
Bug Fables: The Everlasting Sapling,Strongest aspect: Story (100.0% positive)
Bug Fables: The Everlasting Sapling,Most criticized aspect: Gameplay (0.0% negative)
Bug Fables: The Everlasting Sapling,Common positive theme: Paper Mario
Buried Stars,Most discussed aspect: Story (9 reviews)
Buried Stars,Strongest aspect: Gameplay (100.0% positive)
Buried Stars,Most criticized aspect: Gameplay (0.0% negative)
Buried Stars,Common positive theme: Buried Stars
Bustafellows,Most discussed aspect: Story (7 reviews)
Bustafellows,Strongest aspect: Replayability (100.0% positive)
Bustafellows,Most criticized aspect: Story (0.0% negative)
Bustafellows,Common positive theme: BUSTAFELLOWS
CHUCHEL,Most discussed aspect: Graphics (3 reviews)
CHUCHEL,Strongest aspect: Characters (100.0% positive)
CHUCHEL,Most criticized aspect: Gameplay (0.0% negative)
CHUCHEL,Common positive theme: Chuchel
CONVERGENCE: A League of Legends Story,Most discussed aspect: Gameplay (26 reviews)
CONVERGENCE: A League of Legends Story,Strongest aspect: Level Design (100.0% positive)
CONVERGENCE: A League of Legends Story,Most criticized aspect: Gameplay (0.0% negative)
CONVERGENCE: A League of Legends Story,Common positive theme: League of Legends
Cabernet,Most discussed aspect: Story (11 reviews)
Cabernet,Strongest aspect: Graphics (100.0% positive)
Cabernet,Most criticized aspect: Gameplay (0.0% negative)
Cabernet,Common positive theme: incredible story-driven RPG
Cadence of Hyrule: Crypt of the NecroDancer Featuring The Legend of Zelda,Most discussed aspect: Gameplay (21 reviews)
Cadence of Hyrule: Crypt of the NecroDancer Featuring The Legend of Zelda,Strongest aspect: Graphics (100.0% positive)
Cadence of Hyrule: Crypt of the NecroDancer Featuring The Legend of Zelda,Most criticized aspect: Gameplay (0.0% negative)
Cadence of Hyrule: Crypt of the NecroDancer Featuring The Legend of Zelda,Common positive theme: Cadence of Hyrule
Cafe Enchante,Most discussed aspect: Story (5 reviews)
Cafe Enchante,Strongest aspect: Graphics (100.0% positive)
Cafe Enchante,Most criticized aspect: Story (0.0% negative)
Cafe Enchante,Common positive theme: Café Enchanté
Cairn,Most discussed aspect: Gameplay (36 reviews)
Cairn,Strongest aspect: Story (100.0% positive)
Cairn,Most criticized aspect: Gameplay (0.0% negative)
Cairn,Common positive theme: Cairn
Call of Duty 4: Modern Warfare Remastered,Most discussed aspect: Gameplay (5 reviews)
Call of Duty 4: Modern Warfare Remastered,Strongest aspect: Gameplay (100.0% positive)
Call of Duty 4: Modern Warfare Remastered,Most criticized aspect: Gameplay (0.0% negative)
Call of Duty 4: Modern Warfare Remastered,Common positive theme: Modern Warfare Remastered
Call of Duty: Advanced Warfare,Most discussed aspect: Story (19 reviews)
Call of Duty: Advanced Warfare,Strongest aspect: Performance (100.0% positive)
Call of Duty: Advanced Warfare,Most criticized aspect: Gameplay (0.0% negative)
Call of Duty: Advanced Warfare,Common positive theme: Call of Duty
Call of Duty: Advanced Warfare,Common negative theme: angry men surround
Call of Duty: Black Ops 4,Most discussed aspect: Replayability (15 reviews)
Call of Duty: Black Ops 4,Strongest aspect: Gameplay (100.0% positive)
Call of Duty: Black Ops 4,Most criticized aspect: Gameplay (0.0% negative)
Call of Duty: Black Ops 4,Common positive theme: Duty Black Ops
Call of Duty: Black Ops 4,Common negative theme: limp-wristed attempt
Call of Duty: Black Ops 6,Most discussed aspect: Gameplay (47 reviews)
Call of Duty: Black Ops 6,Strongest aspect: Graphics (100.0% positive)
Call of Duty: Black Ops 6,Most criticized aspect: Replayability (10.0% negative)
Call of Duty: Black Ops 6,Common positive theme: Duty Black Ops
Call of Duty: Black Ops 6,Common negative theme: Call of Duty
Call of Duty: Modern Warfare,Most discussed aspect: Story (28 reviews)
Call of Duty: Modern Warfare,Strongest aspect: Replayability (77.8% positive)
Call of Duty: Modern Warfare,Most criticized aspect: Gameplay (0.0% negative)
Call of Duty: Modern Warfare,Common positive theme: Modern Warfare
Call of Duty: Warzone,Most discussed aspect: Gameplay (4 reviews)
Call of Duty: Warzone,Strongest aspect: Gameplay (100.0% positive)
Call of Duty: Warzone,Most criticized aspect: Gameplay (0.0% negative)
Call of Duty: Warzone,Common positive theme: Call of Duty
Call of Duty: Warzone 2.0,Most discussed aspect: Level Design (5 reviews)
Call of Duty: Warzone 2.0,Strongest aspect: Story (100.0% positive)
Call of Duty: Warzone 2.0,Most criticized aspect: Gameplay (0.0% negative)
Call of Duty: Warzone 2.0,Common positive theme: Call of Duty
Candle,Most discussed aspect: Gameplay (1 reviews)
Candle,Strongest aspect: Gameplay (100.0% positive)
Candle,Most criticized aspect: Gameplay (0.0% negative)
Candle,Common positive theme: Developers Teku Studios
Capcom Fighting Collection 2,Most discussed aspect: Replayability (7 reviews)
Capcom Fighting Collection 2,Strongest aspect: Gameplay (100.0% positive)
Capcom Fighting Collection 2,Most criticized aspect: Gameplay (0.0% negative)
Capcom Fighting Collection 2,Common positive theme: Capcom Fighting Collection
Captain Toad: Treasure Tracker,Most discussed aspect: Level Design (42 reviews)
Captain Toad: Treasure Tracker,Strongest aspect: Characters (100.0% positive)
Captain Toad: Treasure Tracker,Most criticized aspect: Gameplay (0.0% negative)
Captain Toad: Treasure Tracker,Common positive theme: Captain Toad
Captain Toad: Treasure Tracker Special Episode,Most discussed aspect: Level Design (4 reviews)
Captain Toad: Treasure Tracker Special Episode,Strongest aspect: Level Design (75.0% positive)
Captain Toad: Treasure Tracker Special Episode,Most criticized aspect: Gameplay (0.0% negative)
Captain Toad: Treasure Tracker Special Episode,Common positive theme: Treasure Tracker Special
Captain Velvet Meteor: The Jump+ Dimensions,Most discussed aspect: Characters (6 reviews)
Captain Velvet Meteor: The Jump+ Dimensions,Strongest aspect: Level Design (100.0% positive)
Captain Velvet Meteor: The Jump+ Dimensions,Most criticized aspect: Gameplay (0.0% negative)
Captain Velvet Meteor: The Jump+ Dimensions,Common positive theme: Captain Velvet Meteor
Card Shark,Most discussed aspect: Gameplay (28 reviews)
Card Shark,Strongest aspect: Replayability (100.0% positive)
Card Shark,Most criticized aspect: Gameplay (0.0% negative)
Card Shark,Common positive theme: Card Shark
Cardpocalypse,Most discussed aspect: Gameplay (4 reviews)
Cardpocalypse,Strongest aspect: Gameplay (100.0% positive)
Cardpocalypse,Most criticized aspect: Gameplay (0.0% negative)
Cardpocalypse,Common positive theme: expect Cardpocalypse
Cassette Beasts,Most discussed aspect: Gameplay (13 reviews)
Cassette Beasts,Strongest aspect: Gameplay (100.0% positive)
Cassette Beasts,Most criticized aspect: Gameplay (0.0% negative)
Cassette Beasts,Common positive theme: Cassette Beasts
Cast n Chill,Most discussed aspect: Gameplay (2 reviews)
Cast n Chill,Strongest aspect: Gameplay (100.0% positive)
Cast n Chill,Most criticized aspect: Gameplay (0.0% negative)
Cast n Chill,Common positive theme: Cast n Chill
Castlevania Advance Collection,Most discussed aspect: Difficulty (2 reviews)
Castlevania Advance Collection,Strongest aspect: Gameplay (100.0% positive)
Castlevania Advance Collection,Most criticized aspect: Gameplay (0.0% negative)
Castlevania Advance Collection,Common positive theme: Castlevania Advance Collection
Castlevania Dominus Collection,Most discussed aspect: Gameplay (8 reviews)
Castlevania Dominus Collection,Strongest aspect: Gameplay (100.0% positive)
Castlevania Dominus Collection,Most criticized aspect: Gameplay (0.0% negative)
Castlevania Dominus Collection,Common positive theme: Castlevania Dominus Collection
Cat Quest III,Most discussed aspect: Gameplay (31 reviews)
Cat Quest III,Strongest aspect: Music & Sound (100.0% positive)
Cat Quest III,Most criticized aspect: Gameplay (0.0% negative)
Cat Quest III,Common positive theme: Cat Quest III
Catherine: Full Body,Most discussed aspect: Story (42 reviews)
Catherine: Full Body,Strongest aspect: Level Design (100.0% positive)
Catherine: Full Body,Most criticized aspect: Gameplay (0.0% negative)
Catherine: Full Body,Common positive theme: Full Body
Cave Story+,Most discussed aspect: Story (15 reviews)
Cave Story+,Strongest aspect: Gameplay (100.0% positive)
Cave Story+,Most criticized aspect: Gameplay (0.0% negative)
Cave Story+,Common positive theme: Cave Story
Caves of Qud,Most discussed aspect: Gameplay (3 reviews)
Caves of Qud,Strongest aspect: Story (100.0% positive)
Caves of Qud,Most criticized aspect: Gameplay (0.0% negative)
Caves of Qud,Common positive theme: Caves of Qud
Celeste,Most discussed aspect: Story (28 reviews)
Celeste,Strongest aspect: Gameplay (100.0% positive)
Celeste,Most criticized aspect: Gameplay (0.0% negative)
Celeste,Common positive theme: Celeste
ChainStaff,Most discussed aspect: Gameplay (9 reviews)
ChainStaff,Strongest aspect: Difficulty (75.0% positive)
ChainStaff,Most criticized aspect: Gameplay (0.0% negative)
ChainStaff,Common positive theme: ChainStaff
Chained Echoes,Most discussed aspect: Gameplay (23 reviews)
Chained Echoes,Strongest aspect: Music & Sound (100.0% positive)
Chained Echoes,Most criticized aspect: Difficulty (12.5% negative)
Chained Echoes,Common positive theme: Chained Echoes
Chained Echoes,Common negative theme: incredibly uneven RPG
Chants of Sennaar,Most discussed aspect: Gameplay (11 reviews)
Chants of Sennaar,Strongest aspect: Replayability (100.0% positive)
Chants of Sennaar,Most criticized aspect: Gameplay (0.0% negative)
Chants of Sennaar,Common positive theme: Chants of Sennaar
Chess Ultra,Most discussed aspect: Difficulty (3 reviews)
Chess Ultra,Strongest aspect: Graphics (100.0% positive)
Chess Ultra,Most criticized aspect: Graphics (0.0% negative)
Chess Ultra,Common positive theme: Chess Ultra
Chicken Police,Most discussed aspect: Story (15 reviews)
Chicken Police,Strongest aspect: Graphics (100.0% positive)
Chicken Police,Most criticized aspect: Gameplay (0.0% negative)
Chicken Police,Common positive theme: Chicken Police
Chicken Police: Into the HIVE!,Most discussed aspect: Story (6 reviews)
Chicken Police: Into the HIVE!,Strongest aspect: Gameplay (100.0% positive)
Chicken Police: Into the HIVE!,Most criticized aspect: Gameplay (0.0% negative)
Chicken Police: Into the HIVE!,Common positive theme: Chicken Police
Chicory: A Colorful Tale,Most discussed aspect: Story (19 reviews)
Chicory: A Colorful Tale,Strongest aspect: Graphics (100.0% positive)
Chicory: A Colorful Tale,Most criticized aspect: Gameplay (0.0% negative)
Chicory: A Colorful Tale,Common positive theme: Colorful Tale
Child of Light,Most discussed aspect: Gameplay (28 reviews)
Child of Light,Strongest aspect: Graphics (100.0% positive)
Child of Light,Most criticized aspect: Gameplay (0.0% negative)
Child of Light,Common positive theme: Child of Light
Child of Light: Ultimate Edition,Most discussed aspect: Gameplay (3 reviews)
Child of Light: Ultimate Edition,Strongest aspect: Story (100.0% positive)
Child of Light: Ultimate Edition,Most criticized aspect: Gameplay (0.0% negative)
Child of Light: Ultimate Edition,Common positive theme: Child of Light
Children of Morta,Most discussed aspect: Gameplay (46 reviews)
Children of Morta,Strongest aspect: Music & Sound (100.0% positive)
Children of Morta,Most criticized aspect: Gameplay (0.0% negative)
Children of Morta,Common positive theme: Children of Morta
Children of the Sun,Most discussed aspect: Gameplay (20 reviews)
Children of the Sun,Strongest aspect: Characters (100.0% positive)
Children of the Sun,Most criticized aspect: Gameplay (0.0% negative)
Children of the Sun,Common positive theme: Sun
Chivalry 2,Most discussed aspect: Gameplay (30 reviews)
Chivalry 2,Strongest aspect: Replayability (88.9% positive)
Chivalry 2,Most criticized aspect: Gameplay (0.0% negative)
Chivalry 2,Common positive theme: Chivalry
Chroma Quaternion,Most discussed aspect: Characters (3 reviews)
Chroma Quaternion,Strongest aspect: Difficulty (100.0% positive)
Chroma Quaternion,Most criticized aspect: Gameplay (0.0% negative)
Chroma Quaternion,Common positive theme: Chroma Quaternion
Cities: Skylines,Most discussed aspect: Gameplay (10 reviews)
Cities: Skylines,Strongest aspect: Story (100.0% positive)
Cities: Skylines,Most criticized aspect: Gameplay (0.0% negative)
Cities: Skylines,Common positive theme: Skylines
Citizen Sleeper,Most discussed aspect: Story (25 reviews)
Citizen Sleeper,Strongest aspect: Level Design (100.0% positive)
Citizen Sleeper,Most criticized aspect: Gameplay (0.0% negative)
Citizen Sleeper,Common positive theme: Citizen Sleeper
Citizen Sleeper 2: Starward Vector,Most discussed aspect: Story (45 reviews)
Citizen Sleeper 2: Starward Vector,Strongest aspect: Level Design (100.0% positive)
Citizen Sleeper 2: Starward Vector,Most criticized aspect: Gameplay (0.0% negative)
Citizen Sleeper 2: Starward Vector,Common positive theme: Citizen Sleeper
Clair Obscur: Expedition 33,Most discussed aspect: Gameplay (100 reviews)
Clair Obscur: Expedition 33,Strongest aspect: Graphics (100.0% positive)
Clair Obscur: Expedition 33,Most criticized aspect: Gameplay (0.0% negative)
Clair Obscur: Expedition 33,Common positive theme: Clair Obscur
Clannad,Most discussed aspect: Story (4 reviews)
Clannad,Strongest aspect: Characters (100.0% positive)
Clannad,Most criticized aspect: Difficulty (100.0% negative)
Clannad,Common positive theme: Clannad
Clannad,Common negative theme: place it lacks
Closer the Distance,Most discussed aspect: Story (11 reviews)
Closer the Distance,Strongest aspect: Gameplay (100.0% positive)
Closer the Distance,Most criticized aspect: Gameplay (0.0% negative)
Closer the Distance,Common positive theme: Closer the Distance
CloverPit,Most discussed aspect: Gameplay (9 reviews)
CloverPit,Strongest aspect: Difficulty (100.0% positive)
CloverPit,Most criticized aspect: Gameplay (0.0% negative)
CloverPit,Common positive theme: CloverPit
Clubhouse Games: 51 Worldwide Classics,Most discussed aspect: Replayability (4 reviews)
Clubhouse Games: 51 Worldwide Classics,Strongest aspect: Gameplay (100.0% positive)
Clubhouse Games: 51 Worldwide Classics,Most criticized aspect: Gameplay (0.0% negative)
Clubhouse Games: 51 Worldwide Classics,Common positive theme: Worldwide Games
Cobalt Core,Most discussed aspect: Gameplay (3 reviews)
Cobalt Core,Strongest aspect: Gameplay (100.0% positive)
Cobalt Core,Most criticized aspect: Gameplay (0.0% negative)
Cobalt Core,Common positive theme: Cobalt Core
Cocoon,Most discussed aspect: Gameplay (23 reviews)
Cocoon,Strongest aspect: Story (100.0% positive)
Cocoon,Most criticized aspect: Gameplay (0.0% negative)
Cocoon,Common positive theme: Cocoon
Code 7,Most discussed aspect: Gameplay (3 reviews)
Code 7,Strongest aspect: Gameplay (66.7% positive)
Code 7,Most criticized aspect: Gameplay (0.0% negative)
Code 7,Common positive theme: combining powerful story
Code: Realize ~Guardian of Rebirth~,Most discussed aspect: Graphics (5 reviews)
Code: Realize ~Guardian of Rebirth~,Strongest aspect: Gameplay (100.0% positive)
Code: Realize ~Guardian of Rebirth~,Most criticized aspect: Gameplay (0.0% negative)
Code: Realize ~Guardian of Rebirth~,Common positive theme: Guardian of Rebirth
Coffee Talk Episode 2: Hibiscus & Butterfly,Most discussed aspect: Graphics (14 reviews)
Coffee Talk Episode 2: Hibiscus & Butterfly,Strongest aspect: Performance (100.0% positive)
Coffee Talk Episode 2: Hibiscus & Butterfly,Most criticized aspect: Gameplay (0.0% negative)
Coffee Talk Episode 2: Hibiscus & Butterfly,Common positive theme: Coffee Talk Episode
Coffee Talk Tokyo,Most discussed aspect: Characters (19 reviews)
Coffee Talk Tokyo,Strongest aspect: Level Design (100.0% positive)
Coffee Talk Tokyo,Most criticized aspect: Gameplay (0.0% negative)
Coffee Talk Tokyo,Common positive theme: Coffee Talk Tokyo
Collar X Malice,Most discussed aspect: Graphics (13 reviews)
Collar X Malice,Strongest aspect: Characters (100.0% positive)
Collar X Malice,Most criticized aspect: Gameplay (0.0% negative)
Collar X Malice,Common positive theme: Collar X Malice
Command & Conquer Remastered Collection,Most discussed aspect: Gameplay (7 reviews)
Command & Conquer Remastered Collection,Strongest aspect: Graphics (100.0% positive)
Command & Conquer Remastered Collection,Most criticized aspect: Gameplay (0.0% negative)
Command & Conquer Remastered Collection,Common positive theme: Conquer Remastered Collection
Company of Heroes 2: The British Forces,Most discussed aspect: Gameplay (1 reviews)
Company of Heroes 2: The British Forces,Strongest aspect: Gameplay (100.0% positive)
Company of Heroes 2: The British Forces,Most criticized aspect: Gameplay (0.0% negative)
Company of Heroes 2: The British Forces,Common positive theme: Company of Heroes
Company of Heroes 2: The Western Front Armies,Most discussed aspect: Story (2 reviews)
Company of Heroes 2: The Western Front Armies,Strongest aspect: Gameplay (100.0% positive)
Company of Heroes 2: The Western Front Armies,Most criticized aspect: Gameplay (0.0% negative)
Company of Heroes 2: The Western Front Armies,Common positive theme: Western Front Armies
Conflicks - Revolutionary Space Battles,Most discussed aspect: Story (1 reviews)
Conflicks - Revolutionary Space Battles,Strongest aspect: Story (100.0% positive)
Conflicks - Revolutionary Space Battles,Most criticized aspect: Story (0.0% negative)
Conflicks - Revolutionary Space Battles,Common positive theme: Revolutionary Space Battles
Conquest of Elysium 4,Most discussed aspect: Story (1 reviews)
Conquest of Elysium 4,Strongest aspect: Story (100.0% positive)
Conquest of Elysium 4,Most criticized aspect: Story (0.0% negative)
Conquest of Elysium 4,Common positive theme: Conquest of Elysium
Constance,Most discussed aspect: Gameplay (31 reviews)
Constance,Strongest aspect: Graphics (100.0% positive)
Constance,Most criticized aspect: Gameplay (0.0% negative)
Constance,Common positive theme: Constance
Consume Me,Most discussed aspect: Gameplay (6 reviews)
Consume Me,Strongest aspect: Graphics (100.0% positive)
Consume Me,Most criticized aspect: Gameplay (0.0% negative)
Consume Me,Common positive theme: Jenny Jiao Hsia
Control,Most discussed aspect: Gameplay (74 reviews)
Control,Strongest aspect: Difficulty (88.9% positive)
Control,Most criticized aspect: Performance (5.3% negative)
Control,Common positive theme: Control
Control,Common negative theme: superior Alan Wake
Control: Ultimate Edition,Most discussed aspect: Gameplay (13 reviews)
Control: Ultimate Edition,Strongest aspect: Level Design (100.0% positive)
Control: Ultimate Edition,Most criticized aspect: Gameplay (0.0% negative)
Control: Ultimate Edition,Common positive theme: Control Ultimate Edition
Copy Kitty,Most discussed aspect: Story (1 reviews)
Copy Kitty,Strongest aspect: Replayability (100.0% positive)
Copy Kitty,Most criticized aspect: Story (0.0% negative)
Copy Kitty,Common positive theme: Copy Kitty
Coral Island,Most discussed aspect: Performance (3 reviews)
Coral Island,Strongest aspect: Story (100.0% positive)
Coral Island,Most criticized aspect: Gameplay (0.0% negative)
Coral Island,Common positive theme: Coral Island
Core Keeper,Most discussed aspect: Gameplay (6 reviews)
Core Keeper,Strongest aspect: Gameplay (100.0% positive)
Core Keeper,Most criticized aspect: Gameplay (0.0% negative)
Core Keeper,Common positive theme: Core Keeper
Cosmonious High,Most discussed aspect: Gameplay (4 reviews)
Cosmonious High,Strongest aspect: Graphics (100.0% positive)
Cosmonious High,Most criticized aspect: Gameplay (0.0% negative)
Cosmonious High,Common positive theme: Cosmonious High
Cotton Fantasy,Most discussed aspect: Characters (17 reviews)
Cotton Fantasy,Strongest aspect: Graphics (100.0% positive)
Cotton Fantasy,Most criticized aspect: Gameplay (0.0% negative)
Cotton Fantasy,Common positive theme: Cotton Fantasy
Counter-Strike: Global Offensive,Most discussed aspect: Graphics (1 reviews)
Counter-Strike: Global Offensive,Strongest aspect: Performance (100.0% positive)
Counter-Strike: Global Offensive,Most criticized aspect: Graphics (0.0% negative)
Counter-Strike: Global Offensive,Common positive theme: top-tier tactics game
Crash Bandicoot 4: It's About Time,Most discussed aspect: Gameplay (55 reviews)
Crash Bandicoot 4: It's About Time,Strongest aspect: Graphics (100.0% positive)
Crash Bandicoot 4: It's About Time,Most criticized aspect: Gameplay (0.0% negative)
Crash Bandicoot 4: It's About Time,Common positive theme: Crash Bandicoot
Crash Team Racing: Nitro-Fueled,Most discussed aspect: Replayability (34 reviews)
Crash Team Racing: Nitro-Fueled,Strongest aspect: Gameplay (100.0% positive)
Crash Team Racing: Nitro-Fueled,Most criticized aspect: Gameplay (0.0% negative)
Crash Team Racing: Nitro-Fueled,Common positive theme: Crash Team Racing
Crashlands 2,Most discussed aspect: Gameplay (7 reviews)
Crashlands 2,Strongest aspect: Story (100.0% positive)
Crashlands 2,Most criticized aspect: Gameplay (0.0% negative)
Crashlands 2,Common positive theme: Crashlands
Creaks,Most discussed aspect: Graphics (8 reviews)
Creaks,Strongest aspect: Story (100.0% positive)
Creaks,Most criticized aspect: Gameplay (0.0% negative)
Creaks,Common positive theme: Amanita Design
Creepy Castle,Most discussed aspect: Gameplay (2 reviews)
Creepy Castle,Strongest aspect: Story (100.0% positive)
Creepy Castle,Most criticized aspect: Gameplay (0.0% negative)
Creepy Castle,Common positive theme: Undertale and Cave
Creepy Redneck Dinosaur Mansion 3,Most discussed aspect: Gameplay (1 reviews)
Creepy Redneck Dinosaur Mansion 3,Strongest aspect: Gameplay (100.0% positive)
Creepy Redneck Dinosaur Mansion 3,Most criticized aspect: Gameplay (0.0% negative)
Creepy Redneck Dinosaur Mansion 3,Common positive theme: Redneck Dinosaur Mansion
Crimson Spires,Most discussed aspect: Story (2 reviews)
Crimson Spires,Strongest aspect: Story (100.0% positive)
Crimson Spires,Most criticized aspect: Story (0.0% negative)
Crimson Spires,Common positive theme: richly woven tapestry
Crimzon Clover - World EXplosion,Most discussed aspect: Gameplay (1 reviews)
Crimzon Clover - World EXplosion,Strongest aspect: Gameplay (100.0% positive)
Crimzon Clover - World EXplosion,Most criticized aspect: Gameplay (0.0% negative)
Crimzon Clover - World EXplosion,Common positive theme: clear that Yotsubane
Cross Blitz,Most discussed aspect: Gameplay (4 reviews)
Cross Blitz,Strongest aspect: Gameplay (100.0% positive)
Cross Blitz,Most criticized aspect: Gameplay (0.0% negative)
Cross Blitz,Common positive theme: Cross Blitz
CrossCode,Most discussed aspect: Gameplay (35 reviews)
CrossCode,Strongest aspect: Graphics (100.0% positive)
CrossCode,Most criticized aspect: Gameplay (0.0% negative)
CrossCode,Common positive theme: CrossCode
Crow Country,Most discussed aspect: Gameplay (17 reviews)
Crow Country,Strongest aspect: Characters (100.0% positive)
Crow Country,Most criticized aspect: Gameplay (0.0% negative)
Crow Country,Common positive theme: Crow Country
Crown Trick,Most discussed aspect: Gameplay (18 reviews)
Crown Trick,Strongest aspect: Characters (100.0% positive)
Crown Trick,Most criticized aspect: Gameplay (0.0% negative)
Crown Trick,Common positive theme: Crown Trick
Crusader Kings III,Most discussed aspect: Gameplay (11 reviews)
Crusader Kings III,Strongest aspect: Gameplay (100.0% positive)
Crusader Kings III,Most criticized aspect: Gameplay (0.0% negative)
Crusader Kings III,Common positive theme: Crusader Kings III
Crusader Kings III: The Royal Court,Most discussed aspect: Gameplay (1 reviews)
Crusader Kings III: The Royal Court,Strongest aspect: Gameplay (0.0% positive)
Crusader Kings III: The Royal Court,Most criticized aspect: Gameplay (0.0% negative)
Crusader Kings III: The Royal Court,Common positive theme: Royal Court
Crypt Custodian,Most discussed aspect: Gameplay (16 reviews)
Crypt Custodian,Strongest aspect: Story (100.0% positive)
Crypt Custodian,Most criticized aspect: Gameplay (0.0% negative)
Crypt Custodian,Common positive theme: Crypt Custodian
Crypt of the NecroDancer,Most discussed aspect: Music & Sound (16 reviews)
Crypt of the NecroDancer,Strongest aspect: Music & Sound (87.5% positive)
Crypt of the NecroDancer,Most criticized aspect: Gameplay (0.0% negative)
Crypt of the NecroDancer,Common positive theme: NecroDancer
Cthulhu Saves Christmas,Most discussed aspect: Gameplay (4 reviews)
Cthulhu Saves Christmas,Strongest aspect: Graphics (100.0% positive)
Cthulhu Saves Christmas,Most criticized aspect: Gameplay (0.0% negative)
Cthulhu Saves Christmas,Common positive theme: Cthulhu Saves Christmas
Cult of the Lamb,Most discussed aspect: Gameplay (51 reviews)
Cult of the Lamb,Strongest aspect: Level Design (100.0% positive)
Cult of the Lamb,Most criticized aspect: Graphics (5.9% negative)
Cult of the Lamb,Common positive theme: Lamb
Cult of the Lamb,Common negative theme: Turning a demonic
Cult of the Lamb: Woolhaven,Most discussed aspect: Replayability (8 reviews)
Cult of the Lamb: Woolhaven,Strongest aspect: Gameplay (100.0% positive)
Cult of the Lamb: Woolhaven,Most criticized aspect: Gameplay (0.0% negative)
Cult of the Lamb: Woolhaven,Common positive theme: Cult
Cuphead,Most discussed aspect: Difficulty (75 reviews)
Cuphead,Strongest aspect: Story (100.0% positive)
Cuphead,Most criticized aspect: Gameplay (0.0% negative)
Cuphead,Common positive theme: Cuphead
Cuphead: The Delicious Last Course,Most discussed aspect: Difficulty (18 reviews)
Cuphead: The Delicious Last Course,Strongest aspect: Graphics (100.0% positive)
Cuphead: The Delicious Last Course,Most criticized aspect: Gameplay (0.0% negative)
Cuphead: The Delicious Last Course,Common positive theme: Delicious
Cupid Parasite,Most discussed aspect: Story (6 reviews)
Cupid Parasite,Strongest aspect: Story (100.0% positive)
Cupid Parasite,Most criticized aspect: Gameplay (0.0% negative)
Cupid Parasite,Common positive theme: Cupid Parasite
Curse of the Dead Gods,Most discussed aspect: Gameplay (29 reviews)
Curse of the Dead Gods,Strongest aspect: Story (100.0% positive)
Curse of the Dead Gods,Most criticized aspect: Gameplay (0.0% negative)
Curse of the Dead Gods,Common positive theme: Dead Gods
Cyber Shadow,Most discussed aspect: Gameplay (27 reviews)
Cyber Shadow,Strongest aspect: Replayability (100.0% positive)
Cyber Shadow,Most criticized aspect: Gameplay (0.0% negative)
Cyber Shadow,Common positive theme: Cyber Shadow
Cyberpunk 2077: Phantom Liberty,Most discussed aspect: Story (57 reviews)
Cyberpunk 2077: Phantom Liberty,Strongest aspect: Gameplay (100.0% positive)
Cyberpunk 2077: Phantom Liberty,Most criticized aspect: Gameplay (0.0% negative)
Cyberpunk 2077: Phantom Liberty,Common positive theme: Phantom Liberty
DG2: Defense Grid 2,Most discussed aspect: Story (9 reviews)
DG2: Defense Grid 2,Strongest aspect: Level Design (100.0% positive)
DG2: Defense Grid 2,Most criticized aspect: Gameplay (0.0% negative)
DG2: Defense Grid 2,Common positive theme: Defense Grid
DJMAX RESPECT,Most discussed aspect: Difficulty (7 reviews)
DJMAX RESPECT,Strongest aspect: Gameplay (100.0% positive)
DJMAX RESPECT,Most criticized aspect: Gameplay (0.0% negative)
DJMAX RESPECT,Common positive theme: DJMax Respect
DOOM Eternal (Switch),Most discussed aspect: Gameplay (12 reviews)
DOOM Eternal (Switch),Strongest aspect: Graphics (100.0% positive)
DOOM Eternal (Switch),Most criticized aspect: Gameplay (0.0% negative)
DOOM Eternal (Switch),Common positive theme: DOOM Eternal
DRAINUS,Most discussed aspect: Replayability (2 reviews)
DRAINUS,Strongest aspect: Gameplay (100.0% positive)
DRAINUS,Most criticized aspect: Gameplay (0.0% negative)
DRAINUS,Common positive theme: Drainus
DUSK,Most discussed aspect: Performance (14 reviews)
DUSK,Strongest aspect: Gameplay (100.0% positive)
DUSK,Most criticized aspect: Gameplay (0.0% negative)
DUSK,Common positive theme: Dusk
Dandara: Trials of Fear Edition,Most discussed aspect: Difficulty (4 reviews)
Dandara: Trials of Fear Edition,Strongest aspect: Replayability (66.7% positive)
Dandara: Trials of Fear Edition,Most criticized aspect: Gameplay (0.0% negative)
Dandara: Trials of Fear Edition,Common positive theme: Trials of Fear
Dandy Ace,Most discussed aspect: Gameplay (7 reviews)
Dandy Ace,Strongest aspect: Graphics (100.0% positive)
Dandy Ace,Most criticized aspect: Gameplay (0.0% negative)
Dandy Ace,Common positive theme: Dandy Ace
Danganronpa 1-2 Reload,Most discussed aspect: Graphics (18 reviews)
Danganronpa 1-2 Reload,Strongest aspect: Gameplay (100.0% positive)
Danganronpa 1-2 Reload,Most criticized aspect: Gameplay (0.0% negative)
Danganronpa 1-2 Reload,Common positive theme: Danganronpa
Danganronpa 2: Goodbye Despair (PC Edition),Most discussed aspect: Story (5 reviews)
Danganronpa 2: Goodbye Despair (PC Edition),Strongest aspect: Gameplay (100.0% positive)
Danganronpa 2: Goodbye Despair (PC Edition),Most criticized aspect: Gameplay (0.0% negative)
Danganronpa 2: Goodbye Despair (PC Edition),Common positive theme: Danganronpa
Danganronpa 2: Goodbye Despair Anniversary Edition,Most discussed aspect: Story (2 reviews)
Danganronpa 2: Goodbye Despair Anniversary Edition,Strongest aspect: Gameplay (100.0% positive)
Danganronpa 2: Goodbye Despair Anniversary Edition,Most criticized aspect: Gameplay (0.0% negative)
Danganronpa 2: Goodbye Despair Anniversary Edition,Common positive theme: Goodbye Despair
Danganronpa Decadence,Most discussed aspect: Graphics (7 reviews)
Danganronpa Decadence,Strongest aspect: Gameplay (100.0% positive)
Danganronpa Decadence,Most criticized aspect: Gameplay (0.0% negative)
Danganronpa Decadence,Common positive theme: Danganronpa Decadence
Danganronpa V3: Killing Harmony,Most discussed aspect: Story (24 reviews)
Danganronpa V3: Killing Harmony,Strongest aspect: Gameplay (100.0% positive)
Danganronpa V3: Killing Harmony,Most criticized aspect: Gameplay (0.0% negative)
Danganronpa V3: Killing Harmony,Common positive theme: Killing Harmony
Danganronpa: Trigger Happy Havoc (PC Edition),Most discussed aspect: Story (6 reviews)
Danganronpa: Trigger Happy Havoc (PC Edition),Strongest aspect: Difficulty (100.0% positive)
Danganronpa: Trigger Happy Havoc (PC Edition),Most criticized aspect: Gameplay (0.0% negative)
Danganronpa: Trigger Happy Havoc (PC Edition),Common positive theme: Trigger Happy Havoc
Danmaku Unlimited 3,Most discussed aspect: Gameplay (7 reviews)
Danmaku Unlimited 3,Strongest aspect: Story (100.0% positive)
Danmaku Unlimited 3,Most criticized aspect: Gameplay (0.0% negative)
Danmaku Unlimited 3,Common positive theme: Danmaku Unlimited
Dark Deity 2,Most discussed aspect: Gameplay (3 reviews)
Dark Deity 2,Strongest aspect: Gameplay (100.0% positive)
Dark Deity 2,Most criticized aspect: Gameplay (0.0% negative)
Dark Deity 2,Common positive theme: solidly entertaining SRPG
Dark Souls II,Most discussed aspect: Difficulty (14 reviews)
Dark Souls II,Strongest aspect: Gameplay (100.0% positive)
Dark Souls II,Most criticized aspect: Gameplay (0.0% negative)
Dark Souls II,Common positive theme: Dark Souls
Dark Souls II: Crown of the Ivory King,Most discussed aspect: Difficulty (3 reviews)
Dark Souls II: Crown of the Ivory King,Strongest aspect: Story (100.0% positive)
Dark Souls II: Crown of the Ivory King,Most criticized aspect: Story (0.0% negative)
Dark Souls II: Crown of the Ivory King,Common positive theme: Dark Souls
Dark Souls II: Crown of the Sunken King,Most discussed aspect: Replayability (4 reviews)
Dark Souls II: Crown of the Sunken King,Strongest aspect: Story (100.0% positive)
Dark Souls II: Crown of the Sunken King,Most criticized aspect: Story (0.0% negative)
Dark Souls II: Crown of the Sunken King,Common positive theme: Dark Souls
Dark Souls II: Scholar of the First Sin,Most discussed aspect: Replayability (10 reviews)
Dark Souls II: Scholar of the First Sin,Strongest aspect: Graphics (100.0% positive)
Dark Souls II: Scholar of the First Sin,Most criticized aspect: Gameplay (0.0% negative)
Dark Souls II: Scholar of the First Sin,Common positive theme: Dark Souls
Dark Souls III,Most discussed aspect: Gameplay (34 reviews)
Dark Souls III,Strongest aspect: Story (100.0% positive)
Dark Souls III,Most criticized aspect: Gameplay (0.0% negative)
Dark Souls III,Common positive theme: Dark Souls III
Dark Souls III: The Ringed City,Most discussed aspect: Difficulty (9 reviews)
Dark Souls III: The Ringed City,Strongest aspect: Gameplay (100.0% positive)
Dark Souls III: The Ringed City,Most criticized aspect: Gameplay (0.0% negative)
Dark Souls III: The Ringed City,Common positive theme: Ringed City
Dark Souls Remastered,Most discussed aspect: Performance (16 reviews)
Dark Souls Remastered,Strongest aspect: Story (100.0% positive)
Dark Souls Remastered,Most criticized aspect: Graphics (10.0% negative)
Dark Souls Remastered,Common positive theme: Dark Souls Remastered
Dark Souls Remastered,Common negative theme: Dark Souls Remastered
Dark Souls Remastered - Nintendo Switch Edition,Most discussed aspect: Graphics (7 reviews)
Dark Souls Remastered - Nintendo Switch Edition,Strongest aspect: Story (100.0% positive)
Dark Souls Remastered - Nintendo Switch Edition,Most criticized aspect: Gameplay (0.0% negative)
Dark Souls Remastered - Nintendo Switch Edition,Common positive theme: Dark Souls Remastered
Darkest Dungeon,Most discussed aspect: Difficulty (25 reviews)
Darkest Dungeon,Strongest aspect: Graphics (100.0% positive)
Darkest Dungeon,Most criticized aspect: Gameplay (0.0% negative)
Darkest Dungeon,Common positive theme: Darkest Dungeon
Darkest Dungeon II,Most discussed aspect: Difficulty (26 reviews)
Darkest Dungeon II,Strongest aspect: Story (100.0% positive)
Darkest Dungeon II,Most criticized aspect: Gameplay (0.0% negative)
Darkest Dungeon II,Common positive theme: Darkest Dungeon
Darkest Dungeon II,Common negative theme: cult classic titles
Darknet (VR),Most discussed aspect: Difficulty (4 reviews)
Darknet (VR),Strongest aspect: Gameplay (100.0% positive)
Darknet (VR),Most criticized aspect: Gameplay (0.0% negative)
Darknet (VR),Common positive theme: Darknet
Dave the Diver,Most discussed aspect: Gameplay (37 reviews)
Dave the Diver,Strongest aspect: Graphics (100.0% positive)
Dave the Diver,Most criticized aspect: Gameplay (0.0% negative)
Dave the Diver,Common positive theme: Dave the Diver
Dawnfolk,Most discussed aspect: Difficulty (2 reviews)
Dawnfolk,Strongest aspect: Gameplay (100.0% positive)
Dawnfolk,Most criticized aspect: Gameplay (0.0% negative)
Dawnfolk,Common positive theme: city-building genre
Day of the Tentacle Remastered,Most discussed aspect: Graphics (9 reviews)
Day of the Tentacle Remastered,Strongest aspect: Gameplay (100.0% positive)
Day of the Tentacle Remastered,Most criticized aspect: Gameplay (0.0% negative)
Day of the Tentacle Remastered,Common positive theme: Tentacle Remastered
Days Gone Remastered,Most discussed aspect: Performance (14 reviews)
Days Gone Remastered,Strongest aspect: Level Design (100.0% positive)
Days Gone Remastered,Most criticized aspect: Gameplay (0.0% negative)
Days Gone Remastered,Common positive theme: Days Gone Remastered
Dead Cells,Most discussed aspect: Gameplay (53 reviews)
Dead Cells,Strongest aspect: Story (100.0% positive)
Dead Cells,Most criticized aspect: Gameplay (0.0% negative)
Dead Cells,Common positive theme: Dead Cells
Dead Cells: Fatal Falls,Most discussed aspect: Gameplay (1 reviews)
Dead Cells: Fatal Falls,Strongest aspect: Level Design (100.0% positive)
Dead Cells: Fatal Falls,Most criticized aspect: Gameplay (0.0% negative)
Dead Cells: Fatal Falls,Common positive theme: Dead Cells
Dead Cells: Return to Castlevania,Most discussed aspect: Replayability (14 reviews)
Dead Cells: Return to Castlevania,Strongest aspect: Gameplay (100.0% positive)
Dead Cells: Return to Castlevania,Most criticized aspect: Gameplay (0.0% negative)
Dead Cells: Return to Castlevania,Common positive theme: Dead Cells
Dead Cells: The Queen & the Sea,Most discussed aspect: Replayability (2 reviews)
Dead Cells: The Queen & the Sea,Strongest aspect: Gameplay (100.0% positive)
Dead Cells: The Queen & the Sea,Most criticized aspect: Gameplay (0.0% negative)
Dead Cells: The Queen & the Sea,Common positive theme: Motion Twin winning
Dead Rising 2 HD,Most discussed aspect: Performance (1 reviews)
Dead Rising 2 HD,Strongest aspect: Performance (100.0% positive)
Dead Rising 2 HD,Most criticized aspect: Performance (0.0% negative)
Dead Rising 2 HD,Common positive theme: Dead Rising
Dead Space (2023),Most discussed aspect: Gameplay (34 reviews)
Dead Space (2023),Strongest aspect: Graphics (100.0% positive)
Dead Space (2023),Most criticized aspect: Replayability (14.3% negative)
Dead Space (2023),Common positive theme: Dead Space remake
Dead Space (2023),Common negative theme: Dead Space
Deadlink,Most discussed aspect: Gameplay (9 reviews)
Deadlink,Strongest aspect: Characters (100.0% positive)
Deadlink,Most criticized aspect: Gameplay (0.0% negative)
Deadlink,Common positive theme: Deadlink
Death Howl,Most discussed aspect: Gameplay (17 reviews)
Death Howl,Strongest aspect: Story (100.0% positive)
Death Howl,Most criticized aspect: Gameplay (0.0% negative)
Death Howl,Common positive theme: Death Howl
Death Stranding,Most discussed aspect: Story (69 reviews)
Death Stranding,Strongest aspect: Graphics (90.9% positive)
Death Stranding,Most criticized aspect: Level Design (25.0% negative)
Death Stranding,Common positive theme: Death Stranding
Death Stranding,Common negative theme: Death Stranding
Death Stranding 2: On the Beach,Most discussed aspect: Gameplay (72 reviews)
Death Stranding 2: On the Beach,Strongest aspect: Characters (100.0% positive)
Death Stranding 2: On the Beach,Most criticized aspect: Gameplay (1.4% negative)
Death Stranding 2: On the Beach,Common positive theme: Death Stranding
Death Stranding 2: On the Beach,Common negative theme: Death Stranding
Death Stranding Director's Cut,Most discussed aspect: Gameplay (25 reviews)
Death Stranding Director's Cut,Strongest aspect: Graphics (100.0% positive)
Death Stranding Director's Cut,Most criticized aspect: Gameplay (0.0% negative)
Death Stranding Director's Cut,Common positive theme: Death Stranding Director
Death of the Reprobate,Most discussed aspect: Characters (3 reviews)
Death of the Reprobate,Strongest aspect: Gameplay (100.0% positive)
Death of the Reprobate,Most criticized aspect: Gameplay (0.0% negative)
Death of the Reprobate,Common positive theme: memorable adventure games
Death's Door,Most discussed aspect: Gameplay (63 reviews)
Death's Door,Strongest aspect: Story (100.0% positive)
Death's Door,Most criticized aspect: Gameplay (0.0% negative)
Death's Door,Common positive theme: Death Door
Deathloop,Most discussed aspect: Gameplay (68 reviews)
Deathloop,Strongest aspect: Graphics (100.0% positive)
Deathloop,Most criticized aspect: Gameplay (0.0% negative)
Deathloop,Common positive theme: Deathloop
Deathloop,Common negative theme: biggest gaming disappointment
Deep Rock Galactic,Most discussed aspect: Gameplay (13 reviews)
Deep Rock Galactic,Strongest aspect: Story (100.0% positive)
Deep Rock Galactic,Most criticized aspect: Gameplay (0.0% negative)
Deep Rock Galactic,Common positive theme: Deep Rock Galactic
Deep Rock Galactic: Survivor,Most discussed aspect: Gameplay (4 reviews)
Deep Rock Galactic: Survivor,Strongest aspect: Gameplay (100.0% positive)
Deep Rock Galactic: Survivor,Most criticized aspect: Gameplay (0.0% negative)
Deep Rock Galactic: Survivor,Common positive theme: Deep Rock Galactic
Defender’s Quest: Valley of the Forgotten DX,Most discussed aspect: Gameplay (4 reviews)
Defender’s Quest: Valley of the Forgotten DX,Strongest aspect: Graphics (100.0% positive)
Defender’s Quest: Valley of the Forgotten DX,Most criticized aspect: Gameplay (0.0% negative)
Defender’s Quest: Valley of the Forgotten DX,Common positive theme: Defender Quest
Deltarune Chapters 3 & 4,Most discussed aspect: Story (6 reviews)
Deltarune Chapters 3 & 4,Strongest aspect: Characters (100.0% positive)
Deltarune Chapters 3 & 4,Most criticized aspect: Gameplay (0.0% negative)
Deltarune Chapters 3 & 4,Common positive theme: Deltarune
Deltarune: Chapter 1 & 2,Most discussed aspect: Story (5 reviews)
Deltarune: Chapter 1 & 2,Strongest aspect: Gameplay (100.0% positive)
Deltarune: Chapter 1 & 2,Most criticized aspect: Gameplay (0.0% negative)
Deltarune: Chapter 1 & 2,Common positive theme: Deltarune Chapter
Demeo,Most discussed aspect: Difficulty (8 reviews)
Demeo,Strongest aspect: Gameplay (100.0% positive)
Demeo,Most criticized aspect: Gameplay (0.0% negative)
Demeo,Common positive theme: Demeo
Demon Tides,Most discussed aspect: Gameplay (28 reviews)
Demon Tides,Strongest aspect: Story (100.0% positive)
Demon Tides,Most criticized aspect: Gameplay (0.0% negative)
Demon Tides,Common positive theme: Demon Tides
Demon's Mirror,Most discussed aspect: Gameplay (5 reviews)
Demon's Mirror,Strongest aspect: Characters (100.0% positive)
Demon's Mirror,Most criticized aspect: Gameplay (20.0% negative)
Demon's Mirror,Common positive theme: Roguelike deck builder
Demon's Mirror,Common negative theme: Demon ’s Mirror
Demon's Souls (2020),Most discussed aspect: Gameplay (25 reviews)
Demon's Souls (2020),Strongest aspect: Story (100.0% positive)
Demon's Souls (2020),Most criticized aspect: Gameplay (0.0% negative)
Demon's Souls (2020),Common positive theme: Demon Souls
Desktop Dungeons: Rewind,Most discussed aspect: Gameplay (2 reviews)
Desktop Dungeons: Rewind,Strongest aspect: Gameplay (100.0% positive)
Desktop Dungeons: Rewind,Most criticized aspect: Gameplay (0.0% negative)
Desktop Dungeons: Rewind,Common positive theme: Desktop Dungeons
Despelote,Most discussed aspect: Story (18 reviews)
Despelote,Strongest aspect: Graphics (100.0% positive)
Despelote,Most criticized aspect: Level Design (100.0% negative)
Despelote,Common positive theme: Despelote
Despelote,Common negative theme: Despelote
Desperados III,Most discussed aspect: Gameplay (30 reviews)
Desperados III,Strongest aspect: Story (100.0% positive)
Desperados III,Most criticized aspect: Gameplay (0.0% negative)
Desperados III,Common positive theme: Desperados III
Destination Primus Vita – Episode 1,Most discussed aspect: Story (4 reviews)
Destination Primus Vita – Episode 1,Strongest aspect: Characters (100.0% positive)
Destination Primus Vita – Episode 1,Most criticized aspect: Story (0.0% negative)
Destination Primus Vita – Episode 1,Common positive theme: Primus Vita
Destiny 2,Most discussed aspect: Story (45 reviews)
Destiny 2,Strongest aspect: Graphics (100.0% positive)
Destiny 2,Most criticized aspect: Story (2.2% negative)
Destiny 2,Common positive theme: Destiny
Destiny 2,Common negative theme: remains mechanically functional
Destiny 2: Forsaken,Most discussed aspect: Replayability (19 reviews)
Destiny 2: Forsaken,Strongest aspect: Graphics (100.0% positive)
Destiny 2: Forsaken,Most criticized aspect: Gameplay (0.0% negative)
Destiny 2: Forsaken,Common positive theme: Destiny
Destiny 2: The Final Shape,Most discussed aspect: Story (32 reviews)
Destiny 2: The Final Shape,Strongest aspect: Graphics (100.0% positive)
Destiny 2: The Final Shape,Most criticized aspect: Gameplay (0.0% negative)
Destiny 2: The Final Shape,Common positive theme: Final Shape
Destiny 2: The Witch Queen,Most discussed aspect: Story (22 reviews)
Destiny 2: The Witch Queen,Strongest aspect: Gameplay (100.0% positive)
Destiny 2: The Witch Queen,Most criticized aspect: Gameplay (0.0% negative)
Destiny 2: The Witch Queen,Common positive theme: Witch Queen
Destiny: The Taken King,Most discussed aspect: Replayability (10 reviews)
Destiny: The Taken King,Strongest aspect: Gameplay (100.0% positive)
Destiny: The Taken King,Most criticized aspect: Gameplay (0.0% negative)
Destiny: The Taken King,Common positive theme: Destiny
"Detective Instinct: Farewell, My Beloved",Most discussed aspect: Story (3 reviews)
"Detective Instinct: Farewell, My Beloved",Strongest aspect: Gameplay (100.0% positive)
"Detective Instinct: Farewell, My Beloved",Most criticized aspect: Gameplay (0.0% negative)
"Detective Instinct: Farewell, My Beloved",Common positive theme: Detective Instinct
Detention 返校,Most discussed aspect: Story (17 reviews)
Detention 返校,Strongest aspect: Difficulty (100.0% positive)
Detention 返校,Most criticized aspect: Gameplay (0.0% negative)
Detention 返校,Common positive theme: Detention
Deus Ex: Mankind Divided,Most discussed aspect: Story (58 reviews)
Deus Ex: Mankind Divided,Strongest aspect: Music & Sound (100.0% positive)
Deus Ex: Mankind Divided,Most criticized aspect: Gameplay (0.0% negative)
Deus Ex: Mankind Divided,Common positive theme: Mankind Divided
Devil Daggers,Most discussed aspect: Difficulty (2 reviews)
Devil Daggers,Strongest aspect: Gameplay (100.0% positive)
Devil Daggers,Most criticized aspect: Gameplay (0.0% negative)
Devil Daggers,Common positive theme: Devil Daggers' stripped-down
Devil May Cry 3: Special Edition,Most discussed aspect: Gameplay (7 reviews)
Devil May Cry 3: Special Edition,Strongest aspect: Gameplay (100.0% positive)
Devil May Cry 3: Special Edition,Most criticized aspect: Gameplay (0.0% negative)
Devil May Cry 3: Special Edition,Common positive theme: Devil May Cry
Devil May Cry 5,Most discussed aspect: Gameplay (71 reviews)
Devil May Cry 5,Strongest aspect: Performance (100.0% positive)
Devil May Cry 5,Most criticized aspect: Level Design (8.3% negative)
Devil May Cry 5,Common positive theme: Devil May Cry
Devil May Cry 5,Common negative theme: Long awaited
Devil May Cry 5: Special Edition,Most discussed aspect: Gameplay (13 reviews)
Devil May Cry 5: Special Edition,Strongest aspect: Gameplay (100.0% positive)
Devil May Cry 5: Special Edition,Most criticized aspect: Gameplay (0.0% negative)
Devil May Cry 5: Special Edition,Common positive theme: Devil May Cry
Devil Survivor 2: Record Breaker,Most discussed aspect: Story (11 reviews)
Devil Survivor 2: Record Breaker,Strongest aspect: Gameplay (100.0% positive)
Devil Survivor 2: Record Breaker,Most criticized aspect: Gameplay (0.0% negative)
Devil Survivor 2: Record Breaker,Common positive theme: Devil Survivor
Devotion,Most discussed aspect: Story (5 reviews)
Devotion,Strongest aspect: Gameplay (100.0% positive)
Devotion,Most criticized aspect: Gameplay (0.0% negative)
Devotion,Common positive theme: Red Candle Games
DiRT 4,Most discussed aspect: Gameplay (9 reviews)
DiRT 4,Strongest aspect: Story (100.0% positive)
DiRT 4,Most criticized aspect: Gameplay (0.0% negative)
DiRT 4,Common positive theme: DiRT Rally
DiRT 5,Most discussed aspect: Graphics (25 reviews)
DiRT 5,Strongest aspect: Level Design (100.0% positive)
DiRT 5,Most criticized aspect: Gameplay (0.0% negative)
DiRT 5,Common positive theme: Dirt
DiRT Rally,Most discussed aspect: Difficulty (8 reviews)
DiRT Rally,Strongest aspect: Graphics (100.0% positive)
DiRT Rally,Most criticized aspect: Gameplay (0.0% negative)
DiRT Rally,Common positive theme: Dirt Rally
DiRT Rally 2.0 Game of the Year Edition,Most discussed aspect: Gameplay (1 reviews)
DiRT Rally 2.0 Game of the Year Edition,Strongest aspect: Gameplay (100.0% positive)
DiRT Rally 2.0 Game of the Year Edition,Most criticized aspect: Gameplay (0.0% negative)
DiRT Rally 2.0 Game of the Year Edition,Common positive theme: sideways whilst welcoming
Diablo II: Resurrected,Most discussed aspect: Graphics (29 reviews)
Diablo II: Resurrected,Strongest aspect: Music & Sound (100.0% positive)
Diablo II: Resurrected,Most criticized aspect: Gameplay (0.0% negative)
Diablo II: Resurrected,Common positive theme: Diablo
Diablo III: Eternal Collection,Most discussed aspect: Gameplay (12 reviews)
Diablo III: Eternal Collection,Strongest aspect: Gameplay (100.0% positive)
Diablo III: Eternal Collection,Most criticized aspect: Gameplay (0.0% negative)
Diablo III: Eternal Collection,Common positive theme: Diablo III
Diablo III: Eternal Collection,Common negative theme: beloved action franchise
Diablo III: Reaper of Souls,Most discussed aspect: Replayability (9 reviews)
Diablo III: Reaper of Souls,Strongest aspect: Gameplay (100.0% positive)
Diablo III: Reaper of Souls,Most criticized aspect: Gameplay (0.0% negative)
Diablo III: Reaper of Souls,Common positive theme: Reaper of Souls
Diablo III: Ultimate Evil Edition,Most discussed aspect: Replayability (12 reviews)
Diablo III: Ultimate Evil Edition,Strongest aspect: Story (100.0% positive)
Diablo III: Ultimate Evil Edition,Most criticized aspect: Gameplay (0.0% negative)
Diablo III: Ultimate Evil Edition,Common positive theme: Ultimate Evil Edition
Diablo IV,Most discussed aspect: Gameplay (57 reviews)
Diablo IV,Strongest aspect: Level Design (100.0% positive)
Diablo IV,Most criticized aspect: Gameplay (0.0% negative)
Diablo IV,Common positive theme: Diablo
Diablo IV: Lord of Hatred,Most discussed aspect: Story (29 reviews)
Diablo IV: Lord of Hatred,Strongest aspect: Graphics (100.0% positive)
Diablo IV: Lord of Hatred,Most criticized aspect: Gameplay (0.0% negative)
Diablo IV: Lord of Hatred,Common positive theme: Lord of Hatred
Diablo IV: Lord of Hatred,Common negative theme: Classic Mode
Diablo IV: Vessel of Hatred,Most discussed aspect: Story (37 reviews)
Diablo IV: Vessel of Hatred,Strongest aspect: Graphics (100.0% positive)
Diablo IV: Vessel of Hatred,Most criticized aspect: Gameplay (0.0% negative)
Diablo IV: Vessel of Hatred,Common positive theme: Vessel of Hatred
Dicey Dungeons,Most discussed aspect: Gameplay (6 reviews)
Dicey Dungeons,Strongest aspect: Graphics (100.0% positive)
Dicey Dungeons,Most criticized aspect: Gameplay (0.0% negative)
Dicey Dungeons,Common positive theme: Dicey Dungeons
Digimon Story: Time Stranger,Most discussed aspect: Story (102 reviews)
Digimon Story: Time Stranger,Strongest aspect: Difficulty (90.9% positive)
Digimon Story: Time Stranger,Most criticized aspect: Gameplay (0.0% negative)
Digimon Story: Time Stranger,Common positive theme: Story Time Stranger
Dirt Rally 2.0,Most discussed aspect: Difficulty (15 reviews)
Dirt Rally 2.0,Strongest aspect: Characters (100.0% positive)
Dirt Rally 2.0,Most criticized aspect: Gameplay (0.0% negative)
Dirt Rally 2.0,Common positive theme: Dirt Rally
Disc Room,Most discussed aspect: Difficulty (13 reviews)
Disc Room,Strongest aspect: Gameplay (100.0% positive)
Disc Room,Most criticized aspect: Gameplay (0.0% negative)
Disc Room,Common positive theme: Disc Room
Disco Elysium,Most discussed aspect: Story (26 reviews)
Disco Elysium,Strongest aspect: Graphics (100.0% positive)
Disco Elysium,Most criticized aspect: Gameplay (0.0% negative)
Disco Elysium,Common positive theme: Disco Elysium
Disco Elysium: The Final Cut,Most discussed aspect: Story (28 reviews)
Disco Elysium: The Final Cut,Strongest aspect: Graphics (100.0% positive)
Disco Elysium: The Final Cut,Most criticized aspect: Gameplay (0.0% negative)
Disco Elysium: The Final Cut,Common positive theme: Disco Elysium
Disgaea 4 Complete+,Most discussed aspect: Gameplay (12 reviews)
Disgaea 4 Complete+,Strongest aspect: Gameplay (100.0% positive)
Disgaea 4 Complete+,Most criticized aspect: Gameplay (0.0% negative)
Disgaea 4 Complete+,Common positive theme: Disgaea
Disgaea 4: A Promise Revisited,Most discussed aspect: Replayability (8 reviews)
Disgaea 4: A Promise Revisited,Strongest aspect: Graphics (100.0% positive)
Disgaea 4: A Promise Revisited,Most criticized aspect: Gameplay (0.0% negative)
Disgaea 4: A Promise Revisited,Common positive theme: variable Marianas Trench
Disgaea 5 Complete,Most discussed aspect: Gameplay (15 reviews)
Disgaea 5 Complete,Strongest aspect: Story (100.0% positive)
Disgaea 5 Complete,Most criticized aspect: Gameplay (0.0% negative)
Disgaea 5 Complete,Common positive theme: Nintendo Switch
Disgaea 5: Alliance of Vengeance,Most discussed aspect: Gameplay (17 reviews)
Disgaea 5: Alliance of Vengeance,Strongest aspect: Graphics (100.0% positive)
Disgaea 5: Alliance of Vengeance,Most criticized aspect: Gameplay (0.0% negative)
Disgaea 5: Alliance of Vengeance,Common positive theme: Alliance of Vengeance
Disgaea 7: Vows of the Virtueless,Most discussed aspect: Gameplay (21 reviews)
Disgaea 7: Vows of the Virtueless,Strongest aspect: Graphics (100.0% positive)
Disgaea 7: Vows of the Virtueless,Most criticized aspect: Gameplay (0.0% negative)
Disgaea 7: Vows of the Virtueless,Common positive theme: Disgaea
Dishonored 2,Most discussed aspect: Gameplay (43 reviews)
Dishonored 2,Strongest aspect: Graphics (100.0% positive)
Dishonored 2,Most criticized aspect: Music & Sound (100.0% negative)
Dishonored 2,Common positive theme: Dishonored
Dishonored 2,Common negative theme: Arkane Studios' laziness
Dishonored: Death of the Outsider,Most discussed aspect: Story (27 reviews)
Dishonored: Death of the Outsider,Strongest aspect: Replayability (100.0% positive)
Dishonored: Death of the Outsider,Most criticized aspect: Gameplay (0.0% negative)
Dishonored: Death of the Outsider,Common positive theme: Outsider
Disney Classic Games Collection,Most discussed aspect: Replayability (3 reviews)
Disney Classic Games Collection,Strongest aspect: Difficulty (100.0% positive)
Disney Classic Games Collection,Most criticized aspect: Gameplay (0.0% negative)
Disney Classic Games Collection,Common positive theme: Disney Classic Games
Disney Infinity: 3.0 Edition,Most discussed aspect: Gameplay (13 reviews)
Disney Infinity: 3.0 Edition,Strongest aspect: Graphics (100.0% positive)
Disney Infinity: 3.0 Edition,Most criticized aspect: Gameplay (0.0% negative)
Disney Infinity: 3.0 Edition,Common positive theme: Disney Infinity
Dispatch,Most discussed aspect: Story (77 reviews)
Dispatch,Strongest aspect: Level Design (100.0% positive)
Dispatch,Most criticized aspect: Gameplay (0.0% negative)
Dispatch,Common positive theme: Dispatch
Distant Worlds 2,Most discussed aspect: Gameplay (2 reviews)
Distant Worlds 2,Strongest aspect: Performance (100.0% positive)
Distant Worlds 2,Most criticized aspect: Gameplay (0.0% negative)
Distant Worlds 2,Common positive theme: Distant Worlds
Distant Worlds: Universe,Most discussed aspect: Graphics (1 reviews)
Distant Worlds: Universe,Strongest aspect: Graphics (100.0% positive)
Distant Worlds: Universe,Most criticized aspect: Graphics (0.0% negative)
Distant Worlds: Universe,Common positive theme: impressively wide-ranging bit
Divinity: Original Sin,Most discussed aspect: Gameplay (15 reviews)
Divinity: Original Sin,Strongest aspect: Level Design (100.0% positive)
Divinity: Original Sin,Most criticized aspect: Gameplay (6.7% negative)
Divinity: Original Sin,Common positive theme: Original Sin
Divinity: Original Sin,Common negative theme: terrible game
Divinity: Original Sin - Enhanced Edition,Most discussed aspect: Gameplay (11 reviews)
Divinity: Original Sin - Enhanced Edition,Strongest aspect: Graphics (100.0% positive)
Divinity: Original Sin - Enhanced Edition,Most criticized aspect: Gameplay (0.0% negative)
Divinity: Original Sin - Enhanced Edition,Common positive theme: Original Sin Enhanced
Divinity: Original Sin 2,Most discussed aspect: Story (22 reviews)
Divinity: Original Sin 2,Strongest aspect: Gameplay (100.0% positive)
Divinity: Original Sin 2,Most criticized aspect: Gameplay (0.0% negative)
Divinity: Original Sin 2,Common positive theme: Original Sin
Divinity: Original Sin 2 - Definitive Edition,Most discussed aspect: Gameplay (18 reviews)
Divinity: Original Sin 2 - Definitive Edition,Strongest aspect: Gameplay (100.0% positive)
Divinity: Original Sin 2 - Definitive Edition,Most criticized aspect: Gameplay (0.0% negative)
Divinity: Original Sin 2 - Definitive Edition,Common positive theme: Original Sin
DmC: Devil May Cry Definitive Edition,Most discussed aspect: Gameplay (14 reviews)
DmC: Devil May Cry Definitive Edition,Strongest aspect: Story (100.0% positive)
DmC: Devil May Cry Definitive Edition,Most criticized aspect: Gameplay (0.0% negative)
DmC: Devil May Cry Definitive Edition,Common positive theme: Cry Definitive Edition
DoDonPachi Resurrection,Most discussed aspect: Gameplay (2 reviews)
DoDonPachi Resurrection,Strongest aspect: Gameplay (100.0% positive)
DoDonPachi Resurrection,Most criticized aspect: Gameplay (0.0% negative)
DoDonPachi Resurrection,Common positive theme: DoDonPachi Resurrection
Doki Doki Literature Club,Most discussed aspect: Graphics (4 reviews)
Doki Doki Literature Club,Strongest aspect: Difficulty (100.0% positive)
Doki Doki Literature Club,Most criticized aspect: Story (0.0% negative)
Doki Doki Literature Club,Common positive theme: Doki Doki Literature
Doki Doki Literature Club Plus!,Most discussed aspect: Graphics (13 reviews)
Doki Doki Literature Club Plus!,Strongest aspect: Gameplay (100.0% positive)
Doki Doki Literature Club Plus!,Most criticized aspect: Gameplay (0.0% negative)
Doki Doki Literature Club Plus!,Common positive theme: Doki Doki Literature
Donkey Kong Bananza,Most discussed aspect: Gameplay (60 reviews)
Donkey Kong Bananza,Strongest aspect: Graphics (100.0% positive)
Donkey Kong Bananza,Most criticized aspect: Gameplay (0.0% negative)
Donkey Kong Bananza,Common positive theme: Donkey Kong Bananza
Donkey Kong Country: Tropical Freeze,Most discussed aspect: Difficulty (34 reviews)
Donkey Kong Country: Tropical Freeze,Strongest aspect: Story (100.0% positive)
Donkey Kong Country: Tropical Freeze,Most criticized aspect: Gameplay (0.0% negative)
Donkey Kong Country: Tropical Freeze,Common positive theme: Donkey Kong Country
Doom,Most discussed aspect: Gameplay (2 reviews)
Doom,Strongest aspect: Gameplay (100.0% positive)
Doom,Most criticized aspect: Gameplay (0.0% negative)
Doom,Common positive theme: DOOM
Doom (2016),Most discussed aspect: Level Design (25 reviews)
Doom (2016),Strongest aspect: Graphics (100.0% positive)
Doom (2016),Most criticized aspect: Gameplay (0.0% negative)
Doom (2016),Common positive theme: Doom
Doom Eternal,Most discussed aspect: Gameplay (57 reviews)
Doom Eternal,Strongest aspect: Graphics (100.0% positive)
Doom Eternal,Most criticized aspect: Gameplay (0.0% negative)
Doom Eternal,Common positive theme: DOOM Eternal
Doom II,Most discussed aspect: Gameplay (2 reviews)
Doom II,Strongest aspect: Gameplay (100.0% positive)
Doom II,Most criticized aspect: Gameplay (0.0% negative)
Doom II,Common positive theme: visual issues preventing
Doom: The Dark Ages,Most discussed aspect: Gameplay (110 reviews)
Doom: The Dark Ages,Strongest aspect: Characters (100.0% positive)
Doom: The Dark Ages,Most criticized aspect: Gameplay (0.0% negative)
Doom: The Dark Ages,Common positive theme: Dark Ages
Doomblade,Most discussed aspect: Gameplay (8 reviews)
Doomblade,Strongest aspect: Story (100.0% positive)
Doomblade,Most criticized aspect: Gameplay (0.0% negative)
Doomblade,Common positive theme: Doomblade
Door Kickers: Action Squad,Most discussed aspect: Gameplay (3 reviews)
Door Kickers: Action Squad,Strongest aspect: Replayability (100.0% positive)
Door Kickers: Action Squad,Most criticized aspect: Gameplay (0.0% negative)
Door Kickers: Action Squad,Common positive theme: Kickers Action Squad
Dorfromantik,Most discussed aspect: Difficulty (6 reviews)
Dorfromantik,Strongest aspect: Level Design (100.0% positive)
Dorfromantik,Most criticized aspect: Gameplay (0.0% negative)
Dorfromantik,Common positive theme: Dorfromantik
Dota 2,Most discussed aspect: Difficulty (3 reviews)
Dota 2,Strongest aspect: Gameplay (100.0% positive)
Dota 2,Most criticized aspect: Gameplay (0.0% negative)
Dota 2,Common positive theme: Dota
Downwell,Most discussed aspect: Difficulty (15 reviews)
Downwell,Strongest aspect: Graphics (100.0% positive)
Downwell,Most criticized aspect: Gameplay (0.0% negative)
Downwell,Common positive theme: Downwell
Dragon Age: Inquisition,Most discussed aspect: Characters (24 reviews)
Dragon Age: Inquisition,Strongest aspect: Level Design (100.0% positive)
Dragon Age: Inquisition,Most criticized aspect: Gameplay (0.0% negative)
Dragon Age: Inquisition,Common positive theme: Dragon Age Inquisition
Dragon Age: Inquisition - Trespasser,Most discussed aspect: Story (2 reviews)
Dragon Age: Inquisition - Trespasser,Strongest aspect: Story (100.0% positive)
Dragon Age: Inquisition - Trespasser,Most criticized aspect: Story (0.0% negative)
Dragon Age: Inquisition - Trespasser,Common positive theme: Dragon Age
Dragon Ball FighterZ,Most discussed aspect: Gameplay (37 reviews)
Dragon Ball FighterZ,Strongest aspect: Story (100.0% positive)
Dragon Ball FighterZ,Most criticized aspect: Gameplay (0.0% negative)
Dragon Ball FighterZ,Common positive theme: Dragon Ball FighterZ
Dragon Ball FighterZ,Common negative theme: Dragon Ball FighterZ
Dragon Ball Gekishin Squadra,Most discussed aspect: Gameplay (4 reviews)
Dragon Ball Gekishin Squadra,Strongest aspect: Gameplay (100.0% positive)
Dragon Ball Gekishin Squadra,Most criticized aspect: Gameplay (0.0% negative)
Dragon Ball Gekishin Squadra,Common positive theme: Ball Gekishin Squadra
Dragon Ball Sparking! Zero,Most discussed aspect: Gameplay (44 reviews)
Dragon Ball Sparking! Zero,Strongest aspect: Difficulty (100.0% positive)
Dragon Ball Sparking! Zero,Most criticized aspect: Gameplay (0.0% negative)
Dragon Ball Sparking! Zero,Common positive theme: Dragon Ball Sparking
Dragon Ball Sparking! Zero,Common negative theme: Dragon Ball
Dragon Blaze,Most discussed aspect: Level Design (1 reviews)
Dragon Blaze,Strongest aspect: Level Design (100.0% positive)
Dragon Blaze,Most criticized aspect: Level Design (0.0% negative)
Dragon Blaze,Common positive theme: game loop
Dragon Quest Builders,Most discussed aspect: Gameplay (26 reviews)
Dragon Quest Builders,Strongest aspect: Graphics (100.0% positive)
Dragon Quest Builders,Most criticized aspect: Gameplay (0.0% negative)
Dragon Quest Builders,Common positive theme: Dragon Quest Builders
Dragon Quest Builders 2,Most discussed aspect: Story (33 reviews)
Dragon Quest Builders 2,Strongest aspect: Graphics (100.0% positive)
Dragon Quest Builders 2,Most criticized aspect: Gameplay (0.0% negative)
Dragon Quest Builders 2,Common positive theme: Dragon Quest Builders
Dragon Quest I & II HD-2D Remake,Most discussed aspect: Gameplay (25 reviews)
Dragon Quest I & II HD-2D Remake,Strongest aspect: Gameplay (100.0% positive)
Dragon Quest I & II HD-2D Remake,Most criticized aspect: Gameplay (0.0% negative)
Dragon Quest I & II HD-2D Remake,Common positive theme: Dragon Quest
Dragon Quest III HD-2D Remake,Most discussed aspect: Graphics (40 reviews)
Dragon Quest III HD-2D Remake,Strongest aspect: Characters (100.0% positive)
Dragon Quest III HD-2D Remake,Most criticized aspect: Gameplay (0.0% negative)
Dragon Quest III HD-2D Remake,Common positive theme: Dragon Quest III
Dragon Quest VII Reimagined,Most discussed aspect: Gameplay (50 reviews)
Dragon Quest VII Reimagined,Strongest aspect: Characters (100.0% positive)
Dragon Quest VII Reimagined,Most criticized aspect: Gameplay (0.0% negative)
Dragon Quest VII Reimagined,Common positive theme: Dragon Quest VII
Dragon Quest VII: Fragments of the Forgotten Past,Most discussed aspect: Story (11 reviews)
Dragon Quest VII: Fragments of the Forgotten Past,Strongest aspect: Gameplay (100.0% positive)
Dragon Quest VII: Fragments of the Forgotten Past,Most criticized aspect: Gameplay (0.0% negative)
Dragon Quest VII: Fragments of the Forgotten Past,Common positive theme: Dragon Quest VII
Dragon Quest VIII: Journey of the Cursed King,Most discussed aspect: Gameplay (9 reviews)
Dragon Quest VIII: Journey of the Cursed King,Strongest aspect: Level Design (100.0% positive)
Dragon Quest VIII: Journey of the Cursed King,Most criticized aspect: Gameplay (0.0% negative)
Dragon Quest VIII: Journey of the Cursed King,Common positive theme: Dragon Quest VIII
Dragon Quest XI S: Echoes of an Elusive Age - Definitive Edition,Most discussed aspect: Replayability (18 reviews)
Dragon Quest XI S: Echoes of an Elusive Age - Definitive Edition,Strongest aspect: Gameplay (100.0% positive)
Dragon Quest XI S: Echoes of an Elusive Age - Definitive Edition,Most criticized aspect: Gameplay (0.0% negative)
Dragon Quest XI S: Echoes of an Elusive Age - Definitive Edition,Common positive theme: Dragon Quest
Dragon Quest XI: Echoes of an Elusive Age,Most discussed aspect: Story (28 reviews)
Dragon Quest XI: Echoes of an Elusive Age,Strongest aspect: Gameplay (95.5% positive)
Dragon Quest XI: Echoes of an Elusive Age,Most criticized aspect: Gameplay (0.0% negative)
Dragon Quest XI: Echoes of an Elusive Age,Common positive theme: Dragon Quest
Dragon's Crown Pro,Most discussed aspect: Music & Sound (11 reviews)
Dragon's Crown Pro,Strongest aspect: Characters (100.0% positive)
Dragon's Crown Pro,Most criticized aspect: Gameplay (0.0% negative)
Dragon's Crown Pro,Common positive theme: Dragon Crown Pro
Dragon's Dogma 2,Most discussed aspect: Gameplay (60 reviews)
Dragon's Dogma 2,Strongest aspect: Characters (100.0% positive)
Dragon's Dogma 2,Most criticized aspect: Gameplay (0.0% negative)
Dragon's Dogma 2,Common positive theme: Dragon Dogma
Dreamfall Chapters Book Three: Realms,Most discussed aspect: Story (1 reviews)
Dreamfall Chapters Book Three: Realms,Strongest aspect: Story (100.0% positive)
Dreamfall Chapters Book Three: Realms,Most criticized aspect: Story (0.0% negative)
Dreamfall Chapters Book Three: Realms,Common positive theme: moving Dreamfall Chapters
Dreams,Most discussed aspect: Replayability (8 reviews)
Dreams,Strongest aspect: Story (100.0% positive)
Dreams,Most criticized aspect: Gameplay (0.0% negative)
Dreams,Common positive theme: Media Molecule
Dreamscaper,Most discussed aspect: Gameplay (26 reviews)
Dreamscaper,Strongest aspect: Level Design (100.0% positive)
Dreamscaper,Most criticized aspect: Gameplay (0.0% negative)
Dreamscaper,Common positive theme: Dreamscaper
Dredge,Most discussed aspect: Gameplay (43 reviews)
Dredge,Strongest aspect: Graphics (100.0% positive)
Dredge,Most criticized aspect: Gameplay (0.0% negative)
Dredge,Common positive theme: Black Salt Games
Dredge: The Pale Reach,Most discussed aspect: Replayability (8 reviews)
Dredge: The Pale Reach,Strongest aspect: Level Design (100.0% positive)
Dredge: The Pale Reach,Most criticized aspect: Gameplay (0.0% negative)
Dredge: The Pale Reach,Common positive theme: Pale Reach
Dredge: The Pale Reach,Common negative theme: Pale Reach delivers
Dreii,Most discussed aspect: Gameplay (1 reviews)
Dreii,Strongest aspect: Gameplay (100.0% positive)
Dreii,Most criticized aspect: Gameplay (0.0% negative)
Dreii,Common positive theme: favourite puzzle games
Driveclub Bikes,Most discussed aspect: Gameplay (2 reviews)
Driveclub Bikes,Strongest aspect: Gameplay (100.0% positive)
Driveclub Bikes,Most criticized aspect: Gameplay (0.0% negative)
Driveclub Bikes,Common positive theme: Driveclub Bikes
Drop Duchy,Most discussed aspect: Gameplay (11 reviews)
Drop Duchy,Strongest aspect: Level Design (100.0% positive)
Drop Duchy,Most criticized aspect: Gameplay (0.0% negative)
Drop Duchy,Common positive theme: Drop Duchy
Dropsy,Most discussed aspect: Difficulty (5 reviews)
Dropsy,Strongest aspect: Music & Sound (100.0% positive)
Dropsy,Most criticized aspect: Gameplay (0.0% negative)
Dropsy,Common positive theme: Dropsy
Duck Detective: The Ghost of Glamping,Most discussed aspect: Story (13 reviews)
Duck Detective: The Ghost of Glamping,Strongest aspect: Gameplay (100.0% positive)
Duck Detective: The Ghost of Glamping,Most criticized aspect: Gameplay (0.0% negative)
Duck Detective: The Ghost of Glamping,Common positive theme: Duck Detective
Duck Game,Most discussed aspect: Difficulty (3 reviews)
Duck Game,Strongest aspect: Gameplay (100.0% positive)
Duck Game,Most criticized aspect: Gameplay (0.0% negative)
Duck Game,Common positive theme: Duck Game
Duelyst,Most discussed aspect: Gameplay (3 reviews)
Duelyst,Strongest aspect: Graphics (100.0% positive)
Duelyst,Most criticized aspect: Gameplay (0.0% negative)
Duelyst,Common positive theme: gorgeous tactics card
Duelyst,Common negative theme: Duelyst is badly
Duet,Most discussed aspect: Gameplay (1 reviews)
Duet,Strongest aspect: Gameplay (100.0% positive)
Duet,Most criticized aspect: Gameplay (0.0% negative)
Duet,Common positive theme: botch precision controls
Dune: Awakening,Most discussed aspect: Gameplay (23 reviews)
Dune: Awakening,Strongest aspect: Level Design (100.0% positive)
Dune: Awakening,Most criticized aspect: Gameplay (0.0% negative)
Dune: Awakening,Common positive theme: Awakening
Dungeons of Dreadrock,Most discussed aspect: Story (4 reviews)
Dungeons of Dreadrock,Strongest aspect: Gameplay (100.0% positive)
Dungeons of Dreadrock,Most criticized aspect: Gameplay (0.0% negative)
Dungeons of Dreadrock,Common positive theme: Dungeons of Dreadrock
Dungeons of Dreadrock 2 - The Dead King's Secret,Most discussed aspect: Level Design (4 reviews)
Dungeons of Dreadrock 2 - The Dead King's Secret,Strongest aspect: Music & Sound (100.0% positive)
Dungeons of Dreadrock 2 - The Dead King's Secret,Most criticized aspect: Gameplay (0.0% negative)
Dungeons of Dreadrock 2 - The Dead King's Secret,Common positive theme: Dead King Secret
Dungeons of Hinterberg,Most discussed aspect: Gameplay (25 reviews)
Dungeons of Hinterberg,Strongest aspect: Level Design (100.0% positive)
Dungeons of Hinterberg,Most criticized aspect: Gameplay (0.0% negative)
Dungeons of Hinterberg,Common positive theme: Dungeons of Hinterberg
Dunjungle,Most discussed aspect: Gameplay (3 reviews)
Dunjungle,Strongest aspect: Gameplay (100.0% positive)
Dunjungle,Most criticized aspect: Gameplay (0.0% negative)
Dunjungle,Common positive theme: rewarding unlockables makes
Duskers,Most discussed aspect: Story (1 reviews)
Duskers,Strongest aspect: Story (100.0% positive)
Duskers,Most criticized aspect: Story (0.0% negative)
Duskers,Common positive theme: spooky strategy roguelike
Duskpunk,Most discussed aspect: Story (5 reviews)
Duskpunk,Strongest aspect: Story (60.0% positive)
Duskpunk,Most criticized aspect: Gameplay (0.0% negative)
Duskpunk,Common positive theme: wholly achievable
Dwarf Fortress,Most discussed aspect: Story (3 reviews)
Dwarf Fortress,Strongest aspect: Graphics (100.0% positive)
Dwarf Fortress,Most criticized aspect: Gameplay (0.0% negative)
Dwarf Fortress,Common positive theme: Dwarf Fortress
Dying Light: The Beast,Most discussed aspect: Gameplay (54 reviews)
Dying Light: The Beast,Strongest aspect: Difficulty (100.0% positive)
Dying Light: The Beast,Most criticized aspect: Gameplay (0.0% negative)
Dying Light: The Beast,Common positive theme: Dying Light
Dying Light: The Beast Restored Land,Most discussed aspect: Replayability (1 reviews)
Dying Light: The Beast Restored Land,Strongest aspect: Replayability (100.0% positive)
Dying Light: The Beast Restored Land,Most criticized aspect: Replayability (0.0% negative)
Dying Light: The Beast Restored Land,Common positive theme: continues Techland tradition
Dying Light: The Following,Most discussed aspect: Story (17 reviews)
Dying Light: The Following,Strongest aspect: Graphics (100.0% positive)
Dying Light: The Following,Most criticized aspect: Gameplay (0.0% negative)
Dying Light: The Following,Common positive theme: Dying Light
Dynasty Warriors 8: Xtreme Legends Definitive Edition,Most discussed aspect: Replayability (9 reviews)
Dynasty Warriors 8: Xtreme Legends Definitive Edition,Strongest aspect: Characters (100.0% positive)
Dynasty Warriors 8: Xtreme Legends Definitive Edition,Most criticized aspect: Gameplay (0.0% negative)
Dynasty Warriors 8: Xtreme Legends Definitive Edition,Common positive theme: Xtreme Legends Definitive
Dynasty Warriors: Origins,Most discussed aspect: Gameplay (83 reviews)
Dynasty Warriors: Origins,Strongest aspect: Story (100.0% positive)
Dynasty Warriors: Origins,Most criticized aspect: Gameplay (0.0% negative)
Dynasty Warriors: Origins,Common positive theme: Dynasty Warriors Origins
EA Sports College Football 25,Most discussed aspect: Gameplay (15 reviews)
EA Sports College Football 25,Strongest aspect: Story (100.0% positive)
EA Sports College Football 25,Most criticized aspect: Gameplay (0.0% negative)
EA Sports College Football 25,Common positive theme: Sports College Football
EA Sports College Football 26,Most discussed aspect: Gameplay (12 reviews)
EA Sports College Football 26,Strongest aspect: Story (100.0% positive)
EA Sports College Football 26,Most criticized aspect: Gameplay (0.0% negative)
EA Sports College Football 26,Common positive theme: Sports College Football
EA Sports UFC 6,Most discussed aspect: Gameplay (4 reviews)
EA Sports UFC 6,Strongest aspect: Graphics (100.0% positive)
EA Sports UFC 6,Most criticized aspect: Gameplay (0.0% negative)
EA Sports UFC 6,Common positive theme: UFC
ENDER LILIES: Quietus of the Knights,Most discussed aspect: Gameplay (33 reviews)
ENDER LILIES: Quietus of the Knights,Strongest aspect: Characters (100.0% positive)
ENDER LILIES: Quietus of the Knights,Most criticized aspect: Gameplay (0.0% negative)
ENDER LILIES: Quietus of the Knights,Common positive theme: Ender Lilies
EVERSPACE 2,Most discussed aspect: Gameplay (33 reviews)
EVERSPACE 2,Strongest aspect: Level Design (100.0% positive)
EVERSPACE 2,Most criticized aspect: Gameplay (0.0% negative)
EVERSPACE 2,Common positive theme: Everspace
Earthion,Most discussed aspect: Gameplay (9 reviews)
Earthion,Strongest aspect: Gameplay (100.0% positive)
Earthion,Most criticized aspect: Gameplay (0.0% negative)
Earthion,Common positive theme: Earthion
Eastshade,Most discussed aspect: Gameplay (6 reviews)
Eastshade,Strongest aspect: Story (100.0% positive)
Eastshade,Most criticized aspect: Gameplay (0.0% negative)
Eastshade,Common positive theme: charming traveling artist
Eastward,Most discussed aspect: Story (24 reviews)
Eastward,Strongest aspect: Level Design (100.0% positive)
Eastward,Most criticized aspect: Graphics (5.3% negative)
Eastward,Common positive theme: Eastward
Eastward,Common negative theme: Overly beautiful graphics
Echo Arena,Most discussed aspect: Gameplay (1 reviews)
Echo Arena,Strongest aspect: Gameplay (100.0% positive)
Echo Arena,Most criticized aspect: Gameplay (0.0% negative)
Echo Arena,Common positive theme: Echo Arena
Edge,Most discussed aspect: Level Design (5 reviews)
Edge,Strongest aspect: Gameplay (100.0% positive)
Edge,Most criticized aspect: Gameplay (0.0% negative)
Edge,Common positive theme: EDGE
"El Paso, Elsewhere",Most discussed aspect: Story (20 reviews)
"El Paso, Elsewhere",Strongest aspect: Difficulty (100.0% positive)
"El Paso, Elsewhere",Most criticized aspect: Level Design (25.0% negative)
"El Paso, Elsewhere",Common positive theme: Paso
"El Paso, Elsewhere",Common negative theme: current state
Elden Ring,Most discussed aspect: Gameplay (56 reviews)
Elden Ring,Strongest aspect: Story (100.0% positive)
Elden Ring,Most criticized aspect: Gameplay (0.0% negative)
Elden Ring,Common positive theme: Elden Ring
Elden Ring: Shadow of the Erdtree,Most discussed aspect: Difficulty (33 reviews)
Elden Ring: Shadow of the Erdtree,Strongest aspect: Gameplay (100.0% positive)
Elden Ring: Shadow of the Erdtree,Most criticized aspect: Gameplay (0.0% negative)
Elden Ring: Shadow of the Erdtree,Common positive theme: Elden Ring Shadow
ElecHead,Most discussed aspect: Replayability (3 reviews)
ElecHead,Strongest aspect: Gameplay (100.0% positive)
ElecHead,Most criticized aspect: Gameplay (0.0% negative)
ElecHead,Common positive theme: wordless brilliance
Eliza,Most discussed aspect: Story (3 reviews)
Eliza,Strongest aspect: Graphics (66.7% positive)
Eliza,Most criticized aspect: Story (0.0% negative)
Eliza,Common positive theme: grand scheme
Else Heart.Break(),Most discussed aspect: Story (1 reviews)
Else Heart.Break(),Strongest aspect: Story (0.0% positive)
Else Heart.Break(),Most criticized aspect: Story (0.0% negative)
Else Heart.Break(),Common positive theme: satisfying hacking puzzles
Embracelet,Most discussed aspect: Story (5 reviews)
Embracelet,Strongest aspect: Gameplay (100.0% positive)
Embracelet,Most criticized aspect: Gameplay (0.0% negative)
Embracelet,Common positive theme: Embracelet
Emily is Away Too,Most discussed aspect: Story (2 reviews)
Emily is Away Too,Strongest aspect: Story (100.0% positive)
Emily is Away Too,Most criticized aspect: Story (0.0% negative)
Emily is Away Too,Common positive theme: surprisingly poignant trip
Ender Magnolia: Bloom in the Mist,Most discussed aspect: Gameplay (29 reviews)
Ender Magnolia: Bloom in the Mist,Strongest aspect: Characters (100.0% positive)
Ender Magnolia: Bloom in the Mist,Most criticized aspect: Gameplay (0.0% negative)
Ender Magnolia: Bloom in the Mist,Common positive theme: Ender Magnolia
Endless Legend,Most discussed aspect: Gameplay (5 reviews)
Endless Legend,Strongest aspect: Gameplay (100.0% positive)
Endless Legend,Most criticized aspect: Gameplay (0.0% negative)
Endless Legend,Common positive theme: Endless Legend
Endless Space 2,Most discussed aspect: Gameplay (9 reviews)
Endless Space 2,Strongest aspect: Gameplay (100.0% positive)
Endless Space 2,Most criticized aspect: Difficulty (20.0% negative)
Endless Space 2,Common positive theme: Endless Space
Endless Space 2,Common negative theme: highly caveated
Enter the Gungeon,Most discussed aspect: Gameplay (19 reviews)
Enter the Gungeon,Strongest aspect: Graphics (100.0% positive)
Enter the Gungeon,Most criticized aspect: Performance (100.0% negative)
Enter the Gungeon,Common positive theme: Enter the Gungeon
Enter the Gungeon,Common negative theme: poor performance hinders
Eriksholm: The Stolen Dream,Most discussed aspect: Story (32 reviews)
Eriksholm: The Stolen Dream,Strongest aspect: Music & Sound (100.0% positive)
Eriksholm: The Stolen Dream,Most criticized aspect: Gameplay (0.0% negative)
Eriksholm: The Stolen Dream,Common positive theme: Stolen Dream
Escape Academy,Most discussed aspect: Story (6 reviews)
Escape Academy,Strongest aspect: Gameplay (100.0% positive)
Escape Academy,Most criticized aspect: Gameplay (0.0% negative)
Escape Academy,Common positive theme: Escape Academy
Escape Simulator 2,Most discussed aspect: Level Design (3 reviews)
Escape Simulator 2,Strongest aspect: Level Design (100.0% positive)
Escape Simulator 2,Most criticized aspect: Gameplay (0.0% negative)
Escape Simulator 2,Common positive theme: Escape Simulator
Escape from Ever After,Most discussed aspect: Gameplay (17 reviews)
Escape from Ever After,Strongest aspect: Graphics (100.0% positive)
Escape from Ever After,Most criticized aspect: Gameplay (0.0% negative)
Escape from Ever After,Common positive theme: Paper Mario
Eschatos,Most discussed aspect: Gameplay (1 reviews)
Eschatos,Strongest aspect: Gameplay (100.0% positive)
Eschatos,Most criticized aspect: Gameplay (0.0% negative)
Eschatos,Common positive theme: ultimate M-KAI package
Esoteric Ebb,Most discussed aspect: Story (20 reviews)
Esoteric Ebb,Strongest aspect: Graphics (100.0% positive)
Esoteric Ebb,Most criticized aspect: Gameplay (0.0% negative)
Esoteric Ebb,Common positive theme: Esoteric Ebb
Etrian Odyssey 2 Untold: The Fafnir Knight,Most discussed aspect: Story (11 reviews)
Etrian Odyssey 2 Untold: The Fafnir Knight,Strongest aspect: Graphics (100.0% positive)
Etrian Odyssey 2 Untold: The Fafnir Knight,Most criticized aspect: Gameplay (0.0% negative)
Etrian Odyssey 2 Untold: The Fafnir Knight,Common positive theme: Etrian Odyssey
Etrian Odyssey Nexus,Most discussed aspect: Characters (4 reviews)
Etrian Odyssey Nexus,Strongest aspect: Gameplay (100.0% positive)
Etrian Odyssey Nexus,Most criticized aspect: Gameplay (0.0% negative)
Etrian Odyssey Nexus,Common positive theme: Etrian Odyssey Nexus
Etrian Odyssey V: Beyond the Myth,Most discussed aspect: Gameplay (13 reviews)
Etrian Odyssey V: Beyond the Myth,Strongest aspect: Level Design (100.0% positive)
Etrian Odyssey V: Beyond the Myth,Most criticized aspect: Gameplay (0.0% negative)
Etrian Odyssey V: Beyond the Myth,Common positive theme: Etrian Odyssey
Euro Truck Simulator 2 - Beyond the Baltic Sea,Most discussed aspect: Level Design (2 reviews)
Euro Truck Simulator 2 - Beyond the Baltic Sea,Strongest aspect: Level Design (100.0% positive)
Euro Truck Simulator 2 - Beyond the Baltic Sea,Most criticized aspect: Level Design (0.0% negative)
Euro Truck Simulator 2 - Beyond the Baltic Sea,Common positive theme: countries featured
Euro Truck Simulator 2 - Road to the Black Sea,Most discussed aspect: Level Design (1 reviews)
Euro Truck Simulator 2 - Road to the Black Sea,Strongest aspect: Level Design (100.0% positive)
Euro Truck Simulator 2 - Road to the Black Sea,Most criticized aspect: Level Design (0.0% negative)
Euro Truck Simulator 2 - Road to the Black Sea,Common positive theme: Euro Truck Simulator
Europa Universalis V,Most discussed aspect: Gameplay (4 reviews)
Europa Universalis V,Strongest aspect: Gameplay (100.0% positive)
Europa Universalis V,Most criticized aspect: Gameplay (0.0% negative)
Europa Universalis V,Common positive theme: Europa Universalis
Ever 17: The Out of Infinity,Most discussed aspect: Graphics (10 reviews)
Ever 17: The Out of Infinity,Strongest aspect: Characters (100.0% positive)
Ever 17: The Out of Infinity,Most criticized aspect: Story (0.0% negative)
Ever 17: The Out of Infinity,Common positive theme: Infinity
Everhood,Most discussed aspect: Story (12 reviews)
Everhood,Strongest aspect: Gameplay (70.0% positive)
Everhood,Most criticized aspect: Gameplay (0.0% negative)
Everhood,Common positive theme: Everhood
Everspace,Most discussed aspect: Gameplay (15 reviews)
Everspace,Strongest aspect: Story (100.0% positive)
Everspace,Most criticized aspect: Gameplay (0.0% negative)
Everspace,Common positive theme: Everspace
Exo One,Most discussed aspect: Story (8 reviews)
Exo One,Strongest aspect: Level Design (100.0% positive)
Exo One,Most criticized aspect: Gameplay (0.0% negative)
Exo One,Common positive theme: Exo
Expeditions: Rome,Most discussed aspect: Gameplay (13 reviews)
Expeditions: Rome,Strongest aspect: Story (100.0% positive)
Expeditions: Rome,Most criticized aspect: Gameplay (0.0% negative)
Expeditions: Rome,Common positive theme: Rome
Expelled!,Most discussed aspect: Story (16 reviews)
Expelled!,Strongest aspect: Graphics (100.0% positive)
Expelled!,Most criticized aspect: Gameplay (0.0% negative)
Expelled!,Common positive theme: Expelled
Eyes in the Dark,Most discussed aspect: Gameplay (2 reviews)
Eyes in the Dark,Strongest aspect: Difficulty (50.0% positive)
Eyes in the Dark,Most criticized aspect: Gameplay (0.0% negative)
Eyes in the Dark,Common positive theme: Victoria Bloom
F-Zero 99,Most discussed aspect: Replayability (4 reviews)
F-Zero 99,Strongest aspect: Graphics (100.0% positive)
F-Zero 99,Most criticized aspect: Graphics (0.0% negative)
F-Zero 99,Common positive theme: original SNES debut
F.I.S.T.: Forged In Shadow Torch,Most discussed aspect: Gameplay (47 reviews)
F.I.S.T.: Forged In Shadow Torch,Strongest aspect: Replayability (100.0% positive)
F.I.S.T.: Forged In Shadow Torch,Most criticized aspect: Gameplay (0.0% negative)
F.I.S.T.: Forged In Shadow Torch,Common positive theme: Forged in Shadow
F1 2016,Most discussed aspect: Graphics (5 reviews)
F1 2016,Strongest aspect: Gameplay (100.0% positive)
F1 2016,Most criticized aspect: Gameplay (0.0% negative)
F1 2016,Common positive theme: Career Mode
F1 2017,Most discussed aspect: Replayability (8 reviews)
F1 2017,Strongest aspect: Graphics (100.0% positive)
F1 2017,Most criticized aspect: Gameplay (0.0% negative)
F1 2017,Common positive theme: career mode
F1 2018,Most discussed aspect: Gameplay (8 reviews)
F1 2018,Strongest aspect: Gameplay (100.0% positive)
F1 2018,Most criticized aspect: Gameplay (0.0% negative)
F1 2018,Common positive theme: racing
F1 2019,Most discussed aspect: Gameplay (6 reviews)
F1 2019,Strongest aspect: Story (100.0% positive)
F1 2019,Most criticized aspect: Gameplay (0.0% negative)
F1 2019,Common positive theme: game
F1 2020,Most discussed aspect: Gameplay (9 reviews)
F1 2020,Strongest aspect: Gameplay (100.0% positive)
F1 2020,Most criticized aspect: Gameplay (0.0% negative)
F1 2020,Common positive theme: Team mode
F1 2021,Most discussed aspect: Story (28 reviews)
F1 2021,Strongest aspect: Level Design (100.0% positive)
F1 2021,Most criticized aspect: Gameplay (0.0% negative)
F1 2021,Common positive theme: Braking Point
F1 22,Most discussed aspect: Gameplay (13 reviews)
F1 22,Strongest aspect: Level Design (100.0% positive)
F1 22,Most criticized aspect: Gameplay (0.0% negative)
F1 22,Common positive theme: game
F1 23,Most discussed aspect: Story (18 reviews)
F1 23,Strongest aspect: Graphics (100.0% positive)
F1 23,Most criticized aspect: Gameplay (0.0% negative)
F1 23,Common positive theme: Braking Point
F1 25,Most discussed aspect: Graphics (11 reviews)
F1 25,Strongest aspect: Characters (100.0% positive)
F1 25,Most criticized aspect: Gameplay (0.0% negative)
F1 25,Common positive theme: Braking Point
FAITH: The Unholy Trinity,Most discussed aspect: Story (3 reviews)
FAITH: The Unholy Trinity,Strongest aspect: Gameplay (100.0% positive)
FAITH: The Unholy Trinity,Most criticized aspect: Gameplay (0.0% negative)
FAITH: The Unholy Trinity,Common positive theme: Unholy Trinity
FANTASIAN Neo Dimension,Most discussed aspect: Gameplay (34 reviews)
FANTASIAN Neo Dimension,Strongest aspect: Performance (100.0% positive)
FANTASIAN Neo Dimension,Most criticized aspect: Graphics (8.3% negative)
FANTASIAN Neo Dimension,Common positive theme: Fantasian Neo Dimension
FANTASIAN Neo Dimension,Common negative theme: unexpected design missteps
FAST Racing Neo,Most discussed aspect: Difficulty (6 reviews)
FAST Racing Neo,Strongest aspect: Gameplay (100.0% positive)
FAST Racing Neo,Most criticized aspect: Gameplay (0.0% negative)
FAST Racing Neo,Common positive theme: Fast Racing Neo
FIFA 14,Most discussed aspect: Gameplay (8 reviews)
FIFA 14,Strongest aspect: Graphics (100.0% positive)
FIFA 14,Most criticized aspect: Gameplay (0.0% negative)
FIFA 14,Common positive theme: FIFA
FIFA 15,Most discussed aspect: Gameplay (12 reviews)
FIFA 15,Strongest aspect: Level Design (100.0% positive)
FIFA 15,Most criticized aspect: Gameplay (0.0% negative)
FIFA 15,Common positive theme: FIFA
FIFA 16,Most discussed aspect: Gameplay (14 reviews)
FIFA 16,Strongest aspect: Story (100.0% positive)
FIFA 16,Most criticized aspect: Gameplay (0.0% negative)
FIFA 16,Common positive theme: FIFA
FIFA 17,Most discussed aspect: Gameplay (33 reviews)
FIFA 17,Strongest aspect: Characters (100.0% positive)
FIFA 17,Most criticized aspect: Gameplay (0.0% negative)
FIFA 17,Common positive theme: FIFA
FIFA 17,Common negative theme: board the game
FIFA 18,Most discussed aspect: Gameplay (30 reviews)
FIFA 18,Strongest aspect: Graphics (100.0% positive)
FIFA 18,Most criticized aspect: Gameplay (0.0% negative)
FIFA 18,Common positive theme: FIFA
FIFA 19,Most discussed aspect: Gameplay (32 reviews)
FIFA 19,Strongest aspect: Graphics (100.0% positive)
FIFA 19,Most criticized aspect: Gameplay (6.2% negative)
FIFA 19,Common positive theme: FIFA
FIFA 19,Common negative theme: Switch version feels
FILMECHANISM,Most discussed aspect: Gameplay (1 reviews)
FILMECHANISM,Strongest aspect: Gameplay (100.0% positive)
FILMECHANISM,Most criticized aspect: Gameplay (0.0% negative)
FILMECHANISM,Common positive theme: actual narrative
FRU,Most discussed aspect: Gameplay (5 reviews)
FRU,Strongest aspect: Gameplay (100.0% positive)
FRU,Most criticized aspect: Gameplay (0.0% negative)
FRU,Common positive theme: Kinect
Factorio,Most discussed aspect: Gameplay (5 reviews)
Factorio,Strongest aspect: Graphics (100.0% positive)
Factorio,Most criticized aspect: Gameplay (0.0% negative)
Factorio,Common positive theme: Factorio
Fading Afternoon,Most discussed aspect: Gameplay (5 reviews)
Fading Afternoon,Strongest aspect: Music & Sound (100.0% positive)
Fading Afternoon,Most criticized aspect: Gameplay (0.0% negative)
Fading Afternoon,Common positive theme: Technos' decades-old Kunio-kun
Fall Guys: Ultimate Knockout,Most discussed aspect: Difficulty (18 reviews)
Fall Guys: Ultimate Knockout,Strongest aspect: Music & Sound (100.0% positive)
Fall Guys: Ultimate Knockout,Most criticized aspect: Gameplay (0.0% negative)
Fall Guys: Ultimate Knockout,Common positive theme: Fall Guys
Fallout 4,Most discussed aspect: Gameplay (28 reviews)
Fallout 4,Strongest aspect: Replayability (93.3% positive)
Fallout 4,Most criticized aspect: Performance (3.7% negative)
Fallout 4,Common positive theme: Fallout
Fallout 4,Common negative theme: Anniversary Edition
Fallout 4 VR,Most discussed aspect: Gameplay (4 reviews)
Fallout 4 VR,Strongest aspect: Gameplay (100.0% positive)
Fallout 4 VR,Most criticized aspect: Gameplay (0.0% negative)
Fallout 4 VR,Common positive theme: Vive hand-tracked Touch
Fantasia: Music Evolved,Most discussed aspect: Music & Sound (34 reviews)
Fantasia: Music Evolved,Strongest aspect: Story (100.0% positive)
Fantasia: Music Evolved,Most criticized aspect: Gameplay (0.0% negative)
Fantasia: Music Evolved,Common positive theme: Music Evolved
Fantasy Life i: The Girl Who Steals Time,Most discussed aspect: Level Design (16 reviews)
Fantasy Life i: The Girl Who Steals Time,Strongest aspect: Gameplay (100.0% positive)
Fantasy Life i: The Girl Who Steals Time,Most criticized aspect: Gameplay (0.0% negative)
Fantasy Life i: The Girl Who Steals Time,Common positive theme: Fantasy Life
Far Cry 4,Most discussed aspect: Gameplay (24 reviews)
Far Cry 4,Strongest aspect: Characters (100.0% positive)
Far Cry 4,Most criticized aspect: Gameplay (0.0% negative)
Far Cry 4,Common positive theme: Cry
Far Cry 5,Most discussed aspect: Story (53 reviews)
Far Cry 5,Strongest aspect: Graphics (100.0% positive)
Far Cry 5,Most criticized aspect: Gameplay (0.0% negative)
Far Cry 5,Common positive theme: Cry
Far From Noise,Most discussed aspect: Story (7 reviews)
Far From Noise,Strongest aspect: Replayability (100.0% positive)
Far From Noise,Most criticized aspect: Music & Sound (100.0% negative)
Far From Noise,Common positive theme: Noise
Far From Noise,Common negative theme: narrative experience told
Farewell North,Most discussed aspect: Story (6 reviews)
Farewell North,Strongest aspect: Gameplay (100.0% positive)
Farewell North,Most criticized aspect: Gameplay (0.0% negative)
Farewell North,Common positive theme: Farewell North
Farthest Frontier,Most discussed aspect: Gameplay (4 reviews)
Farthest Frontier,Strongest aspect: Graphics (100.0% positive)
Farthest Frontier,Most criticized aspect: Gameplay (0.0% negative)
Farthest Frontier,Common positive theme: tough challenges balanced
Fast Fusion,Most discussed aspect: Gameplay (8 reviews)
Fast Fusion,Strongest aspect: Level Design (100.0% positive)
Fast Fusion,Most criticized aspect: Gameplay (0.0% negative)
Fast Fusion,Common positive theme: Fast Fusion
Fatal Fury: City of the Wolves,Most discussed aspect: Gameplay (41 reviews)
Fatal Fury: City of the Wolves,Strongest aspect: Performance (100.0% positive)
Fatal Fury: City of the Wolves,Most criticized aspect: Gameplay (0.0% negative)
Fatal Fury: City of the Wolves,Common positive theme: Fatal Fury
Fate/Samurai Remnant,Most discussed aspect: Story (39 reviews)
Fate/Samurai Remnant,Strongest aspect: Graphics (100.0% positive)
Fate/Samurai Remnant,Most criticized aspect: Gameplay (0.0% negative)
Fate/Samurai Remnant,Common positive theme: Samurai Remnant
Fate/Stay Night Remastered,Most discussed aspect: Graphics (10 reviews)
Fate/Stay Night Remastered,Strongest aspect: Gameplay (100.0% positive)
Fate/Stay Night Remastered,Most criticized aspect: Gameplay (0.0% negative)
Fate/Stay Night Remastered,Common positive theme: stay night REMASTERED
Fear The Spotlight,Most discussed aspect: Story (23 reviews)
Fear The Spotlight,Strongest aspect: Level Design (100.0% positive)
Fear The Spotlight,Most criticized aspect: Gameplay (0.0% negative)
Fear The Spotlight,Common positive theme: Fear the Spotlight
Fell Seal: Arbiter's Mark,Most discussed aspect: Story (14 reviews)
Fell Seal: Arbiter's Mark,Strongest aspect: Graphics (100.0% positive)
Fell Seal: Arbiter's Mark,Most criticized aspect: Gameplay (0.0% negative)
Fell Seal: Arbiter's Mark,Common positive theme: Fell Seal
Fez,Most discussed aspect: Gameplay (12 reviews)
Fez,Strongest aspect: Story (100.0% positive)
Fez,Most criticized aspect: Gameplay (0.0% negative)
Fez,Common positive theme: Fez
Field of Glory II,Most discussed aspect: Performance (1 reviews)
Field of Glory II,Strongest aspect: Performance (100.0% positive)
Field of Glory II,Most criticized aspect: Performance (0.0% negative)
Field of Glory II,Common positive theme: Field of Glory
Fight'N Rage,Most discussed aspect: Gameplay (10 reviews)
Fight'N Rage,Strongest aspect: Characters (100.0% positive)
Fight'N Rage,Most criticized aspect: Gameplay (0.0% negative)
Fight'N Rage,Common positive theme: Fight'N Rage
Fights in Tight Spaces,Most discussed aspect: Gameplay (8 reviews)
Fights in Tight Spaces,Strongest aspect: Gameplay (100.0% positive)
Fights in Tight Spaces,Most criticized aspect: Gameplay (0.0% negative)
Fights in Tight Spaces,Common positive theme: Tight Spaces
Filament,Most discussed aspect: Difficulty (8 reviews)
Filament,Strongest aspect: Difficulty (62.5% positive)
Filament,Most criticized aspect: Gameplay (0.0% negative)
Filament,Common positive theme: brand-new puzzle challenge
Final Fantasy II Pixel Remaster,Most discussed aspect: Replayability (7 reviews)
Final Fantasy II Pixel Remaster,Strongest aspect: Story (100.0% positive)
Final Fantasy II Pixel Remaster,Most criticized aspect: Gameplay (0.0% negative)
Final Fantasy II Pixel Remaster,Common positive theme: Final Fantasy Pixel
Final Fantasy III Pixel Remaster,Most discussed aspect: Replayability (6 reviews)
Final Fantasy III Pixel Remaster,Strongest aspect: Story (100.0% positive)
Final Fantasy III Pixel Remaster,Most criticized aspect: Gameplay (0.0% negative)
Final Fantasy III Pixel Remaster,Common positive theme: Final Fantasy Pixel
Final Fantasy IV Pixel Remaster,Most discussed aspect: Gameplay (6 reviews)
Final Fantasy IV Pixel Remaster,Strongest aspect: Gameplay (100.0% positive)
Final Fantasy IV Pixel Remaster,Most criticized aspect: Gameplay (0.0% negative)
Final Fantasy IV Pixel Remaster,Common positive theme: Final Fantasy Pixel
Final Fantasy IX,Most discussed aspect: Story (7 reviews)
Final Fantasy IX,Strongest aspect: Gameplay (100.0% positive)
Final Fantasy IX,Most criticized aspect: Gameplay (0.0% negative)
Final Fantasy IX,Common positive theme: Final Fantasy
Final Fantasy IX (Steam),Most discussed aspect: Story (3 reviews)
Final Fantasy IX (Steam),Strongest aspect: Gameplay (100.0% positive)
Final Fantasy IX (Steam),Most criticized aspect: Gameplay (0.0% negative)
Final Fantasy IX (Steam),Common positive theme: Final Fantasy
Final Fantasy Pixel Remaster,Most discussed aspect: Music & Sound (11 reviews)
Final Fantasy Pixel Remaster,Strongest aspect: Gameplay (100.0% positive)
Final Fantasy Pixel Remaster,Most criticized aspect: Gameplay (0.0% negative)
Final Fantasy Pixel Remaster,Common positive theme: Final Fantasy Pixel
Final Fantasy Tactics - The Ivalice Chronicles,Most discussed aspect: Story (40 reviews)
Final Fantasy Tactics - The Ivalice Chronicles,Strongest aspect: Level Design (100.0% positive)
Final Fantasy Tactics - The Ivalice Chronicles,Most criticized aspect: Gameplay (0.0% negative)
Final Fantasy Tactics - The Ivalice Chronicles,Common positive theme: Final Fantasy Tactics
Final Fantasy V Pixel Remaster,Most discussed aspect: Gameplay (6 reviews)
Final Fantasy V Pixel Remaster,Strongest aspect: Graphics (100.0% positive)
Final Fantasy V Pixel Remaster,Most criticized aspect: Gameplay (0.0% negative)
Final Fantasy V Pixel Remaster,Common positive theme: Final Fantasy Pixel
Final Fantasy VI Pixel Remaster,Most discussed aspect: Gameplay (5 reviews)
Final Fantasy VI Pixel Remaster,Strongest aspect: Gameplay (100.0% positive)
Final Fantasy VI Pixel Remaster,Most criticized aspect: Gameplay (0.0% negative)
Final Fantasy VI Pixel Remaster,Common positive theme: Final Fantasy Pixel
Final Fantasy VII,Most discussed aspect: Story (3 reviews)
Final Fantasy VII,Strongest aspect: Gameplay (100.0% positive)
Final Fantasy VII,Most criticized aspect: Gameplay (0.0% negative)
Final Fantasy VII,Common positive theme: Final Fantasy VII
Final Fantasy VII Rebirth,Most discussed aspect: Story (84 reviews)
Final Fantasy VII Rebirth,Strongest aspect: Level Design (100.0% positive)
Final Fantasy VII Rebirth,Most criticized aspect: Gameplay (0.0% negative)
Final Fantasy VII Rebirth,Common positive theme: FANTASY VII REBIRTH
Final Fantasy VII Remake,Most discussed aspect: Story (52 reviews)
Final Fantasy VII Remake,Strongest aspect: Replayability (100.0% positive)
Final Fantasy VII Remake,Most criticized aspect: Level Design (14.3% negative)
Final Fantasy VII Remake,Common positive theme: Fantasy VII Remake
Final Fantasy VII Remake,Common negative theme: Mediocre world design
Final Fantasy VII Remake Intergrade,Most discussed aspect: Story (46 reviews)
Final Fantasy VII Remake Intergrade,Strongest aspect: Level Design (100.0% positive)
Final Fantasy VII Remake Intergrade,Most criticized aspect: Gameplay (0.0% negative)
Final Fantasy VII Remake Intergrade,Common positive theme: Fantasy VII Remake
Final Fantasy VIII Remastered,Most discussed aspect: Story (15 reviews)
Final Fantasy VIII Remastered,Strongest aspect: Level Design (100.0% positive)
Final Fantasy VIII Remastered,Most criticized aspect: Gameplay (0.0% negative)
Final Fantasy VIII Remastered,Common positive theme: Final Fantasy VIII
Final Fantasy X / X-2 HD Remaster,Most discussed aspect: Graphics (9 reviews)
Final Fantasy X / X-2 HD Remaster,Strongest aspect: Performance (100.0% positive)
Final Fantasy X / X-2 HD Remaster,Most criticized aspect: Gameplay (0.0% negative)
Final Fantasy X / X-2 HD Remaster,Common positive theme: Final Fantasy
Final Fantasy XII: The Zodiac Age,Most discussed aspect: Gameplay (32 reviews)
Final Fantasy XII: The Zodiac Age,Strongest aspect: Level Design (100.0% positive)
Final Fantasy XII: The Zodiac Age,Most criticized aspect: Gameplay (0.0% negative)
Final Fantasy XII: The Zodiac Age,Common positive theme: Final Fantasy XII
Final Fantasy XIV Online: A Realm Reborn,Most discussed aspect: Replayability (6 reviews)
Final Fantasy XIV Online: A Realm Reborn,Strongest aspect: Gameplay (100.0% positive)
Final Fantasy XIV Online: A Realm Reborn,Most criticized aspect: Gameplay (0.0% negative)
Final Fantasy XIV Online: A Realm Reborn,Common positive theme: Final Fantasy XIV
Final Fantasy XIV: Dawntrail,Most discussed aspect: Story (29 reviews)
Final Fantasy XIV: Dawntrail,Strongest aspect: Graphics (100.0% positive)
Final Fantasy XIV: Dawntrail,Most criticized aspect: Gameplay (0.0% negative)
Final Fantasy XIV: Dawntrail,Common positive theme: Final Fantasy XIV
Final Fantasy XIV: Endwalker,Most discussed aspect: Story (29 reviews)
Final Fantasy XIV: Endwalker,Strongest aspect: Gameplay (100.0% positive)
Final Fantasy XIV: Endwalker,Most criticized aspect: Gameplay (0.0% negative)
Final Fantasy XIV: Endwalker,Common positive theme: Final Fantasy XIV
Final Fantasy XIV: Heavensward,Most discussed aspect: Story (8 reviews)
Final Fantasy XIV: Heavensward,Strongest aspect: Level Design (100.0% positive)
Final Fantasy XIV: Heavensward,Most criticized aspect: Gameplay (0.0% negative)
Final Fantasy XIV: Heavensward,Common positive theme: Final Fantasy XIV
Final Fantasy XIV: Shadowbringers,Most discussed aspect: Story (25 reviews)
Final Fantasy XIV: Shadowbringers,Strongest aspect: Gameplay (100.0% positive)
Final Fantasy XIV: Shadowbringers,Most criticized aspect: Gameplay (0.0% negative)
Final Fantasy XIV: Shadowbringers,Common positive theme: Final Fantasy XIV
Final Fantasy XIV: Stormblood,Most discussed aspect: Story (13 reviews)
Final Fantasy XIV: Stormblood,Strongest aspect: Gameplay (100.0% positive)
Final Fantasy XIV: Stormblood,Most criticized aspect: Gameplay (0.0% negative)
Final Fantasy XIV: Stormblood,Common positive theme: Final Fantasy XIV
Final Fantasy XV,Most discussed aspect: Gameplay (43 reviews)
Final Fantasy XV,Strongest aspect: Replayability (80.0% positive)
Final Fantasy XV,Most criticized aspect: Performance (50.0% negative)
Final Fantasy XV,Common positive theme: Final Fantasy
Final Fantasy XV,Common negative theme: Final Fantasy
Final Fantasy XV: Windows Edition,Most discussed aspect: Story (4 reviews)
Final Fantasy XV: Windows Edition,Strongest aspect: Gameplay (100.0% positive)
Final Fantasy XV: Windows Edition,Most criticized aspect: Gameplay (0.0% negative)
Final Fantasy XV: Windows Edition,Common positive theme: Final Fantasy
Final Fantasy XVI,Most discussed aspect: Story (108 reviews)
Final Fantasy XVI,Strongest aspect: Music & Sound (100.0% positive)
Final Fantasy XVI,Most criticized aspect: Difficulty (5.3% negative)
Final Fantasy XVI,Common positive theme: Final Fantasy XVI
Final Fantasy XVI,Common negative theme: tremendously disappointing JRPG
Find Your Words,Most discussed aspect: Difficulty (1 reviews)
Find Your Words,Strongest aspect: Difficulty (100.0% positive)
Find Your Words,Most criticized aspect: Difficulty (0.0% negative)
Find Your Words,Common positive theme: Find Your Words
Finding Paradise,Most discussed aspect: Story (11 reviews)
Finding Paradise,Strongest aspect: Gameplay (100.0% positive)
Finding Paradise,Most criticized aspect: Gameplay (0.0% negative)
Finding Paradise,Common positive theme: Finding Paradise
Fire Emblem Echoes: Shadows of Valentia,Most discussed aspect: Gameplay (24 reviews)
Fire Emblem Echoes: Shadows of Valentia,Strongest aspect: Gameplay (79.2% positive)
Fire Emblem Echoes: Shadows of Valentia,Most criticized aspect: Level Design (33.3% negative)
Fire Emblem Echoes: Shadows of Valentia,Common positive theme: Fire Emblem Echoes
Fire Emblem Echoes: Shadows of Valentia,Common negative theme: Fire Emblem Echoes
Fire Emblem Engage,Most discussed aspect: Gameplay (75 reviews)
Fire Emblem Engage,Strongest aspect: Level Design (83.3% positive)
Fire Emblem Engage,Most criticized aspect: Gameplay (0.0% negative)
Fire Emblem Engage,Common positive theme: Fire Emblem Engage
Fire Emblem Fates: Birthright,Most discussed aspect: Story (21 reviews)
Fire Emblem Fates: Birthright,Strongest aspect: Characters (87.5% positive)
Fire Emblem Fates: Birthright,Most criticized aspect: Level Design (50.0% negative)
Fire Emblem Fates: Birthright,Common positive theme: Fire Emblem Fates
Fire Emblem Fates: Birthright,Common negative theme: Fire Emblem game
Fire Emblem Fates: Conquest,Most discussed aspect: Story (20 reviews)
Fire Emblem Fates: Conquest,Strongest aspect: Graphics (100.0% positive)
Fire Emblem Fates: Conquest,Most criticized aspect: Gameplay (5.6% negative)
Fire Emblem Fates: Conquest,Common positive theme: Fire Emblem Fates
Fire Emblem Fates: Conquest,Common negative theme: Fire Emblem game
Fire Emblem Fates: Revelation,Most discussed aspect: Story (8 reviews)
Fire Emblem Fates: Revelation,Strongest aspect: Gameplay (100.0% positive)
Fire Emblem Fates: Revelation,Most criticized aspect: Gameplay (0.0% negative)
Fire Emblem Fates: Revelation,Common positive theme: Fire Emblem Fates
Fire Emblem Warriors: Three Hopes,Most discussed aspect: Gameplay (39 reviews)
Fire Emblem Warriors: Three Hopes,Strongest aspect: Level Design (100.0% positive)
Fire Emblem Warriors: Three Hopes,Most criticized aspect: Gameplay (0.0% negative)
Fire Emblem Warriors: Three Hopes,Common positive theme: Fire Emblem Warriors
Fire Emblem: Three Houses,Most discussed aspect: Gameplay (38 reviews)
Fire Emblem: Three Houses,Strongest aspect: Graphics (100.0% positive)
Fire Emblem: Three Houses,Most criticized aspect: Gameplay (0.0% negative)
Fire Emblem: Three Houses,Common positive theme: Fire Emblem
Fire Pro Wrestling World,Most discussed aspect: Gameplay (10 reviews)
Fire Pro Wrestling World,Strongest aspect: Graphics (100.0% positive)
Fire Pro Wrestling World,Most criticized aspect: Gameplay (0.0% negative)
Fire Pro Wrestling World,Common positive theme: Pro Wrestling World
Firewatch,Most discussed aspect: Story (59 reviews)
Firewatch,Strongest aspect: Graphics (100.0% positive)
Firewatch,Most criticized aspect: Story (1.7% negative)
Firewatch,Common positive theme: Firewatch
Firewatch,Common negative theme: video game history
Five Nights at Freddy's: Into the Pit,Most discussed aspect: Gameplay (11 reviews)
Five Nights at Freddy's: Into the Pit,Strongest aspect: Difficulty (100.0% positive)
Five Nights at Freddy's: Into the Pit,Most criticized aspect: Gameplay (0.0% negative)
Five Nights at Freddy's: Into the Pit,Common positive theme: Nights at Freddy
Floppy Knights,Most discussed aspect: Characters (3 reviews)
Floppy Knights,Strongest aspect: Characters (100.0% positive)
Floppy Knights,Most criticized aspect: Gameplay (0.0% negative)
Floppy Knights,Common positive theme: Floppy Knights
Florence,Most discussed aspect: Story (10 reviews)
Florence,Strongest aspect: Gameplay (100.0% positive)
Florence,Most criticized aspect: Gameplay (0.0% negative)
Florence,Common positive theme: Florence
Football Manager 2016,Most discussed aspect: Gameplay (1 reviews)
Football Manager 2016,Strongest aspect: Gameplay (100.0% positive)
Football Manager 2016,Most criticized aspect: Gameplay (0.0% negative)
Football Manager 2016,Common positive theme: Football Manager
Football Manager 2017,Most discussed aspect: Graphics (1 reviews)
Football Manager 2017,Strongest aspect: Graphics (100.0% positive)
Football Manager 2017,Most criticized aspect: Graphics (0.0% negative)
Football Manager 2017,Common positive theme: Football Manager
Football Manager 2018,Most discussed aspect: Gameplay (1 reviews)
Football Manager 2018,Strongest aspect: Gameplay (100.0% positive)
Football Manager 2018,Most criticized aspect: Gameplay (0.0% negative)
Football Manager 2018,Common positive theme: Football Manager
Football Manager 2019,Most discussed aspect: Difficulty (3 reviews)
Football Manager 2019,Strongest aspect: Gameplay (100.0% positive)
Football Manager 2019,Most criticized aspect: Gameplay (0.0% negative)
Football Manager 2019,Common positive theme: Football Manager
Football Manager 2020,Most discussed aspect: Gameplay (2 reviews)
Football Manager 2020,Strongest aspect: Gameplay (100.0% positive)
Football Manager 2020,Most criticized aspect: Gameplay (0.0% negative)
Football Manager 2020,Common positive theme: Football Manager
Football Manager 2021,Most discussed aspect: Difficulty (4 reviews)
Football Manager 2021,Strongest aspect: Gameplay (100.0% positive)
Football Manager 2021,Most criticized aspect: Gameplay (0.0% negative)
Football Manager 2021,Common positive theme: Football Manager
Football Manager 2022,Most discussed aspect: Gameplay (3 reviews)
Football Manager 2022,Strongest aspect: Gameplay (100.0% positive)
Football Manager 2022,Most criticized aspect: Gameplay (0.0% negative)
Football Manager 2022,Common positive theme: Football Manager
Football Manager 2023,Most discussed aspect: Graphics (2 reviews)
Football Manager 2023,Strongest aspect: Gameplay (100.0% positive)
Football Manager 2023,Most criticized aspect: Gameplay (0.0% negative)
Football Manager 2023,Common positive theme: Football Manager
Football Manager 2024,Most discussed aspect: Gameplay (6 reviews)
Football Manager 2024,Strongest aspect: Level Design (100.0% positive)
Football Manager 2024,Most criticized aspect: Difficulty (33.3% negative)
Football Manager 2024,Common positive theme: Football Manager
Football Manager 2024,Common negative theme: Football Manager
Forbidden Solitaire,Most discussed aspect: Story (2 reviews)
Forbidden Solitaire,Strongest aspect: Gameplay (100.0% positive)
Forbidden Solitaire,Most criticized aspect: Gameplay (0.0% negative)
Forbidden Solitaire,Common positive theme: Forbidden Solitaire
ForeVR Bowl,Most discussed aspect: Difficulty (3 reviews)
ForeVR Bowl,Strongest aspect: Gameplay (100.0% positive)
ForeVR Bowl,Most criticized aspect: Gameplay (0.0% negative)
ForeVR Bowl,Common positive theme: ForeVR Bowl
Fortnite: Battle Royale,Most discussed aspect: Gameplay (3 reviews)
Fortnite: Battle Royale,Strongest aspect: Gameplay (100.0% positive)
Fortnite: Battle Royale,Most criticized aspect: Gameplay (0.0% negative)
Fortnite: Battle Royale,Common positive theme: Battle Royale
Forza Horizon 2,Most discussed aspect: Graphics (7 reviews)
Forza Horizon 2,Strongest aspect: Characters (100.0% positive)
Forza Horizon 2,Most criticized aspect: Gameplay (0.0% negative)
Forza Horizon 2,Common positive theme: Forza Horizon
Forza Horizon 2: Storm Island,Most discussed aspect: Replayability (5 reviews)
Forza Horizon 2: Storm Island,Strongest aspect: Graphics (100.0% positive)
Forza Horizon 2: Storm Island,Most criticized aspect: Gameplay (0.0% negative)
Forza Horizon 2: Storm Island,Common positive theme: Storm Island
Forza Horizon 3,Most discussed aspect: Graphics (11 reviews)
Forza Horizon 3,Strongest aspect: Music & Sound (100.0% positive)
Forza Horizon 3,Most criticized aspect: Gameplay (0.0% negative)
Forza Horizon 3,Common positive theme: Forza Horizon
Forza Horizon 3 - Blizzard Mountain,Most discussed aspect: Level Design (3 reviews)
Forza Horizon 3 - Blizzard Mountain,Strongest aspect: Level Design (100.0% positive)
Forza Horizon 3 - Blizzard Mountain,Most criticized aspect: Level Design (0.0% negative)
Forza Horizon 3 - Blizzard Mountain,Common positive theme: Forza Horizon
Forza Horizon 3 - Hot Wheels Expansion,Most discussed aspect: Replayability (3 reviews)
Forza Horizon 3 - Hot Wheels Expansion,Strongest aspect: Gameplay (100.0% positive)
Forza Horizon 3 - Hot Wheels Expansion,Most criticized aspect: Gameplay (0.0% negative)
Forza Horizon 3 - Hot Wheels Expansion,Common positive theme: Hot Wheels expansion
Forza Horizon 4,Most discussed aspect: Gameplay (16 reviews)
Forza Horizon 4,Strongest aspect: Gameplay (100.0% positive)
Forza Horizon 4,Most criticized aspect: Gameplay (0.0% negative)
Forza Horizon 4,Common positive theme: Forza Horizon
Forza Horizon 4 - LEGO Speed Champions,Most discussed aspect: Replayability (3 reviews)
Forza Horizon 4 - LEGO Speed Champions,Strongest aspect: Replayability (33.3% positive)
Forza Horizon 4 - LEGO Speed Champions,Most criticized aspect: Graphics (0.0% negative)
Forza Horizon 4 - LEGO Speed Champions,Common positive theme: LEGO Speed Champions
Forza Horizon 4: Fortune Island,Most discussed aspect: Replayability (4 reviews)
Forza Horizon 4: Fortune Island,Strongest aspect: Replayability (25.0% positive)
Forza Horizon 4: Fortune Island,Most criticized aspect: Gameplay (0.0% negative)
Forza Horizon 4: Fortune Island,Common positive theme: Forza Horizon
Forza Horizon 5,Most discussed aspect: Gameplay (23 reviews)
Forza Horizon 5,Strongest aspect: Gameplay (100.0% positive)
Forza Horizon 5,Most criticized aspect: Gameplay (0.0% negative)
Forza Horizon 5,Common positive theme: Forza Horizon
Forza Horizon 5: Hot Wheels,Most discussed aspect: Replayability (6 reviews)
Forza Horizon 5: Hot Wheels,Strongest aspect: Graphics (100.0% positive)
Forza Horizon 5: Hot Wheels,Most criticized aspect: Gameplay (0.0% negative)
Forza Horizon 5: Hot Wheels,Common positive theme: Hot Wheels
Forza Horizon 6,Most discussed aspect: Gameplay (18 reviews)
Forza Horizon 6,Strongest aspect: Story (100.0% positive)
Forza Horizon 6,Most criticized aspect: Gameplay (0.0% negative)
Forza Horizon 6,Common positive theme: Forza Horizon
Forza Motorsport,Most discussed aspect: Gameplay (23 reviews)
Forza Motorsport,Strongest aspect: Music & Sound (100.0% positive)
Forza Motorsport,Most criticized aspect: Gameplay (0.0% negative)
Forza Motorsport,Common positive theme: Forza Motorsport
Forza Motorsport 6,Most discussed aspect: Graphics (14 reviews)
Forza Motorsport 6,Strongest aspect: Gameplay (100.0% positive)
Forza Motorsport 6,Most criticized aspect: Gameplay (0.0% negative)
Forza Motorsport 6,Common positive theme: Forza Motorsport
Forza Motorsport 7,Most discussed aspect: Gameplay (18 reviews)
Forza Motorsport 7,Strongest aspect: Graphics (100.0% positive)
Forza Motorsport 7,Most criticized aspect: Gameplay (0.0% negative)
Forza Motorsport 7,Common positive theme: Forza Motorsport
Four Last Things,Most discussed aspect: Graphics (1 reviews)
Four Last Things,Strongest aspect: Graphics (0.0% positive)
Four Last Things,Most criticized aspect: Graphics (0.0% negative)
Four Last Things,Common positive theme: art history lesson
Freedom Planet,Most discussed aspect: Gameplay (10 reviews)
Freedom Planet,Strongest aspect: Graphics (100.0% positive)
Freedom Planet,Most criticized aspect: Gameplay (0.0% negative)
Freedom Planet,Common positive theme: Freedom Planet
Freedom Planet 2,Most discussed aspect: Gameplay (13 reviews)
Freedom Planet 2,Strongest aspect: Difficulty (100.0% positive)
Freedom Planet 2,Most criticized aspect: Gameplay (0.0% negative)
Freedom Planet 2,Common positive theme: Freedom Planet
Fresh Tracks,Most discussed aspect: Music & Sound (10 reviews)
Fresh Tracks,Strongest aspect: Story (100.0% positive)
Fresh Tracks,Most criticized aspect: Gameplay (0.0% negative)
Fresh Tracks,Common positive theme: Fresh Tracks
Freshly Frosted,Most discussed aspect: Difficulty (7 reviews)
Freshly Frosted,Strongest aspect: Gameplay (100.0% positive)
Freshly Frosted,Most criticized aspect: Gameplay (0.0% negative)
Freshly Frosted,Common positive theme: Freshly Frosted
Fretless - The Wrath of Riffson,Most discussed aspect: Gameplay (8 reviews)
Fretless - The Wrath of Riffson,Strongest aspect: Level Design (100.0% positive)
Fretless - The Wrath of Riffson,Most criticized aspect: Gameplay (0.0% negative)
Fretless - The Wrath of Riffson,Common positive theme: Wrath of Riffson
Frog Detective 2: The Case of the Invisible Wizard,Most discussed aspect: Graphics (1 reviews)
Frog Detective 2: The Case of the Invisible Wizard,Strongest aspect: Graphics (100.0% positive)
Frog Detective 2: The Case of the Invisible Wizard,Most criticized aspect: Graphics (0.0% negative)
Frog Detective 2: The Case of the Invisible Wizard,Common positive theme: Frog Detective
Frog Detective 3: Corruption at Cowboy County,Most discussed aspect: Characters (2 reviews)
Frog Detective 3: Corruption at Cowboy County,Strongest aspect: Story (100.0% positive)
Frog Detective 3: Corruption at Cowboy County,Most criticized aspect: Story (0.0% negative)
Frog Detective 3: Corruption at Cowboy County,Common positive theme: Frog Detective
Frostpunk,Most discussed aspect: Difficulty (28 reviews)
Frostpunk,Strongest aspect: Story (100.0% positive)
Frostpunk,Most criticized aspect: Gameplay (0.0% negative)
Frostpunk,Common positive theme: Frostpunk
Frostpunk 2,Most discussed aspect: Gameplay (29 reviews)
Frostpunk 2,Strongest aspect: Characters (100.0% positive)
Frostpunk 2,Most criticized aspect: Gameplay (0.0% negative)
Frostpunk 2,Common positive theme: Frostpunk
Frostpunk 2: Console Edition,Most discussed aspect: Gameplay (4 reviews)
Frostpunk 2: Console Edition,Strongest aspect: Story (100.0% positive)
Frostpunk 2: Console Edition,Most criticized aspect: Gameplay (0.0% negative)
Frostpunk 2: Console Edition,Common positive theme: Sony sleek console
Frostpunk: The Last Autumn,Most discussed aspect: Gameplay (5 reviews)
Frostpunk: The Last Autumn,Strongest aspect: Gameplay (100.0% positive)
Frostpunk: The Last Autumn,Most criticized aspect: Gameplay (0.0% negative)
Frostpunk: The Last Autumn,Common positive theme: Autumn
Frostpunk: The Last Autumn,Common negative theme: concept and setting
Fuga: Melodies of Steel,Most discussed aspect: Gameplay (14 reviews)
Fuga: Melodies of Steel,Strongest aspect: Graphics (100.0% positive)
Fuga: Melodies of Steel,Most criticized aspect: Gameplay (0.0% negative)
Fuga: Melodies of Steel,Common positive theme: Melodies of Steel
Fuga: Melodies of Steel 2,Most discussed aspect: Gameplay (11 reviews)
Fuga: Melodies of Steel 2,Strongest aspect: Gameplay (100.0% positive)
Fuga: Melodies of Steel 2,Most criticized aspect: Gameplay (0.0% negative)
Fuga: Melodies of Steel 2,Common positive theme: Melodies of Steel
Fuga: Melodies of Steel 3,Most discussed aspect: Gameplay (13 reviews)
Fuga: Melodies of Steel 3,Strongest aspect: Graphics (100.0% positive)
Fuga: Melodies of Steel 3,Most criticized aspect: Gameplay (0.0% negative)
Fuga: Melodies of Steel 3,Common positive theme: Melodies of Steel
Full Metal Furies,Most discussed aspect: Gameplay (9 reviews)
Full Metal Furies,Strongest aspect: Replayability (100.0% positive)
Full Metal Furies,Most criticized aspect: Level Design (100.0% negative)
Full Metal Furies,Common positive theme: Full Metal Furies
Full Metal Furies,Common negative theme: Full Metal Furies
Fuser,Most discussed aspect: Music & Sound (28 reviews)
Fuser,Strongest aspect: Level Design (100.0% positive)
Fuser,Most criticized aspect: Gameplay (0.0% negative)
Fuser,Common positive theme: Fuser
GRIME,Most discussed aspect: Gameplay (25 reviews)
GRIME,Strongest aspect: Characters (100.0% positive)
GRIME,Most criticized aspect: Gameplay (0.0% negative)
GRIME,Common positive theme: Grime
GRIS,Most discussed aspect: Gameplay (37 reviews)
GRIS,Strongest aspect: Characters (100.0% positive)
GRIS,Most criticized aspect: Gameplay (0.0% negative)
GRIS,Common positive theme: Gris
Gal Guardians: Servants of the Dark,Most discussed aspect: Gameplay (14 reviews)
Gal Guardians: Servants of the Dark,Strongest aspect: Difficulty (100.0% positive)
Gal Guardians: Servants of the Dark,Most criticized aspect: Gameplay (7.1% negative)
Gal Guardians: Servants of the Dark,Common positive theme: Gal Guardians
Gal Guardians: Servants of the Dark,Common negative theme: love Gal Guardians
Galactic Civilizations III,Most discussed aspect: Gameplay (2 reviews)
Galactic Civilizations III,Strongest aspect: Level Design (100.0% positive)
Galactic Civilizations III,Most criticized aspect: Gameplay (0.0% negative)
Galactic Civilizations III,Common positive theme: Galactic Civilizations III
Galactic Civilizations III: Crusade,Most discussed aspect: Performance (1 reviews)
Galactic Civilizations III: Crusade,Strongest aspect: Performance (0.0% positive)
Galactic Civilizations III: Crusade,Most criticized aspect: Performance (0.0% negative)
Galactic Civilizations III: Crusade,Common positive theme: Galactic Civilizations III
Galactic Civilizations III: Intrigue,Most discussed aspect: Story (1 reviews)
Galactic Civilizations III: Intrigue,Strongest aspect: Story (0.0% positive)
Galactic Civilizations III: Intrigue,Most criticized aspect: Story (0.0% negative)
Galactic Civilizations III: Intrigue,Common positive theme: make the game
Galacticare,Most discussed aspect: Gameplay (2 reviews)
Galacticare,Strongest aspect: Gameplay (100.0% positive)
Galacticare,Most criticized aspect: Gameplay (0.0% negative)
Galacticare,Common positive theme: hospital management sim
Gears 5,Most discussed aspect: Story (34 reviews)
Gears 5,Strongest aspect: Characters (92.9% positive)
Gears 5,Most criticized aspect: Level Design (12.5% negative)
Gears 5,Common positive theme: Gears
Gears 5,Common negative theme: Gears of War
Gears 5: Hivebusters,Most discussed aspect: Gameplay (8 reviews)
Gears 5: Hivebusters,Strongest aspect: Graphics (100.0% positive)
Gears 5: Hivebusters,Most criticized aspect: Gameplay (0.0% negative)
Gears 5: Hivebusters,Common positive theme: Hivebusters
Gears Tactics,Most discussed aspect: Gameplay (32 reviews)
Gears Tactics,Strongest aspect: Performance (100.0% positive)
Gears Tactics,Most criticized aspect: Characters (12.5% negative)
Gears Tactics,Common positive theme: Gears Tactics
Gears Tactics,Common negative theme: Gears Tactics
Gears of War 4,Most discussed aspect: Story (28 reviews)
Gears of War 4,Strongest aspect: Graphics (100.0% positive)
Gears of War 4,Most criticized aspect: Gameplay (0.0% negative)
Gears of War 4,Common positive theme: Gears of War
Gears of War: Reloaded,Most discussed aspect: Gameplay (25 reviews)
Gears of War: Reloaded,Strongest aspect: Characters (100.0% positive)
Gears of War: Reloaded,Most criticized aspect: Music & Sound (20.0% negative)
Gears of War: Reloaded,Common positive theme: Gears of War
Gears of War: Reloaded,Common negative theme: Gears of War
Gears of War: Ultimate Edition,Most discussed aspect: Gameplay (14 reviews)
Gears of War: Ultimate Edition,Strongest aspect: Story (100.0% positive)
Gears of War: Ultimate Edition,Most criticized aspect: Gameplay (0.0% negative)
Gears of War: Ultimate Edition,Common positive theme: Gears of War
Genshin Impact,Most discussed aspect: Gameplay (19 reviews)
Genshin Impact,Strongest aspect: Story (100.0% positive)
Genshin Impact,Most criticized aspect: Gameplay (0.0% negative)
Genshin Impact,Common positive theme: Genshin Impact
Geometry Wars 3: Dimensions,Most discussed aspect: Gameplay (8 reviews)
Geometry Wars 3: Dimensions,Strongest aspect: Gameplay (100.0% positive)
Geometry Wars 3: Dimensions,Most criticized aspect: Gameplay (0.0% negative)
Geometry Wars 3: Dimensions,Common positive theme: Geometry Wars
Gerda: A Flame in Winter,Most discussed aspect: Story (13 reviews)
Gerda: A Flame in Winter,Strongest aspect: Characters (100.0% positive)
Gerda: A Flame in Winter,Most criticized aspect: Gameplay (0.0% negative)
Gerda: A Flame in Winter,Common positive theme: Flame in Winter
Ghost Giant,Most discussed aspect: Story (13 reviews)
Ghost Giant,Strongest aspect: Gameplay (100.0% positive)
Ghost Giant,Most criticized aspect: Gameplay (0.0% negative)
Ghost Giant,Common positive theme: Ghost Giant
Ghost Trick: Phantom Detective,Most discussed aspect: Story (37 reviews)
Ghost Trick: Phantom Detective,Strongest aspect: Music & Sound (100.0% positive)
Ghost Trick: Phantom Detective,Most criticized aspect: Gameplay (0.0% negative)
Ghost Trick: Phantom Detective,Common positive theme: Ghost Trick
Ghost of Tsushima,Most discussed aspect: Gameplay (67 reviews)
Ghost of Tsushima,Strongest aspect: Level Design (100.0% positive)
Ghost of Tsushima,Most criticized aspect: Gameplay (1.5% negative)
Ghost of Tsushima,Common positive theme: Ghost of Tsushima
Ghost of Tsushima,Common negative theme: Assassin Creed
Ghost of Tsushima Director's Cut,Most discussed aspect: Story (25 reviews)
Ghost of Tsushima Director's Cut,Strongest aspect: Level Design (100.0% positive)
Ghost of Tsushima Director's Cut,Most criticized aspect: Gameplay (0.0% negative)
Ghost of Tsushima Director's Cut,Common positive theme: Tsushima Director Cut
Ghost of Yotei,Most discussed aspect: Gameplay (83 reviews)
Ghost of Yotei,Strongest aspect: Difficulty (100.0% positive)
Ghost of Yotei,Most criticized aspect: Gameplay (0.0% negative)
Ghost of Yotei,Common positive theme: Ghost of Yotei
Ghostrunner,Most discussed aspect: Gameplay (51 reviews)
Ghostrunner,Strongest aspect: Characters (100.0% positive)
Ghostrunner,Most criticized aspect: Performance (8.3% negative)
Ghostrunner,Common positive theme: Ghostrunner
Ghostrunner,Common negative theme: great game
Gleylancer,Most discussed aspect: Difficulty (7 reviews)
Gleylancer,Strongest aspect: Story (100.0% positive)
Gleylancer,Most criticized aspect: Gameplay (0.0% negative)
Gleylancer,Common positive theme: Mega Drive
Gnosia,Most discussed aspect: Story (19 reviews)
Gnosia,Strongest aspect: Level Design (100.0% positive)
Gnosia,Most criticized aspect: Gameplay (0.0% negative)
Gnosia,Common positive theme: Gnosia
Go! Go! Kokopolo 3D,Most discussed aspect: Gameplay (2 reviews)
Go! Go! Kokopolo 3D,Strongest aspect: Gameplay (100.0% positive)
Go! Go! Kokopolo 3D,Most criticized aspect: Gameplay (0.0% negative)
Go! Go! Kokopolo 3D,Common positive theme: Kokopolo
God of War,Most discussed aspect: Story (72 reviews)
God of War,Strongest aspect: Graphics (100.0% positive)
God of War,Most criticized aspect: Gameplay (0.0% negative)
God of War,Common positive theme: God of War
God of War III Remastered,Most discussed aspect: Story (6 reviews)
God of War III Remastered,Strongest aspect: Characters (100.0% positive)
God of War III Remastered,Most criticized aspect: Graphics (20.0% negative)
God of War III Remastered,Common positive theme: War III Remastered
God of War III Remastered,Common negative theme: assembled DLC
God of War Ragnarok: Valhalla,Most discussed aspect: Story (10 reviews)
God of War Ragnarok: Valhalla,Strongest aspect: Story (100.0% positive)
God of War Ragnarok: Valhalla,Most criticized aspect: Gameplay (0.0% negative)
God of War Ragnarok: Valhalla,Common positive theme: God of War
God of War Ragnarök,Most discussed aspect: Story (80 reviews)
God of War Ragnarök,Strongest aspect: Graphics (100.0% positive)
God of War Ragnarök,Most criticized aspect: Gameplay (0.0% negative)
God of War Ragnarök,Common positive theme: God of War
Going Under,Most discussed aspect: Gameplay (16 reviews)
Going Under,Strongest aspect: Difficulty (77.8% positive)
Going Under,Most criticized aspect: Characters (50.0% negative)
Going Under,Common positive theme: game
Going Under,Common negative theme: exhausted groan
GoldenEye 007,Most discussed aspect: Graphics (2 reviews)
GoldenEye 007,Strongest aspect: Gameplay (100.0% positive)
GoldenEye 007,Most criticized aspect: Gameplay (0.0% negative)
GoldenEye 007,Common positive theme: history lesson
Golf Story,Most discussed aspect: Story (35 reviews)
Golf Story,Strongest aspect: Level Design (100.0% positive)
Golf Story,Most criticized aspect: Gameplay (0.0% negative)
Golf Story,Common positive theme: Golf Story
Gone Home,Most discussed aspect: Story (9 reviews)
Gone Home,Strongest aspect: Gameplay (100.0% positive)
Gone Home,Most criticized aspect: Gameplay (0.0% negative)
Gone Home,Common positive theme: Home
Goodnight Universe,Most discussed aspect: Story (20 reviews)
Goodnight Universe,Strongest aspect: Graphics (100.0% positive)
Goodnight Universe,Most criticized aspect: Gameplay (0.0% negative)
Goodnight Universe,Common positive theme: Goodnight Universe
Gorogoa,Most discussed aspect: Story (9 reviews)
Gorogoa,Strongest aspect: Graphics (100.0% positive)
Gorogoa,Most criticized aspect: Gameplay (0.0% negative)
Gorogoa,Common positive theme: Gorogoa
Gotta Protectors,Most discussed aspect: Level Design (2 reviews)
Gotta Protectors,Strongest aspect: Story (100.0% positive)
Gotta Protectors,Most criticized aspect: Story (0.0% negative)
Gotta Protectors,Common positive theme: fantastic tower defense
Gotta Protectors: Cart of Darkness,Most discussed aspect: Gameplay (3 reviews)
Gotta Protectors: Cart of Darkness,Strongest aspect: Gameplay (100.0% positive)
Gotta Protectors: Cart of Darkness,Most criticized aspect: Gameplay (0.0% negative)
Gotta Protectors: Cart of Darkness,Common positive theme: Cart of Darkness
Gradius Origins,Most discussed aspect: Difficulty (8 reviews)
Gradius Origins,Strongest aspect: Graphics (100.0% positive)
Gradius Origins,Most criticized aspect: Gameplay (0.0% negative)
Gradius Origins,Common positive theme: Gradius Origins
Gran Turismo 7,Most discussed aspect: Graphics (15 reviews)
Gran Turismo 7,Strongest aspect: Level Design (100.0% positive)
Gran Turismo 7,Most criticized aspect: Story (25.0% negative)
Gran Turismo 7,Common positive theme: Gran Turismo
Gran Turismo 7,Common negative theme: Gran Turismo
Granblue Fantasy Versus: Rising,Most discussed aspect: Gameplay (26 reviews)
Granblue Fantasy Versus: Rising,Strongest aspect: Level Design (100.0% positive)
Granblue Fantasy Versus: Rising,Most criticized aspect: Gameplay (0.0% negative)
Granblue Fantasy Versus: Rising,Common positive theme: Granblue Fantasy Versus
Granblue Fantasy: Relink,Most discussed aspect: Gameplay (57 reviews)
Granblue Fantasy: Relink,Strongest aspect: Level Design (100.0% positive)
Granblue Fantasy: Relink,Most criticized aspect: Gameplay (0.0% negative)
Granblue Fantasy: Relink,Common positive theme: Granblue Fantasy Relink
Grand Theft Auto IV,Most discussed aspect: Story (3 reviews)
Grand Theft Auto IV,Strongest aspect: Gameplay (100.0% positive)
Grand Theft Auto IV,Most criticized aspect: Gameplay (0.0% negative)
Grand Theft Auto IV,Common positive theme: Grand Theft Auto
Grand Theft Auto V,Most discussed aspect: Graphics (27 reviews)
Grand Theft Auto V,Strongest aspect: Level Design (100.0% positive)
Grand Theft Auto V,Most criticized aspect: Gameplay (0.0% negative)
Grand Theft Auto V,Common positive theme: Grand Theft Auto
Grapple Dogs: Cosmic Canines,Most discussed aspect: Gameplay (6 reviews)
Grapple Dogs: Cosmic Canines,Strongest aspect: Gameplay (100.0% positive)
Grapple Dogs: Cosmic Canines,Most criticized aspect: Gameplay (0.0% negative)
Grapple Dogs: Cosmic Canines,Common positive theme: Cosmic Canines
Gravity Circuit,Most discussed aspect: Difficulty (6 reviews)
Gravity Circuit,Strongest aspect: Gameplay (100.0% positive)
Gravity Circuit,Most criticized aspect: Gameplay (0.0% negative)
Gravity Circuit,Common positive theme: Gravity Circuit
Gravity Rush 2,Most discussed aspect: Gameplay (34 reviews)
Gravity Rush 2,Strongest aspect: Graphics (85.7% positive)
Gravity Rush 2,Most criticized aspect: Gameplay (0.0% negative)
Gravity Rush 2,Common positive theme: Gravity Rush
"Gremlins, Inc.",Most discussed aspect: Difficulty (2 reviews)
"Gremlins, Inc.",Strongest aspect: Level Design (100.0% positive)
"Gremlins, Inc.",Most criticized aspect: Level Design (0.0% negative)
"Gremlins, Inc.",Common positive theme: digital boardgame
Griftlands,Most discussed aspect: Gameplay (4 reviews)
Griftlands,Strongest aspect: Characters (100.0% positive)
Griftlands,Most criticized aspect: Gameplay (0.0% negative)
Griftlands,Common positive theme: usual deck-builder Griftlands
Grim Dawn,Most discussed aspect: Gameplay (7 reviews)
Grim Dawn,Strongest aspect: Graphics (100.0% positive)
Grim Dawn,Most criticized aspect: Gameplay (0.0% negative)
Grim Dawn,Common positive theme: Grim Dawn
Grim Fandango Remastered,Most discussed aspect: Story (20 reviews)
Grim Fandango Remastered,Strongest aspect: Graphics (100.0% positive)
Grim Fandango Remastered,Most criticized aspect: Performance (14.3% negative)
Grim Fandango Remastered,Common positive theme: Grim Fandango Remastered
Grim Fandango Remastered,Common negative theme: technical issues
Grime II,Most discussed aspect: Gameplay (19 reviews)
Grime II,Strongest aspect: Replayability (100.0% positive)
Grime II,Most criticized aspect: Gameplay (0.0% negative)
Grime II,Common positive theme: Grime
Grindstone,Most discussed aspect: Gameplay (6 reviews)
Grindstone,Strongest aspect: Gameplay (100.0% positive)
Grindstone,Most criticized aspect: Gameplay (0.0% negative)
Grindstone,Common positive theme: Grindstone
Groove Coaster: Wai Wai Party!,Most discussed aspect: Gameplay (3 reviews)
Groove Coaster: Wai Wai Party!,Strongest aspect: Gameplay (100.0% positive)
Groove Coaster: Wai Wai Party!,Most criticized aspect: Gameplay (0.0% negative)
Groove Coaster: Wai Wai Party!,Common positive theme: Switch ever-growing repertoire
Ground Zero,Most discussed aspect: Gameplay (9 reviews)
Ground Zero,Strongest aspect: Story (100.0% positive)
Ground Zero,Most criticized aspect: Gameplay (0.0% negative)
Ground Zero,Common positive theme: survival horror
Grounded,Most discussed aspect: Gameplay (14 reviews)
Grounded,Strongest aspect: Replayability (100.0% positive)
Grounded,Most criticized aspect: Gameplay (0.0% negative)
Grounded,Common positive theme: Grounded
Guacamelee! 2,Most discussed aspect: Gameplay (45 reviews)
Guacamelee! 2,Strongest aspect: Graphics (100.0% positive)
Guacamelee! 2,Most criticized aspect: Gameplay (0.0% negative)
Guacamelee! 2,Common positive theme: Guacamelee
Guacamelee! Super Turbo Championship Edition,Most discussed aspect: Gameplay (17 reviews)
Guacamelee! Super Turbo Championship Edition,Strongest aspect: Gameplay (100.0% positive)
Guacamelee! Super Turbo Championship Edition,Most criticized aspect: Gameplay (0.0% negative)
Guacamelee! Super Turbo Championship Edition,Common positive theme: Turbo Championship Edition
Guardians of the Galaxy,Most discussed aspect: Story (72 reviews)
Guardians of the Galaxy,Strongest aspect: Replayability (100.0% positive)
Guardians of the Galaxy,Most criticized aspect: Gameplay (0.0% negative)
Guardians of the Galaxy,Common positive theme: Marvel Guardians
Guild Wars 2: Heart of Thorns,Most discussed aspect: Level Design (3 reviews)
Guild Wars 2: Heart of Thorns,Strongest aspect: Story (100.0% positive)
Guild Wars 2: Heart of Thorns,Most criticized aspect: Story (0.0% negative)
Guild Wars 2: Heart of Thorns,Common positive theme: Heart of Thorns
Guild Wars 2: Path of Fire,Most discussed aspect: Replayability (5 reviews)
Guild Wars 2: Path of Fire,Strongest aspect: Graphics (100.0% positive)
Guild Wars 2: Path of Fire,Most criticized aspect: Story (0.0% negative)
Guild Wars 2: Path of Fire,Common positive theme: Guild Wars
Guilty Gear -Strive-,Most discussed aspect: Gameplay (42 reviews)
Guilty Gear -Strive-,Strongest aspect: Characters (100.0% positive)
Guilty Gear -Strive-,Most criticized aspect: Gameplay (0.0% negative)
Guilty Gear -Strive-,Common positive theme: Guilty Gear Strive
Guilty Gear Xrd -SIGN-,Most discussed aspect: Gameplay (5 reviews)
Guilty Gear Xrd -SIGN-,Strongest aspect: Gameplay (100.0% positive)
Guilty Gear Xrd -SIGN-,Most criticized aspect: Gameplay (0.0% negative)
Guilty Gear Xrd -SIGN-,Common positive theme: Guilty Gear Xrd
Guilty Gear Xrd REV 2,Most discussed aspect: Gameplay (9 reviews)
Guilty Gear Xrd REV 2,Strongest aspect: Characters (100.0% positive)
Guilty Gear Xrd REV 2,Most criticized aspect: Gameplay (0.0% negative)
Guilty Gear Xrd REV 2,Common positive theme: Guilty Gear Xrd
Guilty Gear Xrd Revelator,Most discussed aspect: Gameplay (7 reviews)
Guilty Gear Xrd Revelator,Strongest aspect: Gameplay (100.0% positive)
Guilty Gear Xrd Revelator,Most criticized aspect: Gameplay (0.0% negative)
Guilty Gear Xrd Revelator,Common positive theme: Guilty Gear Xrd
Guitar Hero Live,Most discussed aspect: Music & Sound (26 reviews)
Guitar Hero Live,Strongest aspect: Graphics (100.0% positive)
Guitar Hero Live,Most criticized aspect: Music & Sound (3.9% negative)
Guitar Hero Live,Common positive theme: Guitar Hero Live
Guitar Hero Live,Common negative theme: questionable songs choices
Gundam Breaker 3,Most discussed aspect: Gameplay (1 reviews)
Gundam Breaker 3,Strongest aspect: Gameplay (100.0% positive)
Gundam Breaker 3,Most criticized aspect: Gameplay (0.0% negative)
Gundam Breaker 3,Common positive theme: Gundam Breaker
Gunman Clive 2,Most discussed aspect: Gameplay (4 reviews)
Gunman Clive 2,Strongest aspect: Music & Sound (100.0% positive)
Gunman Clive 2,Most criticized aspect: Gameplay (0.0% negative)
Gunman Clive 2,Common positive theme: Gunman Clive
Gunman Clive HD,Most discussed aspect: Replayability (3 reviews)
Gunman Clive HD,Strongest aspect: Graphics (100.0% positive)
Gunman Clive HD,Most criticized aspect: Graphics (0.0% negative)
Gunman Clive HD,Common positive theme: Gunman Clive
Gwent,Most discussed aspect: Gameplay (1 reviews)
Gwent,Strongest aspect: Gameplay (100.0% positive)
Gwent,Most criticized aspect: Gameplay (0.0% negative)
Gwent,Common positive theme: support intricate online
HROT,Most discussed aspect: Gameplay (3 reviews)
HROT,Strongest aspect: Gameplay (66.7% positive)
HROT,Most criticized aspect: Gameplay (0.0% negative)
HROT,Common positive theme: boomer shooter excellence
HYPER DEMON,Most discussed aspect: Graphics (2 reviews)
HYPER DEMON,Strongest aspect: Gameplay (100.0% positive)
HYPER DEMON,Most criticized aspect: Gameplay (0.0% negative)
HYPER DEMON,Common positive theme: Hyper Demon
Hacknet,Most discussed aspect: Gameplay (3 reviews)
Hacknet,Strongest aspect: Gameplay (100.0% positive)
Hacknet,Most criticized aspect: Gameplay (0.0% negative)
Hacknet,Common positive theme: UNIX-based hacking sim
Hades,Most discussed aspect: Gameplay (74 reviews)
Hades,Strongest aspect: Graphics (100.0% positive)
Hades,Most criticized aspect: Gameplay (0.0% negative)
Hades,Common positive theme: Supergiant Games
Hades II,Most discussed aspect: Gameplay (58 reviews)
Hades II,Strongest aspect: Graphics (100.0% positive)
Hades II,Most criticized aspect: Gameplay (0.0% negative)
Hades II,Common positive theme: Hades
Hakuoki: Kyoto Winds,Most discussed aspect: Graphics (10 reviews)
Hakuoki: Kyoto Winds,Strongest aspect: Story (88.9% positive)
Hakuoki: Kyoto Winds,Most criticized aspect: Story (0.0% negative)
Hakuoki: Kyoto Winds,Common positive theme: Kyoto Winds
Half-Life: Alyx,Most discussed aspect: Story (12 reviews)
Half-Life: Alyx,Strongest aspect: Story (100.0% positive)
Half-Life: Alyx,Most criticized aspect: Gameplay (0.0% negative)
Half-Life: Alyx,Common positive theme: Alyx
Halls of Torment,Most discussed aspect: Gameplay (4 reviews)
Halls of Torment,Strongest aspect: Gameplay (100.0% positive)
Halls of Torment,Most criticized aspect: Gameplay (0.0% negative)
Halls of Torment,Common positive theme: Rob Zombie screamed
Halo 5: Guardians,Most discussed aspect: Story (33 reviews)
Halo 5: Guardians,Strongest aspect: Graphics (100.0% positive)
Halo 5: Guardians,Most criticized aspect: Gameplay (0.0% negative)
Halo 5: Guardians,Common positive theme: Halo
Halo Infinite,Most discussed aspect: Gameplay (55 reviews)
Halo Infinite,Strongest aspect: Performance (100.0% positive)
Halo Infinite,Most criticized aspect: Level Design (6.7% negative)
Halo Infinite,Common positive theme: Halo Infinite
Halo Infinite,Common negative theme: Halo Infinite
Halo: The Master Chief Collection,Most discussed aspect: Replayability (16 reviews)
Halo: The Master Chief Collection,Strongest aspect: Gameplay (100.0% positive)
Halo: The Master Chief Collection,Most criticized aspect: Gameplay (0.0% negative)
Halo: The Master Chief Collection,Common positive theme: Master Chief Collection
Hand of Fate 2,Most discussed aspect: Gameplay (34 reviews)
Hand of Fate 2,Strongest aspect: Graphics (100.0% positive)
Hand of Fate 2,Most criticized aspect: Gameplay (0.0% negative)
Hand of Fate 2,Common positive theme: Hand of Fate
Hardspace: Shipbreaker,Most discussed aspect: Gameplay (12 reviews)
Hardspace: Shipbreaker,Strongest aspect: Music & Sound (100.0% positive)
Hardspace: Shipbreaker,Most criticized aspect: Gameplay (0.0% negative)
Hardspace: Shipbreaker,Common positive theme: Hardspace Shipbreaker
Haste,Most discussed aspect: Gameplay (3 reviews)
Haste,Strongest aspect: Gameplay (100.0% positive)
Haste,Most criticized aspect: Gameplay (0.0% negative)
Haste,Common positive theme: Tiny Wings
Hatsune Miku Logic Paint S,Most discussed aspect: Music & Sound (2 reviews)
Hatsune Miku Logic Paint S,Strongest aspect: Gameplay (100.0% positive)
Hatsune Miku Logic Paint S,Most criticized aspect: Gameplay (0.0% negative)
Hatsune Miku Logic Paint S,Common positive theme: Miku Logic Paint
Hatsune Miku: Project Diva Future Tone,Most discussed aspect: Gameplay (11 reviews)
Hatsune Miku: Project Diva Future Tone,Strongest aspect: Graphics (100.0% positive)
Hatsune Miku: Project Diva Future Tone,Most criticized aspect: Gameplay (0.0% negative)
Hatsune Miku: Project Diva Future Tone,Common positive theme: Diva Future Tone
Headquarters: World War II,Most discussed aspect: Gameplay (3 reviews)
Headquarters: World War II,Strongest aspect: Graphics (100.0% positive)
Headquarters: World War II,Most criticized aspect: Gameplay (0.0% negative)
Headquarters: World War II,Common positive theme: unexpectedly deep strategy
Hearthstone: Blackrock Mountain,Most discussed aspect: Gameplay (1 reviews)
Hearthstone: Blackrock Mountain,Strongest aspect: Gameplay (100.0% positive)
Hearthstone: Blackrock Mountain,Most criticized aspect: Gameplay (0.0% negative)
Hearthstone: Blackrock Mountain,Common positive theme: Hearthstone single-player Adventures
Hearthstone: Heroes of Warcraft,Most discussed aspect: Gameplay (3 reviews)
Hearthstone: Heroes of Warcraft,Strongest aspect: Gameplay (100.0% positive)
Hearthstone: Heroes of Warcraft,Most criticized aspect: Gameplay (0.0% negative)
Hearthstone: Heroes of Warcraft,Common positive theme: Hearthstone
Hearthstone: March of the Lich King,Most discussed aspect: Difficulty (1 reviews)
Hearthstone: March of the Lich King,Strongest aspect: Difficulty (100.0% positive)
Hearthstone: March of the Lich King,Most criticized aspect: Difficulty (0.0% negative)
Hearthstone: March of the Lich King,Common positive theme: full of personality
Hearthstone: Murder at Castle Nathria,Most discussed aspect: Gameplay (2 reviews)
Hearthstone: Murder at Castle Nathria,Strongest aspect: Gameplay (100.0% positive)
Hearthstone: Murder at Castle Nathria,Most criticized aspect: Gameplay (0.0% negative)
Hearthstone: Murder at Castle Nathria,Common positive theme: Battle Mode Pass
Hearthstone: The Grand Tournament,Most discussed aspect: Gameplay (2 reviews)
Hearthstone: The Grand Tournament,Strongest aspect: Gameplay (100.0% positive)
Hearthstone: The Grand Tournament,Most criticized aspect: Gameplay (0.0% negative)
Hearthstone: The Grand Tournament,Common positive theme: strategies to experiment
Hearthstone: The League of Explorers,Most discussed aspect: Gameplay (2 reviews)
Hearthstone: The League of Explorers,Strongest aspect: Gameplay (100.0% positive)
Hearthstone: The League of Explorers,Most criticized aspect: Gameplay (0.0% negative)
Hearthstone: The League of Explorers,Common positive theme: League of Explorers
Hearts of Iron IV,Most discussed aspect: Replayability (4 reviews)
Hearts of Iron IV,Strongest aspect: Gameplay (100.0% positive)
Hearts of Iron IV,Most criticized aspect: Gameplay (0.0% negative)
Hearts of Iron IV,Common positive theme: Hearts of Iron
Hearts of Iron IV,Common negative theme: alternate World War
Hell Clock,Most discussed aspect: Gameplay (15 reviews)
Hell Clock,Strongest aspect: Graphics (100.0% positive)
Hell Clock,Most criticized aspect: Gameplay (0.0% negative)
Hell Clock,Common positive theme: Hell Clock
Hellblade: Senua's Sacrifice,Most discussed aspect: Gameplay (61 reviews)
Hellblade: Senua's Sacrifice,Strongest aspect: Difficulty (100.0% positive)
Hellblade: Senua's Sacrifice,Most criticized aspect: Gameplay (0.0% negative)
Hellblade: Senua's Sacrifice,Common positive theme: Senua Sacrifice
Helldivers,Most discussed aspect: Gameplay (9 reviews)
Helldivers,Strongest aspect: Graphics (100.0% positive)
Helldivers,Most criticized aspect: Gameplay (0.0% negative)
Helldivers,Common positive theme: Helldivers
Helldivers II,Most discussed aspect: Gameplay (49 reviews)
Helldivers II,Strongest aspect: Characters (100.0% positive)
Helldivers II,Most criticized aspect: Level Design (12.5% negative)
Helldivers II,Common positive theme: Helldivers
Helldivers II,Common negative theme: struggles to appeal
Hello Kitty Island Adventure,Most discussed aspect: Characters (18 reviews)
Hello Kitty Island Adventure,Strongest aspect: Level Design (100.0% positive)
Hello Kitty Island Adventure,Most criticized aspect: Gameplay (0.0% negative)
Hello Kitty Island Adventure,Common positive theme: Kitty Island Adventure
Henchman Story,Most discussed aspect: Story (4 reviews)
Henchman Story,Strongest aspect: Graphics (100.0% positive)
Henchman Story,Most criticized aspect: Story (0.0% negative)
Henchman Story,Common positive theme: Henchman Story
Her Story,Most discussed aspect: Story (40 reviews)
Her Story,Strongest aspect: Gameplay (100.0% positive)
Her Story,Most criticized aspect: Gameplay (0.0% negative)
Her Story,Common positive theme: story
Heretic + Hexen,Most discussed aspect: Performance (14 reviews)
Heretic + Hexen,Strongest aspect: Characters (100.0% positive)
Heretic + Hexen,Most criticized aspect: Gameplay (0.0% negative)
Heretic + Hexen,Common positive theme: Nightdive Studios
Hermit and Pig,Most discussed aspect: Story (4 reviews)
Hermit and Pig,Strongest aspect: Gameplay (100.0% positive)
Hermit and Pig,Most criticized aspect: Gameplay (0.0% negative)
Hermit and Pig,Common positive theme: Lunch Studio LLC
Heroes of Hammerwatch - Ultimate Edition,Most discussed aspect: Gameplay (7 reviews)
Heroes of Hammerwatch - Ultimate Edition,Strongest aspect: Story (100.0% positive)
Heroes of Hammerwatch - Ultimate Edition,Most criticized aspect: Gameplay (0.0% negative)
Heroes of Hammerwatch - Ultimate Edition,Common positive theme: Heroes of Hammerwatch
Heroes of the Storm,Most discussed aspect: Difficulty (6 reviews)
Heroes of the Storm,Strongest aspect: Characters (100.0% positive)
Heroes of the Storm,Most criticized aspect: Gameplay (0.0% negative)
Heroes of the Storm,Common positive theme: Storm
Hi-Fi Rush,Most discussed aspect: Gameplay (53 reviews)
Hi-Fi Rush,Strongest aspect: Story (100.0% positive)
Hi-Fi Rush,Most criticized aspect: Gameplay (0.0% negative)
Hi-Fi Rush,Common positive theme: Hi-Fi Rush
Hi-Fi Rush,Common negative theme: Hi-Fi Rush fails
Hidden in my Paradise,Most discussed aspect: Level Design (6 reviews)
Hidden in my Paradise,Strongest aspect: Graphics (100.0% positive)
Hidden in my Paradise,Most criticized aspect: Gameplay (0.0% negative)
Hidden in my Paradise,Common positive theme: hidden
Highway Blossoms,Most discussed aspect: Story (2 reviews)
Highway Blossoms,Strongest aspect: Story (100.0% positive)
Highway Blossoms,Most criticized aspect: Story (0.0% negative)
Highway Blossoms,Common positive theme: dig Highway Blossoms
Hitman - Episode 2: Sapienza,Most discussed aspect: Level Design (18 reviews)
Hitman - Episode 2: Sapienza,Strongest aspect: Music & Sound (100.0% positive)
Hitman - Episode 2: Sapienza,Most criticized aspect: Gameplay (0.0% negative)
Hitman - Episode 2: Sapienza,Common positive theme: Hitman
Hitman - Episode 6: Hokkaido,Most discussed aspect: Level Design (10 reviews)
Hitman - Episode 6: Hokkaido,Strongest aspect: Replayability (100.0% positive)
Hitman - Episode 6: Hokkaido,Most criticized aspect: Gameplay (0.0% negative)
Hitman - Episode 6: Hokkaido,Common positive theme: Hitman
Hitman - The Complete First Season,Most discussed aspect: Level Design (17 reviews)
Hitman - The Complete First Season,Strongest aspect: Characters (100.0% positive)
Hitman - The Complete First Season,Most criticized aspect: Gameplay (0.0% negative)
Hitman - The Complete First Season,Common positive theme: Hitman
Hitman 2,Most discussed aspect: Level Design (30 reviews)
Hitman 2,Strongest aspect: Difficulty (100.0% positive)
Hitman 2,Most criticized aspect: Story (5.6% negative)
Hitman 2,Common positive theme: Hitman
Hitman 2,Common negative theme: disappointing follow-up
Hitman 3,Most discussed aspect: Gameplay (46 reviews)
Hitman 3,Strongest aspect: Graphics (100.0% positive)
Hitman 3,Most criticized aspect: Gameplay (0.0% negative)
Hitman 3,Common positive theme: Hitman
Hitman: Definitive Edition,Most discussed aspect: Level Design (1 reviews)
Hitman: Definitive Edition,Strongest aspect: Level Design (100.0% positive)
Hitman: Definitive Edition,Most criticized aspect: Level Design (0.0% negative)
Hitman: Definitive Edition,Common positive theme: Definitive Edition
Hogwarts Legacy,Most discussed aspect: Gameplay (54 reviews)
Hogwarts Legacy,Strongest aspect: Graphics (100.0% positive)
Hogwarts Legacy,Most criticized aspect: Gameplay (0.0% negative)
Hogwarts Legacy,Common positive theme: Hogwarts Legacy
Hogwarts Legacy,Common negative theme: strictly decent game
Hollow Knight,Most discussed aspect: Difficulty (21 reviews)
Hollow Knight,Strongest aspect: Story (100.0% positive)
Hollow Knight,Most criticized aspect: Gameplay (0.0% negative)
Hollow Knight,Common positive theme: Hollow Knight
Hollow Knight: Silksong,Most discussed aspect: Gameplay (42 reviews)
Hollow Knight: Silksong,Strongest aspect: Graphics (100.0% positive)
Hollow Knight: Silksong,Most criticized aspect: Gameplay (0.0% negative)
Hollow Knight: Silksong,Common positive theme: Hollow Knight
Hollow Knight: Voidheart Edition,Most discussed aspect: Gameplay (7 reviews)
Hollow Knight: Voidheart Edition,Strongest aspect: Gameplay (100.0% positive)
Hollow Knight: Voidheart Edition,Most criticized aspect: Gameplay (0.0% negative)
Hollow Knight: Voidheart Edition,Common positive theme: Hollow Knight
Homeworld Remastered Collection,Most discussed aspect: Gameplay (11 reviews)
Homeworld Remastered Collection,Strongest aspect: Story (100.0% positive)
Homeworld Remastered Collection,Most criticized aspect: Gameplay (0.0% negative)
Homeworld Remastered Collection,Common positive theme: Homeworld Remastered collection
Honkai: Star Rail,Most discussed aspect: Gameplay (14 reviews)
Honkai: Star Rail,Strongest aspect: Story (100.0% positive)
Honkai: Star Rail,Most criticized aspect: Gameplay (0.0% negative)
Honkai: Star Rail,Common positive theme: Honkai Star Rail
Horace,Most discussed aspect: Gameplay (10 reviews)
Horace,Strongest aspect: Graphics (100.0% positive)
Horace,Most criticized aspect: Gameplay (0.0% negative)
Horace,Common positive theme: Horace
Horizon Call of the Mountain,Most discussed aspect: Gameplay (31 reviews)
Horizon Call of the Mountain,Strongest aspect: Graphics (100.0% positive)
Horizon Call of the Mountain,Most criticized aspect: Gameplay (0.0% negative)
Horizon Call of the Mountain,Common positive theme: Horizon Call
Horizon Chase Turbo: Senna Forever,Most discussed aspect: Gameplay (2 reviews)
Horizon Chase Turbo: Senna Forever,Strongest aspect: Gameplay (100.0% positive)
Horizon Chase Turbo: Senna Forever,Most criticized aspect: Gameplay (0.0% negative)
Horizon Chase Turbo: Senna Forever,Common positive theme: Horizon Chase Turbo
Horizon Forbidden West,Most discussed aspect: Story (61 reviews)
Horizon Forbidden West,Strongest aspect: Level Design (100.0% positive)
Horizon Forbidden West,Most criticized aspect: Gameplay (0.0% negative)
Horizon Forbidden West,Common positive theme: Horizon Forbidden West
Horizon Forbidden West Complete Edition,Most discussed aspect: Performance (9 reviews)
Horizon Forbidden West Complete Edition,Strongest aspect: Graphics (100.0% positive)
Horizon Forbidden West Complete Edition,Most criticized aspect: Gameplay (0.0% negative)
Horizon Forbidden West Complete Edition,Common positive theme: Horizon Forbidden West
Horizon Forbidden West: Burning Shores,Most discussed aspect: Story (35 reviews)
Horizon Forbidden West: Burning Shores,Strongest aspect: Graphics (100.0% positive)
Horizon Forbidden West: Burning Shores,Most criticized aspect: Replayability (5.9% negative)
Horizon Forbidden West: Burning Shores,Common positive theme: Horizon Forbidden West
Horizon Forbidden West: Burning Shores,Common negative theme: Burning Shores
Horizon Zero Dawn,Most discussed aspect: Gameplay (51 reviews)
Horizon Zero Dawn,Strongest aspect: Graphics (100.0% positive)
Horizon Zero Dawn,Most criticized aspect: Gameplay (0.0% negative)
Horizon Zero Dawn,Common positive theme: Horizon Zero Dawn
Horizon Zero Dawn,Common negative theme: extended to Horizon
Horizon Zero Dawn Complete Edition,Most discussed aspect: Performance (9 reviews)
Horizon Zero Dawn Complete Edition,Strongest aspect: Level Design (100.0% positive)
Horizon Zero Dawn Complete Edition,Most criticized aspect: Gameplay (0.0% negative)
Horizon Zero Dawn Complete Edition,Common positive theme: Horizon Zero Dawn
Horizon Zero Dawn Complete Edition,Common negative theme: extended to Horizon
Horizon Zero Dawn Remastered,Most discussed aspect: Graphics (24 reviews)
Horizon Zero Dawn Remastered,Strongest aspect: Level Design (100.0% positive)
Horizon Zero Dawn Remastered,Most criticized aspect: Gameplay (0.0% negative)
Horizon Zero Dawn Remastered,Common positive theme: Dawn Remastered
Horizon Zero Dawn: The Frozen Wilds,Most discussed aspect: Story (20 reviews)
Horizon Zero Dawn: The Frozen Wilds,Strongest aspect: Graphics (100.0% positive)
Horizon Zero Dawn: The Frozen Wilds,Most criticized aspect: Gameplay (0.0% negative)
Horizon Zero Dawn: The Frozen Wilds,Common positive theme: Frozen Wilds
Hotline Miami Collection,Most discussed aspect: Gameplay (4 reviews)
Hotline Miami Collection,Strongest aspect: Gameplay (100.0% positive)
Hotline Miami Collection,Most criticized aspect: Gameplay (0.0% negative)
Hotline Miami Collection,Common positive theme: Hotline Miami Collection
House Flipper 2,Most discussed aspect: Gameplay (13 reviews)
House Flipper 2,Strongest aspect: Level Design (100.0% positive)
House Flipper 2,Most criticized aspect: Gameplay (0.0% negative)
House Flipper 2,Common positive theme: House Flipper
Hover Junkers (VR),Most discussed aspect: Performance (1 reviews)
Hover Junkers (VR),Strongest aspect: Performance (0.0% positive)
Hover Junkers (VR),Most criticized aspect: Performance (0.0% negative)
Hover Junkers (VR),Common positive theme: remains hilarious fun
Humanity,Most discussed aspect: Level Design (16 reviews)
Humanity,Strongest aspect: Characters (100.0% positive)
Humanity,Most criticized aspect: Gameplay (0.0% negative)
Humanity,Common positive theme: Humanity
Huntdown,Most discussed aspect: Gameplay (7 reviews)
Huntdown,Strongest aspect: Gameplay (100.0% positive)
Huntdown,Most criticized aspect: Gameplay (0.0% negative)
Huntdown,Common positive theme: Huntdown
Hyper Light Drifter,Most discussed aspect: Gameplay (27 reviews)
Hyper Light Drifter,Strongest aspect: Graphics (100.0% positive)
Hyper Light Drifter,Most criticized aspect: Gameplay (0.0% negative)
Hyper Light Drifter,Common positive theme: Hyper Light Drifter
Hyper Light Drifter - Special Edition,Most discussed aspect: Gameplay (7 reviews)
Hyper Light Drifter - Special Edition,Strongest aspect: Gameplay (100.0% positive)
Hyper Light Drifter - Special Edition,Most criticized aspect: Gameplay (0.0% negative)
Hyper Light Drifter - Special Edition,Common positive theme: Hyper Light Drifter
Hypnospace Outlaw,Most discussed aspect: Music & Sound (3 reviews)
Hypnospace Outlaw,Strongest aspect: Story (100.0% positive)
Hypnospace Outlaw,Most criticized aspect: Gameplay (0.0% negative)
Hypnospace Outlaw,Common positive theme: Hypnospace Outlaw
I Expect You To Die,Most discussed aspect: Difficulty (3 reviews)
I Expect You To Die,Strongest aspect: Story (100.0% positive)
I Expect You To Die,Most criticized aspect: Story (0.0% negative)
I Expect You To Die,Common positive theme: Expect
I Expect You To Die 2,Most discussed aspect: Gameplay (5 reviews)
I Expect You To Die 2,Strongest aspect: Story (100.0% positive)
I Expect You To Die 2,Most criticized aspect: Gameplay (0.0% negative)
I Expect You To Die 2,Common positive theme: Expect
I Expect You To Die 3: Cog in the Machine,Most discussed aspect: Difficulty (3 reviews)
I Expect You To Die 3: Cog in the Machine,Strongest aspect: Story (100.0% positive)
I Expect You To Die 3: Cog in the Machine,Most criticized aspect: Story (0.0% negative)
I Expect You To Die 3: Cog in the Machine,Common positive theme: Expect
"I Have No Mouth, and I Must Scream",Most discussed aspect: Story (5 reviews)
"I Have No Mouth, and I Must Scream",Strongest aspect: Replayability (100.0% positive)
"I Have No Mouth, and I Must Scream",Most criticized aspect: Gameplay (0.0% negative)
"I Have No Mouth, and I Must Scream",Common positive theme: make gameplay surprising
I Was a Teenage Exocolonist,Most discussed aspect: Story (12 reviews)
I Was a Teenage Exocolonist,Strongest aspect: Graphics (100.0% positive)
I Was a Teenage Exocolonist,Most criticized aspect: Gameplay (0.0% negative)
I Was a Teenage Exocolonist,Common positive theme: Teenage Exocolonist
"I, Robot",Most discussed aspect: Gameplay (3 reviews)
"I, Robot",Strongest aspect: Gameplay (100.0% positive)
"I, Robot",Most criticized aspect: Gameplay (0.0% negative)
"I, Robot",Common positive theme: Robot
Ib,Most discussed aspect: Characters (4 reviews)
Ib,Strongest aspect: Gameplay (100.0% positive)
Ib,Most criticized aspect: Gameplay (0.0% negative)
Ib,Common positive theme: send shivers
Iconoclasts,Most discussed aspect: Story (24 reviews)
Iconoclasts,Strongest aspect: Graphics (100.0% positive)
Iconoclasts,Most criticized aspect: Difficulty (14.3% negative)
Iconoclasts,Common positive theme: Iconoclasts
Iconoclasts,Common negative theme: played
If Found...,Most discussed aspect: Story (13 reviews)
If Found...,Strongest aspect: Graphics (100.0% positive)
If Found...,Most criticized aspect: Gameplay (0.0% negative)
If Found...,Common positive theme: Found
Ikaruga,Most discussed aspect: Difficulty (9 reviews)
Ikaruga,Strongest aspect: Performance (100.0% positive)
Ikaruga,Most criticized aspect: Gameplay (0.0% negative)
Ikaruga,Common positive theme: Ikaruga
Immortality,Most discussed aspect: Story (35 reviews)
Immortality,Strongest aspect: Graphics (100.0% positive)
Immortality,Most criticized aspect: Gameplay (0.0% negative)
Immortality,Common positive theme: Sam Barlow
Impostor Factory,Most discussed aspect: Story (11 reviews)
Impostor Factory,Strongest aspect: Gameplay (100.0% positive)
Impostor Factory,Most criticized aspect: Gameplay (0.0% negative)
Impostor Factory,Common positive theme: Impostor Factory
In Stars and Time,Most discussed aspect: Story (12 reviews)
In Stars and Time,Strongest aspect: Gameplay (100.0% positive)
In Stars and Time,Most criticized aspect: Gameplay (0.0% negative)
In Stars and Time,Common positive theme: Stars and Time
Inazuma Eleven: Victory Road,Most discussed aspect: Gameplay (11 reviews)
Inazuma Eleven: Victory Road,Strongest aspect: Graphics (100.0% positive)
Inazuma Eleven: Victory Road,Most criticized aspect: Gameplay (0.0% negative)
Inazuma Eleven: Victory Road,Common positive theme: Victory Road
Indiana Jones and the Great Circle,Most discussed aspect: Gameplay (88 reviews)
Indiana Jones and the Great Circle,Strongest aspect: Music & Sound (100.0% positive)
Indiana Jones and the Great Circle,Most criticized aspect: Gameplay (0.0% negative)
Indiana Jones and the Great Circle,Common positive theme: Indiana Jones
Inertial Drift,Most discussed aspect: Difficulty (9 reviews)
Inertial Drift,Strongest aspect: Story (100.0% positive)
Inertial Drift,Most criticized aspect: Gameplay (0.0% negative)
Inertial Drift,Common positive theme: Inertial Drift
Infernax,Most discussed aspect: Gameplay (26 reviews)
Infernax,Strongest aspect: Difficulty (87.5% positive)
Infernax,Most criticized aspect: Gameplay (0.0% negative)
Infernax,Common positive theme: Infernax
Infinity Nikki,Most discussed aspect: Gameplay (14 reviews)
Infinity Nikki,Strongest aspect: Level Design (100.0% positive)
Infinity Nikki,Most criticized aspect: Gameplay (0.0% negative)
Infinity Nikki,Common positive theme: Infinity Nikki
Injustice 2,Most discussed aspect: Story (46 reviews)
Injustice 2,Strongest aspect: Graphics (100.0% positive)
Injustice 2,Most criticized aspect: Gameplay (0.0% negative)
Injustice 2,Common positive theme: fighting game
Injustice 2: Legendary Edition,Most discussed aspect: Performance (2 reviews)
Injustice 2: Legendary Edition,Strongest aspect: Gameplay (100.0% positive)
Injustice 2: Legendary Edition,Most criticized aspect: Gameplay (0.0% negative)
Injustice 2: Legendary Edition,Common positive theme: technical multiplayer brawler
Injustice: Gods Among Us - Ultimate Edition,Most discussed aspect: Gameplay (3 reviews)
Injustice: Gods Among Us - Ultimate Edition,Strongest aspect: Difficulty (100.0% positive)
Injustice: Gods Among Us - Ultimate Edition,Most criticized aspect: Gameplay (0.0% negative)
Injustice: Gods Among Us - Ultimate Edition,Common positive theme: Ultimate Edition
Inkbound,Most discussed aspect: Characters (3 reviews)
Inkbound,Strongest aspect: Gameplay (50.0% positive)
Inkbound,Most criticized aspect: Gameplay (0.0% negative)
Inkbound,Common positive theme: time it Hades
Inmost,Most discussed aspect: Story (11 reviews)
Inmost,Strongest aspect: Gameplay (100.0% positive)
Inmost,Most criticized aspect: Gameplay (0.0% negative)
Inmost,Common positive theme: expertly handled mixing
Inscryption,Most discussed aspect: Story (29 reviews)
Inscryption,Strongest aspect: Gameplay (100.0% positive)
Inscryption,Most criticized aspect: Gameplay (0.0% negative)
Inscryption,Common positive theme: Inscryption
Inside,Most discussed aspect: Story (24 reviews)
Inside,Strongest aspect: Graphics (100.0% positive)
Inside,Most criticized aspect: Gameplay (0.0% negative)
Inside,Common positive theme: Inside
Into The Breach,Most discussed aspect: Gameplay (21 reviews)
Into The Breach,Strongest aspect: Characters (100.0% positive)
Into The Breach,Most criticized aspect: Gameplay (0.0% negative)
Into The Breach,Common positive theme: Breach
Inversus,Most discussed aspect: Gameplay (4 reviews)
Inversus,Strongest aspect: Level Design (100.0% positive)
Inversus,Most criticized aspect: Gameplay (0.0% negative)
Inversus,Common positive theme: Inversus
Invincible Presents: Atom Eve,Most discussed aspect: Story (6 reviews)
Invincible Presents: Atom Eve,Strongest aspect: Graphics (100.0% positive)
Invincible Presents: Atom Eve,Most criticized aspect: Story (16.7% negative)
Invincible Presents: Atom Eve,Common positive theme: Atom Eve
Invincible Presents: Atom Eve,Common negative theme: n’t make sense
Invisible Inc.,Most discussed aspect: Difficulty (12 reviews)
Invisible Inc.,Strongest aspect: Replayability (100.0% positive)
Invisible Inc.,Most criticized aspect: Gameplay (0.0% negative)
Invisible Inc.,Common positive theme: Invisible
Is This Seat Taken?,Most discussed aspect: Story (10 reviews)
Is This Seat Taken?,Strongest aspect: Gameplay (100.0% positive)
Is This Seat Taken?,Most criticized aspect: Gameplay (0.0% negative)
Is This Seat Taken?,Common positive theme: Seat
Islanders: New Shores,Most discussed aspect: Gameplay (6 reviews)
Islanders: New Shores,Strongest aspect: Graphics (100.0% positive)
Islanders: New Shores,Most criticized aspect: Gameplay (0.0% negative)
Islanders: New Shores,Common positive theme: Shores
It Takes Two,Most discussed aspect: Gameplay (59 reviews)
It Takes Two,Strongest aspect: Graphics (100.0% positive)
It Takes Two,Most criticized aspect: Gameplay (0.0% negative)
It Takes Two,Common positive theme: game
Iwakura Aria,Most discussed aspect: Graphics (9 reviews)
Iwakura Aria,Strongest aspect: Graphics (66.7% positive)
Iwakura Aria,Most criticized aspect: Story (0.0% negative)
Iwakura Aria,Common positive theme: Iwakura Aria
Jack Jeanne,Most discussed aspect: Story (6 reviews)
Jack Jeanne,Strongest aspect: Characters (100.0% positive)
Jack Jeanne,Most criticized aspect: Gameplay (0.0% negative)
Jack Jeanne,Common positive theme: Jack Jeanne
Jack Move,Most discussed aspect: Story (11 reviews)
Jack Move,Strongest aspect: Difficulty (100.0% positive)
Jack Move,Most criticized aspect: Music & Sound (33.3% negative)
Jack Move,Common positive theme: Jack Move
Jack Move,Common negative theme: Jack Move starts
Jagged Alliance 3,Most discussed aspect: Gameplay (17 reviews)
Jagged Alliance 3,Strongest aspect: Graphics (100.0% positive)
Jagged Alliance 3,Most criticized aspect: Gameplay (0.0% negative)
Jagged Alliance 3,Common positive theme: Jagged Alliance
Jet Lancer,Most discussed aspect: Gameplay (3 reviews)
Jet Lancer,Strongest aspect: Gameplay (100.0% positive)
Jet Lancer,Most criticized aspect: Gameplay (0.0% negative)
Jet Lancer,Common positive theme: Jet Lancer
Jimmy and the Pulsating Mass,Most discussed aspect: Story (6 reviews)
Jimmy and the Pulsating Mass,Strongest aspect: Gameplay (100.0% positive)
Jimmy and the Pulsating Mass,Most criticized aspect: Gameplay (0.0% negative)
Jimmy and the Pulsating Mass,Common positive theme: RPG Maker toolbox
Journey,Most discussed aspect: Gameplay (4 reviews)
Journey,Strongest aspect: Gameplay (100.0% positive)
Journey,Most criticized aspect: Gameplay (0.0% negative)
Journey,Common positive theme: Journey
Judgment,Most discussed aspect: Story (70 reviews)
Judgment,Strongest aspect: Level Design (100.0% positive)
Judgment,Most criticized aspect: Gameplay (0.0% negative)
Judgment,Common positive theme: Yakuza
Jurassic World Evolution 2: Dominion Malta Expansion,Most discussed aspect: Level Design (1 reviews)
Jurassic World Evolution 2: Dominion Malta Expansion,Strongest aspect: Level Design (100.0% positive)
Jurassic World Evolution 2: Dominion Malta Expansion,Most criticized aspect: Level Design (0.0% negative)
Jurassic World Evolution 2: Dominion Malta Expansion,Common positive theme: Dominion Malta Expansion
Jurassic World Evolution 3,Most discussed aspect: Gameplay (6 reviews)
Jurassic World Evolution 3,Strongest aspect: Level Design (100.0% positive)
Jurassic World Evolution 3,Most criticized aspect: Gameplay (0.0% negative)
Jurassic World Evolution 3,Common positive theme: Jurassic World Evolution
Jusant,Most discussed aspect: Gameplay (43 reviews)
Jusant,Strongest aspect: Characters (100.0% positive)
Jusant,Most criticized aspect: Gameplay (0.0% negative)
Jusant,Common positive theme: Jusant
Just Shapes & Beats,Most discussed aspect: Music & Sound (10 reviews)
Just Shapes & Beats,Strongest aspect: Characters (100.0% positive)
Just Shapes & Beats,Most criticized aspect: Gameplay (0.0% negative)
Just Shapes & Beats,Common positive theme: Shapes
Just a To the Moon Series Beach Episode,Most discussed aspect: Story (3 reviews)
Just a To the Moon Series Beach Episode,Strongest aspect: Gameplay (100.0% positive)
Just a To the Moon Series Beach Episode,Most criticized aspect: Gameplay (0.0% negative)
Just a To the Moon Series Beach Episode,Common positive theme: Kan Gao succeeds
KILL KNIGHT,Most discussed aspect: Gameplay (12 reviews)
KILL KNIGHT,Strongest aspect: Story (100.0% positive)
KILL KNIGHT,Most criticized aspect: Gameplay (0.0% negative)
KILL KNIGHT,Common positive theme: Kill Knight
Kaizen: A Factory Story,Most discussed aspect: Story (3 reviews)
Kaizen: A Factory Story,Strongest aspect: Story (100.0% positive)
Kaizen: A Factory Story,Most criticized aspect: Story (0.0% negative)
Kaizen: A Factory Story,Common positive theme: Factory Story
Kalimba,Most discussed aspect: Difficulty (9 reviews)
Kalimba,Strongest aspect: Story (100.0% positive)
Kalimba,Most criticized aspect: Gameplay (0.0% negative)
Kalimba,Common positive theme: Kalimba
Katamari Damacy Reroll,Most discussed aspect: Gameplay (15 reviews)
Katamari Damacy Reroll,Strongest aspect: Characters (100.0% positive)
Katamari Damacy Reroll,Most criticized aspect: Level Design (25.0% negative)
Katamari Damacy Reroll,Common positive theme: Katamari Damacy Reroll
Katamari Damacy Reroll,Common negative theme: Katamari Damacy REROLL
Katana Zero,Most discussed aspect: Story (42 reviews)
Katana Zero,Strongest aspect: Graphics (90.0% positive)
Katana Zero,Most criticized aspect: Gameplay (0.0% negative)
Katana Zero,Common positive theme: Katana
Kathy Rain,Most discussed aspect: Story (11 reviews)
Kathy Rain,Strongest aspect: Level Design (100.0% positive)
Kathy Rain,Most criticized aspect: Story (0.0% negative)
Kathy Rain,Common positive theme: Kathy Rain
Kathy Rain 2: Soothsayer,Most discussed aspect: Story (7 reviews)
Kathy Rain 2: Soothsayer,Strongest aspect: Gameplay (100.0% positive)
Kathy Rain 2: Soothsayer,Most criticized aspect: Gameplay (0.0% negative)
Kathy Rain 2: Soothsayer,Common positive theme: Kathy Rain
Kaze and the Wild Masks,Most discussed aspect: Gameplay (19 reviews)
Kaze and the Wild Masks,Strongest aspect: Characters (100.0% positive)
Kaze and the Wild Masks,Most criticized aspect: Gameplay (0.0% negative)
Kaze and the Wild Masks,Common positive theme: Wild Masks
Keep Driving,Most discussed aspect: Music & Sound (5 reviews)
Keep Driving,Strongest aspect: Gameplay (100.0% positive)
Keep Driving,Most criticized aspect: Gameplay (0.0% negative)
Keep Driving,Common positive theme: Driving
Keep Talking and Nobody Explodes,Most discussed aspect: Replayability (3 reviews)
Keep Talking and Nobody Explodes,Strongest aspect: Gameplay (100.0% positive)
Keep Talking and Nobody Explodes,Most criticized aspect: Gameplay (0.0% negative)
Keep Talking and Nobody Explodes,Common positive theme: Talking
Keeper,Most discussed aspect: Gameplay (43 reviews)
Keeper,Strongest aspect: Level Design (100.0% positive)
Keeper,Most criticized aspect: Gameplay (0.0% negative)
Keeper,Common positive theme: Double Fine
Kelvin and the Infamous Machine,Most discussed aspect: Gameplay (2 reviews)
Kelvin and the Infamous Machine,Strongest aspect: Story (100.0% positive)
Kelvin and the Infamous Machine,Most criticized aspect: Gameplay (0.0% negative)
Kelvin and the Infamous Machine,Common positive theme: Infamous Machine
Kena: Bridge of Spirits,Most discussed aspect: Gameplay (77 reviews)
Kena: Bridge of Spirits,Strongest aspect: Story (80.6% positive)
Kena: Bridge of Spirits,Most criticized aspect: Gameplay (0.0% negative)
Kena: Bridge of Spirits,Common positive theme: Bridge of Spirits
Kentucky Route Zero,Most discussed aspect: Story (2 reviews)
Kentucky Route Zero,Strongest aspect: Story (100.0% positive)
Kentucky Route Zero,Most criticized aspect: Story (0.0% negative)
Kentucky Route Zero,Common positive theme: Kentucky Route
Kentucky Route Zero: The Complete Season,Most discussed aspect: Story (14 reviews)
Kentucky Route Zero: The Complete Season,Strongest aspect: Gameplay (100.0% positive)
Kentucky Route Zero: The Complete Season,Most criticized aspect: Characters (14.3% negative)
Kentucky Route Zero: The Complete Season,Common positive theme: Kentucky Route
Kentucky Route Zero: The Complete Season,Common negative theme: over-embellished text adventure
Kerbal Space Program,Most discussed aspect: Gameplay (11 reviews)
Kerbal Space Program,Strongest aspect: Level Design (100.0% positive)
Kerbal Space Program,Most criticized aspect: Gameplay (0.0% negative)
Kerbal Space Program,Common positive theme: Kerbal Space Program
Kerbal Space Program,Common negative theme: Kerbal Space Program
Keylocker | Turn Based Cyberpunk Action,Most discussed aspect: Gameplay (7 reviews)
Keylocker | Turn Based Cyberpunk Action,Strongest aspect: Graphics (100.0% positive)
Keylocker | Turn Based Cyberpunk Action,Most criticized aspect: Gameplay (0.0% negative)
Keylocker | Turn Based Cyberpunk Action,Common positive theme: Keylocker
Killer Instinct: Season 3,Most discussed aspect: Replayability (7 reviews)
Killer Instinct: Season 3,Strongest aspect: Gameplay (100.0% positive)
Killer Instinct: Season 3,Most criticized aspect: Gameplay (0.0% negative)
Killer Instinct: Season 3,Common positive theme: Killer Instinct Season
Killer Queen Black,Most discussed aspect: Gameplay (5 reviews)
Killer Queen Black,Strongest aspect: Graphics (100.0% positive)
Killer Queen Black,Most criticized aspect: Gameplay (0.0% negative)
Killer Queen Black,Common positive theme: Killer Queen Black
King's Quest - Chapter 1: A Knight to Remember,Most discussed aspect: Story (12 reviews)
King's Quest - Chapter 1: A Knight to Remember,Strongest aspect: Level Design (100.0% positive)
King's Quest - Chapter 1: A Knight to Remember,Most criticized aspect: Gameplay (12.5% negative)
King's Quest - Chapter 1: A Knight to Remember,Common positive theme: King Quest
King's Quest - Chapter 1: A Knight to Remember,Common negative theme: dreadful design decisions
King's Quest - Chapter 3: Once Upon a Climb,Most discussed aspect: Story (6 reviews)
King's Quest - Chapter 3: Once Upon a Climb,Strongest aspect: Gameplay (100.0% positive)
King's Quest - Chapter 3: Once Upon a Climb,Most criticized aspect: Gameplay (0.0% negative)
King's Quest - Chapter 3: Once Upon a Climb,Common positive theme: King Quest Chapter
Kingdom Come: Deliverance 2 - Mysteria Ecclesia,Most discussed aspect: Story (2 reviews)
Kingdom Come: Deliverance 2 - Mysteria Ecclesia,Strongest aspect: Story (100.0% positive)
Kingdom Come: Deliverance 2 - Mysteria Ecclesia,Most criticized aspect: Story (0.0% negative)
Kingdom Come: Deliverance 2 - Mysteria Ecclesia,Common positive theme: Mysteria Ecclesiae
Kingdom Come: Deliverance II,Most discussed aspect: Gameplay (54 reviews)
Kingdom Come: Deliverance II,Strongest aspect: Graphics (100.0% positive)
Kingdom Come: Deliverance II,Most criticized aspect: Performance (5.3% negative)
Kingdom Come: Deliverance II,Common positive theme: Deliverance
Kingdom Come: Deliverance II,Common negative theme: technical issues started
Kingdom Eighties,Most discussed aspect: Gameplay (4 reviews)
Kingdom Eighties,Strongest aspect: Story (100.0% positive)
Kingdom Eighties,Most criticized aspect: Gameplay (0.0% negative)
Kingdom Eighties,Common positive theme: Kingdom Eighties
Kingdom Hearts HD 1.5 + 2.5 ReMIX,Most discussed aspect: Performance (10 reviews)
Kingdom Hearts HD 1.5 + 2.5 ReMIX,Strongest aspect: Graphics (100.0% positive)
Kingdom Hearts HD 1.5 + 2.5 ReMIX,Most criticized aspect: Story (11.1% negative)
Kingdom Hearts HD 1.5 + 2.5 ReMIX,Common positive theme: Kingdom Hearts
Kingdom Hearts HD 1.5 + 2.5 ReMIX,Common negative theme: strongest selling point
Kingdom Hearts III,Most discussed aspect: Story (55 reviews)
Kingdom Hearts III,Strongest aspect: Music & Sound (100.0% positive)
Kingdom Hearts III,Most criticized aspect: Gameplay (0.0% negative)
Kingdom Hearts III,Common positive theme: Kingdom Hearts III
Kingdom Hearts III,Common negative theme: Mind on Switch
Kingdom Hearts: All-In-One Package,Most discussed aspect: Story (1 reviews)
Kingdom Hearts: All-In-One Package,Strongest aspect: Story (100.0% positive)
Kingdom Hearts: All-In-One Package,Most criticized aspect: Story (0.0% negative)
Kingdom Hearts: All-In-One Package,Common positive theme: Kingdom Hearts games
Kingdom Hearts: All-In-One Package,Common negative theme: incredibly disappointed
Kirby Air Riders,Most discussed aspect: Gameplay (30 reviews)
Kirby Air Riders,Strongest aspect: Story (100.0% positive)
Kirby Air Riders,Most criticized aspect: Gameplay (0.0% negative)
Kirby Air Riders,Common positive theme: Kirby Air Riders
Kirby Air Riders,Common negative theme: baffling Nintendo release
Kirby Triple Deluxe,Most discussed aspect: Gameplay (12 reviews)
Kirby Triple Deluxe,Strongest aspect: Graphics (100.0% positive)
Kirby Triple Deluxe,Most criticized aspect: Gameplay (0.0% negative)
Kirby Triple Deluxe,Common positive theme: Kirby Triple Deluxe
Kirby and the Forgotten Land,Most discussed aspect: Gameplay (48 reviews)
Kirby and the Forgotten Land,Strongest aspect: Story (100.0% positive)
Kirby and the Forgotten Land,Most criticized aspect: Gameplay (0.0% negative)
Kirby and the Forgotten Land,Common positive theme: Forgotten Land
Kirby and the Forgotten Land - Nintendo Switch 2 Edition + Star-Crossed World,Most discussed aspect: Replayability (28 reviews)
Kirby and the Forgotten Land - Nintendo Switch 2 Edition + Star-Crossed World,Strongest aspect: Story (100.0% positive)
Kirby and the Forgotten Land - Nintendo Switch 2 Edition + Star-Crossed World,Most criticized aspect: Gameplay (0.0% negative)
Kirby and the Forgotten Land - Nintendo Switch 2 Edition + Star-Crossed World,Common positive theme: Forgotten Land
Kirby's Return to Dream Land Deluxe,Most discussed aspect: Replayability (34 reviews)
Kirby's Return to Dream Land Deluxe,Strongest aspect: Characters (100.0% positive)
Kirby's Return to Dream Land Deluxe,Most criticized aspect: Gameplay (0.0% negative)
Kirby's Return to Dream Land Deluxe,Common positive theme: Dream Land Deluxe
Kirby's Return to Dream Land Deluxe,Common negative theme: massive Kirby fan
Kirby: Planet Robobot,Most discussed aspect: Gameplay (17 reviews)
Kirby: Planet Robobot,Strongest aspect: Graphics (100.0% positive)
Kirby: Planet Robobot,Most criticized aspect: Gameplay (0.0% negative)
Kirby: Planet Robobot,Common positive theme: Kirby Planet Robobot
Knights of Pen and Paper +1 Deluxier Edition,Most discussed aspect: Gameplay (2 reviews)
Knights of Pen and Paper +1 Deluxier Edition,Strongest aspect: Graphics (100.0% positive)
Knights of Pen and Paper +1 Deluxier Edition,Most criticized aspect: Gameplay (0.0% negative)
Knights of Pen and Paper +1 Deluxier Edition,Common positive theme: Pen and Paper
Knockout City,Most discussed aspect: Gameplay (23 reviews)
Knockout City,Strongest aspect: Music & Sound (100.0% positive)
Knockout City,Most criticized aspect: Gameplay (0.0% negative)
Knockout City,Common positive theme: Knockout City
Knockout League,Most discussed aspect: Characters (3 reviews)
Knockout League,Strongest aspect: Gameplay (100.0% positive)
Knockout League,Most criticized aspect: Gameplay (0.0% negative)
Knockout League,Common positive theme: League colourful cast
Koira,Most discussed aspect: Story (17 reviews)
Koira,Strongest aspect: Story (88.2% positive)
Koira,Most criticized aspect: Gameplay (0.0% negative)
Koira,Common positive theme: Koira
Kombinera,Most discussed aspect: Difficulty (8 reviews)
Kombinera,Strongest aspect: Gameplay (100.0% positive)
Kombinera,Most criticized aspect: Gameplay (0.0% negative)
Kombinera,Common positive theme: Kombinera
Kraino Origins,Most discussed aspect: Gameplay (4 reviews)
Kraino Origins,Strongest aspect: Gameplay (0.0% positive)
Kraino Origins,Most criticized aspect: Gameplay (0.0% negative)
Kraino Origins,Common positive theme: Kraino Origins proves
KuloNiku: Bowl Up!,Most discussed aspect: Gameplay (7 reviews)
KuloNiku: Bowl Up!,Strongest aspect: Story (100.0% positive)
KuloNiku: Bowl Up!,Most criticized aspect: Gameplay (0.0% negative)
KuloNiku: Bowl Up!,Common positive theme: Bowl
Kunitsu-Gami: Path of the Goddess,Most discussed aspect: Gameplay (51 reviews)
Kunitsu-Gami: Path of the Goddess,Strongest aspect: Graphics (100.0% positive)
Kunitsu-Gami: Path of the Goddess,Most criticized aspect: Gameplay (0.0% negative)
Kunitsu-Gami: Path of the Goddess,Common positive theme: Goddess
Kynseed,Most discussed aspect: Gameplay (2 reviews)
Kynseed,Strongest aspect: Story (100.0% positive)
Kynseed,Most criticized aspect: Gameplay (0.0% negative)
Kynseed,Common positive theme: surprisingly impactful
L.A. Noire: The VR Case Files,Most discussed aspect: Gameplay (4 reviews)
L.A. Noire: The VR Case Files,Strongest aspect: Performance (100.0% positive)
L.A. Noire: The VR Case Files,Most criticized aspect: Gameplay (0.0% negative)
L.A. Noire: The VR Case Files,Common positive theme: Case Files
LEGO Batman: Legacy of the Dark Knight,Most discussed aspect: Gameplay (51 reviews)
LEGO Batman: Legacy of the Dark Knight,Strongest aspect: Graphics (100.0% positive)
LEGO Batman: Legacy of the Dark Knight,Most criticized aspect: Gameplay (0.0% negative)
LEGO Batman: Legacy of the Dark Knight,Common positive theme: LEGO Batman
LEGO Bricktales VR,Most discussed aspect: Gameplay (2 reviews)
LEGO Bricktales VR,Strongest aspect: Gameplay (100.0% positive)
LEGO Bricktales VR,Most criticized aspect: Gameplay (0.0% negative)
LEGO Bricktales VR,Common positive theme: LEGO Bricktales
LEGO Marvel Super Heroes,Most discussed aspect: Replayability (8 reviews)
LEGO Marvel Super Heroes,Strongest aspect: Gameplay (100.0% positive)
LEGO Marvel Super Heroes,Most criticized aspect: Gameplay (0.0% negative)
LEGO Marvel Super Heroes,Common positive theme: Marvel Super Heroes
LISA: Definitive Edition,Most discussed aspect: Story (8 reviews)
LISA: Definitive Edition,Strongest aspect: Music & Sound (100.0% positive)
LISA: Definitive Edition,Most criticized aspect: Gameplay (0.0% negative)
LISA: Definitive Edition,Common positive theme: Definitive Edition
LOK Digital,Most discussed aspect: Gameplay (1 reviews)
LOK Digital,Strongest aspect: Gameplay (100.0% positive)
LOK Digital,Most criticized aspect: Gameplay (0.0% negative)
LOK Digital,Common positive theme: LOK Digital
La-Mulana 2,Most discussed aspect: Difficulty (8 reviews)
La-Mulana 2,Strongest aspect: Graphics (100.0% positive)
La-Mulana 2,Most criticized aspect: Gameplay (0.0% negative)
La-Mulana 2,Common positive theme: La-Mulana
Labyrinth of Galleria: The Moon Society,Most discussed aspect: Gameplay (11 reviews)
Labyrinth of Galleria: The Moon Society,Strongest aspect: Graphics (100.0% positive)
Labyrinth of Galleria: The Moon Society,Most criticized aspect: Gameplay (0.0% negative)
Labyrinth of Galleria: The Moon Society,Common positive theme: Labyrinth of Galleria
Lacuna - A Sci-Fi Noir Adventure,Most discussed aspect: Story (11 reviews)
Lacuna - A Sci-Fi Noir Adventure,Strongest aspect: Graphics (100.0% positive)
Lacuna - A Sci-Fi Noir Adventure,Most criticized aspect: Gameplay (0.0% negative)
Lacuna - A Sci-Fi Noir Adventure,Common positive theme: Lacuna
Lair of the Clockwork God,Most discussed aspect: Gameplay (7 reviews)
Lair of the Clockwork God,Strongest aspect: Gameplay (57.1% positive)
Lair of the Clockwork God,Most criticized aspect: Gameplay (0.0% negative)
Lair of the Clockwork God,Common positive theme: Clockwork God
Land of the Vikings,Most discussed aspect: Gameplay (2 reviews)
Land of the Vikings,Strongest aspect: Graphics (100.0% positive)
Land of the Vikings,Most criticized aspect: Gameplay (0.0% negative)
Land of the Vikings,Common positive theme: survival colony sim
Lara Croft Go,Most discussed aspect: Gameplay (8 reviews)
Lara Croft Go,Strongest aspect: Graphics (100.0% positive)
Lara Croft Go,Most criticized aspect: Gameplay (0.0% negative)
Lara Croft Go,Common positive theme: Lara Croft
Laser League,Most discussed aspect: Difficulty (13 reviews)
Laser League,Strongest aspect: Characters (100.0% positive)
Laser League,Most criticized aspect: Gameplay (0.0% negative)
Laser League,Common positive theme: Laser League
Last Epoch,Most discussed aspect: Story (7 reviews)
Last Epoch,Strongest aspect: Level Design (100.0% positive)
Last Epoch,Most criticized aspect: Gameplay (0.0% negative)
Last Epoch,Common positive theme: Epoch
Later Alligator,Most discussed aspect: Graphics (2 reviews)
Later Alligator,Strongest aspect: Graphics (100.0% positive)
Later Alligator,Most criticized aspect: Graphics (0.0% negative)
Later Alligator,Common positive theme: murder mystery
League of Legends,Most discussed aspect: Characters (2 reviews)
League of Legends,Strongest aspect: Characters (100.0% positive)
League of Legends,Most criticized aspect: Characters (0.0% negative)
League of Legends,Common positive theme: League of Legends
Legend of Grimrock II,Most discussed aspect: Gameplay (3 reviews)
Legend of Grimrock II,Strongest aspect: Gameplay (66.7% positive)
Legend of Grimrock II,Most criticized aspect: Gameplay (0.0% negative)
Legend of Grimrock II,Common positive theme: Grimrock
Legends of Runeterra,Most discussed aspect: Gameplay (3 reviews)
Legends of Runeterra,Strongest aspect: Gameplay (100.0% positive)
Legends of Runeterra,Most criticized aspect: Gameplay (0.0% negative)
Legends of Runeterra,Common positive theme: Legends of Runeterra
Lego Dimensions: Ghostbusters Story Pack,Most discussed aspect: Story (5 reviews)
Lego Dimensions: Ghostbusters Story Pack,Strongest aspect: Level Design (100.0% positive)
Lego Dimensions: Ghostbusters Story Pack,Most criticized aspect: Story (0.0% negative)
Lego Dimensions: Ghostbusters Story Pack,Common positive theme: Ghostbusters Story Pack
Lego Star Wars: The Skywalker Saga,Most discussed aspect: Gameplay (56 reviews)
Lego Star Wars: The Skywalker Saga,Strongest aspect: Characters (100.0% positive)
Lego Star Wars: The Skywalker Saga,Most criticized aspect: Gameplay (1.8% negative)
Lego Star Wars: The Skywalker Saga,Common positive theme: LEGO Star Wars
Lego Star Wars: The Skywalker Saga,Common negative theme: cover shooting
Let's Build a Zoo,Most discussed aspect: Gameplay (8 reviews)
Let's Build a Zoo,Strongest aspect: Music & Sound (100.0% positive)
Let's Build a Zoo,Most criticized aspect: Gameplay (0.0% negative)
Let's Build a Zoo,Common positive theme: Build a Zoo
Let's! Revolution!,Most discussed aspect: Gameplay (7 reviews)
Let's! Revolution!,Strongest aspect: Level Design (100.0% positive)
Let's! Revolution!,Most criticized aspect: Gameplay (0.0% negative)
Let's! Revolution!,Common positive theme: game
Lethal League Blaze,Most discussed aspect: Gameplay (4 reviews)
Lethal League Blaze,Strongest aspect: Replayability (100.0% positive)
Lethal League Blaze,Most criticized aspect: Gameplay (0.0% negative)
Lethal League Blaze,Common positive theme: Lethal League Blaze
Levelhead,Most discussed aspect: Level Design (6 reviews)
Levelhead,Strongest aspect: Difficulty (100.0% positive)
Levelhead,Most criticized aspect: Gameplay (0.0% negative)
Levelhead,Common positive theme: Levelhead
Lies of P,Most discussed aspect: Gameplay (73 reviews)
Lies of P,Strongest aspect: Characters (100.0% positive)
Lies of P,Most criticized aspect: Gameplay (0.0% negative)
Lies of P,Common positive theme: Lies
Lies of P,Common negative theme: facsimile of Bloodborne
Lies of P: Overture,Most discussed aspect: Story (19 reviews)
Lies of P: Overture,Strongest aspect: Gameplay (100.0% positive)
Lies of P: Overture,Most criticized aspect: Gameplay (0.0% negative)
Lies of P: Overture,Common positive theme: Lies
Life is Strange - Season One,Most discussed aspect: Story (11 reviews)
Life is Strange - Season One,Strongest aspect: Story (72.7% positive)
Life is Strange - Season One,Most criticized aspect: Gameplay (0.0% negative)
Life is Strange - Season One,Common positive theme: Life is Strange
Life is Strange 2 - Episode 5 : Wolves,Most discussed aspect: Story (6 reviews)
Life is Strange 2 - Episode 5 : Wolves,Strongest aspect: Story (50.0% positive)
Life is Strange 2 - Episode 5 : Wolves,Most criticized aspect: Story (0.0% negative)
Life is Strange 2 - Episode 5 : Wolves,Common positive theme: Life Is Strange
Life is Strange: Episode 4 - Dark Room,Most discussed aspect: Story (16 reviews)
Life is Strange: Episode 4 - Dark Room,Strongest aspect: Graphics (100.0% positive)
Life is Strange: Episode 4 - Dark Room,Most criticized aspect: Gameplay (0.0% negative)
Life is Strange: Episode 4 - Dark Room,Common positive theme: Life Is Strange
Life is Strange: Episode 5 - Polarized,Most discussed aspect: Story (10 reviews)
Life is Strange: Episode 5 - Polarized,Strongest aspect: Gameplay (100.0% positive)
Life is Strange: Episode 5 - Polarized,Most criticized aspect: Gameplay (0.0% negative)
Life is Strange: Episode 5 - Polarized,Common positive theme: Life is Strange
Life is Strange: True Colors,Most discussed aspect: Story (81 reviews)
Life is Strange: True Colors,Strongest aspect: Music & Sound (83.3% positive)
Life is Strange: True Colors,Most criticized aspect: Gameplay (0.0% negative)
Life is Strange: True Colors,Common positive theme: True Colors
Life is Strange: True Colors,Common negative theme: rushed episodic released
Life is Strange: True Colors - Wavelengths,Most discussed aspect: Story (8 reviews)
Life is Strange: True Colors - Wavelengths,Strongest aspect: Story (62.5% positive)
Life is Strange: True Colors - Wavelengths,Most criticized aspect: Gameplay (0.0% negative)
Life is Strange: True Colors - Wavelengths,Common positive theme: Life is Strange
Like A Dragon: Infinite Wealth,Most discussed aspect: Story (73 reviews)
Like A Dragon: Infinite Wealth,Strongest aspect: Level Design (100.0% positive)
Like A Dragon: Infinite Wealth,Most criticized aspect: Gameplay (0.0% negative)
Like A Dragon: Infinite Wealth,Common positive theme: Infinite Wealth
Like a Dragon: Ishin!,Most discussed aspect: Gameplay (49 reviews)
Like a Dragon: Ishin!,Strongest aspect: Replayability (83.3% positive)
Like a Dragon: Ishin!,Most criticized aspect: Gameplay (0.0% negative)
Like a Dragon: Ishin!,Common positive theme: Dragon Ishin
Like a Dragon: Pirate Yakuza in Hawaii,Most discussed aspect: Gameplay (54 reviews)
Like a Dragon: Pirate Yakuza in Hawaii,Strongest aspect: Graphics (100.0% positive)
Like a Dragon: Pirate Yakuza in Hawaii,Most criticized aspect: Gameplay (1.9% negative)
Like a Dragon: Pirate Yakuza in Hawaii,Common positive theme: Pirate Yakuza
Like a Dragon: Pirate Yakuza in Hawaii,Common negative theme: Pirate Yakuza combat
Lil Gator Game,Most discussed aspect: Story (11 reviews)
Lil Gator Game,Strongest aspect: Graphics (100.0% positive)
Lil Gator Game,Most criticized aspect: Gameplay (0.0% negative)
Lil Gator Game,Common positive theme: Lil Gator Game
Lil Guardsman,Most discussed aspect: Story (11 reviews)
Lil Guardsman,Strongest aspect: Gameplay (100.0% positive)
Lil Guardsman,Most criticized aspect: Gameplay (0.0% negative)
Lil Guardsman,Common positive theme: Lil Guardsman
Linelight,Most discussed aspect: Gameplay (4 reviews)
Linelight,Strongest aspect: Gameplay (100.0% positive)
Linelight,Most criticized aspect: Gameplay (0.0% negative)
Linelight,Common positive theme: Linelight
Little Goody Two Shoes,Most discussed aspect: Story (10 reviews)
Little Goody Two Shoes,Strongest aspect: Graphics (100.0% positive)
Little Goody Two Shoes,Most criticized aspect: Gameplay (0.0% negative)
Little Goody Two Shoes,Common positive theme: Goody Two Shoes
Little Nightmares II,Most discussed aspect: Gameplay (59 reviews)
Little Nightmares II,Strongest aspect: Performance (100.0% positive)
Little Nightmares II,Most criticized aspect: Level Design (10.0% negative)
Little Nightmares II,Common positive theme: Nightmares
Little Nightmares II,Common negative theme: Tarsier Studios' original
Little Noah: Scion of Paradise,Most discussed aspect: Gameplay (6 reviews)
Little Noah: Scion of Paradise,Strongest aspect: Graphics (100.0% positive)
Little Noah: Scion of Paradise,Most criticized aspect: Gameplay (0.0% negative)
Little Noah: Scion of Paradise,Common positive theme: Cygames' roguelite action
Little Rocket Lab,Most discussed aspect: Difficulty (3 reviews)
Little Rocket Lab,Strongest aspect: Characters (100.0% positive)
Little Rocket Lab,Most criticized aspect: Characters (0.0% negative)
Little Rocket Lab,Common positive theme: Rocket Lab
Littlewood,Most discussed aspect: Gameplay (6 reviews)
Littlewood,Strongest aspect: Characters (100.0% positive)
Littlewood,Most criticized aspect: Gameplay (0.0% negative)
Littlewood,Common positive theme: Littlewood
Live A Live,Most discussed aspect: Gameplay (33 reviews)
Live A Live,Strongest aspect: Level Design (100.0% positive)
Live A Live,Most criticized aspect: Gameplay (0.0% negative)
Live A Live,Common positive theme: Live A Live
Live A Live,Common negative theme: RPG groove
Llamasoft: The Jeff Minter Story,Most discussed aspect: Story (21 reviews)
Llamasoft: The Jeff Minter Story,Strongest aspect: Gameplay (100.0% positive)
Llamasoft: The Jeff Minter Story,Most criticized aspect: Story (4.8% negative)
Llamasoft: The Jeff Minter Story,Common positive theme: Jeff Minter Story
Llamasoft: The Jeff Minter Story,Common negative theme: video game preservation
Loddlenaut,Most discussed aspect: Gameplay (8 reviews)
Loddlenaut,Strongest aspect: Story (100.0% positive)
Loddlenaut,Most criticized aspect: Gameplay (0.0% negative)
Loddlenaut,Common positive theme: Loddlenaut
Lone Echo,Most discussed aspect: Gameplay (7 reviews)
Lone Echo,Strongest aspect: Gameplay (100.0% positive)
Lone Echo,Most criticized aspect: Gameplay (0.0% negative)
Lone Echo,Common positive theme: Lone Echo
Lone Echo II,Most discussed aspect: Graphics (3 reviews)
Lone Echo II,Strongest aspect: Story (100.0% positive)
Lone Echo II,Most criticized aspect: Gameplay (0.0% negative)
Lone Echo II,Common positive theme: Lone Echo
Lone Survivor,Most discussed aspect: Story (6 reviews)
Lone Survivor,Strongest aspect: Graphics (100.0% positive)
Lone Survivor,Most criticized aspect: Gameplay (0.0% negative)
Lone Survivor,Common positive theme: Lone Survivor
Lonely Mountains: Downhill,Most discussed aspect: Gameplay (9 reviews)
Lonely Mountains: Downhill,Strongest aspect: Graphics (100.0% positive)
Lonely Mountains: Downhill,Most criticized aspect: Gameplay (0.0% negative)
Lonely Mountains: Downhill,Common positive theme: Lonely Mountains
Lonely Mountains: Snow Riders,Most discussed aspect: Gameplay (7 reviews)
Lonely Mountains: Snow Riders,Strongest aspect: Gameplay (100.0% positive)
Lonely Mountains: Snow Riders,Most criticized aspect: Gameplay (0.0% negative)
Lonely Mountains: Snow Riders,Common positive theme: Snow Riders
Long Live The Queen,Most discussed aspect: Gameplay (3 reviews)
Long Live The Queen,Strongest aspect: Characters (100.0% positive)
Long Live The Queen,Most criticized aspect: Gameplay (0.0% negative)
Long Live The Queen,Common positive theme: Long Live
Look Outside,Most discussed aspect: Gameplay (7 reviews)
Look Outside,Strongest aspect: Story (100.0% positive)
Look Outside,Most criticized aspect: Gameplay (0.0% negative)
Look Outside,Common positive theme: moody horror RPG
Loop Hero,Most discussed aspect: Gameplay (28 reviews)
Loop Hero,Strongest aspect: Level Design (100.0% positive)
Loop Hero,Most criticized aspect: Gameplay (0.0% negative)
Loop Hero,Common positive theme: Loop Hero
Loop Hero,Common negative theme: Loop Hero
Lorelei and the Laser Eyes,Most discussed aspect: Story (22 reviews)
Lorelei and the Laser Eyes,Strongest aspect: Gameplay (100.0% positive)
Lorelei and the Laser Eyes,Most criticized aspect: Gameplay (0.0% negative)
Lorelei and the Laser Eyes,Common positive theme: Laser Eyes
Lost Ark,Most discussed aspect: Gameplay (22 reviews)
Lost Ark,Strongest aspect: Characters (100.0% positive)
Lost Ark,Most criticized aspect: Gameplay (0.0% negative)
Lost Ark,Common positive theme: Lost Ark
Lost Judgment,Most discussed aspect: Story (73 reviews)
Lost Judgment,Strongest aspect: Graphics (100.0% positive)
Lost Judgment,Most criticized aspect: Gameplay (0.0% negative)
Lost Judgment,Common positive theme: Lost Judgment
Lost and Found Co.,Most discussed aspect: Story (8 reviews)
Lost and Found Co.,Strongest aspect: Story (100.0% positive)
Lost and Found Co.,Most criticized aspect: Gameplay (0.0% negative)
Lost and Found Co.,Common positive theme: Lost and Found
Lost in Play,Most discussed aspect: Graphics (9 reviews)
Lost in Play,Strongest aspect: Level Design (100.0% positive)
Lost in Play,Most criticized aspect: Gameplay (0.0% negative)
Lost in Play,Common positive theme: Lost In Play
Lost in Random: The Eternal Die,Most discussed aspect: Gameplay (28 reviews)
Lost in Random: The Eternal Die,Strongest aspect: Level Design (100.0% positive)
Lost in Random: The Eternal Die,Most criticized aspect: Gameplay (0.0% negative)
Lost in Random: The Eternal Die,Common positive theme: Eternal Die
"Love, Ghostie",Most discussed aspect: Characters (4 reviews)
"Love, Ghostie",Strongest aspect: Graphics (100.0% positive)
"Love, Ghostie",Most criticized aspect: Story (0.0% negative)
"Love, Ghostie",Common positive theme: Ghostie
Lovers in a Dangerous Spacetime,Most discussed aspect: Gameplay (8 reviews)
Lovers in a Dangerous Spacetime,Strongest aspect: Story (100.0% positive)
Lovers in a Dangerous Spacetime,Most criticized aspect: Gameplay (0.0% negative)
Lovers in a Dangerous Spacetime,Common positive theme: Dangerous Spacetime
Lovish,Most discussed aspect: Gameplay (5 reviews)
Lovish,Strongest aspect: Story (100.0% positive)
Lovish,Most criticized aspect: Gameplay (0.0% negative)
Lovish,Common positive theme: Lovish
Lucy Dreaming,Most discussed aspect: Story (5 reviews)
Lucy Dreaming,Strongest aspect: Gameplay (100.0% positive)
Lucy Dreaming,Most criticized aspect: Gameplay (0.0% negative)
Lucy Dreaming,Common positive theme: Lucy Dreaming
Luftrausers,Most discussed aspect: Gameplay (11 reviews)
Luftrausers,Strongest aspect: Performance (100.0% positive)
Luftrausers,Most criticized aspect: Gameplay (0.0% negative)
Luftrausers,Common positive theme: Luftrausers
Luigi's Mansion 3,Most discussed aspect: Gameplay (27 reviews)
Luigi's Mansion 3,Strongest aspect: Story (100.0% positive)
Luigi's Mansion 3,Most criticized aspect: Graphics (10.0% negative)
Luigi's Mansion 3,Common positive theme: Luigi Mansion
Luigi's Mansion 3,Common negative theme: Luigi ’s Mansion
Lumines Arise,Most discussed aspect: Music & Sound (25 reviews)
Lumines Arise,Strongest aspect: Story (100.0% positive)
Lumines Arise,Most criticized aspect: Gameplay (0.0% negative)
Lumines Arise,Common positive theme: Lumines Arise
Lumines Remastered,Most discussed aspect: Gameplay (10 reviews)
Lumines Remastered,Strongest aspect: Graphics (100.0% positive)
Lumines Remastered,Most criticized aspect: Gameplay (0.0% negative)
Lumines Remastered,Common positive theme: Lumines Remastered
Luna Abyss,Most discussed aspect: Gameplay (24 reviews)
Luna Abyss,Strongest aspect: Characters (100.0% positive)
Luna Abyss,Most criticized aspect: Gameplay (0.0% negative)
Luna Abyss,Common positive theme: Luna Abyss
Lunacid,Most discussed aspect: Gameplay (1 reviews)
Lunacid,Strongest aspect: Gameplay (100.0% positive)
Lunacid,Most criticized aspect: Gameplay (0.0% negative)
Lunacid,Common positive theme: successfully introducing modern
Lunar Remastered Collection,Most discussed aspect: Characters (17 reviews)
Lunar Remastered Collection,Strongest aspect: Level Design (100.0% positive)
Lunar Remastered Collection,Most criticized aspect: Gameplay (0.0% negative)
Lunar Remastered Collection,Common positive theme: Lunar Remastered Collection
Luto,Most discussed aspect: Story (14 reviews)
Luto,Strongest aspect: Difficulty (85.7% positive)
Luto,Most criticized aspect: Gameplay (0.0% negative)
Luto,Common positive theme: Luto
MARVEL Cosmic Invasion,Most discussed aspect: Gameplay (43 reviews)
MARVEL Cosmic Invasion,Strongest aspect: Performance (100.0% positive)
MARVEL Cosmic Invasion,Most criticized aspect: Gameplay (0.0% negative)
MARVEL Cosmic Invasion,Common positive theme: Marvel Cosmic Invasion
MARVEL Cosmic Invasion,Common negative theme: price is frigging
MIO: Memories in Orbit,Most discussed aspect: Gameplay (62 reviews)
MIO: Memories in Orbit,Strongest aspect: Level Design (100.0% positive)
MIO: Memories in Orbit,Most criticized aspect: Difficulty (4.8% negative)
MIO: Memories in Orbit,Common positive theme: Memories in Orbit
MIO: Memories in Orbit,Common negative theme: extremely demanding Metroidvania
MLB 14: The Show,Most discussed aspect: Gameplay (2 reviews)
MLB 14: The Show,Strongest aspect: Gameplay (100.0% positive)
MLB 14: The Show,Most criticized aspect: Gameplay (0.0% negative)
MLB 14: The Show,Common positive theme: Show
MLB 15: The Show,Most discussed aspect: Gameplay (5 reviews)
MLB 15: The Show,Strongest aspect: Gameplay (100.0% positive)
MLB 15: The Show,Most criticized aspect: Gameplay (0.0% negative)
MLB 15: The Show,Common positive theme: Show
MLB 16: The Show,Most discussed aspect: Gameplay (5 reviews)
MLB 16: The Show,Strongest aspect: Gameplay (100.0% positive)
MLB 16: The Show,Most criticized aspect: Gameplay (0.0% negative)
MLB 16: The Show,Common positive theme: MLB The Show
MLB 17: The Show,Most discussed aspect: Replayability (6 reviews)
MLB 17: The Show,Strongest aspect: Graphics (100.0% positive)
MLB 17: The Show,Most criticized aspect: Gameplay (0.0% negative)
MLB 17: The Show,Common positive theme: MLB The Show
MLB 18: The Show,Most discussed aspect: Gameplay (11 reviews)
MLB 18: The Show,Strongest aspect: Graphics (100.0% positive)
MLB 18: The Show,Most criticized aspect: Gameplay (0.0% negative)
MLB 18: The Show,Common positive theme: MLB The Show
MLB 19: The Show,Most discussed aspect: Gameplay (7 reviews)
MLB 19: The Show,Strongest aspect: Level Design (100.0% positive)
MLB 19: The Show,Most criticized aspect: Gameplay (0.0% negative)
MLB 19: The Show,Common positive theme: MLB The Show
MLB The Show 20,Most discussed aspect: Gameplay (12 reviews)
MLB The Show 20,Strongest aspect: Graphics (100.0% positive)
MLB The Show 20,Most criticized aspect: Gameplay (0.0% negative)
MLB The Show 20,Common positive theme: MLB The Show
MLB The Show 23,Most discussed aspect: Gameplay (14 reviews)
MLB The Show 23,Strongest aspect: Story (100.0% positive)
MLB The Show 23,Most criticized aspect: Gameplay (0.0% negative)
MLB The Show 23,Common positive theme: MLB The Show
MLB The Show 25,Most discussed aspect: Gameplay (17 reviews)
MLB The Show 25,Strongest aspect: Story (100.0% positive)
MLB The Show 25,Most criticized aspect: Gameplay (0.0% negative)
MLB The Show 25,Common positive theme: MLB The Show
MOTHERGUNSHIP: FORGE,Most discussed aspect: Graphics (2 reviews)
MOTHERGUNSHIP: FORGE,Strongest aspect: Gameplay (100.0% positive)
MOTHERGUNSHIP: FORGE,Most criticized aspect: Gameplay (0.0% negative)
MOTHERGUNSHIP: FORGE,Common positive theme: Forge
MOUSE: P.I. For Hire,Most discussed aspect: Gameplay (67 reviews)
MOUSE: P.I. For Hire,Strongest aspect: Characters (100.0% positive)
MOUSE: P.I. For Hire,Most criticized aspect: Gameplay (0.0% negative)
MOUSE: P.I. For Hire,Common positive theme: Hire
MOUSE: P.I. For Hire,Common negative theme: entertainingly made game
MULLET MADJACK,Most discussed aspect: Gameplay (19 reviews)
MULLET MADJACK,Strongest aspect: Gameplay (100.0% positive)
MULLET MADJACK,Most criticized aspect: Gameplay (0.0% negative)
MULLET MADJACK,Common positive theme: Mullet Madjack
Madden NFL 15,Most discussed aspect: Gameplay (9 reviews)
Madden NFL 15,Strongest aspect: Graphics (100.0% positive)
Madden NFL 15,Most criticized aspect: Gameplay (0.0% negative)
Madden NFL 15,Common positive theme: Madden NFL
Madden NFL 16,Most discussed aspect: Gameplay (17 reviews)
Madden NFL 16,Strongest aspect: Gameplay (100.0% positive)
Madden NFL 16,Most criticized aspect: Gameplay (0.0% negative)
Madden NFL 16,Common positive theme: Madden NFL
Madden NFL 17,Most discussed aspect: Gameplay (18 reviews)
Madden NFL 17,Strongest aspect: Graphics (100.0% positive)
Madden NFL 17,Most criticized aspect: Gameplay (0.0% negative)
Madden NFL 17,Common positive theme: Madden NFL
Madden NFL 18,Most discussed aspect: Gameplay (17 reviews)
Madden NFL 18,Strongest aspect: Graphics (100.0% positive)
Madden NFL 18,Most criticized aspect: Gameplay (0.0% negative)
Madden NFL 18,Common positive theme: Madden NFL
Magic: The Gathering Arena,Most discussed aspect: Gameplay (10 reviews)
Magic: The Gathering Arena,Strongest aspect: Story (100.0% positive)
Magic: The Gathering Arena,Most criticized aspect: Gameplay (0.0% negative)
Magic: The Gathering Arena,Common positive theme: Gathering Arena
Maldita Castilla EX - Cursed Castile,Most discussed aspect: Gameplay (7 reviews)
Maldita Castilla EX - Cursed Castile,Strongest aspect: Gameplay (100.0% positive)
Maldita Castilla EX - Cursed Castile,Most criticized aspect: Gameplay (0.0% negative)
Maldita Castilla EX - Cursed Castile,Common positive theme: Cursed Castilla
Manifold Garden,Most discussed aspect: Graphics (11 reviews)
Manifold Garden,Strongest aspect: Story (100.0% positive)
Manifold Garden,Most criticized aspect: Gameplay (0.0% negative)
Manifold Garden,Common positive theme: Manifold Garden
Many Nights a Whisper,Most discussed aspect: Story (3 reviews)
Many Nights a Whisper,Strongest aspect: Gameplay (100.0% positive)
Many Nights a Whisper,Most criticized aspect: Gameplay (0.0% negative)
Many Nights a Whisper,Common positive theme: Nights A Whisper
Marathon,Most discussed aspect: Gameplay (36 reviews)
Marathon,Strongest aspect: Characters (100.0% positive)
Marathon,Most criticized aspect: Gameplay (0.0% negative)
Marathon,Common positive theme: Marathon
Mario & Luigi: Bowser's Inside Story + Bowser Jr.'s Journey,Most discussed aspect: Story (18 reviews)
Mario & Luigi: Bowser's Inside Story + Bowser Jr.'s Journey,Strongest aspect: Gameplay (100.0% positive)
Mario & Luigi: Bowser's Inside Story + Bowser Jr.'s Journey,Most criticized aspect: Gameplay (0.0% negative)
Mario & Luigi: Bowser's Inside Story + Bowser Jr.'s Journey,Common positive theme: Bowser Inside Story
Mario & Luigi: Superstar Saga + Bowser's Minions,Most discussed aspect: Story (11 reviews)
Mario & Luigi: Superstar Saga + Bowser's Minions,Strongest aspect: Story (100.0% positive)
Mario & Luigi: Superstar Saga + Bowser's Minions,Most criticized aspect: Gameplay (0.0% negative)
Mario & Luigi: Superstar Saga + Bowser's Minions,Common positive theme: Superstar Saga
Mario + Rabbids: Kingdom Battle,Most discussed aspect: Gameplay (37 reviews)
Mario + Rabbids: Kingdom Battle,Strongest aspect: Story (100.0% positive)
Mario + Rabbids: Kingdom Battle,Most criticized aspect: Gameplay (0.0% negative)
Mario + Rabbids: Kingdom Battle,Common positive theme: Rabbids Kingdom Battle
Mario + Rabbids: Kingdom Battle - Donkey Kong Adventure,Most discussed aspect: Characters (6 reviews)
Mario + Rabbids: Kingdom Battle - Donkey Kong Adventure,Strongest aspect: Gameplay (100.0% positive)
Mario + Rabbids: Kingdom Battle - Donkey Kong Adventure,Most criticized aspect: Gameplay (0.0% negative)
Mario + Rabbids: Kingdom Battle - Donkey Kong Adventure,Common positive theme: Donkey Kong Adventure
Mario + Rabbids: Sparks of Hope,Most discussed aspect: Gameplay (47 reviews)
Mario + Rabbids: Sparks of Hope,Strongest aspect: Graphics (100.0% positive)
Mario + Rabbids: Sparks of Hope,Most criticized aspect: Gameplay (0.0% negative)
Mario + Rabbids: Sparks of Hope,Common positive theme: Sparks of Hope
Mario Kart 8,Most discussed aspect: Gameplay (14 reviews)
Mario Kart 8,Strongest aspect: Music & Sound (100.0% positive)
Mario Kart 8,Most criticized aspect: Gameplay (0.0% negative)
Mario Kart 8,Common positive theme: Mario Kart
Mario Kart 8 DLC Pack 1,Most discussed aspect: Replayability (2 reviews)
Mario Kart 8 DLC Pack 1,Strongest aspect: Graphics (100.0% positive)
Mario Kart 8 DLC Pack 1,Most criticized aspect: Graphics (0.0% negative)
Mario Kart 8 DLC Pack 1,Common positive theme: limp Battle mode
Mario Kart 8 DLC Pack 2,Most discussed aspect: Replayability (4 reviews)
Mario Kart 8 DLC Pack 2,Strongest aspect: Graphics (100.0% positive)
Mario Kart 8 DLC Pack 2,Most criticized aspect: Graphics (0.0% negative)
Mario Kart 8 DLC Pack 2,Common positive theme: Mario Kart
Mario Kart 8 Deluxe,Most discussed aspect: Replayability (28 reviews)
Mario Kart 8 Deluxe,Strongest aspect: Gameplay (100.0% positive)
Mario Kart 8 Deluxe,Most criticized aspect: Gameplay (0.0% negative)
Mario Kart 8 Deluxe,Common positive theme: Mario Kart
Mario Kart World,Most discussed aspect: Gameplay (32 reviews)
Mario Kart World,Strongest aspect: Story (100.0% positive)
Mario Kart World,Most criticized aspect: Gameplay (0.0% negative)
Mario Kart World,Common positive theme: Mario Kart World
Mark of the Ninja: Remastered,Most discussed aspect: Gameplay (5 reviews)
Mark of the Ninja: Remastered,Strongest aspect: Gameplay (100.0% positive)
Mark of the Ninja: Remastered,Most criticized aspect: Gameplay (0.0% negative)
Mark of the Ninja: Remastered,Common positive theme: Ninja Remastered
Marvel Heroes 2015,Most discussed aspect: Characters (3 reviews)
Marvel Heroes 2015,Strongest aspect: Story (100.0% positive)
Marvel Heroes 2015,Most criticized aspect: Story (0.0% negative)
Marvel Heroes 2015,Common positive theme: Marvel Heroes
Marvel Snap,Most discussed aspect: Gameplay (6 reviews)
Marvel Snap,Strongest aspect: Graphics (100.0% positive)
Marvel Snap,Most criticized aspect: Gameplay (0.0% negative)
Marvel Snap,Common positive theme: Marvel Snap
Marvel vs. Capcom Fighting Collection: Arcade Classics,Most discussed aspect: Gameplay (9 reviews)
Marvel vs. Capcom Fighting Collection: Arcade Classics,Strongest aspect: Characters (100.0% positive)
Marvel vs. Capcom Fighting Collection: Arcade Classics,Most criticized aspect: Gameplay (0.0% negative)
Marvel vs. Capcom Fighting Collection: Arcade Classics,Common positive theme: Capcom Fighting Collection
Marvel's Ant-Man Pinball,Most discussed aspect: Characters (2 reviews)
Marvel's Ant-Man Pinball,Strongest aspect: Story (100.0% positive)
Marvel's Ant-Man Pinball,Most criticized aspect: Story (0.0% negative)
Marvel's Ant-Man Pinball,Common positive theme: learning curve
Marvel's Midnight Suns,Most discussed aspect: Gameplay (61 reviews)
Marvel's Midnight Suns,Strongest aspect: Graphics (100.0% positive)
Marvel's Midnight Suns,Most criticized aspect: Gameplay (3.3% negative)
Marvel's Midnight Suns,Common positive theme: Marvel Midnight Suns
Marvel's Midnight Suns,Common negative theme: true genre great
Marvel's Spider-Man,Most discussed aspect: Story (51 reviews)
Marvel's Spider-Man,Strongest aspect: Level Design (100.0% positive)
Marvel's Spider-Man,Most criticized aspect: Gameplay (0.0% negative)
Marvel's Spider-Man,Common positive theme: Marvel Spider-Man
Marvel's Spider-Man 2,Most discussed aspect: Story (86 reviews)
Marvel's Spider-Man 2,Strongest aspect: Music & Sound (100.0% positive)
Marvel's Spider-Man 2,Most criticized aspect: Level Design (9.1% negative)
Marvel's Spider-Man 2,Common positive theme: Marvel Spider-Man
Marvel's Spider-Man 2,Common negative theme: old-fashioned open world
Marvel's Spider-Man: Miles Morales,Most discussed aspect: Story (73 reviews)
Marvel's Spider-Man: Miles Morales,Strongest aspect: Graphics (100.0% positive)
Marvel's Spider-Man: Miles Morales,Most criticized aspect: Gameplay (0.0% negative)
Marvel's Spider-Man: Miles Morales,Common positive theme: Miles Morales
Marvel's Spider-Man: Remastered,Most discussed aspect: Gameplay (18 reviews)
Marvel's Spider-Man: Remastered,Strongest aspect: Level Design (100.0% positive)
Marvel's Spider-Man: Remastered,Most criticized aspect: Gameplay (0.0% negative)
Marvel's Spider-Man: Remastered,Common positive theme: Marvel Spider-Man Remastered
Mass Effect Legendary Edition,Most discussed aspect: Story (21 reviews)
Mass Effect Legendary Edition,Strongest aspect: Level Design (100.0% positive)
Mass Effect Legendary Edition,Most criticized aspect: Gameplay (0.0% negative)
Mass Effect Legendary Edition,Common positive theme: Mass Effect Legendary
Max Mustard,Most discussed aspect: Gameplay (5 reviews)
Max Mustard,Strongest aspect: Story (100.0% positive)
Max Mustard,Most criticized aspect: Gameplay (0.0% negative)
Max Mustard,Common positive theme: Max Mustard
Max Payne 3,Most discussed aspect: Gameplay (3 reviews)
Max Payne 3,Strongest aspect: Gameplay (100.0% positive)
Max Payne 3,Most criticized aspect: Story (33.3% negative)
Max Payne 3,Common positive theme: Max Payne
Max Payne 3,Common negative theme: Max Payne
Mega City Police,Most discussed aspect: Gameplay (2 reviews)
Mega City Police,Strongest aspect: Music & Sound (100.0% positive)
Mega City Police,Most criticized aspect: Gameplay (0.0% negative)
Mega City Police,Common positive theme: Mega City Police
Mega Man 11,Most discussed aspect: Gameplay (30 reviews)
Mega Man 11,Strongest aspect: Characters (100.0% positive)
Mega Man 11,Most criticized aspect: Music & Sound (16.7% negative)
Mega Man 11,Common positive theme: Mega Man
Mega Man 11,Common negative theme: Mega Man
Mega Man X Legacy Collection,Most discussed aspect: Gameplay (6 reviews)
Mega Man X Legacy Collection,Strongest aspect: Level Design (100.0% positive)
Mega Man X Legacy Collection,Most criticized aspect: Gameplay (0.0% negative)
Mega Man X Legacy Collection,Common positive theme: Mega Man
Mega Man X Legacy Collection 1+2,Most discussed aspect: Gameplay (3 reviews)
Mega Man X Legacy Collection 1+2,Strongest aspect: Gameplay (100.0% positive)
Mega Man X Legacy Collection 1+2,Most criticized aspect: Gameplay (0.0% negative)
Mega Man X Legacy Collection 1+2,Common positive theme: Mega Man
Mega Man Zero/ZX Legacy Collection,Most discussed aspect: Gameplay (11 reviews)
Mega Man Zero/ZX Legacy Collection,Strongest aspect: Characters (100.0% positive)
Mega Man Zero/ZX Legacy Collection,Most criticized aspect: Gameplay (0.0% negative)
Mega Man Zero/ZX Legacy Collection,Common positive theme: Mega Man
Metal Gear Rising: Revengeance,Most discussed aspect: Gameplay (7 reviews)
Metal Gear Rising: Revengeance,Strongest aspect: Story (100.0% positive)
Metal Gear Rising: Revengeance,Most criticized aspect: Gameplay (0.0% negative)
Metal Gear Rising: Revengeance,Common positive theme: Metal Gear Rising
Metal Gear Solid Delta: Snake Eater,Most discussed aspect: Gameplay (55 reviews)
Metal Gear Solid Delta: Snake Eater,Strongest aspect: Characters (100.0% positive)
Metal Gear Solid Delta: Snake Eater,Most criticized aspect: Level Design (20.0% negative)
Metal Gear Solid Delta: Snake Eater,Common positive theme: Metal Gear Solid
Metal Gear Solid Delta: Snake Eater,Common negative theme: technical embarrassment
Metal Gear Solid V: The Phantom Pain,Most discussed aspect: Gameplay (33 reviews)
Metal Gear Solid V: The Phantom Pain,Strongest aspect: Characters (100.0% positive)
Metal Gear Solid V: The Phantom Pain,Most criticized aspect: Gameplay (0.0% negative)
Metal Gear Solid V: The Phantom Pain,Common positive theme: Metal Gear Solid
Metaphor: ReFantazio,Most discussed aspect: Gameplay (75 reviews)
Metaphor: ReFantazio,Strongest aspect: Graphics (100.0% positive)
Metaphor: ReFantazio,Most criticized aspect: Gameplay (0.0% negative)
Metaphor: ReFantazio,Common positive theme: Metaphor
Metro Exodus,Most discussed aspect: Story (43 reviews)
Metro Exodus,Strongest aspect: Difficulty (92.3% positive)
Metro Exodus,Most criticized aspect: Gameplay (0.0% negative)
Metro Exodus,Common positive theme: Metro Exodus
Metro Exodus,Common negative theme: incredible graphic design
Metro Exodus Enhanced Edition,Most discussed aspect: Graphics (6 reviews)
Metro Exodus Enhanced Edition,Strongest aspect: Gameplay (100.0% positive)
Metro Exodus Enhanced Edition,Most criticized aspect: Gameplay (0.0% negative)
Metro Exodus Enhanced Edition,Common positive theme: Metro Exodus
Metro Exodus: Sam's Story,Most discussed aspect: Story (3 reviews)
Metro Exodus: Sam's Story,Strongest aspect: Gameplay (100.0% positive)
Metro Exodus: Sam's Story,Most criticized aspect: Gameplay (0.0% negative)
Metro Exodus: Sam's Story,Common positive theme: intense gameplay opportunities
Metro Redux,Most discussed aspect: Gameplay (14 reviews)
Metro Redux,Strongest aspect: Story (100.0% positive)
Metro Redux,Most criticized aspect: Gameplay (0.0% negative)
Metro Redux,Common positive theme: Metro Redux
Metro: 2033 Redux,Most discussed aspect: Graphics (3 reviews)
Metro: 2033 Redux,Strongest aspect: Gameplay (100.0% positive)
Metro: 2033 Redux,Most criticized aspect: Gameplay (0.0% negative)
Metro: 2033 Redux,Common positive theme: Metro
Metroid Dread,Most discussed aspect: Gameplay (48 reviews)
Metroid Dread,Strongest aspect: Characters (100.0% positive)
Metroid Dread,Most criticized aspect: Gameplay (0.0% negative)
Metroid Dread,Common positive theme: Metroid Dread
Metroid Prime 4: Beyond,Most discussed aspect: Gameplay (54 reviews)
Metroid Prime 4: Beyond,Strongest aspect: Characters (100.0% positive)
Metroid Prime 4: Beyond,Most criticized aspect: Graphics (7.1% negative)
Metroid Prime 4: Beyond,Common positive theme: Metroid Prime
Metroid Prime 4: Beyond,Common negative theme: modern open-world titles
Metroid Prime Remastered,Most discussed aspect: Gameplay (31 reviews)
Metroid Prime Remastered,Strongest aspect: Gameplay (100.0% positive)
Metroid Prime Remastered,Most criticized aspect: Gameplay (0.0% negative)
Metroid Prime Remastered,Common positive theme: Metroid Prime Remastered
Metroid: Samus Returns,Most discussed aspect: Gameplay (25 reviews)
Metroid: Samus Returns,Strongest aspect: Level Design (100.0% positive)
Metroid: Samus Returns,Most criticized aspect: Gameplay (0.0% negative)
Metroid: Samus Returns,Common positive theme: Samus Returns
Mewgenics,Most discussed aspect: Gameplay (17 reviews)
Mewgenics,Strongest aspect: Story (100.0% positive)
Mewgenics,Most criticized aspect: Gameplay (0.0% negative)
Mewgenics,Common positive theme: Mewgenics
Microsoft Flight Simulator,Most discussed aspect: Performance (20 reviews)
Microsoft Flight Simulator,Strongest aspect: Story (100.0% positive)
Microsoft Flight Simulator,Most criticized aspect: Difficulty (14.3% negative)
Microsoft Flight Simulator,Common positive theme: Microsoft Flight Simulator
Microsoft Flight Simulator,Common negative theme: Microsoft Flight Simulator
Middle-earth: Shadow of Mordor,Most discussed aspect: Gameplay (40 reviews)
Middle-earth: Shadow of Mordor,Strongest aspect: Graphics (100.0% positive)
Middle-earth: Shadow of Mordor,Most criticized aspect: Gameplay (0.0% negative)
Middle-earth: Shadow of Mordor,Common positive theme: Shadow of Mordor
Middle-earth: Shadow of War,Most discussed aspect: Gameplay (41 reviews)
Middle-earth: Shadow of War,Strongest aspect: Performance (100.0% positive)
Middle-earth: Shadow of War,Most criticized aspect: Gameplay (0.0% negative)
Middle-earth: Shadow of War,Common positive theme: Shadow of War
Mighty Switch Force! Collection,Most discussed aspect: Replayability (6 reviews)
Mighty Switch Force! Collection,Strongest aspect: Gameplay (100.0% positive)
Mighty Switch Force! Collection,Most criticized aspect: Gameplay (0.0% negative)
Mighty Switch Force! Collection,Common positive theme: Mighty Switch Force
Mina the Hollower,Most discussed aspect: Gameplay (51 reviews)
Mina the Hollower,Strongest aspect: Story (100.0% positive)
Mina the Hollower,Most criticized aspect: Gameplay (0.0% negative)
Mina the Hollower,Common positive theme: Yacht Club Games
Mindball Play,Most discussed aspect: Gameplay (2 reviews)
Mindball Play,Strongest aspect: Gameplay (100.0% positive)
Mindball Play,Most criticized aspect: Gameplay (0.0% negative)
Mindball Play,Common positive theme: Mindball Play
Mindcop,Most discussed aspect: Gameplay (10 reviews)
Mindcop,Strongest aspect: Level Design (100.0% positive)
Mindcop,Most criticized aspect: Gameplay (0.0% negative)
Mindcop,Common positive theme: Mindcop
Minds Beneath Us,Most discussed aspect: Story (13 reviews)
Minds Beneath Us,Strongest aspect: Gameplay (100.0% positive)
Minds Beneath Us,Most criticized aspect: Gameplay (0.0% negative)
Minds Beneath Us,Common positive theme: Minds Beneath
Minecraft,Most discussed aspect: Gameplay (8 reviews)
Minecraft,Strongest aspect: Gameplay (100.0% positive)
Minecraft,Most criticized aspect: Gameplay (0.0% negative)
Minecraft,Common positive theme: Minecraft
Minecraft: Nintendo Switch Edition,Most discussed aspect: Gameplay (5 reviews)
Minecraft: Nintendo Switch Edition,Strongest aspect: Gameplay (100.0% positive)
Minecraft: Nintendo Switch Edition,Most criticized aspect: Gameplay (0.0% negative)
Minecraft: Nintendo Switch Edition,Common positive theme: Nintendo Switch Edition
Minecraft: Xbox One Edition,Most discussed aspect: Gameplay (1 reviews)
Minecraft: Xbox One Edition,Strongest aspect: Gameplay (100.0% positive)
Minecraft: Xbox One Edition,Most criticized aspect: Gameplay (0.0% negative)
Minecraft: Xbox One Edition,Common positive theme: grand adventures
Mini Metro,Most discussed aspect: Gameplay (4 reviews)
Mini Metro,Strongest aspect: Gameplay (100.0% positive)
Mini Metro,Most criticized aspect: Gameplay (0.0% negative)
Mini Metro,Common positive theme: Mini Metro
Mini Motorways,Most discussed aspect: Gameplay (9 reviews)
Mini Motorways,Strongest aspect: Story (100.0% positive)
Mini Motorways,Most criticized aspect: Gameplay (0.0% negative)
Mini Motorways,Common positive theme: Mini Motorways
Minishoot' Adventures,Most discussed aspect: Gameplay (17 reviews)
Minishoot' Adventures,Strongest aspect: Story (100.0% positive)
Minishoot' Adventures,Most criticized aspect: Gameplay (0.0% negative)
Minishoot' Adventures,Common positive theme: Adventures
Minit,Most discussed aspect: Gameplay (13 reviews)
Minit,Strongest aspect: Story (100.0% positive)
Minit,Most criticized aspect: Gameplay (0.0% negative)
Minit,Common positive theme: Minit
Minit,Common negative theme: painfully average
Minos,Most discussed aspect: Gameplay (6 reviews)
Minos,Strongest aspect: Story (100.0% positive)
Minos,Most criticized aspect: Gameplay (0.0% negative)
Minos,Common positive theme: Minos
Mission: It's Complicated,Most discussed aspect: Story (1 reviews)
Mission: It's Complicated,Strongest aspect: Story (100.0% positive)
Mission: It's Complicated,Most criticized aspect: Story (0.0% negative)
Mission: It's Complicated,Common positive theme: basic playtime
Mixtape,Most discussed aspect: Music & Sound (52 reviews)
Mixtape,Strongest aspect: Characters (100.0% positive)
Mixtape,Most criticized aspect: Graphics (6.7% negative)
Mixtape,Common positive theme: Mixtape
Mixtape,Common negative theme: nicest thing
Modulus,Most discussed aspect: Difficulty (2 reviews)
Modulus,Strongest aspect: Gameplay (100.0% positive)
Modulus,Most criticized aspect: Gameplay (0.0% negative)
Modulus,Common positive theme: constructing voxel modules
Momodora: Moonlit Farewell,Most discussed aspect: Gameplay (13 reviews)
Momodora: Moonlit Farewell,Strongest aspect: Characters (100.0% positive)
Momodora: Moonlit Farewell,Most criticized aspect: Gameplay (0.0% negative)
Momodora: Moonlit Farewell,Common positive theme: Moonlit Farewell
Moncage,Most discussed aspect: Story (5 reviews)
Moncage,Strongest aspect: Graphics (100.0% positive)
Moncage,Most criticized aspect: Gameplay (0.0% negative)
Moncage,Common positive theme: real elegance
Monolith,Most discussed aspect: Difficulty (2 reviews)
Monolith,Strongest aspect: Level Design (100.0% positive)
Monolith,Most criticized aspect: Level Design (0.0% negative)
Monolith,Common positive theme: goulash of cute
Monomals,Most discussed aspect: Gameplay (5 reviews)
Monomals,Strongest aspect: Difficulty (100.0% positive)
Monomals,Most criticized aspect: Gameplay (0.0% negative)
Monomals,Common positive theme: indie studio
Monster Boy and the Cursed Kingdom,Most discussed aspect: Gameplay (13 reviews)
Monster Boy and the Cursed Kingdom,Strongest aspect: Gameplay (100.0% positive)
Monster Boy and the Cursed Kingdom,Most criticized aspect: Gameplay (0.0% negative)
Monster Boy and the Cursed Kingdom,Common positive theme: Cursed Kingdom
Monster Hunter 4 Ultimate,Most discussed aspect: Gameplay (11 reviews)
Monster Hunter 4 Ultimate,Strongest aspect: Story (100.0% positive)
Monster Hunter 4 Ultimate,Most criticized aspect: Gameplay (9.1% negative)
Monster Hunter 4 Ultimate,Common positive theme: Monster Hunter
Monster Hunter 4 Ultimate,Common negative theme: Monster Hunter
Monster Hunter Generations,Most discussed aspect: Gameplay (18 reviews)
Monster Hunter Generations,Strongest aspect: Story (100.0% positive)
Monster Hunter Generations,Most criticized aspect: Gameplay (0.0% negative)
Monster Hunter Generations,Common positive theme: Monster Hunter Generations
Monster Hunter Rise,Most discussed aspect: Gameplay (62 reviews)
Monster Hunter Rise,Strongest aspect: Characters (100.0% positive)
Monster Hunter Rise,Most criticized aspect: Gameplay (0.0% negative)
Monster Hunter Rise,Common positive theme: Monster Hunter Rise
Monster Hunter Rise: Sunbreak,Most discussed aspect: Gameplay (30 reviews)
Monster Hunter Rise: Sunbreak,Strongest aspect: Characters (100.0% positive)
Monster Hunter Rise: Sunbreak,Most criticized aspect: Gameplay (0.0% negative)
Monster Hunter Rise: Sunbreak,Common positive theme: Monster Hunter Rise
Monster Hunter Stories 2: Wings of Ruin,Most discussed aspect: Gameplay (47 reviews)
Monster Hunter Stories 2: Wings of Ruin,Strongest aspect: Music & Sound (100.0% positive)
Monster Hunter Stories 2: Wings of Ruin,Most criticized aspect: Gameplay (0.0% negative)
Monster Hunter Stories 2: Wings of Ruin,Common positive theme: Monster Hunter Stories
Monster Hunter Stories 3: Twisted Reflection,Most discussed aspect: Gameplay (71 reviews)
Monster Hunter Stories 3: Twisted Reflection,Strongest aspect: Music & Sound (100.0% positive)
Monster Hunter Stories 3: Twisted Reflection,Most criticized aspect: Gameplay (0.0% negative)
Monster Hunter Stories 3: Twisted Reflection,Common positive theme: Monster Hunter Stories
Monster Hunter Wilds,Most discussed aspect: Gameplay (86 reviews)
Monster Hunter Wilds,Strongest aspect: Characters (100.0% positive)
Monster Hunter Wilds,Most criticized aspect: Gameplay (0.0% negative)
Monster Hunter Wilds,Common positive theme: Monster Hunter Wilds
Monster Hunter World,Most discussed aspect: Gameplay (46 reviews)
Monster Hunter World,Strongest aspect: Story (100.0% positive)
Monster Hunter World,Most criticized aspect: Gameplay (0.0% negative)
Monster Hunter World,Common positive theme: Monster Hunter World
Monster Hunter World: Iceborne,Most discussed aspect: Replayability (25 reviews)
Monster Hunter World: Iceborne,Strongest aspect: Story (100.0% positive)
Monster Hunter World: Iceborne,Most criticized aspect: Gameplay (0.0% negative)
Monster Hunter World: Iceborne,Common positive theme: Monster Hunter World
Monster Prom 2: Monster Camp,Most discussed aspect: Story (5 reviews)
Monster Prom 2: Monster Camp,Strongest aspect: Gameplay (100.0% positive)
Monster Prom 2: Monster Camp,Most criticized aspect: Gameplay (0.0% negative)
Monster Prom 2: Monster Camp,Common positive theme: Monster Camp
Monster Sanctuary,Most discussed aspect: Gameplay (11 reviews)
Monster Sanctuary,Strongest aspect: Story (100.0% positive)
Monster Sanctuary,Most criticized aspect: Gameplay (0.0% negative)
Monster Sanctuary,Common positive theme: Monster Sanctuary
Monster Train,Most discussed aspect: Gameplay (8 reviews)
Monster Train,Strongest aspect: Story (100.0% positive)
Monster Train,Most criticized aspect: Gameplay (0.0% negative)
Monster Train,Common positive theme: Monster Train
Monster Train 2,Most discussed aspect: Gameplay (14 reviews)
Monster Train 2,Strongest aspect: Story (100.0% positive)
Monster Train 2,Most criticized aspect: Gameplay (0.0% negative)
Monster Train 2,Common positive theme: Monster Train
Monsters Are Coming! Rock and Road,Most discussed aspect: Gameplay (2 reviews)
Monsters Are Coming! Rock and Road,Strongest aspect: Gameplay (100.0% positive)
Monsters Are Coming! Rock and Road,Most criticized aspect: Gameplay (0.0% negative)
Monsters Are Coming! Rock and Road,Common positive theme: Monsters Are Coming
Monument Valley: Panoramic Collection,Most discussed aspect: Gameplay (1 reviews)
Monument Valley: Panoramic Collection,Strongest aspect: Gameplay (100.0% positive)
Monument Valley: Panoramic Collection,Most criticized aspect: Gameplay (0.0% negative)
Monument Valley: Panoramic Collection,Common positive theme: Valley Panoramic Collection
Moomintroll: Winter's Warmth,Most discussed aspect: Gameplay (11 reviews)
Moomintroll: Winter's Warmth,Strongest aspect: Difficulty (100.0% positive)
Moomintroll: Winter's Warmth,Most criticized aspect: Gameplay (0.0% negative)
Moomintroll: Winter's Warmth,Common positive theme: Winter Warmth
Moon,Most discussed aspect: Story (4 reviews)
Moon,Strongest aspect: Gameplay (100.0% positive)
Moon,Most criticized aspect: Gameplay (0.0% negative)
Moon,Common positive theme: Remix RPG Adventure
Moonlighter,Most discussed aspect: Gameplay (41 reviews)
Moonlighter,Strongest aspect: Music & Sound (85.7% positive)
Moonlighter,Most criticized aspect: Gameplay (0.0% negative)
Moonlighter,Common positive theme: Moonlighter
Moonstone Island,Most discussed aspect: Gameplay (11 reviews)
Moonstone Island,Strongest aspect: Graphics (100.0% positive)
Moonstone Island,Most criticized aspect: Gameplay (0.0% negative)
Moonstone Island,Common positive theme: Moonstone Island
Mordhau,Most discussed aspect: Gameplay (15 reviews)
Mordhau,Strongest aspect: Difficulty (100.0% positive)
Mordhau,Most criticized aspect: Gameplay (0.0% negative)
Mordhau,Common positive theme: Mordhau
Mortal Kombat 1,Most discussed aspect: Gameplay (69 reviews)
Mortal Kombat 1,Strongest aspect: Level Design (100.0% positive)
Mortal Kombat 1,Most criticized aspect: Gameplay (0.0% negative)
Mortal Kombat 1,Common positive theme: Mortal Kombat
Mortal Kombat 11,Most discussed aspect: Story (53 reviews)
Mortal Kombat 11,Strongest aspect: Characters (100.0% positive)
Mortal Kombat 11,Most criticized aspect: Gameplay (0.0% negative)
Mortal Kombat 11,Common positive theme: Mortal Kombat
Mortal Kombat 11,Common negative theme: Mortal Kombat
Mortal Kombat 11 Ultimate,Most discussed aspect: Replayability (22 reviews)
Mortal Kombat 11 Ultimate,Strongest aspect: Story (100.0% positive)
Mortal Kombat 11 Ultimate,Most criticized aspect: Gameplay (12.5% negative)
Mortal Kombat 11 Ultimate,Common positive theme: Mortal Kombat
Mortal Kombat 11 Ultimate,Common negative theme: extra content
Mortal Kombat X,Most discussed aspect: Story (30 reviews)
Mortal Kombat X,Strongest aspect: Level Design (100.0% positive)
Mortal Kombat X,Most criticized aspect: Gameplay (0.0% negative)
Mortal Kombat X,Common positive theme: Mortal Kombat
Mortal Kombat XL,Most discussed aspect: Replayability (7 reviews)
Mortal Kombat XL,Strongest aspect: Gameplay (100.0% positive)
Mortal Kombat XL,Most criticized aspect: Gameplay (0.0% negative)
Mortal Kombat XL,Common positive theme: Mortal Kombat
Mortal Kombat: Legacy Kollection,Most discussed aspect: Difficulty (7 reviews)
Mortal Kombat: Legacy Kollection,Strongest aspect: Replayability (75.0% positive)
Mortal Kombat: Legacy Kollection,Most criticized aspect: Gameplay (0.0% negative)
Mortal Kombat: Legacy Kollection,Common positive theme: Mortal Kombat Legacy
Moss,Most discussed aspect: Gameplay (21 reviews)
Moss,Strongest aspect: Story (100.0% positive)
Moss,Most criticized aspect: Gameplay (0.0% negative)
Moss,Common positive theme: Moss
Moss: Book II,Most discussed aspect: Gameplay (15 reviews)
Moss: Book II,Strongest aspect: Story (100.0% positive)
Moss: Book II,Most criticized aspect: Gameplay (0.0% negative)
Moss: Book II,Common positive theme: Moss Book
MotoGP 25,Most discussed aspect: Graphics (12 reviews)
MotoGP 25,Strongest aspect: Characters (100.0% positive)
MotoGP 25,Most criticized aspect: Gameplay (0.0% negative)
MotoGP 25,Common positive theme: MotoGP
Motorsport Manager,Most discussed aspect: Difficulty (2 reviews)
Motorsport Manager,Strongest aspect: Gameplay (100.0% positive)
Motorsport Manager,Most criticized aspect: Gameplay (0.0% negative)
Motorsport Manager,Common positive theme: Motorsport Manager
Mouthwashing,Most discussed aspect: Story (14 reviews)
Mouthwashing,Strongest aspect: Graphics (100.0% positive)
Mouthwashing,Most criticized aspect: Gameplay (0.0% negative)
Mouthwashing,Common positive theme: Mouthwashing
Move or Die,Most discussed aspect: Gameplay (2 reviews)
Move or Die,Strongest aspect: Gameplay (100.0% positive)
Move or Die,Most criticized aspect: Gameplay (0.0% negative)
Move or Die,Common positive theme: Move or Die
Moving Out 2,Most discussed aspect: Level Design (21 reviews)
Moving Out 2,Strongest aspect: Gameplay (82.3% positive)
Moving Out 2,Most criticized aspect: Difficulty (14.3% negative)
Moving Out 2,Common positive theme: Moving
Moving Out 2,Common negative theme: moving company
Moving Out: Movers in Paradise,Most discussed aspect: Gameplay (4 reviews)
Moving Out: Movers in Paradise,Strongest aspect: Level Design (100.0% positive)
Moving Out: Movers in Paradise,Most criticized aspect: Gameplay (0.0% negative)
Moving Out: Movers in Paradise,Common positive theme: Movers in Paradise
Murder by Numbers,Most discussed aspect: Characters (15 reviews)
Murder by Numbers,Strongest aspect: Music & Sound (100.0% positive)
Murder by Numbers,Most criticized aspect: Gameplay (0.0% negative)
Murder by Numbers,Common positive theme: Murder by Numbers
Mushihimesama,Most discussed aspect: Difficulty (8 reviews)
Mushihimesama,Strongest aspect: Gameplay (100.0% positive)
Mushihimesama,Most criticized aspect: Gameplay (0.0% negative)
Mushihimesama,Common positive theme: Attention Span Theater
Mushroom 11,Most discussed aspect: Gameplay (5 reviews)
Mushroom 11,Strongest aspect: Level Design (100.0% positive)
Mushroom 11,Most criticized aspect: Gameplay (0.0% negative)
Mushroom 11,Common positive theme: Mushroom
Mutant Mudds Collection,Most discussed aspect: Gameplay (3 reviews)
Mutant Mudds Collection,Strongest aspect: Gameplay (100.0% positive)
Mutant Mudds Collection,Most criticized aspect: Gameplay (0.0% negative)
Mutant Mudds Collection,Common positive theme: Mutant Mudds Collection
Muv-Luv Alternative,Most discussed aspect: Story (4 reviews)
Muv-Luv Alternative,Strongest aspect: Characters (100.0% positive)
Muv-Luv Alternative,Most criticized aspect: Story (0.0% negative)
Muv-Luv Alternative,Common positive theme: love strong storytelling
My Friend Pedro,Most discussed aspect: Gameplay (29 reviews)
My Friend Pedro,Strongest aspect: Characters (100.0% positive)
My Friend Pedro,Most criticized aspect: Gameplay (0.0% negative)
My Friend Pedro,Common positive theme: Friend Pedro
Mystic Pillars,Most discussed aspect: Gameplay (4 reviews)
Mystic Pillars,Strongest aspect: Story (66.7% positive)
Mystic Pillars,Most criticized aspect: Gameplay (0.0% negative)
Mystic Pillars,Common positive theme: Mystic Pillars
N++,Most discussed aspect: Gameplay (24 reviews)
N++,Strongest aspect: Music & Sound (100.0% positive)
N++,Most criticized aspect: Gameplay (0.0% negative)
N++,Common positive theme: game
NBA 2K14,Most discussed aspect: Graphics (6 reviews)
NBA 2K14,Strongest aspect: Gameplay (100.0% positive)
NBA 2K14,Most criticized aspect: Gameplay (0.0% negative)
NBA 2K14,Common positive theme: NBA
NBA 2K15,Most discussed aspect: Graphics (10 reviews)
NBA 2K15,Strongest aspect: Level Design (100.0% positive)
NBA 2K15,Most criticized aspect: Gameplay (0.0% negative)
NBA 2K15,Common positive theme: NBA
NBA 2K16,Most discussed aspect: Graphics (9 reviews)
NBA 2K16,Strongest aspect: Gameplay (100.0% positive)
NBA 2K16,Most criticized aspect: Gameplay (0.0% negative)
NBA 2K16,Common positive theme: NBA
NBA 2K17,Most discussed aspect: Gameplay (9 reviews)
NBA 2K17,Strongest aspect: Gameplay (100.0% positive)
NBA 2K17,Most criticized aspect: Gameplay (0.0% negative)
NBA 2K17,Common positive theme: NBA
NBA 2K19,Most discussed aspect: Gameplay (24 reviews)
NBA 2K19,Strongest aspect: Graphics (100.0% positive)
NBA 2K19,Most criticized aspect: Gameplay (0.0% negative)
NBA 2K19,Common positive theme: NBA
NBA 2K19,Common negative theme: MyCareer represents
NBA 2K21 Next-Gen,Most discussed aspect: Graphics (10 reviews)
NBA 2K21 Next-Gen,Strongest aspect: Graphics (80.0% positive)
NBA 2K21 Next-Gen,Most criticized aspect: Gameplay (0.0% negative)
NBA 2K21 Next-Gen,Common positive theme: NBA
NBA 2K26,Most discussed aspect: Gameplay (28 reviews)
NBA 2K26,Strongest aspect: Characters (100.0% positive)
NBA 2K26,Most criticized aspect: Gameplay (0.0% negative)
NBA 2K26,Common positive theme: NBA
NEO: The World Ends with You,Most discussed aspect: Gameplay (48 reviews)
NEO: The World Ends with You,Strongest aspect: Difficulty (84.6% positive)
NEO: The World Ends with You,Most criticized aspect: Gameplay (0.0% negative)
NEO: The World Ends with You,Common positive theme: World Ends
NHL 16,Most discussed aspect: Gameplay (15 reviews)
NHL 16,Strongest aspect: Difficulty (100.0% positive)
NHL 16,Most criticized aspect: Gameplay (0.0% negative)
NHL 16,Common positive theme: NHL
NINJA GAIDEN: Ragebound,Most discussed aspect: Gameplay (59 reviews)
NINJA GAIDEN: Ragebound,Strongest aspect: Characters (100.0% positive)
NINJA GAIDEN: Ragebound,Most criticized aspect: Gameplay (0.0% negative)
NINJA GAIDEN: Ragebound,Common positive theme: Ninja Gaiden
NORCO,Most discussed aspect: Story (17 reviews)
NORCO,Strongest aspect: Graphics (100.0% positive)
NORCO,Most criticized aspect: Gameplay (25.0% negative)
NORCO,Common positive theme: Norco
NORCO,Common negative theme: game
NanoApostle,Most discussed aspect: Gameplay (3 reviews)
NanoApostle,Strongest aspect: Story (100.0% positive)
NanoApostle,Most criticized aspect: Gameplay (0.0% negative)
NanoApostle,Common positive theme: game
Need for Speed: Rivals,Most discussed aspect: Gameplay (11 reviews)
Need for Speed: Rivals,Strongest aspect: Music & Sound (100.0% positive)
Need for Speed: Rivals,Most criticized aspect: Gameplay (0.0% negative)
Need for Speed: Rivals,Common positive theme: Speed Rivals
Nelly Cootalot - The Fowl Fleet,Most discussed aspect: Story (3 reviews)
Nelly Cootalot - The Fowl Fleet,Strongest aspect: Characters (100.0% positive)
Nelly Cootalot - The Fowl Fleet,Most criticized aspect: Gameplay (0.0% negative)
Nelly Cootalot - The Fowl Fleet,Common positive theme: Fowl Fleet
Neon White,Most discussed aspect: Gameplay (35 reviews)
Neon White,Strongest aspect: Story (100.0% positive)
Neon White,Most criticized aspect: Gameplay (0.0% negative)
Neon White,Common positive theme: Neon White
Neva,Most discussed aspect: Story (49 reviews)
Neva,Strongest aspect: Characters (100.0% positive)
Neva,Most criticized aspect: Gameplay (0.0% negative)
Neva,Common positive theme: Neva
Neva: Prologue,Most discussed aspect: Gameplay (5 reviews)
Neva: Prologue,Strongest aspect: Characters (100.0% positive)
Neva: Prologue,Most criticized aspect: Gameplay (0.0% negative)
Neva: Prologue,Common positive theme: Neva
NeverAwake,Most discussed aspect: Gameplay (11 reviews)
NeverAwake,Strongest aspect: Gameplay (100.0% positive)
NeverAwake,Most criticized aspect: Gameplay (0.0% negative)
NeverAwake,Common positive theme: twin-stick shooters
News Tower,Most discussed aspect: Gameplay (3 reviews)
News Tower,Strongest aspect: Gameplay (100.0% positive)
News Tower,Most criticized aspect: Gameplay (0.0% negative)
News Tower,Common positive theme: Tower
Nex Machina,Most discussed aspect: Gameplay (24 reviews)
Nex Machina,Strongest aspect: Characters (100.0% positive)
Nex Machina,Most criticized aspect: Gameplay (0.0% negative)
Nex Machina,Common positive theme: Nex Machina
Ni no Kuni 2: Revenant Kingdom,Most discussed aspect: Gameplay (43 reviews)
Ni no Kuni 2: Revenant Kingdom,Strongest aspect: Characters (93.8% positive)
Ni no Kuni 2: Revenant Kingdom,Most criticized aspect: Gameplay (0.0% negative)
Ni no Kuni 2: Revenant Kingdom,Common positive theme: Revenant Kingdom
Ni no Kuni II: Revenant Kingdom - Prince's Edition,Most discussed aspect: Gameplay (13 reviews)
Ni no Kuni II: Revenant Kingdom - Prince's Edition,Strongest aspect: Music & Sound (100.0% positive)
Ni no Kuni II: Revenant Kingdom - Prince's Edition,Most criticized aspect: Gameplay (0.0% negative)
Ni no Kuni II: Revenant Kingdom - Prince's Edition,Common positive theme: Revenant Kingdom
Ni no Kuni: Wrath of the White Witch Remastered,Most discussed aspect: Story (17 reviews)
Ni no Kuni: Wrath of the White Witch Remastered,Strongest aspect: Difficulty (100.0% positive)
Ni no Kuni: Wrath of the White Witch Remastered,Most criticized aspect: Gameplay (0.0% negative)
Ni no Kuni: Wrath of the White Witch Remastered,Common positive theme: White Witch Remastered
Nidhogg,Most discussed aspect: Gameplay (9 reviews)
Nidhogg,Strongest aspect: Graphics (100.0% positive)
Nidhogg,Most criticized aspect: Gameplay (0.0% negative)
Nidhogg,Common positive theme: Nidhogg
NieR Replicant ver.1.22474487139,Most discussed aspect: Gameplay (43 reviews)
NieR Replicant ver.1.22474487139,Strongest aspect: Music & Sound (87.5% positive)
NieR Replicant ver.1.22474487139,Most criticized aspect: Gameplay (0.0% negative)
NieR Replicant ver.1.22474487139,Common positive theme: Nier Replicant
NieR: Automata 3C3C1D119440927,Most discussed aspect: Level Design (2 reviews)
NieR: Automata 3C3C1D119440927,Strongest aspect: Story (100.0% positive)
NieR: Automata 3C3C1D119440927,Most criticized aspect: Gameplay (0.0% negative)
NieR: Automata 3C3C1D119440927,Common positive theme: begrudge the developers
NieR: Automata Become as Gods Edition,Most discussed aspect: Gameplay (7 reviews)
NieR: Automata Become as Gods Edition,Strongest aspect: Music & Sound (100.0% positive)
NieR: Automata Become as Gods Edition,Most criticized aspect: Level Design (100.0% negative)
NieR: Automata Become as Gods Edition,Common positive theme: Automata
NieR: Automata Become as Gods Edition,Common negative theme: n’t feel sad
NieR: Automata Game of the YoRHa Edition,Most discussed aspect: Replayability (5 reviews)
NieR: Automata Game of the YoRHa Edition,Strongest aspect: Story (100.0% positive)
NieR: Automata Game of the YoRHa Edition,Most criticized aspect: Story (0.0% negative)
NieR: Automata Game of the YoRHa Edition,Common positive theme: ambitious action role-players
Nier: Automata,Most discussed aspect: Story (66 reviews)
Nier: Automata,Strongest aspect: Characters (100.0% positive)
Nier: Automata,Most criticized aspect: Gameplay (0.0% negative)
Nier: Automata,Common positive theme: Automata
Nier: Automata - The End of YoRHa Edition,Most discussed aspect: Story (10 reviews)
Nier: Automata - The End of YoRHa Edition,Strongest aspect: Gameplay (100.0% positive)
Nier: Automata - The End of YoRHa Edition,Most criticized aspect: Gameplay (0.0% negative)
Nier: Automata - The End of YoRHa Edition,Common positive theme: End of YoRHa
Night in the Woods,Most discussed aspect: Story (38 reviews)
Night in the Woods,Strongest aspect: Performance (100.0% positive)
Night in the Woods,Most criticized aspect: Gameplay (0.0% negative)
Night in the Woods,Common positive theme: Woods
Nine Sols,Most discussed aspect: Gameplay (31 reviews)
Nine Sols,Strongest aspect: Graphics (100.0% positive)
Nine Sols,Most criticized aspect: Gameplay (0.0% negative)
Nine Sols,Common positive theme: Sols
Ninja Gaiden 2 Black,Most discussed aspect: Gameplay (30 reviews)
Ninja Gaiden 2 Black,Strongest aspect: Story (100.0% positive)
Ninja Gaiden 2 Black,Most criticized aspect: Gameplay (0.0% negative)
Ninja Gaiden 2 Black,Common positive theme: Ninja Gaiden
Ninja Gaiden 4,Most discussed aspect: Gameplay (83 reviews)
Ninja Gaiden 4,Strongest aspect: Music & Sound (100.0% positive)
Ninja Gaiden 4,Most criticized aspect: Gameplay (0.0% negative)
Ninja Gaiden 4,Common positive theme: Ninja Gaiden
Nioh,Most discussed aspect: Gameplay (51 reviews)
Nioh,Strongest aspect: Graphics (100.0% positive)
Nioh,Most criticized aspect: Gameplay (0.0% negative)
Nioh,Common positive theme: Dark Souls
Nioh 2,Most discussed aspect: Gameplay (45 reviews)
Nioh 2,Strongest aspect: Graphics (100.0% positive)
Nioh 2,Most criticized aspect: Gameplay (0.0% negative)
Nioh 2,Common positive theme: Nioh
Nioh 2 - The Complete Edition,Most discussed aspect: Gameplay (15 reviews)
Nioh 2 - The Complete Edition,Strongest aspect: Story (100.0% positive)
Nioh 2 - The Complete Edition,Most criticized aspect: Gameplay (0.0% negative)
Nioh 2 - The Complete Edition,Common positive theme: Complete Edition
Nioh 2: Darkness in the Capital,Most discussed aspect: Replayability (5 reviews)
Nioh 2: Darkness in the Capital,Strongest aspect: Gameplay (100.0% positive)
Nioh 2: Darkness in the Capital,Most criticized aspect: Gameplay (0.0% negative)
Nioh 2: Darkness in the Capital,Common positive theme: Capital
Nioh 3,Most discussed aspect: Gameplay (89 reviews)
Nioh 3,Strongest aspect: Graphics (100.0% positive)
Nioh 3,Most criticized aspect: Gameplay (0.0% negative)
Nioh 3,Common positive theme: Team Ninja
Nioh: Bloodshed's End,Most discussed aspect: Story (1 reviews)
Nioh: Bloodshed's End,Strongest aspect: Story (100.0% positive)
Nioh: Bloodshed's End,Most criticized aspect: Story (0.0% negative)
Nioh: Bloodshed's End,Common positive theme: earliest success stories
Nioh: Complete Edition,Most discussed aspect: Gameplay (10 reviews)
Nioh: Complete Edition,Strongest aspect: Story (100.0% positive)
Nioh: Complete Edition,Most criticized aspect: Gameplay (0.0% negative)
Nioh: Complete Edition,Common positive theme: Complete Edition
No Man's Sky - Beyond,Most discussed aspect: Gameplay (1 reviews)
No Man's Sky - Beyond,Strongest aspect: Performance (100.0% positive)
No Man's Sky - Beyond,Most criticized aspect: Gameplay (0.0% negative)
No Man's Sky - Beyond,Common positive theme: Man Sky surpasses
No More Heroes,Most discussed aspect: Gameplay (14 reviews)
No More Heroes,Strongest aspect: Characters (100.0% positive)
No More Heroes,Most criticized aspect: Gameplay (0.0% negative)
No More Heroes,Common positive theme: Heroes
No More Heroes,Common negative theme: universalized beyond Nintendo
Nobody Saves the World,Most discussed aspect: Gameplay (35 reviews)
Nobody Saves the World,Strongest aspect: Difficulty (88.9% positive)
Nobody Saves the World,Most criticized aspect: Gameplay (0.0% negative)
Nobody Saves the World,Common positive theme: Saves The World
Not For Broadcast,Most discussed aspect: Gameplay (6 reviews)
Not For Broadcast,Strongest aspect: Story (100.0% positive)
Not For Broadcast,Most criticized aspect: Gameplay (0.0% negative)
Not For Broadcast,Common positive theme: Broadcast
Not for Broadcast VR,Most discussed aspect: Story (3 reviews)
Not for Broadcast VR,Strongest aspect: Story (66.7% positive)
Not for Broadcast VR,Most criticized aspect: Gameplay (0.0% negative)
Not for Broadcast VR,Common positive theme: good FMV games
Nowhere Prophet,Most discussed aspect: Gameplay (4 reviews)
Nowhere Prophet,Strongest aspect: Story (100.0% positive)
Nowhere Prophet,Most criticized aspect: Gameplay (0.0% negative)
Nowhere Prophet,Common positive theme: Prophet
Nuclear Throne,Most discussed aspect: Difficulty (5 reviews)
Nuclear Throne,Strongest aspect: Gameplay (100.0% positive)
Nuclear Throne,Most criticized aspect: Gameplay (0.0% negative)
Nuclear Throne,Common positive theme: Nuclear Throne
ONE BTN BOSSES,Most discussed aspect: Replayability (2 reviews)
ONE BTN BOSSES,Strongest aspect: Gameplay (100.0% positive)
ONE BTN BOSSES,Most criticized aspect: Gameplay (0.0% negative)
ONE BTN BOSSES,Common positive theme: Btn Bosses
Octahedron,Most discussed aspect: Gameplay (11 reviews)
Octahedron,Strongest aspect: Level Design (100.0% positive)
Octahedron,Most criticized aspect: Gameplay (0.0% negative)
Octahedron,Common positive theme: Octahedron
Octopath Traveler,Most discussed aspect: Gameplay (45 reviews)
Octopath Traveler,Strongest aspect: Music & Sound (100.0% positive)
Octopath Traveler,Most criticized aspect: Gameplay (0.0% negative)
Octopath Traveler,Common positive theme: Octopath Traveler
Octopath Traveler 0,Most discussed aspect: Gameplay (64 reviews)
Octopath Traveler 0,Strongest aspect: Replayability (100.0% positive)
Octopath Traveler 0,Most criticized aspect: Gameplay (0.0% negative)
Octopath Traveler 0,Common positive theme: Octopath Traveler
Octopath Traveler II,Most discussed aspect: Gameplay (47 reviews)
Octopath Traveler II,Strongest aspect: Level Design (100.0% positive)
Octopath Traveler II,Most criticized aspect: Gameplay (0.0% negative)
Octopath Traveler II,Common positive theme: Octopath Traveler
Oculus Rift,Most discussed aspect: Level Design (1 reviews)
Oculus Rift,Strongest aspect: Level Design (100.0% positive)
Oculus Rift,Most criticized aspect: Level Design (0.0% negative)
Oculus Rift,Common positive theme: spending many hours
Oddworld: Abe's Oddysee - New 'n' Tasty,Most discussed aspect: Gameplay (17 reviews)
Oddworld: Abe's Oddysee - New 'n' Tasty,Strongest aspect: Story (100.0% positive)
Oddworld: Abe's Oddysee - New 'n' Tasty,Most criticized aspect: Replayability (33.3% negative)
Oddworld: Abe's Oddysee - New 'n' Tasty,Common positive theme: Tasty
Oddworld: Abe's Oddysee - New 'n' Tasty,Common negative theme: Oddworld Inhabitants
Ode,Most discussed aspect: Music & Sound (8 reviews)
Ode,Strongest aspect: Gameplay (100.0% positive)
Ode,Most criticized aspect: Gameplay (0.0% negative)
Ode,Common positive theme: wonderful organic weirdness
Odin Sphere Leifthrasir,Most discussed aspect: Gameplay (17 reviews)
Odin Sphere Leifthrasir,Strongest aspect: Story (100.0% positive)
Odin Sphere Leifthrasir,Most criticized aspect: Gameplay (0.0% negative)
Odin Sphere Leifthrasir,Common positive theme: Odin Sphere Leifthrasir
Offworld Trading Company,Most discussed aspect: Difficulty (4 reviews)
Offworld Trading Company,Strongest aspect: Difficulty (75.0% positive)
Offworld Trading Company,Most criticized aspect: Gameplay (0.0% negative)
Offworld Trading Company,Common positive theme: Offworld Trading Company
Okami HD,Most discussed aspect: Gameplay (27 reviews)
Okami HD,Strongest aspect: Level Design (100.0% positive)
Okami HD,Most criticized aspect: Gameplay (0.0% negative)
Okami HD,Common positive theme: Okami
Okinawa Rush,Most discussed aspect: Gameplay (2 reviews)
Okinawa Rush,Strongest aspect: Gameplay (100.0% positive)
Okinawa Rush,Most criticized aspect: Gameplay (0.0% negative)
Okinawa Rush,Common positive theme: Okinawa Rush
Okunoka Madness,Most discussed aspect: Gameplay (5 reviews)
Okunoka Madness,Strongest aspect: Story (100.0% positive)
Okunoka Madness,Most criticized aspect: Gameplay (0.0% negative)
Okunoka Madness,Common positive theme: OkunoKa Madness
Old Skies,Most discussed aspect: Story (15 reviews)
Old Skies,Strongest aspect: Graphics (100.0% positive)
Old Skies,Most criticized aspect: Gameplay (0.0% negative)
Old Skies,Common positive theme: Wadjet Eye Games
OlliOlli World,Most discussed aspect: Gameplay (50 reviews)
OlliOlli World,Strongest aspect: Story (100.0% positive)
OlliOlli World,Most criticized aspect: Gameplay (0.0% negative)
OlliOlli World,Common positive theme: OlliOlli World
OlliOlli World: Finding The Flowzone,Most discussed aspect: Level Design (2 reviews)
OlliOlli World: Finding The Flowzone,Strongest aspect: Gameplay (100.0% positive)
OlliOlli World: Finding The Flowzone,Most criticized aspect: Gameplay (0.0% negative)
OlliOlli World: Finding The Flowzone,Common positive theme: Finding the Flowzone
OlliOlli World: VOID Riders,Most discussed aspect: Level Design (8 reviews)
OlliOlli World: VOID Riders,Strongest aspect: Gameplay (100.0% positive)
OlliOlli World: VOID Riders,Most criticized aspect: Gameplay (0.0% negative)
OlliOlli World: VOID Riders,Common positive theme: VOID Riders
OlliOlli2: Welcome to Olliwood,Most discussed aspect: Difficulty (9 reviews)
OlliOlli2: Welcome to Olliwood,Strongest aspect: Gameplay (100.0% positive)
OlliOlli2: Welcome to Olliwood,Most criticized aspect: Gameplay (0.0% negative)
OlliOlli2: Welcome to Olliwood,Common positive theme: Olli Olli
Omori,Most discussed aspect: Story (5 reviews)
Omori,Strongest aspect: Gameplay (100.0% positive)
Omori,Most criticized aspect: Gameplay (0.0% negative)
Omori,Common positive theme: Omori
Once Upon a Jester...,Most discussed aspect: Story (7 reviews)
Once Upon a Jester...,Strongest aspect: Story (100.0% positive)
Once Upon a Jester...,Most criticized aspect: Gameplay (0.0% negative)
Once Upon a Jester...,Common positive theme: Jester
Once Upon a Katamari,Most discussed aspect: Gameplay (24 reviews)
Once Upon a Katamari,Strongest aspect: Story (100.0% positive)
Once Upon a Katamari,Most criticized aspect: Gameplay (0.0% negative)
Once Upon a Katamari,Common positive theme: Katamari
One Dreamer,Most discussed aspect: Story (2 reviews)
One Dreamer,Strongest aspect: Story (100.0% positive)
One Dreamer,Most criticized aspect: Story (0.0% negative)
One Dreamer,Common positive theme: game development
One Finger Death Punch 2,Most discussed aspect: Gameplay (5 reviews)
One Finger Death Punch 2,Strongest aspect: Gameplay (100.0% positive)
One Finger Death Punch 2,Most criticized aspect: Gameplay (0.0% negative)
One Finger Death Punch 2,Common positive theme: Finger Death Punch
OneShot,Most discussed aspect: Story (4 reviews)
OneShot,Strongest aspect: Graphics (100.0% positive)
OneShot,Most criticized aspect: Gameplay (0.0% negative)
OneShot,Common positive theme: World Machine Edition
Opus: Prism Peak,Most discussed aspect: Story (28 reviews)
Opus: Prism Peak,Strongest aspect: Graphics (100.0% positive)
Opus: Prism Peak,Most criticized aspect: Gameplay (0.0% negative)
Opus: Prism Peak,Common positive theme: Prism Peak
Orcs Must Die!,Most discussed aspect: Gameplay (2 reviews)
Orcs Must Die!,Strongest aspect: Gameplay (100.0% positive)
Orcs Must Die!,Most criticized aspect: Gameplay (0.0% negative)
Orcs Must Die!,Common positive theme: Orcs Must Die
Orcs Must Die: Unchained,Most discussed aspect: Gameplay (4 reviews)
Orcs Must Die: Unchained,Strongest aspect: Gameplay (100.0% positive)
Orcs Must Die: Unchained,Most criticized aspect: Gameplay (0.0% negative)
Orcs Must Die: Unchained,Common positive theme: Orcs Must Die
Order of Battle: Pacific,Most discussed aspect: Difficulty (2 reviews)
Order of Battle: Pacific,Strongest aspect: Difficulty (100.0% positive)
Order of Battle: Pacific,Most criticized aspect: Difficulty (0.0% negative)
Order of Battle: Pacific,Common positive theme: Order of Battle
Ori and the Blind Forest,Most discussed aspect: Gameplay (31 reviews)
Ori and the Blind Forest,Strongest aspect: Characters (100.0% positive)
Ori and the Blind Forest,Most criticized aspect: Gameplay (0.0% negative)
Ori and the Blind Forest,Common positive theme: Blind Forest
Ori and the Blind Forest: Definitive Edition,Most discussed aspect: Gameplay (10 reviews)
Ori and the Blind Forest: Definitive Edition,Strongest aspect: Story (100.0% positive)
Ori and the Blind Forest: Definitive Edition,Most criticized aspect: Gameplay (0.0% negative)
Ori and the Blind Forest: Definitive Edition,Common positive theme: Blind Forest
Ori and the Will of the Wisps,Most discussed aspect: Gameplay (53 reviews)
Ori and the Will of the Wisps,Strongest aspect: Story (100.0% positive)
Ori and the Will of the Wisps,Most criticized aspect: Gameplay (0.0% negative)
Ori and the Will of the Wisps,Common positive theme: Wisps
Orwell - Keeping an Eye on You,Most discussed aspect: Story (4 reviews)
Orwell - Keeping an Eye on You,Strongest aspect: Gameplay (100.0% positive)
Orwell - Keeping an Eye on You,Most criticized aspect: Gameplay (0.0% negative)
Orwell - Keeping an Eye on You,Common positive theme: Orwell
Out of the Park Baseball 15,Most discussed aspect: Gameplay (1 reviews)
Out of the Park Baseball 15,Strongest aspect: Gameplay (100.0% positive)
Out of the Park Baseball 15,Most criticized aspect: Gameplay (0.0% negative)
Out of the Park Baseball 15,Common positive theme: Park
Out of the Park Baseball 16,Most discussed aspect: Gameplay (1 reviews)
Out of the Park Baseball 16,Strongest aspect: Gameplay (100.0% positive)
Out of the Park Baseball 16,Most criticized aspect: Gameplay (0.0% negative)
Out of the Park Baseball 16,Common positive theme: text-based systems Buy
Outer Wilds,Most discussed aspect: Gameplay (20 reviews)
Outer Wilds,Strongest aspect: Graphics (100.0% positive)
Outer Wilds,Most criticized aspect: Gameplay (0.0% negative)
Outer Wilds,Common positive theme: Outer Wilds
Outer Wilds: Echoes of the Eye,Most discussed aspect: Gameplay (1 reviews)
Outer Wilds: Echoes of the Eye,Strongest aspect: Story (100.0% positive)
Outer Wilds: Echoes of the Eye,Most criticized aspect: Gameplay (0.0% negative)
Outer Wilds: Echoes of the Eye,Common positive theme: Outer Wilds
Overboard!,Most discussed aspect: Story (9 reviews)
Overboard!,Strongest aspect: Gameplay (100.0% positive)
Overboard!,Most criticized aspect: Gameplay (0.0% negative)
Overboard!,Common positive theme: Overboard
Overcooked 2,Most discussed aspect: Level Design (22 reviews)
Overcooked 2,Strongest aspect: Story (100.0% positive)
Overcooked 2,Most criticized aspect: Gameplay (0.0% negative)
Overcooked 2,Common positive theme: Overcooked
Overcooked 2 - Surf 'n' Turf,Most discussed aspect: Level Design (6 reviews)
Overcooked 2 - Surf 'n' Turf,Strongest aspect: Graphics (100.0% positive)
Overcooked 2 - Surf 'n' Turf,Most criticized aspect: Gameplay (0.0% negative)
Overcooked 2 - Surf 'n' Turf,Common positive theme: Overcooked
Overcooked! All You Can Eat,Most discussed aspect: Replayability (17 reviews)
Overcooked! All You Can Eat,Strongest aspect: Level Design (100.0% positive)
Overcooked! All You Can Eat,Most criticized aspect: Graphics (20.0% negative)
Overcooked! All You Can Eat,Common positive theme: Overcooked
Overcooked! All You Can Eat,Common negative theme: Eat edition
Overfall,Most discussed aspect: Gameplay (3 reviews)
Overfall,Strongest aspect: Story (100.0% positive)
Overfall,Most criticized aspect: Gameplay (0.0% negative)
Overfall,Common positive theme: stimulating tactical combat
Overwatch,Most discussed aspect: Gameplay (23 reviews)
Overwatch,Strongest aspect: Story (100.0% positive)
Overwatch,Most criticized aspect: Gameplay (0.0% negative)
Overwatch,Common positive theme: Overwatch
Owlboy,Most discussed aspect: Gameplay (35 reviews)
Owlboy,Strongest aspect: Characters (100.0% positive)
Owlboy,Most criticized aspect: Gameplay (0.0% negative)
Owlboy,Common positive theme: Owlboy
Oxenfree,Most discussed aspect: Story (49 reviews)
Oxenfree,Strongest aspect: Graphics (100.0% positive)
Oxenfree,Most criticized aspect: Gameplay (0.0% negative)
Oxenfree,Common positive theme: Oxenfree
PARANORMASIGHT: The Mermaid's Curse,Most discussed aspect: Story (14 reviews)
PARANORMASIGHT: The Mermaid's Curse,Strongest aspect: Music & Sound (100.0% positive)
PARANORMASIGHT: The Mermaid's Curse,Most criticized aspect: Gameplay (0.0% negative)
PARANORMASIGHT: The Mermaid's Curse,Common positive theme: Mermaid Curse
PARANORMASIGHT: The Seven Mysteries of Honjo,Most discussed aspect: Graphics (20 reviews)
PARANORMASIGHT: The Seven Mysteries of Honjo,Strongest aspect: Characters (100.0% positive)
PARANORMASIGHT: The Seven Mysteries of Honjo,Most criticized aspect: Gameplay (12.5% negative)
PARANORMASIGHT: The Seven Mysteries of Honjo,Common positive theme: Mysteries of Honjo
PARANORMASIGHT: The Seven Mysteries of Honjo,Common negative theme: Switch version
PEAK,Most discussed aspect: Performance (2 reviews)
PEAK,Strongest aspect: Gameplay (100.0% positive)
PEAK,Most criticized aspect: Gameplay (0.0% negative)
PEAK,Common positive theme: Peak
PGA TOUR 2K25,Most discussed aspect: Gameplay (15 reviews)
PGA TOUR 2K25,Strongest aspect: Level Design (100.0% positive)
PGA TOUR 2K25,Most criticized aspect: Gameplay (0.0% negative)
PGA TOUR 2K25,Common positive theme: PGA Tour
POPUCOM,Most discussed aspect: Gameplay (6 reviews)
POPUCOM,Strongest aspect: Gameplay (100.0% positive)
POPUCOM,Most criticized aspect: Gameplay (0.0% negative)
POPUCOM,Common positive theme: Popucom
Pacific Drive: Whispers in the Woods,Most discussed aspect: Replayability (3 reviews)
Pacific Drive: Whispers in the Woods,Strongest aspect: Gameplay (100.0% positive)
Pacific Drive: Whispers in the Woods,Most criticized aspect: Gameplay (0.0% negative)
Pacific Drive: Whispers in the Woods,Common positive theme: Pacific Drive
Panzer Corps 2,Most discussed aspect: Graphics (2 reviews)
Panzer Corps 2,Strongest aspect: Gameplay (100.0% positive)
Panzer Corps 2,Most criticized aspect: Gameplay (0.0% negative)
Panzer Corps 2,Common positive theme: finding a cozy
Panzer Paladin,Most discussed aspect: Gameplay (12 reviews)
Panzer Paladin,Strongest aspect: Story (100.0% positive)
Panzer Paladin,Most criticized aspect: Graphics (33.3% negative)
Panzer Paladin,Common positive theme: Panzer Paladin
Panzer Paladin,Common negative theme: Panzer Paladin
Paper Beast,Most discussed aspect: Gameplay (6 reviews)
Paper Beast,Strongest aspect: Story (60.0% positive)
Paper Beast,Most criticized aspect: Gameplay (0.0% negative)
Paper Beast,Common positive theme: Paper Beast
Paper Mario: The Thousand-Year Door,Most discussed aspect: Gameplay (28 reviews)
Paper Mario: The Thousand-Year Door,Strongest aspect: Characters (100.0% positive)
Paper Mario: The Thousand-Year Door,Most criticized aspect: Gameplay (0.0% negative)
Paper Mario: The Thousand-Year Door,Common positive theme: Paper Mario
Paradigm,Most discussed aspect: Gameplay (1 reviews)
Paradigm,Strongest aspect: Gameplay (100.0% positive)
Paradigm,Most criticized aspect: Gameplay (0.0% negative)
Paradigm,Common positive theme: Eastern European setting
Paradise Killer,Most discussed aspect: Characters (15 reviews)
Paradise Killer,Strongest aspect: Performance (100.0% positive)
Paradise Killer,Most criticized aspect: Gameplay (0.0% negative)
Paradise Killer,Common positive theme: Paradise Killer
Parking Garage Rally Circuit,Most discussed aspect: Difficulty (2 reviews)
Parking Garage Rally Circuit,Strongest aspect: Gameplay (100.0% positive)
Parking Garage Rally Circuit,Most criticized aspect: Gameplay (0.0% negative)
Parking Garage Rally Circuit,Common positive theme: Garage Rally Circuit
Parkitect,Most discussed aspect: Gameplay (1 reviews)
Parkitect,Strongest aspect: Gameplay (100.0% positive)
Parkitect,Most criticized aspect: Gameplay (0.0% negative)
Parkitect,Common positive theme: theme park formula
Patch Quest,Most discussed aspect: Gameplay (3 reviews)
Patch Quest,Strongest aspect: Gameplay (66.7% positive)
Patch Quest,Most criticized aspect: Gameplay (0.0% negative)
Patch Quest,Common positive theme: distinct gameplay loops
Path of Exile 2,Most discussed aspect: Level Design (3 reviews)
Path of Exile 2,Strongest aspect: Level Design (100.0% positive)
Path of Exile 2,Most criticized aspect: Gameplay (0.0% negative)
Path of Exile 2,Common positive theme: Path of Exile
Path of Exile: The Fall of Oriath,Most discussed aspect: Characters (3 reviews)
Path of Exile: The Fall of Oriath,Strongest aspect: Gameplay (100.0% positive)
Path of Exile: The Fall of Oriath,Most criticized aspect: Gameplay (0.0% negative)
Path of Exile: The Fall of Oriath,Common positive theme: director Steve Sinclair
Path of the Midnight Sun,Most discussed aspect: Gameplay (3 reviews)
Path of the Midnight Sun,Strongest aspect: Gameplay (100.0% positive)
Path of the Midnight Sun,Most criticized aspect: Gameplay (0.0% negative)
Path of the Midnight Sun,Common positive theme: Midnight Sun
Pathfinder: Wrath of the Righteous,Most discussed aspect: Gameplay (20 reviews)
Pathfinder: Wrath of the Righteous,Strongest aspect: Music & Sound (100.0% positive)
Pathfinder: Wrath of the Righteous,Most criticized aspect: Gameplay (0.0% negative)
Pathfinder: Wrath of the Righteous,Common positive theme: Righteous
Patrick's Parabox,Most discussed aspect: Difficulty (3 reviews)
Patrick's Parabox,Strongest aspect: Gameplay (100.0% positive)
Patrick's Parabox,Most criticized aspect: Gameplay (0.0% negative)
Patrick's Parabox,Common positive theme: Patrick Parabox
Pentiment,Most discussed aspect: Story (78 reviews)
Pentiment,Strongest aspect: Difficulty (100.0% positive)
Pentiment,Most criticized aspect: Gameplay (0.0% negative)
Pentiment,Common positive theme: Pentiment
Perfect Tides: Station to Station,Most discussed aspect: Story (10 reviews)
Perfect Tides: Station to Station,Strongest aspect: Gameplay (100.0% positive)
Perfect Tides: Station to Station,Most criticized aspect: Gameplay (0.0% negative)
Perfect Tides: Station to Station,Common positive theme: Perfect Tides
Persona 3 Portable,Most discussed aspect: Gameplay (17 reviews)
Persona 3 Portable,Strongest aspect: Performance (100.0% positive)
Persona 3 Portable,Most criticized aspect: Gameplay (0.0% negative)
Persona 3 Portable,Common positive theme: Persona
Persona 3 Reload,Most discussed aspect: Gameplay (57 reviews)
Persona 3 Reload,Strongest aspect: Level Design (100.0% positive)
Persona 3 Reload,Most criticized aspect: Performance (11.1% negative)
Persona 3 Reload,Common positive theme: Persona
Persona 3 Reload,Common negative theme: Reload finally hits
Persona 4 Golden,Most discussed aspect: Story (28 reviews)
Persona 4 Golden,Strongest aspect: Gameplay (100.0% positive)
Persona 4 Golden,Most criticized aspect: Gameplay (0.0% negative)
Persona 4 Golden,Common positive theme: Persona
Persona 5,Most discussed aspect: Story (42 reviews)
Persona 5,Strongest aspect: Gameplay (100.0% positive)
Persona 5,Most criticized aspect: Gameplay (0.0% negative)
Persona 5,Common positive theme: Persona
Persona 5 Royal,Most discussed aspect: Story (37 reviews)
Persona 5 Royal,Strongest aspect: Level Design (100.0% positive)
Persona 5 Royal,Most criticized aspect: Gameplay (0.0% negative)
Persona 5 Royal,Common positive theme: Persona
Persona 5 Strikers,Most discussed aspect: Gameplay (56 reviews)
Persona 5 Strikers,Strongest aspect: Graphics (100.0% positive)
Persona 5 Strikers,Most criticized aspect: Gameplay (0.0% negative)
Persona 5 Strikers,Common positive theme: Persona
Persona Q2: New Cinema Labyrinth,Most discussed aspect: Gameplay (8 reviews)
Persona Q2: New Cinema Labyrinth,Strongest aspect: Gameplay (100.0% positive)
Persona Q2: New Cinema Labyrinth,Most criticized aspect: Gameplay (0.0% negative)
Persona Q2: New Cinema Labyrinth,Common positive theme: Cinema Labyrinth
Persona Q: Shadow of the Labyrinth,Most discussed aspect: Gameplay (8 reviews)
Persona Q: Shadow of the Labyrinth,Strongest aspect: Graphics (100.0% positive)
Persona Q: Shadow of the Labyrinth,Most criticized aspect: Gameplay (0.0% negative)
Persona Q: Shadow of the Labyrinth,Common positive theme: Persona
Phantom Brave,Most discussed aspect: Gameplay (3 reviews)
Phantom Brave,Strongest aspect: Story (100.0% positive)
Phantom Brave,Most criticized aspect: Gameplay (0.0% negative)
Phantom Brave,Common positive theme: Nippon Ichi RPG
Phoenix Wright: Ace Attorney - Spirit of Justice,Most discussed aspect: Story (20 reviews)
Phoenix Wright: Ace Attorney - Spirit of Justice,Strongest aspect: Level Design (100.0% positive)
Phoenix Wright: Ace Attorney - Spirit of Justice,Most criticized aspect: Gameplay (0.0% negative)
Phoenix Wright: Ace Attorney - Spirit of Justice,Common positive theme: Ace Attorney
Phoenix Wright: Ace Attorney Trilogy,Most discussed aspect: Graphics (18 reviews)
Phoenix Wright: Ace Attorney Trilogy,Strongest aspect: Gameplay (100.0% positive)
Phoenix Wright: Ace Attorney Trilogy,Most criticized aspect: Gameplay (0.0% negative)
Phoenix Wright: Ace Attorney Trilogy,Common positive theme: Ace Attorney Trilogy
Phonopolis,Most discussed aspect: Story (2 reviews)
Phonopolis,Strongest aspect: Gameplay (100.0% positive)
Phonopolis,Most criticized aspect: Gameplay (0.0% negative)
Phonopolis,Common positive theme: Amanita Design
Picross 3D Round 2,Most discussed aspect: Difficulty (3 reviews)
Picross 3D Round 2,Strongest aspect: Graphics (100.0% positive)
Picross 3D Round 2,Most criticized aspect: Graphics (0.0% negative)
Picross 3D Round 2,Common positive theme: hugely rewarding Picross
Pieced Together,Most discussed aspect: Story (2 reviews)
Pieced Together,Strongest aspect: Gameplay (100.0% positive)
Pieced Together,Most criticized aspect: Gameplay (0.0% negative)
Pieced Together,Common positive theme: simple scrapbook game
Pig Eat Ball,Most discussed aspect: Characters (2 reviews)
Pig Eat Ball,Strongest aspect: Characters (50.0% positive)
Pig Eat Ball,Most criticized aspect: Gameplay (0.0% negative)
Pig Eat Ball,Common positive theme: Pig Eat Ball
Pikmin 3 Deluxe,Most discussed aspect: Replayability (14 reviews)
Pikmin 3 Deluxe,Strongest aspect: Story (100.0% positive)
Pikmin 3 Deluxe,Most criticized aspect: Gameplay (0.0% negative)
Pikmin 3 Deluxe,Common positive theme: Pikmin
Pikmin 4,Most discussed aspect: Gameplay (37 reviews)
Pikmin 4,Strongest aspect: Graphics (100.0% positive)
Pikmin 4,Most criticized aspect: Gameplay (0.0% negative)
Pikmin 4,Common positive theme: Pikmin
Pillars of Eternity,Most discussed aspect: Story (19 reviews)
Pillars of Eternity,Strongest aspect: Characters (100.0% positive)
Pillars of Eternity,Most criticized aspect: Gameplay (0.0% negative)
Pillars of Eternity,Common positive theme: Pillars of Eternity
Pillars of Eternity II: Deadfire,Most discussed aspect: Gameplay (30 reviews)
Pillars of Eternity II: Deadfire,Strongest aspect: Characters (100.0% positive)
Pillars of Eternity II: Deadfire,Most criticized aspect: Gameplay (0.0% negative)
Pillars of Eternity II: Deadfire,Common positive theme: Pillars of Eternity
Pillars of Eternity II: Deadfire - Ultimate Edition,Most discussed aspect: Performance (12 reviews)
Pillars of Eternity II: Deadfire - Ultimate Edition,Strongest aspect: Graphics (100.0% positive)
Pillars of Eternity II: Deadfire - Ultimate Edition,Most criticized aspect: Gameplay (0.0% negative)
Pillars of Eternity II: Deadfire - Ultimate Edition,Common positive theme: Pillars of Eternity
Pillars of Eternity: Complete Edition,Most discussed aspect: Story (14 reviews)
Pillars of Eternity: Complete Edition,Strongest aspect: Level Design (100.0% positive)
Pillars of Eternity: Complete Edition,Most criticized aspect: Gameplay (0.0% negative)
Pillars of Eternity: Complete Edition,Common positive theme: Pillars of Eternity
Pinball FX VR,Most discussed aspect: Gameplay (1 reviews)
Pinball FX VR,Strongest aspect: Gameplay (100.0% positive)
Pinball FX VR,Most criticized aspect: Gameplay (0.0% negative)
Pinball FX VR,Common positive theme: iconic pinball tables
Pinball FX3,Most discussed aspect: Gameplay (4 reviews)
Pinball FX3,Strongest aspect: Graphics (100.0% positive)
Pinball FX3,Most criticized aspect: Gameplay (0.0% negative)
Pinball FX3,Common positive theme: Pinball
Pinball FX3 - Universal Monsters Pinball Pack,Most discussed aspect: Difficulty (3 reviews)
Pinball FX3 - Universal Monsters Pinball Pack,Strongest aspect: Gameplay (100.0% positive)
Pinball FX3 - Universal Monsters Pinball Pack,Most criticized aspect: Gameplay (0.0% negative)
Pinball FX3 - Universal Monsters Pinball Pack,Common positive theme: Universal Monster Pack
Pinball FX3: Jurassic World,Most discussed aspect: Difficulty (1 reviews)
Pinball FX3: Jurassic World,Strongest aspect: Difficulty (0.0% positive)
Pinball FX3: Jurassic World,Most criticized aspect: Difficulty (0.0% negative)
Pinball FX3: Jurassic World,Common positive theme: Jurassic World Pinball
Pinball FX3: Williams Pinball - Volume 5,Most discussed aspect: Difficulty (1 reviews)
Pinball FX3: Williams Pinball - Volume 5,Strongest aspect: Difficulty (100.0% positive)
Pinball FX3: Williams Pinball - Volume 5,Most criticized aspect: Difficulty (0.0% negative)
Pinball FX3: Williams Pinball - Volume 5,Common positive theme: Studios' relentless adaptation
Pine Hearts,Most discussed aspect: Story (5 reviews)
Pine Hearts,Strongest aspect: Story (100.0% positive)
Pine Hearts,Most criticized aspect: Gameplay (0.0% negative)
Pine Hearts,Common positive theme: Pine Hearts
Piofiore: Episodio 1926,Most discussed aspect: Story (4 reviews)
Piofiore: Episodio 1926,Strongest aspect: Graphics (100.0% positive)
Piofiore: Episodio 1926,Most criticized aspect: Story (0.0% negative)
Piofiore: Episodio 1926,Common positive theme: Fated Memories needed
Pioneers of Pagonia,Most discussed aspect: Gameplay (3 reviews)
Pioneers of Pagonia,Strongest aspect: Gameplay (66.7% positive)
Pioneers of Pagonia,Most criticized aspect: Gameplay (0.0% negative)
Pioneers of Pagonia,Common positive theme: Pioneers of Pagonia
Pipistrello and the Cursed Yoyo,Most discussed aspect: Gameplay (26 reviews)
Pipistrello and the Cursed Yoyo,Strongest aspect: Story (100.0% positive)
Pipistrello and the Cursed Yoyo,Most criticized aspect: Gameplay (0.0% negative)
Pipistrello and the Cursed Yoyo,Common positive theme: Cursed Yoyo
Pistol Whip,Most discussed aspect: Gameplay (9 reviews)
Pistol Whip,Strongest aspect: Story (100.0% positive)
Pistol Whip,Most criticized aspect: Gameplay (0.0% negative)
Pistol Whip,Common positive theme: Pistol Whip
Pixel Ripped 1995,Most discussed aspect: Gameplay (6 reviews)
Pixel Ripped 1995,Strongest aspect: Gameplay (100.0% positive)
Pixel Ripped 1995,Most criticized aspect: Gameplay (0.0% negative)
Pixel Ripped 1995,Common positive theme: Pixel Ripped
Pizza Tower,Most discussed aspect: Gameplay (2 reviews)
Pizza Tower,Strongest aspect: Gameplay (100.0% positive)
Pizza Tower,Most criticized aspect: Gameplay (0.0% negative)
Pizza Tower,Common positive theme: Pizza Tower
Plague Inc: Evolved,Most discussed aspect: Replayability (1 reviews)
Plague Inc: Evolved,Strongest aspect: Replayability (0.0% positive)
Plague Inc: Evolved,Most criticized aspect: Replayability (0.0% negative)
Plague Inc: Evolved,Common positive theme: fast paced RTS
Planescape: Torment Enhanced Edition,Most discussed aspect: Story (2 reviews)
Planescape: Torment Enhanced Edition,Strongest aspect: Gameplay (100.0% positive)
Planescape: Torment Enhanced Edition,Most criticized aspect: Gameplay (0.0% negative)
Planescape: Torment Enhanced Edition,Common positive theme: enhanced edition
Planet Coaster,Most discussed aspect: Difficulty (6 reviews)
Planet Coaster,Strongest aspect: Gameplay (100.0% positive)
Planet Coaster,Most criticized aspect: Gameplay (0.0% negative)
Planet Coaster,Common positive theme: Planet Coaster
Planet Coaster: Console Edition,Most discussed aspect: Gameplay (7 reviews)
Planet Coaster: Console Edition,Strongest aspect: Graphics (100.0% positive)
Planet Coaster: Console Edition,Most criticized aspect: Gameplay (0.0% negative)
Planet Coaster: Console Edition,Common positive theme: Planet Coaster
Planet Zoo,Most discussed aspect: Level Design (6 reviews)
Planet Zoo,Strongest aspect: Gameplay (100.0% positive)
Planet Zoo,Most criticized aspect: Gameplay (0.0% negative)
Planet Zoo,Common positive theme: Planet Zoo
Planet of Lana,Most discussed aspect: Gameplay (36 reviews)
Planet of Lana,Strongest aspect: Performance (100.0% positive)
Planet of Lana,Most criticized aspect: Gameplay (0.0% negative)
Planet of Lana,Common positive theme: Planet of Lana
Planet of Lana II: Children of the Leaf,Most discussed aspect: Gameplay (46 reviews)
Planet of Lana II: Children of the Leaf,Strongest aspect: Level Design (100.0% positive)
Planet of Lana II: Children of the Leaf,Most criticized aspect: Gameplay (0.0% negative)
Planet of Lana II: Children of the Leaf,Common positive theme: Planet of Lana
Plants vs. Zombies: Garden Warfare 2,Most discussed aspect: Characters (15 reviews)
Plants vs. Zombies: Garden Warfare 2,Strongest aspect: Graphics (100.0% positive)
Plants vs. Zombies: Garden Warfare 2,Most criticized aspect: Gameplay (0.0% negative)
Plants vs. Zombies: Garden Warfare 2,Common positive theme: Garden Warfare
Platypus Reclayed,Most discussed aspect: Difficulty (5 reviews)
Platypus Reclayed,Strongest aspect: Gameplay (100.0% positive)
Platypus Reclayed,Most criticized aspect: Gameplay (0.0% negative)
Platypus Reclayed,Common positive theme: Platypus Reclayed
"Please, Don't Touch Anything (VR)",Most discussed aspect: Gameplay (1 reviews)
"Please, Don't Touch Anything (VR)",Strongest aspect: Gameplay (100.0% positive)
"Please, Don't Touch Anything (VR)",Most criticized aspect: Gameplay (0.0% negative)
"Please, Don't Touch Anything (VR)",Common positive theme: laugh and jump
"Please, Touch the Artwork",Most discussed aspect: Gameplay (3 reviews)
"Please, Touch the Artwork",Strongest aspect: Gameplay (100.0% positive)
"Please, Touch the Artwork",Most criticized aspect: Gameplay (0.0% negative)
"Please, Touch the Artwork",Common positive theme: Touch the Artwork
Plebby Quest: The Crusades,Most discussed aspect: Level Design (2 reviews)
Plebby Quest: The Crusades,Strongest aspect: Level Design (50.0% positive)
Plebby Quest: The Crusades,Most criticized aspect: Level Design (0.0% negative)
Plebby Quest: The Crusades,Common positive theme: Plebby Quest
Pocket Card Jockey,Most discussed aspect: Gameplay (4 reviews)
Pocket Card Jockey,Strongest aspect: Story (100.0% positive)
Pocket Card Jockey,Most criticized aspect: Gameplay (0.0% negative)
Pocket Card Jockey,Common positive theme: Pocket Card Jockey
Poi,Most discussed aspect: Gameplay (1 reviews)
Poi,Strongest aspect: Gameplay (100.0% positive)
Poi,Most criticized aspect: Gameplay (0.0% negative)
Poi,Common positive theme: competent love letter
Pokemon Omega Ruby & Alpha Sapphire,Most discussed aspect: Gameplay (7 reviews)
Pokemon Omega Ruby & Alpha Sapphire,Strongest aspect: Story (100.0% positive)
Pokemon Omega Ruby & Alpha Sapphire,Most criticized aspect: Gameplay (0.0% negative)
Pokemon Omega Ruby & Alpha Sapphire,Common positive theme: Pokémon Omega Ruby
Pokemon Ultra Sun and Moon,Most discussed aspect: Story (20 reviews)
Pokemon Ultra Sun and Moon,Strongest aspect: Gameplay (100.0% positive)
Pokemon Ultra Sun and Moon,Most criticized aspect: Gameplay (0.0% negative)
Pokemon Ultra Sun and Moon,Common positive theme: Pokémon Ultra Sun
Pokemon X and Y,Most discussed aspect: Graphics (6 reviews)
Pokemon X and Y,Strongest aspect: Gameplay (100.0% positive)
Pokemon X and Y,Most criticized aspect: Gameplay (0.0% negative)
Pokemon X and Y,Common positive theme: Pokémon
Poker Night at the Inventory,Most discussed aspect: Characters (4 reviews)
Poker Night at the Inventory,Strongest aspect: Difficulty (33.3% positive)
Poker Night at the Inventory,Most criticized aspect: Gameplay (0.0% negative)
Poker Night at the Inventory,Common positive theme: Poker Night
Pokken Tournament DX,Most discussed aspect: Gameplay (13 reviews)
Pokken Tournament DX,Strongest aspect: Gameplay (100.0% positive)
Pokken Tournament DX,Most criticized aspect: Gameplay (0.0% negative)
Pokken Tournament DX,Common positive theme: Pokken Tournament
Pokémon Legends: Arceus,Most discussed aspect: Gameplay (34 reviews)
Pokémon Legends: Arceus,Strongest aspect: Music & Sound (100.0% positive)
Pokémon Legends: Arceus,Most criticized aspect: Characters (20.0% negative)
Pokémon Legends: Arceus,Common positive theme: Pokémon Legends
Pokémon Legends: Arceus,Common negative theme: huge missed opportunity
Pokémon Pokopia,Most discussed aspect: Gameplay (28 reviews)
Pokémon Pokopia,Strongest aspect: Gameplay (100.0% positive)
Pokémon Pokopia,Most criticized aspect: Gameplay (0.0% negative)
Pokémon Pokopia,Common positive theme: Pokémon Pokopia
Pokémon Sun and Moon,Most discussed aspect: Story (12 reviews)
Pokémon Sun and Moon,Strongest aspect: Characters (100.0% positive)
Pokémon Sun and Moon,Most criticized aspect: Gameplay (0.0% negative)
Pokémon Sun and Moon,Common positive theme: Pokémon Sun
Pokémon: Let's Go,Most discussed aspect: Gameplay (25 reviews)
Pokémon: Let's Go,Strongest aspect: Graphics (100.0% positive)
Pokémon: Let's Go,Most criticized aspect: Gameplay (0.0% negative)
Pokémon: Let's Go,Common positive theme: Pokémon
Polybius,Most discussed aspect: Gameplay (1 reviews)
Polybius,Strongest aspect: Gameplay (100.0% positive)
Polybius,Most criticized aspect: Gameplay (0.0% negative)
Polybius,Common positive theme: Llamasoft latest
Pony Island,Most discussed aspect: Story (3 reviews)
Pony Island,Strongest aspect: Story (66.7% positive)
Pony Island,Most criticized aspect: Gameplay (0.0% negative)
Pony Island,Common positive theme: Pony Island
Portal: Companion Collection,Most discussed aspect: Replayability (3 reviews)
Portal: Companion Collection,Strongest aspect: Gameplay (100.0% positive)
Portal: Companion Collection,Most criticized aspect: Gameplay (0.0% negative)
Portal: Companion Collection,Common positive theme: Portal
Post Void,Most discussed aspect: Gameplay (8 reviews)
Post Void,Strongest aspect: Level Design (100.0% positive)
Post Void,Most criticized aspect: Music & Sound (50.0% negative)
Post Void,Common positive theme: Post Void
Post Void,Common negative theme: Post Void
Potion Craft,Most discussed aspect: Gameplay (5 reviews)
Potion Craft,Strongest aspect: Gameplay (100.0% positive)
Potion Craft,Most criticized aspect: Gameplay (0.0% negative)
Potion Craft,Common positive theme: Potion Craft
PowerSlave Exhumed,Most discussed aspect: Gameplay (5 reviews)
PowerSlave Exhumed,Strongest aspect: Level Design (100.0% positive)
PowerSlave Exhumed,Most criticized aspect: Gameplay (0.0% negative)
PowerSlave Exhumed,Common positive theme: Powerslave Exhumed
PowerWash Simulator 2,Most discussed aspect: Gameplay (11 reviews)
PowerWash Simulator 2,Strongest aspect: Gameplay (100.0% positive)
PowerWash Simulator 2,Most criticized aspect: Gameplay (0.0% negative)
PowerWash Simulator 2,Common positive theme: PowerWash Simulator
Pragmata,Most discussed aspect: Gameplay (108 reviews)
Pragmata,Strongest aspect: Characters (100.0% positive)
Pragmata,Most criticized aspect: Gameplay (0.0% negative)
Pragmata,Common positive theme: Pragmata
Prey,Most discussed aspect: Story (50 reviews)
Prey,Strongest aspect: Replayability (87.5% positive)
Prey,Most criticized aspect: Graphics (25.0% negative)
Prey,Common positive theme: Prey
Prey,Common negative theme: effective puzzle elements
Prey: Mooncrash,Most discussed aspect: Story (8 reviews)
Prey: Mooncrash,Strongest aspect: Characters (100.0% positive)
Prey: Mooncrash,Most criticized aspect: Gameplay (0.0% negative)
Prey: Mooncrash,Common positive theme: Prey
Prince of Persia: The Lost Crown,Most discussed aspect: Gameplay (104 reviews)
Prince of Persia: The Lost Crown,Strongest aspect: Graphics (100.0% positive)
Prince of Persia: The Lost Crown,Most criticized aspect: Gameplay (0.0% negative)
Prince of Persia: The Lost Crown,Common positive theme: Lost Crown
Prinny Presents NIS Classics Vol. 2,Most discussed aspect: Gameplay (4 reviews)
Prinny Presents NIS Classics Vol. 2,Strongest aspect: Difficulty (100.0% positive)
Prinny Presents NIS Classics Vol. 2,Most criticized aspect: Gameplay (0.0% negative)
Prinny Presents NIS Classics Vol. 2,Common positive theme: Presents NIS Classics
Pro Evolution Soccer 2015,Most discussed aspect: Gameplay (6 reviews)
Pro Evolution Soccer 2015,Strongest aspect: Difficulty (100.0% positive)
Pro Evolution Soccer 2015,Most criticized aspect: Gameplay (0.0% negative)
Pro Evolution Soccer 2015,Common positive theme: Pro Evolution Soccer
Pro Evolution Soccer 2016,Most discussed aspect: Gameplay (13 reviews)
Pro Evolution Soccer 2016,Strongest aspect: Graphics (100.0% positive)
Pro Evolution Soccer 2016,Most criticized aspect: Level Design (33.3% negative)
Pro Evolution Soccer 2016,Common positive theme: Pro Evolution Soccer
Pro Evolution Soccer 2016,Common negative theme: responsive football title
Pro Evolution Soccer 2017,Most discussed aspect: Gameplay (19 reviews)
Pro Evolution Soccer 2017,Strongest aspect: Story (100.0% positive)
Pro Evolution Soccer 2017,Most criticized aspect: Gameplay (0.0% negative)
Pro Evolution Soccer 2017,Common positive theme: Pro Evolution Soccer
Pro Evolution Soccer 2017,Common negative theme: Pro Evolution
Pro Evolution Soccer 2018,Most discussed aspect: Gameplay (31 reviews)
Pro Evolution Soccer 2018,Strongest aspect: Difficulty (100.0% positive)
Pro Evolution Soccer 2018,Most criticized aspect: Gameplay (0.0% negative)
Pro Evolution Soccer 2018,Common positive theme: Pro Evolution Soccer
Prodeus,Most discussed aspect: Performance (12 reviews)
Prodeus,Strongest aspect: Music & Sound (100.0% positive)
Prodeus,Most criticized aspect: Gameplay (0.0% negative)
Prodeus,Common positive theme: Prodeus
Prodeus,Common negative theme: n’t claim Prodeus
Professor Layton and the Azran Legacy,Most discussed aspect: Story (11 reviews)
Professor Layton and the Azran Legacy,Strongest aspect: Gameplay (100.0% positive)
Professor Layton and the Azran Legacy,Most criticized aspect: Gameplay (0.0% negative)
Professor Layton and the Azran Legacy,Common positive theme: Professor Layton
Project CARS,Most discussed aspect: Difficulty (8 reviews)
Project CARS,Strongest aspect: Graphics (100.0% positive)
Project CARS,Most criticized aspect: Gameplay (0.0% negative)
Project CARS,Common positive theme: Project CARS
Project CARS 2,Most discussed aspect: Performance (12 reviews)
Project CARS 2,Strongest aspect: Level Design (100.0% positive)
Project CARS 2,Most criticized aspect: Gameplay (0.0% negative)
Project CARS 2,Common positive theme: Project CARS
Project Highrise,Most discussed aspect: Gameplay (1 reviews)
Project Highrise,Strongest aspect: Replayability (100.0% positive)
Project Highrise,Most criticized aspect: Gameplay (0.0% negative)
Project Highrise,Common positive theme: Project Highrise
Promenade,Most discussed aspect: Gameplay (13 reviews)
Promenade,Strongest aspect: Gameplay (100.0% positive)
Promenade,Most criticized aspect: Gameplay (0.0% negative)
Promenade,Common positive theme: Promenade
Promise Mascot Agency,Most discussed aspect: Gameplay (12 reviews)
Promise Mascot Agency,Strongest aspect: Level Design (100.0% positive)
Promise Mascot Agency,Most criticized aspect: Gameplay (0.0% negative)
Promise Mascot Agency,Common positive theme: Promise Mascot Agency
Psychonauts,Most discussed aspect: Gameplay (1 reviews)
Psychonauts,Strongest aspect: Gameplay (100.0% positive)
Psychonauts,Most criticized aspect: Gameplay (0.0% negative)
Psychonauts,Common positive theme: past year
Psychonauts 2,Most discussed aspect: Gameplay (45 reviews)
Psychonauts 2,Strongest aspect: Graphics (100.0% positive)
Psychonauts 2,Most criticized aspect: Gameplay (0.0% negative)
Psychonauts 2,Common positive theme: Psychonauts
Psyvariar 3,Most discussed aspect: Gameplay (5 reviews)
Psyvariar 3,Strongest aspect: Level Design (100.0% positive)
Psyvariar 3,Most criticized aspect: Gameplay (0.0% negative)
Psyvariar 3,Common positive theme: ultra satisfying arcade
Psyvariar Delta,Most discussed aspect: Gameplay (1 reviews)
Psyvariar Delta,Strongest aspect: Gameplay (100.0% positive)
Psyvariar Delta,Most criticized aspect: Gameplay (0.0% negative)
Psyvariar Delta,Common positive theme: Unit and Revision
Pushmo World,Most discussed aspect: Difficulty (7 reviews)
Pushmo World,Strongest aspect: Story (100.0% positive)
Pushmo World,Most criticized aspect: Gameplay (0.0% negative)
Pushmo World,Common positive theme: Pushmo World
Puyo Puyo Tetris,Most discussed aspect: Replayability (9 reviews)
Puyo Puyo Tetris,Strongest aspect: Gameplay (100.0% positive)
Puyo Puyo Tetris,Most criticized aspect: Gameplay (0.0% negative)
Puyo Puyo Tetris,Common positive theme: Puyo Puyo Tetris
Pyre,Most discussed aspect: Gameplay (34 reviews)
Pyre,Strongest aspect: Level Design (100.0% positive)
Pyre,Most criticized aspect: Gameplay (0.0% negative)
Pyre,Common positive theme: Pyre
Q.U.B.E. 10th Anniversary,Most discussed aspect: Graphics (3 reviews)
Q.U.B.E. 10th Anniversary,Strongest aspect: Graphics (100.0% positive)
Q.U.B.E. 10th Anniversary,Most criticized aspect: Story (0.0% negative)
Q.U.B.E. 10th Anniversary,Common positive theme: Anniversary
QQQbeats!!!,Most discussed aspect: Gameplay (4 reviews)
QQQbeats!!!,Strongest aspect: Gameplay (75.0% positive)
QQQbeats!!!,Most criticized aspect: Gameplay (0.0% negative)
QQQbeats!!!,Common positive theme: Touhou Spell Bubble
Quadrilateral Cowboy,Most discussed aspect: Story (3 reviews)
Quadrilateral Cowboy,Strongest aspect: Difficulty (100.0% positive)
Quadrilateral Cowboy,Most criticized aspect: Gameplay (0.0% negative)
Quadrilateral Cowboy,Common positive theme: Quadrilateral Cowboy
Quake,Most discussed aspect: Performance (10 reviews)
Quake,Strongest aspect: Gameplay (100.0% positive)
Quake,Most criticized aspect: Gameplay (0.0% negative)
Quake,Common positive theme: Quake Remastered
Quake II,Most discussed aspect: Replayability (7 reviews)
Quake II,Strongest aspect: Gameplay (100.0% positive)
Quake II,Most criticized aspect: Gameplay (0.0% negative)
Quake II,Common positive theme: Quake
Quarantine Circular,Most discussed aspect: Story (7 reviews)
Quarantine Circular,Strongest aspect: Characters (60.0% positive)
Quarantine Circular,Most criticized aspect: Story (0.0% negative)
Quarantine Circular,Common positive theme: Quarantine Circular
Quartet,Most discussed aspect: Story (8 reviews)
Quartet,Strongest aspect: Graphics (100.0% positive)
Quartet,Most criticized aspect: Gameplay (0.0% negative)
Quartet,Common positive theme: Quartet
R-Type Dimensions EX,Most discussed aspect: Difficulty (3 reviews)
R-Type Dimensions EX,Strongest aspect: Gameplay (100.0% positive)
R-Type Dimensions EX,Most criticized aspect: Gameplay (0.0% negative)
R-Type Dimensions EX,Common positive theme: R-Type Dimensions
RUSH,Most discussed aspect: Level Design (2 reviews)
RUSH,Strongest aspect: Gameplay (100.0% positive)
RUSH,Most criticized aspect: Gameplay (0.0% negative)
RUSH,Common positive theme: unseemly riddle
Rabi-Ribi,Most discussed aspect: Gameplay (8 reviews)
Rabi-Ribi,Strongest aspect: Difficulty (100.0% positive)
Rabi-Ribi,Most criticized aspect: Gameplay (0.0% negative)
Rabi-Ribi,Common positive theme: Rabi-Ribi
Raccoin: Coin Pusher Roguelike,Most discussed aspect: Gameplay (6 reviews)
Raccoin: Coin Pusher Roguelike,Strongest aspect: Graphics (100.0% positive)
Raccoin: Coin Pusher Roguelike,Most criticized aspect: Gameplay (0.0% negative)
Raccoin: Coin Pusher Roguelike,Common positive theme: Coin Pusher Roguelike
Radiant Historia: Perfect Chronology,Most discussed aspect: Story (11 reviews)
Radiant Historia: Perfect Chronology,Strongest aspect: Gameplay (100.0% positive)
Radiant Historia: Perfect Chronology,Most criticized aspect: Gameplay (0.0% negative)
Radiant Historia: Perfect Chronology,Common positive theme: Radiant Historia
Radiant Silvergun,Most discussed aspect: Difficulty (4 reviews)
Radiant Silvergun,Strongest aspect: Gameplay (100.0% positive)
Radiant Silvergun,Most criticized aspect: Gameplay (0.0% negative)
Radiant Silvergun,Common positive theme: Radiant Silvergun
Radiant Tale,Most discussed aspect: Characters (5 reviews)
Radiant Tale,Strongest aspect: Story (100.0% positive)
Radiant Tale,Most criticized aspect: Story (0.0% negative)
Radiant Tale,Common positive theme: Radiant Tale
Ragnarock,Most discussed aspect: Music & Sound (7 reviews)
Ragnarock,Strongest aspect: Gameplay (100.0% positive)
Ragnarock,Most criticized aspect: Gameplay (0.0% negative)
Ragnarock,Common positive theme: Ragnarock
Railbound,Most discussed aspect: Difficulty (7 reviews)
Railbound,Strongest aspect: Difficulty (85.7% positive)
Railbound,Most criticized aspect: Level Design (0.0% negative)
Railbound,Common positive theme: chirpy cel-shaded models
Railway Empire – Complete Collection,Most discussed aspect: Replayability (4 reviews)
Railway Empire – Complete Collection,Strongest aspect: Difficulty (100.0% positive)
Railway Empire – Complete Collection,Most criticized aspect: Level Design (0.0% negative)
Railway Empire – Complete Collection,Common positive theme: Railway Empire
Rainbow Billy: The Curse of Leviathan,Most discussed aspect: Gameplay (13 reviews)
Rainbow Billy: The Curse of Leviathan,Strongest aspect: Characters (100.0% positive)
Rainbow Billy: The Curse of Leviathan,Most criticized aspect: Gameplay (0.0% negative)
Rainbow Billy: The Curse of Leviathan,Common positive theme: Rainbow Billy
Rakuen,Most discussed aspect: Story (2 reviews)
Rakuen,Strongest aspect: Story (100.0% positive)
Rakuen,Most criticized aspect: Story (0.0% negative)
Rakuen,Common positive theme: authentic and extraordinary
Rakuen Deluxe Edition,Most discussed aspect: Story (3 reviews)
Rakuen Deluxe Edition,Strongest aspect: Gameplay (100.0% positive)
Rakuen Deluxe Edition,Most criticized aspect: Gameplay (0.0% negative)
Rakuen Deluxe Edition,Common positive theme: Deluxe Edition
Rare Replay,Most discussed aspect: Replayability (49 reviews)
Rare Replay,Strongest aspect: Gameplay (100.0% positive)
Rare Replay,Most criticized aspect: Gameplay (0.0% negative)
Rare Replay,Common positive theme: Rare Replay
Ratchet & Clank,Most discussed aspect: Gameplay (22 reviews)
Ratchet & Clank,Strongest aspect: Graphics (100.0% positive)
Ratchet & Clank,Most criticized aspect: Gameplay (0.0% negative)
Ratchet & Clank,Common positive theme: Clank
Ratchet & Clank: Rift Apart,Most discussed aspect: Gameplay (57 reviews)
Ratchet & Clank: Rift Apart,Strongest aspect: Level Design (100.0% positive)
Ratchet & Clank: Rift Apart,Most criticized aspect: Gameplay (0.0% negative)
Ratchet & Clank: Rift Apart,Common positive theme: Clank Rift
Raw Data,Most discussed aspect: Gameplay (5 reviews)
Raw Data,Strongest aspect: Level Design (100.0% positive)
Raw Data,Most criticized aspect: Gameplay (0.0% negative)
Raw Data,Common positive theme: Raw Data
Rayman Legends,Most discussed aspect: Gameplay (21 reviews)
Rayman Legends,Strongest aspect: Graphics (100.0% positive)
Rayman Legends,Most criticized aspect: Gameplay (0.0% negative)
Rayman Legends,Common positive theme: Rayman Legends
Rayman Legends: Definitive Edition,Most discussed aspect: Gameplay (6 reviews)
Rayman Legends: Definitive Edition,Strongest aspect: Gameplay (100.0% positive)
Rayman Legends: Definitive Edition,Most criticized aspect: Gameplay (0.0% negative)
Rayman Legends: Definitive Edition,Common positive theme: Rayman Legends
Ready or Not,Most discussed aspect: Gameplay (14 reviews)
Ready or Not,Strongest aspect: Characters (100.0% positive)
Ready or Not,Most criticized aspect: Gameplay (0.0% negative)
Ready or Not,Common positive theme: Ready
Ready or Not,Common negative theme: ready
Realm of Ink,Most discussed aspect: Gameplay (6 reviews)
Realm of Ink,Strongest aspect: Characters (100.0% positive)
Realm of Ink,Most criticized aspect: Gameplay (0.0% negative)
Realm of Ink,Common positive theme: developer Leap Studio
Reanimal,Most discussed aspect: Gameplay (48 reviews)
Reanimal,Strongest aspect: Characters (100.0% positive)
Reanimal,Most criticized aspect: Gameplay (0.0% negative)
Reanimal,Common positive theme: Tarsier Studios
Red Dead Redemption 2,Most discussed aspect: Story (55 reviews)
Red Dead Redemption 2,Strongest aspect: Characters (100.0% positive)
Red Dead Redemption 2,Most criticized aspect: Gameplay (0.0% negative)
Red Dead Redemption 2,Common positive theme: Red Dead Redemption
Red Matter 2,Most discussed aspect: Graphics (6 reviews)
Red Matter 2,Strongest aspect: Gameplay (100.0% positive)
Red Matter 2,Most criticized aspect: Gameplay (0.0% negative)
Red Matter 2,Common positive theme: Red Matter
Reigns: Her Majesty,Most discussed aspect: Gameplay (3 reviews)
Reigns: Her Majesty,Strongest aspect: Gameplay (100.0% positive)
Reigns: Her Majesty,Most criticized aspect: Gameplay (0.0% negative)
Reigns: Her Majesty,Common positive theme: Majesty
Remnant II,Most discussed aspect: Gameplay (34 reviews)
Remnant II,Strongest aspect: Level Design (91.7% positive)
Remnant II,Most criticized aspect: Gameplay (0.0% negative)
Remnant II,Common positive theme: Remnant
Resident Evil 2,Most discussed aspect: Gameplay (31 reviews)
Resident Evil 2,Strongest aspect: Gameplay (100.0% positive)
Resident Evil 2,Most criticized aspect: Gameplay (0.0% negative)
Resident Evil 2,Common positive theme: Resident Evil
Resident Evil 4,Most discussed aspect: Gameplay (10 reviews)
Resident Evil 4,Strongest aspect: Graphics (100.0% positive)
Resident Evil 4,Most criticized aspect: Gameplay (0.0% negative)
Resident Evil 4,Common positive theme: Resident Evil
Resident Evil 4,Common negative theme: Resident Evil
Resident Evil 4 (2023),Most discussed aspect: Gameplay (52 reviews)
Resident Evil 4 (2023),Strongest aspect: Story (100.0% positive)
Resident Evil 4 (2023),Most criticized aspect: Gameplay (0.0% negative)
Resident Evil 4 (2023),Common positive theme: Resident Evil
Resident Evil 4 VR,Most discussed aspect: Gameplay (5 reviews)
Resident Evil 4 VR,Strongest aspect: Gameplay (100.0% positive)
Resident Evil 4 VR,Most criticized aspect: Gameplay (0.0% negative)
Resident Evil 4 VR,Common positive theme: Resident Evil
Resident Evil 4: Separate Ways,Most discussed aspect: Story (26 reviews)
Resident Evil 4: Separate Ways,Strongest aspect: Characters (100.0% positive)
Resident Evil 4: Separate Ways,Most criticized aspect: Gameplay (0.0% negative)
Resident Evil 4: Separate Ways,Common positive theme: Resident Evil
Resident Evil 4: Ultimate HD Edition,Most discussed aspect: Gameplay (6 reviews)
Resident Evil 4: Ultimate HD Edition,Strongest aspect: Performance (100.0% positive)
Resident Evil 4: Ultimate HD Edition,Most criticized aspect: Gameplay (0.0% negative)
Resident Evil 4: Ultimate HD Edition,Common positive theme: Resident Evil
Resident Evil 7 Biohazard,Most discussed aspect: Story (25 reviews)
Resident Evil 7 Biohazard,Strongest aspect: Gameplay (100.0% positive)
Resident Evil 7 Biohazard,Most criticized aspect: Performance (50.0% negative)
Resident Evil 7 Biohazard,Common positive theme: Resident Evil
Resident Evil 7 Biohazard,Common negative theme: recommend Resident Evil
Resident Evil HD Remaster,Most discussed aspect: Gameplay (15 reviews)
Resident Evil HD Remaster,Strongest aspect: Graphics (100.0% positive)
Resident Evil HD Remaster,Most criticized aspect: Gameplay (0.0% negative)
Resident Evil HD Remaster,Common positive theme: Resident Evil
Resident Evil Requiem,Most discussed aspect: Gameplay (57 reviews)
Resident Evil Requiem,Strongest aspect: Level Design (100.0% positive)
Resident Evil Requiem,Most criticized aspect: Graphics (5.6% negative)
Resident Evil Requiem,Common positive theme: Resident Evil Requiem
Resident Evil Requiem,Common negative theme: heartbreaking tale
Resident Evil Village,Most discussed aspect: Gameplay (53 reviews)
Resident Evil Village,Strongest aspect: Music & Sound (100.0% positive)
Resident Evil Village,Most criticized aspect: Gameplay (0.0% negative)
Resident Evil Village,Common positive theme: Resident Evil Village
Resident Evil Village,Common negative theme: Reaching the credits
Resident Evil Village Gold Edition,Most discussed aspect: Replayability (5 reviews)
Resident Evil Village Gold Edition,Strongest aspect: Gameplay (100.0% positive)
Resident Evil Village Gold Edition,Most criticized aspect: Gameplay (0.0% negative)
Resident Evil Village Gold Edition,Common positive theme: Resident Evil Village
Resogun,Most discussed aspect: Gameplay (8 reviews)
Resogun,Strongest aspect: Gameplay (100.0% positive)
Resogun,Most criticized aspect: Gameplay (0.0% negative)
Resogun,Common positive theme: Resogun
Resogun: Defenders,Most discussed aspect: Gameplay (1 reviews)
Resogun: Defenders,Strongest aspect: Gameplay (100.0% positive)
Resogun: Defenders,Most criticized aspect: Gameplay (0.0% negative)
Resogun: Defenders,Common positive theme: energetic action
Resogun: Heroes,Most discussed aspect: Gameplay (2 reviews)
Resogun: Heroes,Strongest aspect: Gameplay (100.0% positive)
Resogun: Heroes,Most criticized aspect: Gameplay (0.0% negative)
Resogun: Heroes,Common positive theme: Resogun Heroes DLC
Retro Bowl,Most discussed aspect: Gameplay (1 reviews)
Retro Bowl,Strongest aspect: Gameplay (100.0% positive)
Retro Bowl,Most criticized aspect: Gameplay (0.0% negative)
Retro Bowl,Common positive theme: Retro Bowl
Retro City Rampage DX,Most discussed aspect: Gameplay (4 reviews)
Retro City Rampage DX,Strongest aspect: Level Design (100.0% positive)
Retro City Rampage DX,Most criticized aspect: Gameplay (0.0% negative)
Retro City Rampage DX,Common positive theme: Retro City Rampage
Retro City Rampage DX,Common negative theme: talent in Brian
Return of the Obra Dinn,Most discussed aspect: Gameplay (12 reviews)
Return of the Obra Dinn,Strongest aspect: Graphics (100.0% positive)
Return of the Obra Dinn,Most criticized aspect: Gameplay (0.0% negative)
Return of the Obra Dinn,Common positive theme: Obra Dinn
Return to Monkey Island,Most discussed aspect: Story (25 reviews)
Return to Monkey Island,Strongest aspect: Characters (100.0% positive)
Return to Monkey Island,Most criticized aspect: Gameplay (0.0% negative)
Return to Monkey Island,Common positive theme: Monkey Island
Returnal,Most discussed aspect: Gameplay (72 reviews)
Returnal,Strongest aspect: Characters (100.0% positive)
Returnal,Most criticized aspect: Gameplay (1.4% negative)
Returnal,Common positive theme: Returnal
Returnal,Common negative theme: Returnal ’s shooting
Reventure,Most discussed aspect: Gameplay (5 reviews)
Reventure,Strongest aspect: Graphics (100.0% positive)
Reventure,Most criticized aspect: Gameplay (0.0% negative)
Reventure,Common positive theme: surprises this summer
Rez Infinite,Most discussed aspect: Gameplay (10 reviews)
Rez Infinite,Strongest aspect: Story (100.0% positive)
Rez Infinite,Most criticized aspect: Gameplay (0.0% negative)
Rez Infinite,Common positive theme: Rez Infinite
Rez Infinite (VR),Most discussed aspect: Level Design (2 reviews)
Rez Infinite (VR),Strongest aspect: Graphics (100.0% positive)
Rez Infinite (VR),Most criticized aspect: Graphics (0.0% negative)
Rez Infinite (VR),Common positive theme: buy Sony headset
Rhell: Warped Worlds & Troubled Times,Most discussed aspect: Gameplay (1 reviews)
Rhell: Warped Worlds & Troubled Times,Strongest aspect: Gameplay (100.0% positive)
Rhell: Warped Worlds & Troubled Times,Most criticized aspect: Gameplay (0.0% negative)
Rhell: Warped Worlds & Troubled Times,Common positive theme: gorgeously neo-retro package
Rhythm Doctor,Most discussed aspect: Story (2 reviews)
Rhythm Doctor,Strongest aspect: Gameplay (100.0% positive)
Rhythm Doctor,Most criticized aspect: Gameplay (0.0% negative)
Rhythm Doctor,Common positive theme: visual experimentation pay
Rhythm Heaven Megamix,Most discussed aspect: Replayability (6 reviews)
Rhythm Heaven Megamix,Strongest aspect: Gameplay (100.0% positive)
Rhythm Heaven Megamix,Most criticized aspect: Gameplay (0.0% negative)
Rhythm Heaven Megamix,Common positive theme: Rhythm Paradise Megamix
Rhythm Sprout,Most discussed aspect: Difficulty (9 reviews)
Rhythm Sprout,Strongest aspect: Music & Sound (71.4% positive)
Rhythm Sprout,Most criticized aspect: Gameplay (0.0% negative)
Rhythm Sprout,Common positive theme: Rhythm Sprout
RimWorld,Most discussed aspect: Replayability (2 reviews)
RimWorld,Strongest aspect: Story (100.0% positive)
RimWorld,Most criticized aspect: Story (0.0% negative)
RimWorld,Common positive theme: RimWorld
Ring Fit Adventure,Most discussed aspect: Difficulty (6 reviews)
Ring Fit Adventure,Strongest aspect: Gameplay (100.0% positive)
Ring Fit Adventure,Most criticized aspect: Gameplay (0.0% negative)
Ring Fit Adventure,Common positive theme: Ring Fit Adventure
Rise of the Tomb Raider,Most discussed aspect: Gameplay (30 reviews)
Rise of the Tomb Raider,Strongest aspect: Level Design (100.0% positive)
Rise of the Tomb Raider,Most criticized aspect: Gameplay (0.0% negative)
Rise of the Tomb Raider,Common positive theme: Tomb Raider
Rise of the Tomb Raider (PC),Most discussed aspect: Performance (3 reviews)
Rise of the Tomb Raider (PC),Strongest aspect: Graphics (100.0% positive)
Rise of the Tomb Raider (PC),Most criticized aspect: Gameplay (0.0% negative)
Rise of the Tomb Raider (PC),Common positive theme: Tomb Raider
Rise of the Tomb Raider: 20 Year Celebration,Most discussed aspect: Story (15 reviews)
Rise of the Tomb Raider: 20 Year Celebration,Strongest aspect: Graphics (100.0% positive)
Rise of the Tomb Raider: 20 Year Celebration,Most criticized aspect: Gameplay (0.0% negative)
Rise of the Tomb Raider: 20 Year Celebration,Common positive theme: Tomb Raider
Risk of Rain 2,Most discussed aspect: Gameplay (10 reviews)
Risk of Rain 2,Strongest aspect: Graphics (100.0% positive)
Risk of Rain 2,Most criticized aspect: Gameplay (0.0% negative)
Risk of Rain 2,Common positive theme: Risk of Rain
Risk of Rain Returns,Most discussed aspect: Graphics (4 reviews)
Risk of Rain Returns,Strongest aspect: Gameplay (100.0% positive)
Risk of Rain Returns,Most criticized aspect: Gameplay (0.0% negative)
Risk of Rain Returns,Common positive theme: Rain Returns
Rivals of Aether,Most discussed aspect: Gameplay (2 reviews)
Rivals of Aether,Strongest aspect: Gameplay (100.0% positive)
Rivals of Aether,Most criticized aspect: Gameplay (0.0% negative)
Rivals of Aether,Common positive theme: Rivals of Aether
Rive: Ultimate Edition,Most discussed aspect: Difficulty (5 reviews)
Rive: Ultimate Edition,Strongest aspect: Gameplay (100.0% positive)
Rive: Ultimate Edition,Most criticized aspect: Gameplay (0.0% negative)
Rive: Ultimate Edition,Common positive theme: Rive
Riven,Most discussed aspect: Difficulty (10 reviews)
Riven,Strongest aspect: Characters (100.0% positive)
Riven,Most criticized aspect: Gameplay (0.0% negative)
Riven,Common positive theme: Riven
RoadCraft,Most discussed aspect: Gameplay (27 reviews)
RoadCraft,Strongest aspect: Level Design (100.0% positive)
RoadCraft,Most criticized aspect: Gameplay (3.7% negative)
RoadCraft,Common positive theme: RoadCraft
RoadCraft,Common negative theme: Euro Truck Simulator
Roadwarden,Most discussed aspect: Story (7 reviews)
Roadwarden,Strongest aspect: Gameplay (100.0% positive)
Roadwarden,Most criticized aspect: Gameplay (0.0% negative)
Roadwarden,Common positive theme: Roadwarden
Roadwarden,Common negative theme: highly recommend
Robo Recall,Most discussed aspect: Level Design (1 reviews)
Robo Recall,Strongest aspect: Level Design (100.0% positive)
Robo Recall,Most criticized aspect: Level Design (0.0% negative)
Robo Recall,Common positive theme: Oculus Touch
Roboquest,Most discussed aspect: Gameplay (4 reviews)
Roboquest,Strongest aspect: Gameplay (100.0% positive)
Roboquest,Most criticized aspect: Gameplay (0.0% negative)
Roboquest,Common positive theme: open world adventures
Robotics;Notes Elite,Most discussed aspect: Story (6 reviews)
Robotics;Notes Elite,Strongest aspect: Gameplay (100.0% positive)
Robotics;Notes Elite,Most criticized aspect: Gameplay (0.0% negative)
Robotics;Notes Elite,Common positive theme: Notes Elite
Rocket League,Most discussed aspect: Gameplay (18 reviews)
Rocket League,Strongest aspect: Level Design (100.0% positive)
Rocket League,Most criticized aspect: Gameplay (0.0% negative)
Rocket League,Common positive theme: Rocket League
Rocksmith 2014 Edition,Most discussed aspect: Music & Sound (3 reviews)
Rocksmith 2014 Edition,Strongest aspect: Graphics (100.0% positive)
Rocksmith 2014 Edition,Most criticized aspect: Graphics (0.0% negative)
Rocksmith 2014 Edition,Common positive theme: entertaining Session Mode
Rogue Flight,Most discussed aspect: Gameplay (8 reviews)
Rogue Flight,Strongest aspect: Performance (100.0% positive)
Rogue Flight,Most criticized aspect: Gameplay (0.0% negative)
Rogue Flight,Common positive theme: Rogue Flight
Rogue Heroes: Ruins of Tasos,Most discussed aspect: Gameplay (6 reviews)
Rogue Heroes: Ruins of Tasos,Strongest aspect: Characters (100.0% positive)
Rogue Heroes: Ruins of Tasos,Most criticized aspect: Gameplay (0.0% negative)
Rogue Heroes: Ruins of Tasos,Common positive theme: Rogue Heroes
Rogue Legacy,Most discussed aspect: Gameplay (12 reviews)
Rogue Legacy,Strongest aspect: Story (100.0% positive)
Rogue Legacy,Most criticized aspect: Gameplay (0.0% negative)
Rogue Legacy,Common positive theme: Rogue Legacy
Rogue Legacy 2,Most discussed aspect: Gameplay (28 reviews)
Rogue Legacy 2,Strongest aspect: Graphics (100.0% positive)
Rogue Legacy 2,Most criticized aspect: Gameplay (0.0% negative)
Rogue Legacy 2,Common positive theme: Rogue Legacy
Rogue Waters,Most discussed aspect: Gameplay (9 reviews)
Rogue Waters,Strongest aspect: Graphics (100.0% positive)
Rogue Waters,Most criticized aspect: Gameplay (0.0% negative)
Rogue Waters,Common positive theme: Ice Code Games'
Roguebook,Most discussed aspect: Gameplay (15 reviews)
Roguebook,Strongest aspect: Story (100.0% positive)
Roguebook,Most criticized aspect: Performance (33.3% negative)
Roguebook,Common positive theme: Roguebook
Roguebook,Common negative theme: fun and interesting
RollerCoaster Tycoon Classic,Most discussed aspect: Gameplay (2 reviews)
RollerCoaster Tycoon Classic,Strongest aspect: Gameplay (100.0% positive)
RollerCoaster Tycoon Classic,Most criticized aspect: Gameplay (0.0% negative)
RollerCoaster Tycoon Classic,Common positive theme: RollerCoaster Tycoon Classic
Rolling Gunner,Most discussed aspect: Gameplay (5 reviews)
Rolling Gunner,Strongest aspect: Gameplay (100.0% positive)
Rolling Gunner,Most criticized aspect: Gameplay (0.0% negative)
Rolling Gunner,Common positive theme: Rolling Gunner
Romancing SaGa 2: Revenge of the Seven,Most discussed aspect: Gameplay (33 reviews)
Romancing SaGa 2: Revenge of the Seven,Strongest aspect: Graphics (100.0% positive)
Romancing SaGa 2: Revenge of the Seven,Most criticized aspect: Gameplay (0.0% negative)
Romancing SaGa 2: Revenge of the Seven,Common positive theme: Romancing Saga
Root,Most discussed aspect: Gameplay (1 reviews)
Root,Strongest aspect: Gameplay (0.0% positive)
Root,Most criticized aspect: Gameplay (0.0% negative)
Root,Common positive theme: scratched the surface
Roots of Pacha,Most discussed aspect: Gameplay (6 reviews)
Roots of Pacha,Strongest aspect: Story (100.0% positive)
Roots of Pacha,Most criticized aspect: Gameplay (0.0% negative)
Roots of Pacha,Common positive theme: Roots of Pacha
Rosewater,Most discussed aspect: Story (6 reviews)
Rosewater,Strongest aspect: Story (66.7% positive)
Rosewater,Most criticized aspect: Gameplay (0.0% negative)
Rosewater,Common positive theme: Rosewater
Rubber Bandits,Most discussed aspect: Gameplay (2 reviews)
Rubber Bandits,Strongest aspect: Gameplay (0.0% positive)
Rubber Bandits,Most criticized aspect: Gameplay (0.0% negative)
Rubber Bandits,Common positive theme: Rubber Bandits
Ruined King: A League of Legends Story,Most discussed aspect: Story (30 reviews)
Ruined King: A League of Legends Story,Strongest aspect: Music & Sound (100.0% positive)
Ruined King: A League of Legends Story,Most criticized aspect: Gameplay (5.0% negative)
Ruined King: A League of Legends Story,Common positive theme: League of Legends
Ruined King: A League of Legends Story,Common negative theme: Riot Games’ latest
Rumu,Most discussed aspect: Story (3 reviews)
Rumu,Strongest aspect: Story (100.0% positive)
Rumu,Most criticized aspect: Story (0.0% negative)
Rumu,Common positive theme: heady sci-fi themes
RunGunJumpGun,Most discussed aspect: Level Design (3 reviews)
RunGunJumpGun,Strongest aspect: Story (100.0% positive)
RunGunJumpGun,Most criticized aspect: Gameplay (0.0% negative)
RunGunJumpGun,Common positive theme: plastic fiver
Runbow,Most discussed aspect: Gameplay (17 reviews)
Runbow,Strongest aspect: Characters (100.0% positive)
Runbow,Most criticized aspect: Gameplay (0.0% negative)
Runbow,Common positive theme: Runbow
Rune Factory 4 Special,Most discussed aspect: Gameplay (16 reviews)
Rune Factory 4 Special,Strongest aspect: Graphics (100.0% positive)
Rune Factory 4 Special,Most criticized aspect: Gameplay (0.0% negative)
Rune Factory 4 Special,Common positive theme: Rune Factory
Rune Factory: Guardians of Azuma,Most discussed aspect: Gameplay (31 reviews)
Rune Factory: Guardians of Azuma,Strongest aspect: Graphics (100.0% positive)
Rune Factory: Guardians of Azuma,Most criticized aspect: Gameplay (0.0% negative)
Rune Factory: Guardians of Azuma,Common positive theme: Rune Factory
Russian Subway Dogs,Most discussed aspect: Difficulty (4 reviews)
Russian Subway Dogs,Strongest aspect: Difficulty (75.0% positive)
Russian Subway Dogs,Most criticized aspect: Gameplay (0.0% negative)
Russian Subway Dogs,Common positive theme: Russian Subway Dogs
Rytmos,Most discussed aspect: Music & Sound (4 reviews)
Rytmos,Strongest aspect: Gameplay (100.0% positive)
Rytmos,Most criticized aspect: Gameplay (0.0% negative)
Rytmos,Common positive theme: Rytmos
SEGA AGES Fantasy Zone,Most discussed aspect: Difficulty (5 reviews)
SEGA AGES Fantasy Zone,Strongest aspect: Gameplay (100.0% positive)
SEGA AGES Fantasy Zone,Most criticized aspect: Gameplay (0.0% negative)
SEGA AGES Fantasy Zone,Common positive theme: Fantasy Zone
SEGA AGES Phantasy Star,Most discussed aspect: Level Design (1 reviews)
SEGA AGES Phantasy Star,Strongest aspect: Level Design (100.0% positive)
SEGA AGES Phantasy Star,Most criticized aspect: Level Design (0.0% negative)
SEGA AGES Phantasy Star,Common positive theme: Phantasy Star
SEGA AGES Sonic the Hedgehog 2,Most discussed aspect: Gameplay (3 reviews)
SEGA AGES Sonic the Hedgehog 2,Strongest aspect: Gameplay (100.0% positive)
SEGA AGES Sonic the Hedgehog 2,Most criticized aspect: Gameplay (0.0% negative)
SEGA AGES Sonic the Hedgehog 2,Common positive theme: SEGA AGES Sonic
SEGA AGES Virtua Racing,Most discussed aspect: Difficulty (2 reviews)
SEGA AGES Virtua Racing,Strongest aspect: Difficulty (50.0% positive)
SEGA AGES Virtua Racing,Most criticized aspect: Gameplay (0.0% negative)
SEGA AGES Virtua Racing,Common positive theme: Virtua Racing
SMITE,Most discussed aspect: Gameplay (7 reviews)
SMITE,Strongest aspect: Gameplay (100.0% positive)
SMITE,Most criticized aspect: Gameplay (0.0% negative)
SMITE,Common positive theme: Smite
SNK vs. Capcom: The Match of the Millennium,Most discussed aspect: Characters (6 reviews)
SNK vs. Capcom: The Match of the Millennium,Strongest aspect: Story (100.0% positive)
SNK vs. Capcom: The Match of the Millennium,Most criticized aspect: Gameplay (0.0% negative)
SNK vs. Capcom: The Match of the Millennium,Common positive theme: Neo Geo Pocket
SOMA,Most discussed aspect: Story (42 reviews)
SOMA,Strongest aspect: Graphics (100.0% positive)
SOMA,Most criticized aspect: Story (2.4% negative)
SOMA,Common positive theme: SOMA
SOMA,Common negative theme: interesting albeit convoluted
SUPERHOT,Most discussed aspect: Gameplay (22 reviews)
SUPERHOT,Strongest aspect: Level Design (100.0% positive)
SUPERHOT,Most criticized aspect: Gameplay (0.0% negative)
SUPERHOT,Common positive theme: Superhot
SUPERHOT (VR),Most discussed aspect: Gameplay (11 reviews)
SUPERHOT (VR),Strongest aspect: Story (100.0% positive)
SUPERHOT (VR),Most criticized aspect: Gameplay (0.0% negative)
SUPERHOT (VR),Common positive theme: Superhot
SUPERHOT: MIND CONTROL DELETE,Most discussed aspect: Gameplay (21 reviews)
SUPERHOT: MIND CONTROL DELETE,Strongest aspect: Gameplay (81.0% positive)
SUPERHOT: MIND CONTROL DELETE,Most criticized aspect: Difficulty (20.0% negative)
SUPERHOT: MIND CONTROL DELETE,Common positive theme: Mind Control Delete
SUPERHOT: MIND CONTROL DELETE,Common negative theme: original Superhot
Sairento VR,Most discussed aspect: Gameplay (12 reviews)
Sairento VR,Strongest aspect: Story (100.0% positive)
Sairento VR,Most criticized aspect: Gameplay (0.0% negative)
Sairento VR,Common positive theme: Sairento
Sakuna: Of Rice and Ruin,Most discussed aspect: Gameplay (33 reviews)
Sakuna: Of Rice and Ruin,Strongest aspect: Music & Sound (100.0% positive)
Sakuna: Of Rice and Ruin,Most criticized aspect: Gameplay (0.0% negative)
Sakuna: Of Rice and Ruin,Common positive theme: Rice and Ruin
Sakura Dungeon,Most discussed aspect: Gameplay (1 reviews)
Sakura Dungeon,Strongest aspect: Gameplay (100.0% positive)
Sakura Dungeon,Most criticized aspect: Gameplay (0.0% negative)
Sakura Dungeon,Common positive theme: naked anime girls
Salt and Sanctuary,Most discussed aspect: Difficulty (24 reviews)
Salt and Sanctuary,Strongest aspect: Story (100.0% positive)
Salt and Sanctuary,Most criticized aspect: Gameplay (0.0% negative)
Salt and Sanctuary,Common positive theme: Salt and Sanctuary
Saltsea Chronicles,Most discussed aspect: Characters (6 reviews)
Saltsea Chronicles,Strongest aspect: Graphics (100.0% positive)
Saltsea Chronicles,Most criticized aspect: Gameplay (0.0% negative)
Saltsea Chronicles,Common positive theme: Saltsea Chronicles
Sam & Max Save The World Remastered,Most discussed aspect: Story (15 reviews)
Sam & Max Save The World Remastered,Strongest aspect: Music & Sound (100.0% positive)
Sam & Max Save The World Remastered,Most criticized aspect: Gameplay (0.0% negative)
Sam & Max Save The World Remastered,Common positive theme: Max Save
Sam & Max: The Devil's Playhouse,Most discussed aspect: Gameplay (7 reviews)
Sam & Max: The Devil's Playhouse,Strongest aspect: Gameplay (100.0% positive)
Sam & Max: The Devil's Playhouse,Most criticized aspect: Gameplay (0.0% negative)
Sam & Max: The Devil's Playhouse,Common positive theme: Devil Playhouse Remastered
Samurai Gunn,Most discussed aspect: Gameplay (2 reviews)
Samurai Gunn,Strongest aspect: Music & Sound (100.0% positive)
Samurai Gunn,Most criticized aspect: Gameplay (0.0% negative)
Samurai Gunn,Common positive theme: Hectic local multiplayer
Saros,Most discussed aspect: Gameplay (57 reviews)
Saros,Strongest aspect: Level Design (92.9% positive)
Saros,Most criticized aspect: Gameplay (0.0% negative)
Saros,Common positive theme: Saros
Satisfactory,Most discussed aspect: Gameplay (7 reviews)
Satisfactory,Strongest aspect: Gameplay (100.0% positive)
Satisfactory,Most criticized aspect: Gameplay (0.0% negative)
Satisfactory,Common positive theme: Satisfactory
Savant - Ascent REMIX,Most discussed aspect: Music & Sound (4 reviews)
Savant - Ascent REMIX,Strongest aspect: Graphics (100.0% positive)
Savant - Ascent REMIX,Most criticized aspect: Gameplay (0.0% negative)
Savant - Ascent REMIX,Common positive theme: Ascent Remix
Saviors of Sapphire Wings & Stranger of Sword City Revisited,Most discussed aspect: Difficulty (7 reviews)
Saviors of Sapphire Wings & Stranger of Sword City Revisited,Strongest aspect: Replayability (100.0% positive)
Saviors of Sapphire Wings & Stranger of Sword City Revisited,Most criticized aspect: Gameplay (0.0% negative)
Saviors of Sapphire Wings & Stranger of Sword City Revisited,Common positive theme: Sword City Revisited
Sayonara Wild Hearts,Most discussed aspect: Music & Sound (26 reviews)
Sayonara Wild Hearts,Strongest aspect: Story (100.0% positive)
Sayonara Wild Hearts,Most criticized aspect: Characters (100.0% negative)
Sayonara Wild Hearts,Common positive theme: Sayonara Wild Hearts
Sayonara Wild Hearts,Common negative theme: Sayonara Wild Hearts
Scarlet Hollow,Most discussed aspect: Graphics (3 reviews)
Scarlet Hollow,Strongest aspect: Story (100.0% positive)
Scarlet Hollow,Most criticized aspect: Story (0.0% negative)
Scarlet Hollow,Common positive theme: Scarlet Hollow
Schrödinger's Call,Most discussed aspect: Graphics (15 reviews)
Schrödinger's Call,Strongest aspect: Gameplay (100.0% positive)
Schrödinger's Call,Most criticized aspect: Gameplay (0.0% negative)
Schrödinger's Call,Common positive theme: Schrödinger Call
Schrödinger's Cat Burglar,Most discussed aspect: Difficulty (2 reviews)
Schrödinger's Cat Burglar,Strongest aspect: Gameplay (100.0% positive)
Schrödinger's Cat Burglar,Most criticized aspect: Gameplay (0.0% negative)
Schrödinger's Cat Burglar,Common positive theme: Abandoned Sheep
ScourgeBringer,Most discussed aspect: Gameplay (18 reviews)
ScourgeBringer,Strongest aspect: Story (100.0% positive)
ScourgeBringer,Most criticized aspect: Gameplay (0.0% negative)
ScourgeBringer,Common positive theme: ScourgeBringer
Sea of Stars,Most discussed aspect: Gameplay (63 reviews)
Sea of Stars,Strongest aspect: Music & Sound (100.0% positive)
Sea of Stars,Most criticized aspect: Gameplay (0.0% negative)
Sea of Stars,Common positive theme: Sea of Stars
Sea of Stars: Throes of the Watchmaker,Most discussed aspect: Gameplay (11 reviews)
Sea of Stars: Throes of the Watchmaker,Strongest aspect: Story (100.0% positive)
Sea of Stars: Throes of the Watchmaker,Most criticized aspect: Gameplay (0.0% negative)
Sea of Stars: Throes of the Watchmaker,Common positive theme: Sea of Stars
SeaBed,Most discussed aspect: Graphics (2 reviews)
SeaBed,Strongest aspect: Gameplay (100.0% positive)
SeaBed,Most criticized aspect: Gameplay (0.0% negative)
SeaBed,Common positive theme: emotional work
Sekiro: Shadows Die Twice,Most discussed aspect: Gameplay (67 reviews)
Sekiro: Shadows Die Twice,Strongest aspect: Story (100.0% positive)
Sekiro: Shadows Die Twice,Most criticized aspect: Gameplay (0.0% negative)
Sekiro: Shadows Die Twice,Common positive theme: Shadows Die
Sektori,Most discussed aspect: Gameplay (10 reviews)
Sektori,Strongest aspect: Gameplay (100.0% positive)
Sektori,Most criticized aspect: Gameplay (0.0% negative)
Sektori,Common positive theme: Sektori
Senua's Saga: Hellblade II,Most discussed aspect: Gameplay (67 reviews)
Senua's Saga: Hellblade II,Strongest aspect: Music & Sound (86.1% positive)
Senua's Saga: Hellblade II,Most criticized aspect: Gameplay (1.5% negative)
Senua's Saga: Hellblade II,Common positive theme: Senua saga
Senua's Saga: Hellblade II,Common negative theme: forced walking sequences
Severed,Most discussed aspect: Gameplay (38 reviews)
Severed,Strongest aspect: Characters (100.0% positive)
Severed,Most criticized aspect: Gameplay (0.0% negative)
Severed,Common positive theme: Severed
Shadow Gambit: The Cursed Crew,Most discussed aspect: Gameplay (18 reviews)
Shadow Gambit: The Cursed Crew,Strongest aspect: Story (100.0% positive)
Shadow Gambit: The Cursed Crew,Most criticized aspect: Gameplay (0.0% negative)
Shadow Gambit: The Cursed Crew,Common positive theme: Cursed Crew
Shadow Gambit: The Cursed Crew - Yuri's Wish & Zagan's Ritual,Most discussed aspect: Gameplay (2 reviews)
Shadow Gambit: The Cursed Crew - Yuri's Wish & Zagan's Ritual,Strongest aspect: Gameplay (50.0% positive)
Shadow Gambit: The Cursed Crew - Yuri's Wish & Zagan's Ritual,Most criticized aspect: Gameplay (0.0% negative)
Shadow Gambit: The Cursed Crew - Yuri's Wish & Zagan's Ritual,Common positive theme: Zagan Ritual
Shadow Tactics: Blades of the Shogun,Most discussed aspect: Gameplay (23 reviews)
Shadow Tactics: Blades of the Shogun,Strongest aspect: Graphics (100.0% positive)
Shadow Tactics: Blades of the Shogun,Most criticized aspect: Gameplay (0.0% negative)
Shadow Tactics: Blades of the Shogun,Common positive theme: Shadow Tactics
Shadow Tactics: Blades of the Shogun,Common negative theme: Shadow Tactics
Shadow Tactics: Blades of the Shogun - Aiko's Choice,Most discussed aspect: Gameplay (8 reviews)
Shadow Tactics: Blades of the Shogun - Aiko's Choice,Strongest aspect: Music & Sound (100.0% positive)
Shadow Tactics: Blades of the Shogun - Aiko's Choice,Most criticized aspect: Gameplay (0.0% negative)
Shadow Tactics: Blades of the Shogun - Aiko's Choice,Common positive theme: Shadow Tactics
Shadow of the Colossus,Most discussed aspect: Graphics (19 reviews)
Shadow of the Colossus,Strongest aspect: Level Design (100.0% positive)
Shadow of the Colossus,Most criticized aspect: Gameplay (0.0% negative)
Shadow of the Colossus,Common positive theme: Colossus
Shadowrun: Dragonfall - Director's Cut,Most discussed aspect: Story (7 reviews)
Shadowrun: Dragonfall - Director's Cut,Strongest aspect: Gameplay (100.0% positive)
Shadowrun: Dragonfall - Director's Cut,Most criticized aspect: Gameplay (0.0% negative)
Shadowrun: Dragonfall - Director's Cut,Common positive theme: buy Shadowrun Returns
Shadowrun: Hong Kong,Most discussed aspect: Story (6 reviews)
Shadowrun: Hong Kong,Strongest aspect: Gameplay (100.0% positive)
Shadowrun: Hong Kong,Most criticized aspect: Performance (100.0% negative)
Shadowrun: Hong Kong,Common positive theme: Hong Kong
Shadowrun: Hong Kong,Common negative theme: final release version
Shadows Over Loathing,Most discussed aspect: Gameplay (4 reviews)
Shadows Over Loathing,Strongest aspect: Story (100.0% positive)
Shadows Over Loathing,Most criticized aspect: Gameplay (0.0% negative)
Shadows Over Loathing,Common positive theme: Loathing absolutely refines
Shadowverse: Champion's Battle,Most discussed aspect: Story (8 reviews)
Shadowverse: Champion's Battle,Strongest aspect: Gameplay (100.0% positive)
Shadowverse: Champion's Battle,Most criticized aspect: Gameplay (0.0% negative)
Shadowverse: Champion's Battle,Common positive theme: Champion Battle
Shantae and the Pirate's Curse,Most discussed aspect: Gameplay (11 reviews)
Shantae and the Pirate's Curse,Strongest aspect: Level Design (100.0% positive)
Shantae and the Pirate's Curse,Most criticized aspect: Gameplay (0.0% negative)
Shantae and the Pirate's Curse,Common positive theme: Pirate Curse
Shantae: Half-Genie Hero,Most discussed aspect: Gameplay (30 reviews)
Shantae: Half-Genie Hero,Strongest aspect: Story (88.9% positive)
Shantae: Half-Genie Hero,Most criticized aspect: Music & Sound (8.3% negative)
Shantae: Half-Genie Hero,Common positive theme: Half-Genie Hero
Shantae: Half-Genie Hero,Common negative theme: Half-Genie Hero
Shantae: Half-Genie Hero - Ultimate Edition,Most discussed aspect: Replayability (8 reviews)
Shantae: Half-Genie Hero - Ultimate Edition,Strongest aspect: Gameplay (100.0% positive)
Shantae: Half-Genie Hero - Ultimate Edition,Most criticized aspect: Gameplay (0.0% negative)
Shantae: Half-Genie Hero - Ultimate Edition,Common positive theme: Hero Ultimate Edition
Shape of Dreams,Most discussed aspect: Characters (2 reviews)
Shape of Dreams,Strongest aspect: Gameplay (100.0% positive)
Shape of Dreams,Most criticized aspect: Gameplay (0.0% negative)
Shape of Dreams,Common positive theme: Shape of Dreams
Shatter Remastered Deluxe,Most discussed aspect: Gameplay (5 reviews)
Shatter Remastered Deluxe,Strongest aspect: Gameplay (100.0% positive)
Shatter Remastered Deluxe,Most criticized aspect: Gameplay (0.0% negative)
Shatter Remastered Deluxe,Common positive theme: Shatter Remastered Deluxe
Shin Megami Tensei IV: Apocalypse,Most discussed aspect: Story (16 reviews)
Shin Megami Tensei IV: Apocalypse,Strongest aspect: Graphics (100.0% positive)
Shin Megami Tensei IV: Apocalypse,Most criticized aspect: Characters (16.7% negative)
Shin Megami Tensei IV: Apocalypse,Common positive theme: Shin Megami Tensei
Shin Megami Tensei IV: Apocalypse,Common negative theme: Shin Megami Tensei
Shin Megami Tensei V,Most discussed aspect: Gameplay (50 reviews)
Shin Megami Tensei V,Strongest aspect: Characters (90.0% positive)
Shin Megami Tensei V,Most criticized aspect: Gameplay (0.0% negative)
Shin Megami Tensei V,Common positive theme: Shin Megami Tensei
Shin Megami Tensei V: Vengeance,Most discussed aspect: Story (25 reviews)
Shin Megami Tensei V: Vengeance,Strongest aspect: Graphics (100.0% positive)
Shin Megami Tensei V: Vengeance,Most criticized aspect: Gameplay (0.0% negative)
Shin Megami Tensei V: Vengeance,Common positive theme: Shin Megami Tensei
Shin Megami Tensei: Strange Journey Redux,Most discussed aspect: Gameplay (10 reviews)
Shin Megami Tensei: Strange Journey Redux,Strongest aspect: Graphics (100.0% positive)
Shin Megami Tensei: Strange Journey Redux,Most criticized aspect: Gameplay (0.0% negative)
Shin Megami Tensei: Strange Journey Redux,Common positive theme: Shin Megami Tensei
Shinobi: Art of Vengeance,Most discussed aspect: Gameplay (88 reviews)
Shinobi: Art of Vengeance,Strongest aspect: Story (100.0% positive)
Shinobi: Art of Vengeance,Most criticized aspect: Gameplay (0.0% negative)
Shinobi: Art of Vengeance,Common positive theme: Art of Vengeance
Shiren the Wanderer: The Mystery Dungeon of Serpentcoil Island,Most discussed aspect: Difficulty (11 reviews)
Shiren the Wanderer: The Mystery Dungeon of Serpentcoil Island,Strongest aspect: Story (100.0% positive)
Shiren the Wanderer: The Mystery Dungeon of Serpentcoil Island,Most criticized aspect: Gameplay (0.0% negative)
Shiren the Wanderer: The Mystery Dungeon of Serpentcoil Island,Common positive theme: Mystery Dungeon
Shogun Showdown,Most discussed aspect: Gameplay (12 reviews)
Shogun Showdown,Strongest aspect: Graphics (100.0% positive)
Shogun Showdown,Most criticized aspect: Gameplay (0.0% negative)
Shogun Showdown,Common positive theme: Shogun Showdown
Shoot 1UP DX,Most discussed aspect: Difficulty (2 reviews)
Shoot 1UP DX,Strongest aspect: Gameplay (100.0% positive)
Shoot 1UP DX,Most criticized aspect: Gameplay (0.0% negative)
Shoot 1UP DX,Common positive theme: shoot
Shotgun Cop Man,Most discussed aspect: Gameplay (15 reviews)
Shotgun Cop Man,Strongest aspect: Performance (100.0% positive)
Shotgun Cop Man,Most criticized aspect: Difficulty (16.7% negative)
Shotgun Cop Man,Common positive theme: Shotgun Cop Man
Shotgun Cop Man,Common negative theme: vastly superior game
Shovel Knight,Most discussed aspect: Gameplay (24 reviews)
Shovel Knight,Strongest aspect: Gameplay (100.0% positive)
Shovel Knight,Most criticized aspect: Gameplay (0.0% negative)
Shovel Knight,Common positive theme: Shovel Knight
Shovel Knight Dig,Most discussed aspect: Gameplay (25 reviews)
Shovel Knight Dig,Strongest aspect: Characters (100.0% positive)
Shovel Knight Dig,Most criticized aspect: Gameplay (0.0% negative)
Shovel Knight Dig,Common positive theme: Shovel Knight Dig
Shovel Knight Pocket Dungeon,Most discussed aspect: Gameplay (16 reviews)
Shovel Knight Pocket Dungeon,Strongest aspect: Graphics (100.0% positive)
Shovel Knight Pocket Dungeon,Most criticized aspect: Gameplay (0.0% negative)
Shovel Knight Pocket Dungeon,Common positive theme: Knight Pocket Dungeon
Shovel Knight: King of Cards,Most discussed aspect: Gameplay (7 reviews)
Shovel Knight: King of Cards,Strongest aspect: Gameplay (100.0% positive)
Shovel Knight: King of Cards,Most criticized aspect: Gameplay (0.0% negative)
Shovel Knight: King of Cards,Common positive theme: Shovel Knight
Shovel Knight: Plague of Shadows,Most discussed aspect: Gameplay (2 reviews)
Shovel Knight: Plague of Shadows,Strongest aspect: Graphics (100.0% positive)
Shovel Knight: Plague of Shadows,Most criticized aspect: Gameplay (0.0% negative)
Shovel Knight: Plague of Shadows,Common positive theme: Shovel Knight
Shovel Knight: Specter of Torment,Most discussed aspect: Gameplay (13 reviews)
Shovel Knight: Specter of Torment,Strongest aspect: Story (100.0% positive)
Shovel Knight: Specter of Torment,Most criticized aspect: Gameplay (0.0% negative)
Shovel Knight: Specter of Torment,Common positive theme: Shovel Knight
Shovel Knight: Treasure Trove,Most discussed aspect: Gameplay (6 reviews)
Shovel Knight: Treasure Trove,Strongest aspect: Gameplay (100.0% positive)
Shovel Knight: Treasure Trove,Most criticized aspect: Gameplay (0.0% negative)
Shovel Knight: Treasure Trove,Common positive theme: Shovel Knight
Shujinkou,Most discussed aspect: Gameplay (7 reviews)
Shujinkou,Strongest aspect: Story (100.0% positive)
Shujinkou,Most criticized aspect: Gameplay (0.0% negative)
Shujinkou,Common positive theme: Shujinkou
Sid Meier's Civilization VI,Most discussed aspect: Gameplay (15 reviews)
Sid Meier's Civilization VI,Strongest aspect: Gameplay (100.0% positive)
Sid Meier's Civilization VI,Most criticized aspect: Gameplay (0.0% negative)
Sid Meier's Civilization VI,Common positive theme: Civilization
Sid Meier's Civilization VI - Console Edition,Most discussed aspect: Gameplay (17 reviews)
Sid Meier's Civilization VI - Console Edition,Strongest aspect: Graphics (100.0% positive)
Sid Meier's Civilization VI - Console Edition,Most criticized aspect: Gameplay (0.0% negative)
Sid Meier's Civilization VI - Console Edition,Common positive theme: Civilization
Sid Meier's Civilization VI: Gathering Storm,Most discussed aspect: Difficulty (6 reviews)
Sid Meier's Civilization VI: Gathering Storm,Strongest aspect: Story (100.0% positive)
Sid Meier's Civilization VI: Gathering Storm,Most criticized aspect: Gameplay (0.0% negative)
Sid Meier's Civilization VI: Gathering Storm,Common positive theme: Gathering Storm
Sid Meier's Civilization VI: Rise and Fall,Most discussed aspect: Gameplay (14 reviews)
Sid Meier's Civilization VI: Rise and Fall,Strongest aspect: Level Design (100.0% positive)
Sid Meier's Civilization VI: Rise and Fall,Most criticized aspect: Gameplay (0.0% negative)
Sid Meier's Civilization VI: Rise and Fall,Common positive theme: Rise and Fall
Sid Meier's Civilization: Beyond Earth,Most discussed aspect: Gameplay (7 reviews)
Sid Meier's Civilization: Beyond Earth,Strongest aspect: Story (100.0% positive)
Sid Meier's Civilization: Beyond Earth,Most criticized aspect: Gameplay (0.0% negative)
Sid Meier's Civilization: Beyond Earth,Common positive theme: Earth
Sifu,Most discussed aspect: Gameplay (81 reviews)
Sifu,Strongest aspect: Graphics (85.0% positive)
Sifu,Most criticized aspect: Difficulty (1.7% negative)
Sifu,Common positive theme: Sifu
Sifu,Common negative theme: fluid combat mechanics
Signalis,Most discussed aspect: Story (26 reviews)
Signalis,Strongest aspect: Characters (100.0% positive)
Signalis,Most criticized aspect: Gameplay (0.0% negative)
Signalis,Common positive theme: survival horror
Silent Hill 2,Most discussed aspect: Gameplay (37 reviews)
Silent Hill 2,Strongest aspect: Level Design (100.0% positive)
Silent Hill 2,Most criticized aspect: Gameplay (0.0% negative)
Silent Hill 2,Common positive theme: Silent Hill
Silent Hill f,Most discussed aspect: Gameplay (92 reviews)
Silent Hill f,Strongest aspect: Replayability (100.0% positive)
Silent Hill f,Most criticized aspect: Gameplay (0.0% negative)
Silent Hill f,Common positive theme: Silent Hill
Silicon Dreams,Most discussed aspect: Story (3 reviews)
Silicon Dreams,Strongest aspect: Gameplay (100.0% positive)
Silicon Dreams,Most criticized aspect: Gameplay (0.0% negative)
Silicon Dreams,Common positive theme: extremely intelligent sci-fi
Simogo Legacy Collection,Most discussed aspect: Gameplay (1 reviews)
Simogo Legacy Collection,Strongest aspect: Gameplay (100.0% positive)
Simogo Legacy Collection,Most criticized aspect: Gameplay (0.0% negative)
Simogo Legacy Collection,Common positive theme: Simogo Legacy Collection
Sins of a Solar Empire II,Most discussed aspect: Story (1 reviews)
Sins of a Solar Empire II,Strongest aspect: Story (100.0% positive)
Sins of a Solar Empire II,Most criticized aspect: Story (0.0% negative)
Sins of a Solar Empire II,Common positive theme: Solar Empire
Skate Story,Most discussed aspect: Story (64 reviews)
Skate Story,Strongest aspect: Characters (100.0% positive)
Skate Story,Most criticized aspect: Gameplay (0.0% negative)
Skate Story,Common positive theme: Skate Story
Skul: The Hero Slayer,Most discussed aspect: Gameplay (14 reviews)
Skul: The Hero Slayer,Strongest aspect: Story (100.0% positive)
Skul: The Hero Slayer,Most criticized aspect: Gameplay (0.0% negative)
Skul: The Hero Slayer,Common positive theme: Hero Slayer
Skullgirls: 2nd Encore,Most discussed aspect: Characters (7 reviews)
Skullgirls: 2nd Encore,Strongest aspect: Level Design (100.0% positive)
Skullgirls: 2nd Encore,Most criticized aspect: Gameplay (0.0% negative)
Skullgirls: 2nd Encore,Common positive theme: Skullgirls
Sky: Children of the Light,Most discussed aspect: Gameplay (3 reviews)
Sky: Children of the Light,Strongest aspect: Gameplay (100.0% positive)
Sky: Children of the Light,Most criticized aspect: Gameplay (0.0% negative)
Sky: Children of the Light,Common positive theme: Sky
Skylanders SuperChargers,Most discussed aspect: Gameplay (11 reviews)
Skylanders SuperChargers,Strongest aspect: Characters (100.0% positive)
Skylanders SuperChargers,Most criticized aspect: Story (16.7% negative)
Skylanders SuperChargers,Common positive theme: Skylanders SuperChargers
Skylanders SuperChargers,Common negative theme: Skylanders SuperChargers
Skylanders Swap Force,Most discussed aspect: Gameplay (4 reviews)
Skylanders Swap Force,Strongest aspect: Graphics (100.0% positive)
Skylanders Swap Force,Most criticized aspect: Gameplay (0.0% negative)
Skylanders Swap Force,Common positive theme: Skylanders Swap Force
Slay The Spire,Most discussed aspect: Gameplay (17 reviews)
Slay The Spire,Strongest aspect: Story (100.0% positive)
Slay The Spire,Most criticized aspect: Gameplay (0.0% negative)
Slay The Spire,Common positive theme: Slay the Spire
Slay the Princess,Most discussed aspect: Story (16 reviews)
Slay the Princess,Strongest aspect: Gameplay (100.0% positive)
Slay the Princess,Most criticized aspect: Gameplay (0.0% negative)
Slay the Princess,Common positive theme: Slay the Princess
Slay the Princess - The Pristine Cut,Most discussed aspect: Story (11 reviews)
Slay the Princess - The Pristine Cut,Strongest aspect: Graphics (100.0% positive)
Slay the Princess - The Pristine Cut,Most criticized aspect: Gameplay (0.0% negative)
Slay the Princess - The Pristine Cut,Common positive theme: Pristine Cut
Slayaway Camp,Most discussed aspect: Graphics (3 reviews)
Slayaway Camp,Strongest aspect: Gameplay (100.0% positive)
Slayaway Camp,Most criticized aspect: Gameplay (0.0% negative)
Slayaway Camp,Common positive theme: Slayaway Camp
Slime-San: Superslime Edition,Most discussed aspect: Replayability (5 reviews)
Slime-San: Superslime Edition,Strongest aspect: Level Design (100.0% positive)
Slime-San: Superslime Edition,Most criticized aspect: Gameplay (0.0% negative)
Slime-San: Superslime Edition,Common positive theme: Superslime Edition
Slots & Daggers,Most discussed aspect: Gameplay (5 reviews)
Slots & Daggers,Strongest aspect: Gameplay (100.0% positive)
Slots & Daggers,Most criticized aspect: Gameplay (0.0% negative)
Slots & Daggers,Common positive theme: Daggers
Smushi Come Home,Most discussed aspect: Gameplay (3 reviews)
Smushi Come Home,Strongest aspect: Story (100.0% positive)
Smushi Come Home,Most criticized aspect: Gameplay (0.0% negative)
Smushi Come Home,Common positive theme: Smushi Come Home
"Snipperclips Plus: Cut it Out, Together!",Most discussed aspect: Replayability (3 reviews)
"Snipperclips Plus: Cut it Out, Together!",Strongest aspect: Level Design (100.0% positive)
"Snipperclips Plus: Cut it Out, Together!",Most criticized aspect: Graphics (0.0% negative)
"Snipperclips Plus: Cut it Out, Together!",Common positive theme: lovely launch game
Snufkin: Melody of Moominvalley,Most discussed aspect: Gameplay (8 reviews)
Snufkin: Melody of Moominvalley,Strongest aspect: Story (100.0% positive)
Snufkin: Melody of Moominvalley,Most criticized aspect: Gameplay (0.0% negative)
Snufkin: Melody of Moominvalley,Common positive theme: Melody of Moominvalley
Solium Infernum,Most discussed aspect: Gameplay (5 reviews)
Solium Infernum,Strongest aspect: Gameplay (100.0% positive)
Solium Infernum,Most criticized aspect: Gameplay (0.0% negative)
Solium Infernum,Common positive theme: Solium Infernum
Songs Of Conquest,Most discussed aspect: Gameplay (2 reviews)
Songs Of Conquest,Strongest aspect: Gameplay (100.0% positive)
Songs Of Conquest,Most criticized aspect: Gameplay (0.0% negative)
Songs Of Conquest,Common positive theme: Songs of Conquest
Sonic Mania,Most discussed aspect: Level Design (21 reviews)
Sonic Mania,Strongest aspect: Gameplay (100.0% positive)
Sonic Mania,Most criticized aspect: Gameplay (0.0% negative)
Sonic Mania,Common positive theme: Sonic Mania
Sonic Mania Plus,Most discussed aspect: Characters (21 reviews)
Sonic Mania Plus,Strongest aspect: Gameplay (100.0% positive)
Sonic Mania Plus,Most criticized aspect: Gameplay (0.0% negative)
Sonic Mania Plus,Common positive theme: Sonic Mania
Sonic Racing: CrossWorlds,Most discussed aspect: Gameplay (36 reviews)
Sonic Racing: CrossWorlds,Strongest aspect: Graphics (100.0% positive)
Sonic Racing: CrossWorlds,Most criticized aspect: Gameplay (0.0% negative)
Sonic Racing: CrossWorlds,Common positive theme: Sonic Racing CrossWorlds
Sonic Racing: CrossWorlds,Common negative theme: Sonic Racing
Sorcerer King,Most discussed aspect: Gameplay (2 reviews)
Sorcerer King,Strongest aspect: Gameplay (100.0% positive)
Sorcerer King,Most criticized aspect: Gameplay (0.0% negative)
Sorcerer King,Common positive theme: Sorcerer King
Sorry We're Closed,Most discussed aspect: Gameplay (21 reviews)
Sorry We're Closed,Strongest aspect: Music & Sound (100.0% positive)
Sorry We're Closed,Most criticized aspect: Gameplay (4.8% negative)
Sorry We're Closed,Common positive theme: ’re Closed
Sorry We're Closed,Common negative theme: ’re Closed caters
SoulCalibur VI,Most discussed aspect: Gameplay (45 reviews)
SoulCalibur VI,Strongest aspect: Music & Sound (100.0% positive)
SoulCalibur VI,Most criticized aspect: Story (10.0% negative)
SoulCalibur VI,Common positive theme: Soulcalibur
SoulCalibur VI,Common negative theme: general feeling
Soulstone Survivors,Most discussed aspect: Replayability (1 reviews)
Soulstone Survivors,Strongest aspect: Replayability (100.0% positive)
Soulstone Survivors,Most criticized aspect: Replayability (0.0% negative)
Soulstone Survivors,Common positive theme: Soulstone Survivors
South Park: The Fractured But Whole,Most discussed aspect: Gameplay (56 reviews)
South Park: The Fractured But Whole,Strongest aspect: Graphics (100.0% positive)
South Park: The Fractured But Whole,Most criticized aspect: Story (3.3% negative)
South Park: The Fractured But Whole,Common positive theme: South Park
South Park: The Fractured But Whole,Common negative theme: terrible plot filled
South Park: The Stick of Truth,Most discussed aspect: Gameplay (14 reviews)
South Park: The Stick of Truth,Strongest aspect: Graphics (100.0% positive)
South Park: The Stick of Truth,Most criticized aspect: Gameplay (0.0% negative)
South Park: The Stick of Truth,Common positive theme: South Park
Spelunky,Most discussed aspect: Gameplay (7 reviews)
Spelunky,Strongest aspect: Story (100.0% positive)
Spelunky,Most criticized aspect: Gameplay (0.0% negative)
Spelunky,Common positive theme: Spelunky
Spelunky 2,Most discussed aspect: Difficulty (20 reviews)
Spelunky 2,Strongest aspect: Graphics (100.0% positive)
Spelunky 2,Most criticized aspect: Gameplay (0.0% negative)
Spelunky 2,Common positive theme: Spelunky
SpiderHeck,Most discussed aspect: Gameplay (2 reviews)
SpiderHeck,Strongest aspect: Gameplay (100.0% positive)
SpiderHeck,Most criticized aspect: Gameplay (0.0% negative)
SpiderHeck,Common positive theme: Smash Bros.
Spin Rhythm XD,Most discussed aspect: Gameplay (8 reviews)
Spin Rhythm XD,Strongest aspect: Level Design (100.0% positive)
Spin Rhythm XD,Most criticized aspect: Gameplay (0.0% negative)
Spin Rhythm XD,Common positive theme: Spin Rhythm
Spindle,Most discussed aspect: Story (5 reviews)
Spindle,Strongest aspect: Difficulty (100.0% positive)
Spindle,Most criticized aspect: Gameplay (0.0% negative)
Spindle,Common positive theme: publisher Deck
Spirit City: Lofi Sessions,Most discussed aspect: Music & Sound (2 reviews)
Spirit City: Lofi Sessions,Strongest aspect: Music & Sound (100.0% positive)
Spirit City: Lofi Sessions,Most criticized aspect: Music & Sound (0.0% negative)
Spirit City: Lofi Sessions,Common positive theme: Spirit City
Spirit Hunter: NG,Most discussed aspect: Story (4 reviews)
Spirit Hunter: NG,Strongest aspect: Graphics (100.0% positive)
Spirit Hunter: NG,Most criticized aspect: Story (0.0% negative)
Spirit Hunter: NG,Common positive theme: Spirit Hunter
Spiritfall,Most discussed aspect: Gameplay (2 reviews)
Spiritfall,Strongest aspect: Gameplay (100.0% positive)
Spiritfall,Most criticized aspect: Gameplay (0.0% negative)
Spiritfall,Common positive theme: Giant debut title
Spiritfarer,Most discussed aspect: Story (19 reviews)
Spiritfarer,Strongest aspect: Level Design (100.0% positive)
Spiritfarer,Most criticized aspect: Gameplay (0.0% negative)
Spiritfarer,Common positive theme: Spiritfarer
Splasher,Most discussed aspect: Gameplay (14 reviews)
Splasher,Strongest aspect: Story (100.0% positive)
Splasher,Most criticized aspect: Gameplay (0.0% negative)
Splasher,Common positive theme: Splasher
Splatoon,Most discussed aspect: Replayability (18 reviews)
Splatoon,Strongest aspect: Music & Sound (100.0% positive)
Splatoon,Most criticized aspect: Gameplay (0.0% negative)
Splatoon,Common positive theme: Splatoon
Splatoon 2,Most discussed aspect: Gameplay (15 reviews)
Splatoon 2,Strongest aspect: Story (100.0% positive)
Splatoon 2,Most criticized aspect: Gameplay (0.0% negative)
Splatoon 2,Common positive theme: Splatoon
Splatoon 2: Octo Expansion,Most discussed aspect: Level Design (9 reviews)
Splatoon 2: Octo Expansion,Strongest aspect: Gameplay (100.0% positive)
Splatoon 2: Octo Expansion,Most criticized aspect: Gameplay (0.0% negative)
Splatoon 2: Octo Expansion,Common positive theme: Octo Expansion
Splatoon 3,Most discussed aspect: Replayability (23 reviews)
Splatoon 3,Strongest aspect: Graphics (100.0% positive)
Splatoon 3,Most criticized aspect: Gameplay (0.0% negative)
Splatoon 3,Common positive theme: Splatoon
Splatoon 3,Common negative theme: bursting with originality
Split Fiction,Most discussed aspect: Gameplay (81 reviews)
Split Fiction,Strongest aspect: Graphics (100.0% positive)
Split Fiction,Most criticized aspect: Gameplay (0.0% negative)
Split Fiction,Common positive theme: Split Fiction
Sportsfriends,Most discussed aspect: Gameplay (1 reviews)
Sportsfriends,Strongest aspect: Gameplay (100.0% positive)
Sportsfriends,Most criticized aspect: Gameplay (0.0% negative)
Sportsfriends,Common positive theme: Sportsfriends
Sprint Vector,Most discussed aspect: Gameplay (7 reviews)
Sprint Vector,Strongest aspect: Difficulty (100.0% positive)
Sprint Vector,Most criticized aspect: Gameplay (0.0% negative)
Sprint Vector,Common positive theme: Sprint Vector
Spyro Reignited Trilogy,Most discussed aspect: Gameplay (37 reviews)
Spyro Reignited Trilogy,Strongest aspect: Graphics (95.0% positive)
Spyro Reignited Trilogy,Most criticized aspect: Gameplay (0.0% negative)
Spyro Reignited Trilogy,Common positive theme: Spyro Reignited Trilogy
Star Ocean: The Second Story R,Most discussed aspect: Story (59 reviews)
Star Ocean: The Second Story R,Strongest aspect: Characters (100.0% positive)
Star Ocean: The Second Story R,Most criticized aspect: Gameplay (0.0% negative)
Star Ocean: The Second Story R,Common positive theme: Star Ocean
Star Wars Jedi: Fallen Order,Most discussed aspect: Gameplay (62 reviews)
Star Wars Jedi: Fallen Order,Strongest aspect: Music & Sound (100.0% positive)
Star Wars Jedi: Fallen Order,Most criticized aspect: Difficulty (6.7% negative)
Star Wars Jedi: Fallen Order,Common positive theme: Star Wars Jedi
Star Wars Jedi: Fallen Order,Common negative theme: gameplay experience
Star Wars Jedi: Survivor,Most discussed aspect: Gameplay (72 reviews)
Star Wars Jedi: Survivor,Strongest aspect: Replayability (91.7% positive)
Star Wars Jedi: Survivor,Most criticized aspect: Music & Sound (25.0% negative)
Star Wars Jedi: Survivor,Common positive theme: Star Wars Jedi
Star Wars Jedi: Survivor,Common negative theme: pleasantly surprised
Star Wars Pinball,Most discussed aspect: Replayability (4 reviews)
Star Wars Pinball,Strongest aspect: Characters (100.0% positive)
Star Wars Pinball,Most criticized aspect: Gameplay (0.0% negative)
Star Wars Pinball,Common positive theme: Star Wars Pinball
Star Wars Pinball VR,Most discussed aspect: Performance (2 reviews)
Star Wars Pinball VR,Strongest aspect: Replayability (50.0% positive)
Star Wars Pinball VR,Most criticized aspect: Gameplay (0.0% negative)
Star Wars Pinball VR,Common positive theme: Star Wars Pinball
Star Wars Pinball: Heroes Within,Most discussed aspect: Replayability (2 reviews)
Star Wars Pinball: Heroes Within,Strongest aspect: Replayability (100.0% positive)
Star Wars Pinball: Heroes Within,Most criticized aspect: Replayability (0.0% negative)
Star Wars Pinball: Heroes Within,Common positive theme: Star Wars Pinball
Star Wars: Dark Forces Remaster,Most discussed aspect: Gameplay (13 reviews)
Star Wars: Dark Forces Remaster,Strongest aspect: Characters (100.0% positive)
Star Wars: Dark Forces Remaster,Most criticized aspect: Gameplay (0.0% negative)
Star Wars: Dark Forces Remaster,Common positive theme: Dark Forces Remaster
Star Wars: Knights of the Old Republic,Most discussed aspect: Story (9 reviews)
Star Wars: Knights of the Old Republic,Strongest aspect: Performance (100.0% positive)
Star Wars: Knights of the Old Republic,Most criticized aspect: Gameplay (0.0% negative)
Star Wars: Knights of the Old Republic,Common positive theme: Star Wars
StarCraft II: Legacy of the Void,Most discussed aspect: Story (19 reviews)
StarCraft II: Legacy of the Void,Strongest aspect: Gameplay (100.0% positive)
StarCraft II: Legacy of the Void,Most criticized aspect: Gameplay (0.0% negative)
StarCraft II: Legacy of the Void,Common positive theme: Void
StarCraft Remastered,Most discussed aspect: Gameplay (4 reviews)
StarCraft Remastered,Strongest aspect: Gameplay (100.0% positive)
StarCraft Remastered,Most criticized aspect: Gameplay (0.0% negative)
StarCraft Remastered,Common positive theme: StarCraft Remastered
StarVaders,Most discussed aspect: Gameplay (14 reviews)
StarVaders,Strongest aspect: Graphics (100.0% positive)
StarVaders,Most criticized aspect: Gameplay (0.0% negative)
StarVaders,Common positive theme: StarVaders
Starbound,Most discussed aspect: Gameplay (5 reviews)
Starbound,Strongest aspect: Story (100.0% positive)
Starbound,Most criticized aspect: Gameplay (0.0% negative)
Starbound,Common positive theme: Zelda-esque story RPG
Starbound,Common negative theme: recommend
Stardew Valley,Most discussed aspect: Gameplay (10 reviews)
Stardew Valley,Strongest aspect: Gameplay (100.0% positive)
Stardew Valley,Most criticized aspect: Gameplay (0.0% negative)
Stardew Valley,Common positive theme: Stardew Valley
Stardust Galaxy Warriors,Most discussed aspect: Gameplay (3 reviews)
Stardust Galaxy Warriors,Strongest aspect: Music & Sound (100.0% positive)
Stardust Galaxy Warriors,Most criticized aspect: Gameplay (0.0% negative)
Stardust Galaxy Warriors,Common positive theme: Stardust Galaxy Warriors
Starfield,Most discussed aspect: Gameplay (76 reviews)
Starfield,Strongest aspect: Graphics (83.3% positive)
Starfield,Most criticized aspect: Gameplay (2.6% negative)
Starfield,Common positive theme: Starfield
Starfield,Common negative theme: Man ’s Sky
Starward Rogue,Most discussed aspect: Story (1 reviews)
Starward Rogue,Strongest aspect: Replayability (100.0% positive)
Starward Rogue,Most criticized aspect: Story (0.0% negative)
Starward Rogue,Common positive theme: Binding of Isaac
Statik,Most discussed aspect: Gameplay (1 reviews)
Statik,Strongest aspect: Gameplay (100.0% positive)
Statik,Most criticized aspect: Gameplay (0.0% negative)
Statik,Common positive theme: Statik
Station to Station,Most discussed aspect: Graphics (3 reviews)
Station to Station,Strongest aspect: Gameplay (100.0% positive)
Station to Station,Most criticized aspect: Gameplay (0.0% negative)
Station to Station,Common positive theme: Station
Stay Out of the House,Most discussed aspect: Gameplay (1 reviews)
Stay Out of the House,Strongest aspect: Gameplay (100.0% positive)
Stay Out of the House,Most criticized aspect: Gameplay (0.0% negative)
Stay Out of the House,Common positive theme: noticeable problems holding
Stealth Inc 2: A Game of Clones,Most discussed aspect: Gameplay (8 reviews)
Stealth Inc 2: A Game of Clones,Strongest aspect: Story (100.0% positive)
Stealth Inc 2: A Game of Clones,Most criticized aspect: Gameplay (0.0% negative)
Stealth Inc 2: A Game of Clones,Common positive theme: Stealth
Steam Prison,Most discussed aspect: Graphics (2 reviews)
Steam Prison,Strongest aspect: Music & Sound (100.0% positive)
Steam Prison,Most criticized aspect: Story (0.0% negative)
Steam Prison,Common positive theme: well-crafted fantasy stories
SteamWorld Dig,Most discussed aspect: Gameplay (15 reviews)
SteamWorld Dig,Strongest aspect: Story (100.0% positive)
SteamWorld Dig,Most criticized aspect: Gameplay (0.0% negative)
SteamWorld Dig,Common positive theme: SteamWorld Dig
SteamWorld Dig 2,Most discussed aspect: Gameplay (28 reviews)
SteamWorld Dig 2,Strongest aspect: Story (100.0% positive)
SteamWorld Dig 2,Most criticized aspect: Gameplay (0.0% negative)
SteamWorld Dig 2,Common positive theme: SteamWorld Dig
SteamWorld Heist,Most discussed aspect: Gameplay (18 reviews)
SteamWorld Heist,Strongest aspect: Story (100.0% positive)
SteamWorld Heist,Most criticized aspect: Gameplay (0.0% negative)
SteamWorld Heist,Common positive theme: Steamworld Heist
SteamWorld Heist II,Most discussed aspect: Gameplay (30 reviews)
SteamWorld Heist II,Strongest aspect: Gameplay (100.0% positive)
SteamWorld Heist II,Most criticized aspect: Gameplay (0.0% negative)
SteamWorld Heist II,Common positive theme: SteamWorld Heist
SteamWorld Heist: Ultimate Edition,Most discussed aspect: Gameplay (4 reviews)
SteamWorld Heist: Ultimate Edition,Strongest aspect: Gameplay (100.0% positive)
SteamWorld Heist: Ultimate Edition,Most criticized aspect: Gameplay (0.0% negative)
SteamWorld Heist: Ultimate Edition,Common positive theme: SteamWorld Heist
SteamWorld Quest: Hand of Gilgamech,Most discussed aspect: Gameplay (23 reviews)
SteamWorld Quest: Hand of Gilgamech,Strongest aspect: Graphics (100.0% positive)
SteamWorld Quest: Hand of Gilgamech,Most criticized aspect: Gameplay (0.0% negative)
SteamWorld Quest: Hand of Gilgamech,Common positive theme: SteamWorld Quest
Steel Division: Normandy 44,Most discussed aspect: Difficulty (7 reviews)
Steel Division: Normandy 44,Strongest aspect: Graphics (100.0% positive)
Steel Division: Normandy 44,Most criticized aspect: Gameplay (0.0% negative)
Steel Division: Normandy 44,Common positive theme: Steel Division
Steins;Gate,Most discussed aspect: Story (8 reviews)
Steins;Gate,Strongest aspect: Gameplay (100.0% positive)
Steins;Gate,Most criticized aspect: Gameplay (0.0% negative)
Steins;Gate,Common positive theme: Gate
Steins;Gate 0,Most discussed aspect: Story (22 reviews)
Steins;Gate 0,Strongest aspect: Level Design (100.0% positive)
Steins;Gate 0,Most criticized aspect: Gameplay (50.0% negative)
Steins;Gate 0,Common positive theme: Gate
Steins;Gate 0,Common negative theme: genre any favors
Steins;Gate Elite,Most discussed aspect: Graphics (23 reviews)
Steins;Gate Elite,Strongest aspect: Gameplay (100.0% positive)
Steins;Gate Elite,Most criticized aspect: Gameplay (0.0% negative)
Steins;Gate Elite,Common positive theme: Gate Elite
Stellar Blade,Most discussed aspect: Gameplay (99 reviews)
Stellar Blade,Strongest aspect: Performance (100.0% positive)
Stellar Blade,Most criticized aspect: Gameplay (0.0% negative)
Stellar Blade,Common positive theme: Stellar Blade
Stellaris,Most discussed aspect: Gameplay (7 reviews)
Stellaris,Strongest aspect: Gameplay (100.0% positive)
Stellaris,Most criticized aspect: Gameplay (0.0% negative)
Stellaris,Common positive theme: Stellaris
Stellaris: Utopia,Most discussed aspect: Gameplay (3 reviews)
Stellaris: Utopia,Strongest aspect: Story (100.0% positive)
Stellaris: Utopia,Most criticized aspect: Gameplay (0.0% negative)
Stellaris: Utopia,Common positive theme: Utopia
Stephen's Sausage Roll,Most discussed aspect: Gameplay (2 reviews)
Stephen's Sausage Roll,Strongest aspect: Gameplay (100.0% positive)
Stephen's Sausage Roll,Most criticized aspect: Gameplay (0.0% negative)
Stephen's Sausage Roll,Common positive theme: Stephen Sausage Roll
Steredenn: Binary Stars,Most discussed aspect: Gameplay (3 reviews)
Steredenn: Binary Stars,Strongest aspect: Gameplay (100.0% positive)
Steredenn: Binary Stars,Most criticized aspect: Gameplay (0.0% negative)
Steredenn: Binary Stars,Common positive theme: feels simultaneously classic
Steve Jackson's Sorcery! - The Complete Collection,Most discussed aspect: Story (6 reviews)
Steve Jackson's Sorcery! - The Complete Collection,Strongest aspect: Graphics (100.0% positive)
Steve Jackson's Sorcery! - The Complete Collection,Most criticized aspect: Story (0.0% negative)
Steve Jackson's Sorcery! - The Complete Collection,Common positive theme: Steve Jackson Sorcery
Stirring Abyss,Most discussed aspect: Gameplay (1 reviews)
Stirring Abyss,Strongest aspect: Story (100.0% positive)
Stirring Abyss,Most criticized aspect: Gameplay (0.0% negative)
Stirring Abyss,Common positive theme: indie strategy title
Story of Seasons: Grand Bazaar,Most discussed aspect: Story (65 reviews)
Story of Seasons: Grand Bazaar,Strongest aspect: Gameplay (90.5% positive)
Story of Seasons: Grand Bazaar,Most criticized aspect: Gameplay (0.0% negative)
Story of Seasons: Grand Bazaar,Common positive theme: Grand Bazaar
Stranded: Alien Dawn,Most discussed aspect: Gameplay (3 reviews)
Stranded: Alien Dawn,Strongest aspect: Story (100.0% positive)
Stranded: Alien Dawn,Most criticized aspect: Gameplay (0.0% negative)
Stranded: Alien Dawn,Common positive theme: Alien Dawn
Strange Antiquities,Most discussed aspect: Gameplay (8 reviews)
Strange Antiquities,Strongest aspect: Graphics (100.0% positive)
Strange Antiquities,Most criticized aspect: Gameplay (0.0% negative)
Strange Antiquities,Common positive theme: Strange Antiquities
Strange Horticulture,Most discussed aspect: Gameplay (6 reviews)
Strange Horticulture,Strongest aspect: Story (100.0% positive)
Strange Horticulture,Most criticized aspect: Gameplay (0.0% negative)
Strange Horticulture,Common positive theme: Strange Horticulture
Stranger of Sword City Revisited,Most discussed aspect: Difficulty (2 reviews)
Stranger of Sword City Revisited,Strongest aspect: Difficulty (100.0% positive)
Stranger of Sword City Revisited,Most criticized aspect: Difficulty (0.0% negative)
Stranger of Sword City Revisited,Common positive theme: Sword City Revisited
Stray,Most discussed aspect: Story (56 reviews)
Stray,Strongest aspect: Replayability (100.0% positive)
Stray,Most criticized aspect: Gameplay (1.9% negative)
Stray,Common positive theme: Stray
Stray,Common negative theme: Stray fails
Stray Children,Most discussed aspect: Gameplay (2 reviews)
Stray Children,Strongest aspect: Difficulty (100.0% positive)
Stray Children,Most criticized aspect: Gameplay (0.0% negative)
Stray Children,Common positive theme: Stray Children
Street Fighter 30th Anniversary Collection,Most discussed aspect: Replayability (10 reviews)
Street Fighter 30th Anniversary Collection,Strongest aspect: Story (100.0% positive)
Street Fighter 30th Anniversary Collection,Most criticized aspect: Gameplay (0.0% negative)
Street Fighter 30th Anniversary Collection,Common positive theme: Street Fighter
Street Fighter 6,Most discussed aspect: Gameplay (58 reviews)
Street Fighter 6,Strongest aspect: Graphics (100.0% positive)
Street Fighter 6,Most criticized aspect: Gameplay (0.0% negative)
Street Fighter 6,Common positive theme: Street Fighter
Street Fighter 6: Years 1-2 Fighters Edition,Most discussed aspect: Performance (7 reviews)
Street Fighter 6: Years 1-2 Fighters Edition,Strongest aspect: Gameplay (100.0% positive)
Street Fighter 6: Years 1-2 Fighters Edition,Most criticized aspect: Gameplay (0.0% negative)
Street Fighter 6: Years 1-2 Fighters Edition,Common positive theme: Street Fighter
Street Fighter V: Arcade Edition,Most discussed aspect: Replayability (10 reviews)
Street Fighter V: Arcade Edition,Strongest aspect: Level Design (100.0% positive)
Street Fighter V: Arcade Edition,Most criticized aspect: Gameplay (0.0% negative)
Street Fighter V: Arcade Edition,Common positive theme: Street Fighter
Streets of Rage 4,Most discussed aspect: Gameplay (39 reviews)
Streets of Rage 4,Strongest aspect: Graphics (100.0% positive)
Streets of Rage 4,Most criticized aspect: Gameplay (0.0% negative)
Streets of Rage 4,Common positive theme: Streets of Rage
Streets of Rage 4: Mr. X Nightmare,Most discussed aspect: Characters (19 reviews)
Streets of Rage 4: Mr. X Nightmare,Strongest aspect: Story (100.0% positive)
Streets of Rage 4: Mr. X Nightmare,Most criticized aspect: Gameplay (0.0% negative)
Streets of Rage 4: Mr. X Nightmare,Common positive theme: Streets of Rage
Streets of Rogue,Most discussed aspect: Characters (5 reviews)
Streets of Rogue,Strongest aspect: Gameplay (100.0% positive)
Streets of Rogue,Most criticized aspect: Gameplay (0.0% negative)
Streets of Rogue,Common positive theme: Streets of Rogue
Subnautica,Most discussed aspect: Gameplay (13 reviews)
Subnautica,Strongest aspect: Music & Sound (100.0% positive)
Subnautica,Most criticized aspect: Gameplay (0.0% negative)
Subnautica,Common positive theme: Subnautica
Subnautica: Below Zero,Most discussed aspect: Gameplay (19 reviews)
Subnautica: Below Zero,Strongest aspect: Graphics (100.0% positive)
Subnautica: Below Zero,Most criticized aspect: Gameplay (0.0% negative)
Subnautica: Below Zero,Common positive theme: Subnautica
Suikoden I & II HD Remaster: Gate Rune and Dunan Unification Wars,Most discussed aspect: Gameplay (17 reviews)
Suikoden I & II HD Remaster: Gate Rune and Dunan Unification Wars,Strongest aspect: Story (100.0% positive)
Suikoden I & II HD Remaster: Gate Rune and Dunan Unification Wars,Most criticized aspect: Gameplay (0.0% negative)
Suikoden I & II HD Remaster: Gate Rune and Dunan Unification Wars,Common positive theme: Dunan Unification Wars
Sumire,Most discussed aspect: Story (16 reviews)
Sumire,Strongest aspect: Gameplay (100.0% positive)
Sumire,Most criticized aspect: Gameplay (0.0% negative)
Sumire,Common positive theme: Sumire
Sundered: Eldritch Edition,Most discussed aspect: Gameplay (6 reviews)
Sundered: Eldritch Edition,Strongest aspect: Gameplay (100.0% positive)
Sundered: Eldritch Edition,Most criticized aspect: Gameplay (0.0% negative)
Sundered: Eldritch Edition,Common positive theme: Eldritch Edition
Sunderfolk,Most discussed aspect: Gameplay (5 reviews)
Sunderfolk,Strongest aspect: Story (100.0% positive)
Sunderfolk,Most criticized aspect: Gameplay (0.0% negative)
Sunderfolk,Common positive theme: Sunderfolk
Sunless Sea,Most discussed aspect: Story (10 reviews)
Sunless Sea,Strongest aspect: Graphics (100.0% positive)
Sunless Sea,Most criticized aspect: Gameplay (0.0% negative)
Sunless Sea,Common positive theme: Sunless Sea
Sunless Skies,Most discussed aspect: Story (9 reviews)
Sunless Skies,Strongest aspect: Level Design (100.0% positive)
Sunless Skies,Most criticized aspect: Gameplay (0.0% negative)
Sunless Skies,Common positive theme: Sunless Skies
Sunset Overdrive,Most discussed aspect: Gameplay (17 reviews)
Sunset Overdrive,Strongest aspect: Graphics (100.0% positive)
Sunset Overdrive,Most criticized aspect: Gameplay (0.0% negative)
Sunset Overdrive,Common positive theme: Sunset Overdrive
Sunshine Manor,Most discussed aspect: Gameplay (5 reviews)
Sunshine Manor,Strongest aspect: Story (100.0% positive)
Sunshine Manor,Most criticized aspect: Gameplay (0.0% negative)
Sunshine Manor,Common positive theme: uniquely spine-tingling title
Super Bomberman Collection,Most discussed aspect: Gameplay (6 reviews)
Super Bomberman Collection,Strongest aspect: Gameplay (100.0% positive)
Super Bomberman Collection,Most criticized aspect: Gameplay (0.0% negative)
Super Bomberman Collection,Common positive theme: Super Bomberman Collection
Super Mario 3D All-Stars,Most discussed aspect: Gameplay (16 reviews)
Super Mario 3D All-Stars,Strongest aspect: Story (100.0% positive)
Super Mario 3D All-Stars,Most criticized aspect: Gameplay (0.0% negative)
Super Mario 3D All-Stars,Common positive theme: Super Mario Galaxy
Super Mario 3D World,Most discussed aspect: Gameplay (13 reviews)
Super Mario 3D World,Strongest aspect: Gameplay (100.0% positive)
Super Mario 3D World,Most criticized aspect: Gameplay (0.0% negative)
Super Mario 3D World,Common positive theme: Super Mario
Super Mario 3D World + Bowser's Fury,Most discussed aspect: Gameplay (29 reviews)
Super Mario 3D World + Bowser's Fury,Strongest aspect: Gameplay (100.0% positive)
Super Mario 3D World + Bowser's Fury,Most criticized aspect: Gameplay (0.0% negative)
Super Mario 3D World + Bowser's Fury,Common positive theme: Super Mario
Super Mario Bros. Wonder,Most discussed aspect: Gameplay (47 reviews)
Super Mario Bros. Wonder,Strongest aspect: Gameplay (100.0% positive)
Super Mario Bros. Wonder,Most criticized aspect: Gameplay (0.0% negative)
Super Mario Bros. Wonder,Common positive theme: Super Mario Bros
Super Mario Bros. Wonder - Nintendo Switch 2 Edition + Meetup in Bellabel Park,Most discussed aspect: Replayability (23 reviews)
Super Mario Bros. Wonder - Nintendo Switch 2 Edition + Meetup in Bellabel Park,Strongest aspect: Gameplay (100.0% positive)
Super Mario Bros. Wonder - Nintendo Switch 2 Edition + Meetup in Bellabel Park,Most criticized aspect: Gameplay (0.0% negative)
Super Mario Bros. Wonder - Nintendo Switch 2 Edition + Meetup in Bellabel Park,Common positive theme: Super Mario Bros
Super Mario Galaxy + Super Mario Galaxy 2,Most discussed aspect: Gameplay (32 reviews)
Super Mario Galaxy + Super Mario Galaxy 2,Strongest aspect: Story (100.0% positive)
Super Mario Galaxy + Super Mario Galaxy 2,Most criticized aspect: Gameplay (0.0% negative)
Super Mario Galaxy + Super Mario Galaxy 2,Common positive theme: Super Mario Galaxy
Super Mario Maker,Most discussed aspect: Level Design (37 reviews)
Super Mario Maker,Strongest aspect: Gameplay (100.0% positive)
Super Mario Maker,Most criticized aspect: Gameplay (0.0% negative)
Super Mario Maker,Common positive theme: Super Mario Maker
Super Mario Maker 2,Most discussed aspect: Level Design (40 reviews)
Super Mario Maker 2,Strongest aspect: Gameplay (100.0% positive)
Super Mario Maker 2,Most criticized aspect: Gameplay (0.0% negative)
Super Mario Maker 2,Common positive theme: Super Mario Maker
Super Mario Odyssey,Most discussed aspect: Gameplay (39 reviews)
Super Mario Odyssey,Strongest aspect: Story (100.0% positive)
Super Mario Odyssey,Most criticized aspect: Gameplay (0.0% negative)
Super Mario Odyssey,Common positive theme: Super Mario Odyssey
Super Mario Party Jamboree,Most discussed aspect: Replayability (22 reviews)
Super Mario Party Jamboree,Strongest aspect: Story (100.0% positive)
Super Mario Party Jamboree,Most criticized aspect: Gameplay (0.0% negative)
Super Mario Party Jamboree,Common positive theme: Mario Party Jamboree
Super Mario RPG,Most discussed aspect: Gameplay (31 reviews)
Super Mario RPG,Strongest aspect: Characters (100.0% positive)
Super Mario RPG,Most criticized aspect: Gameplay (0.0% negative)
Super Mario RPG,Common positive theme: Super Mario RPG
Super Meat Boy,Most discussed aspect: Difficulty (10 reviews)
Super Meat Boy,Strongest aspect: Difficulty (90.0% positive)
Super Meat Boy,Most criticized aspect: Gameplay (0.0% negative)
Super Meat Boy,Common positive theme: Super Meat Boy
Super Mega Baseball,Most discussed aspect: Gameplay (3 reviews)
Super Mega Baseball,Strongest aspect: Graphics (100.0% positive)
Super Mega Baseball,Most criticized aspect: Gameplay (0.0% negative)
Super Mega Baseball,Common positive theme: Super Mega Baseball
Super Mega Baseball 2,Most discussed aspect: Gameplay (9 reviews)
Super Mega Baseball 2,Strongest aspect: Graphics (100.0% positive)
Super Mega Baseball 2,Most criticized aspect: Gameplay (0.0% negative)
Super Mega Baseball 2,Common positive theme: Super Mega Baseball
Super Mega Baseball 3,Most discussed aspect: Gameplay (9 reviews)
Super Mega Baseball 3,Strongest aspect: Difficulty (100.0% positive)
Super Mega Baseball 3,Most criticized aspect: Gameplay (0.0% negative)
Super Mega Baseball 3,Common positive theme: Super Mega Baseball
Super Mega Baseball 4,Most discussed aspect: Gameplay (10 reviews)
Super Mega Baseball 4,Strongest aspect: Graphics (100.0% positive)
Super Mega Baseball 4,Most criticized aspect: Gameplay (0.0% negative)
Super Mega Baseball 4,Common positive theme: Super Mega Baseball
Super Mega Baseball: Extra Innings,Most discussed aspect: Gameplay (2 reviews)
Super Mega Baseball: Extra Innings,Strongest aspect: Gameplay (100.0% positive)
Super Mega Baseball: Extra Innings,Most criticized aspect: Gameplay (0.0% negative)
Super Mega Baseball: Extra Innings,Common positive theme: Super Mega Baseball
Super One More Jump,Most discussed aspect: Level Design (3 reviews)
Super One More Jump,Strongest aspect: Gameplay (100.0% positive)
Super One More Jump,Most criticized aspect: Gameplay (0.0% negative)
Super One More Jump,Common positive theme: Jump absolutely nails
Super Robot Wars T,Most discussed aspect: Gameplay (2 reviews)
Super Robot Wars T,Strongest aspect: Level Design (100.0% positive)
Super Robot Wars T,Most criticized aspect: Gameplay (0.0% negative)
Super Robot Wars T,Common positive theme: Tactical RPG genre
Super Smash Bros. Ultimate,Most discussed aspect: Characters (36 reviews)
Super Smash Bros. Ultimate,Strongest aspect: Gameplay (100.0% positive)
Super Smash Bros. Ultimate,Most criticized aspect: Gameplay (0.0% negative)
Super Smash Bros. Ultimate,Common positive theme: Super Smash Bros
Super Smash Bros. for Nintendo 3DS,Most discussed aspect: Gameplay (11 reviews)
Super Smash Bros. for Nintendo 3DS,Strongest aspect: Graphics (100.0% positive)
Super Smash Bros. for Nintendo 3DS,Most criticized aspect: Gameplay (0.0% negative)
Super Smash Bros. for Nintendo 3DS,Common positive theme: Super Smash Bros
Super Smash Bros. for Wii U,Most discussed aspect: Characters (11 reviews)
Super Smash Bros. for Wii U,Strongest aspect: Gameplay (100.0% positive)
Super Smash Bros. for Wii U,Most criticized aspect: Gameplay (0.0% negative)
Super Smash Bros. for Wii U,Common positive theme: Super Smash Bros
Super TIME Force Ultra,Most discussed aspect: Gameplay (4 reviews)
Super TIME Force Ultra,Strongest aspect: Story (100.0% positive)
Super TIME Force Ultra,Most criticized aspect: Gameplay (0.0% negative)
Super TIME Force Ultra,Common positive theme: Time Force Ultra
Super Time Force,Most discussed aspect: Gameplay (8 reviews)
Super Time Force,Strongest aspect: Graphics (100.0% positive)
Super Time Force,Most criticized aspect: Gameplay (0.0% negative)
Super Time Force,Common positive theme: Super Time Force
Surviving Mars: Green Planet,Most discussed aspect: Difficulty (2 reviews)
Surviving Mars: Green Planet,Strongest aspect: Difficulty (100.0% positive)
Surviving Mars: Green Planet,Most criticized aspect: Difficulty (0.0% negative)
Surviving Mars: Green Planet,Common positive theme: Surviving Mars
Swarm,Most discussed aspect: Graphics (2 reviews)
Swarm,Strongest aspect: Gameplay (100.0% positive)
Swarm,Most criticized aspect: Gameplay (0.0% negative)
Swarm,Common positive theme: technological voodoo
Swarm 2,Most discussed aspect: Gameplay (1 reviews)
Swarm 2,Strongest aspect: Gameplay (100.0% positive)
Swarm 2,Most criticized aspect: Gameplay (0.0% negative)
Swarm 2,Common positive theme: features some fantastic
Sword of the Sea,Most discussed aspect: Gameplay (18 reviews)
Sword of the Sea,Strongest aspect: Level Design (100.0% positive)
Sword of the Sea,Most criticized aspect: Gameplay (0.0% negative)
Sword of the Sea,Common positive theme: Sea
Swords and Soldiers 2 Shawarmageddon,Most discussed aspect: Gameplay (4 reviews)
Swords and Soldiers 2 Shawarmageddon,Strongest aspect: Gameplay (100.0% positive)
Swords and Soldiers 2 Shawarmageddon,Most criticized aspect: Gameplay (0.0% negative)
Swords and Soldiers 2 Shawarmageddon,Common positive theme: game
Syberia: The World Before,Most discussed aspect: Story (21 reviews)
Syberia: The World Before,Strongest aspect: Music & Sound (100.0% positive)
Syberia: The World Before,Most criticized aspect: Gameplay (0.0% negative)
Syberia: The World Before,Common positive theme: World
Symphony of War: The Nephilim Saga,Most discussed aspect: Gameplay (8 reviews)
Symphony of War: The Nephilim Saga,Strongest aspect: Graphics (100.0% positive)
Symphony of War: The Nephilim Saga,Most criticized aspect: Gameplay (0.0% negative)
Symphony of War: The Nephilim Saga,Common positive theme: Symphony of War
Synth Riders,Most discussed aspect: Music & Sound (9 reviews)
Synth Riders,Strongest aspect: Difficulty (100.0% positive)
Synth Riders,Most criticized aspect: Gameplay (0.0% negative)
Synth Riders,Common positive theme: Synth Riders
System Shock 2: 25th Anniversary Remaster,Most discussed aspect: Gameplay (17 reviews)
System Shock 2: 25th Anniversary Remaster,Strongest aspect: Story (100.0% positive)
System Shock 2: 25th Anniversary Remaster,Most criticized aspect: Gameplay (0.0% negative)
System Shock 2: 25th Anniversary Remaster,Common positive theme: System Shock
System Shock: Enhanced Edition,Most discussed aspect: Graphics (1 reviews)
System Shock: Enhanced Edition,Strongest aspect: Graphics (100.0% positive)
System Shock: Enhanced Edition,Most criticized aspect: Graphics (0.0% negative)
System Shock: Enhanced Edition,Common positive theme: System Shock
TEVI,Most discussed aspect: Gameplay (10 reviews)
TEVI,Strongest aspect: Characters (100.0% positive)
TEVI,Most criticized aspect: Gameplay (0.0% negative)
TEVI,Common positive theme: Tevi
TOEM,Most discussed aspect: Characters (7 reviews)
TOEM,Strongest aspect: Difficulty (100.0% positive)
TOEM,Most criticized aspect: Gameplay (0.0% negative)
TOEM,Common positive theme: Toem
TR-49,Most discussed aspect: Story (9 reviews)
TR-49,Strongest aspect: Characters (100.0% positive)
TR-49,Most criticized aspect: Gameplay (0.0% negative)
TR-49,Common positive theme: game
TRI: Of Friendship and Madness,Most discussed aspect: Music & Sound (2 reviews)
TRI: Of Friendship and Madness,Strongest aspect: Gameplay (100.0% positive)
TRI: Of Friendship and Madness,Most criticized aspect: Gameplay (0.0% negative)
TRI: Of Friendship and Madness,Common positive theme: Madness redefines
Tactical Breach Wizards,Most discussed aspect: Story (8 reviews)
Tactical Breach Wizards,Strongest aspect: Gameplay (100.0% positive)
Tactical Breach Wizards,Most criticized aspect: Gameplay (0.0% negative)
Tactical Breach Wizards,Common positive theme: Tactical Breach Wizards
Tactics Ogre: Reborn,Most discussed aspect: Gameplay (24 reviews)
Tactics Ogre: Reborn,Strongest aspect: Graphics (100.0% positive)
Tactics Ogre: Reborn,Most criticized aspect: Gameplay (4.2% negative)
Tactics Ogre: Reborn,Common positive theme: Tactics Ogre Reborn
Tactics Ogre: Reborn,Common negative theme: SRPG tales
Tadpole Treble,Most discussed aspect: Music & Sound (6 reviews)
Tadpole Treble,Strongest aspect: Gameplay (100.0% positive)
Tadpole Treble,Most criticized aspect: Gameplay (0.0% negative)
Tadpole Treble,Common positive theme: Tadpole Treble
Tadpole Treble Encore,Most discussed aspect: Music & Sound (8 reviews)
Tadpole Treble Encore,Strongest aspect: Replayability (83.3% positive)
Tadpole Treble Encore,Most criticized aspect: Gameplay (0.0% negative)
Tadpole Treble Encore,Common positive theme: Tadpole Treble Encore
Tails of Iron,Most discussed aspect: Gameplay (36 reviews)
Tails of Iron,Strongest aspect: Characters (100.0% positive)
Tails of Iron,Most criticized aspect: Gameplay (0.0% negative)
Tails of Iron,Common positive theme: Tails of Iron
Tails of Iron 2: Whiskers of Winter,Most discussed aspect: Gameplay (38 reviews)
Tails of Iron 2: Whiskers of Winter,Strongest aspect: Characters (100.0% positive)
Tails of Iron 2: Whiskers of Winter,Most criticized aspect: Gameplay (0.0% negative)
Tails of Iron 2: Whiskers of Winter,Common positive theme: Whiskers of Winter
Tales From The Borderlands: Episode Four - Escape Plan Bravo,Most discussed aspect: Story (9 reviews)
Tales From The Borderlands: Episode Four - Escape Plan Bravo,Strongest aspect: Music & Sound (100.0% positive)
Tales From The Borderlands: Episode Four - Escape Plan Bravo,Most criticized aspect: Story (0.0% negative)
Tales From The Borderlands: Episode Four - Escape Plan Bravo,Common positive theme: Escape Plan Bravo
Tales From The Borderlands: Episode One - Zer0 Sum,Most discussed aspect: Story (18 reviews)
Tales From The Borderlands: Episode One - Zer0 Sum,Strongest aspect: Graphics (100.0% positive)
Tales From The Borderlands: Episode One - Zer0 Sum,Most criticized aspect: Gameplay (0.0% negative)
Tales From The Borderlands: Episode One - Zer0 Sum,Common positive theme: Borderlands
Tales From The Borderlands: Episode Two - Atlas Mugged,Most discussed aspect: Story (14 reviews)
Tales From The Borderlands: Episode Two - Atlas Mugged,Strongest aspect: Difficulty (100.0% positive)
Tales From The Borderlands: Episode Two - Atlas Mugged,Most criticized aspect: Gameplay (0.0% negative)
Tales From The Borderlands: Episode Two - Atlas Mugged,Common positive theme: Borderlands Episode
Tales From The Borderlands: Episode Two - Atlas Mugged,Common negative theme: Borderlands Episode
Tales from the Borderlands - Season One,Most discussed aspect: Story (21 reviews)
Tales from the Borderlands - Season One,Strongest aspect: Music & Sound (100.0% positive)
Tales from the Borderlands - Season One,Most criticized aspect: Gameplay (0.0% negative)
Tales from the Borderlands - Season One,Common positive theme: Borderlands
Tales from the Borderlands: Episode Five - The Vault of the Traveler,Most discussed aspect: Story (9 reviews)
Tales from the Borderlands: Episode Five - The Vault of the Traveler,Strongest aspect: Replayability (100.0% positive)
Tales from the Borderlands: Episode Five - The Vault of the Traveler,Most criticized aspect: Story (0.0% negative)
Tales from the Borderlands: Episode Five - The Vault of the Traveler,Common positive theme: Borderlands
Tales of Arise,Most discussed aspect: Story (67 reviews)
Tales of Arise,Strongest aspect: Characters (91.1% positive)
Tales of Arise,Most criticized aspect: Gameplay (0.0% negative)
Tales of Arise,Common positive theme: Tales of Arise
Tales of Graces f Remastered,Most discussed aspect: Gameplay (38 reviews)
Tales of Graces f Remastered,Strongest aspect: Music & Sound (100.0% positive)
Tales of Graces f Remastered,Most criticized aspect: Gameplay (0.0% negative)
Tales of Graces f Remastered,Common positive theme: Graces f Remastered
Tales of Vesperia: Definitive Edition,Most discussed aspect: Gameplay (23 reviews)
Tales of Vesperia: Definitive Edition,Strongest aspect: Music & Sound (100.0% positive)
Tales of Vesperia: Definitive Edition,Most criticized aspect: Gameplay (0.0% negative)
Tales of Vesperia: Definitive Edition,Common positive theme: Vesperia Definitive Edition
Tearaway,Most discussed aspect: Gameplay (7 reviews)
Tearaway,Strongest aspect: Characters (100.0% positive)
Tearaway,Most criticized aspect: Gameplay (0.0% negative)
Tearaway,Common positive theme: Media Molecule
Tearaway Unfolded,Most discussed aspect: Gameplay (14 reviews)
Tearaway Unfolded,Strongest aspect: Characters (100.0% positive)
Tearaway Unfolded,Most criticized aspect: Gameplay (0.0% negative)
Tearaway Unfolded,Common positive theme: Tearaway Unfolded
Technobabylon,Most discussed aspect: Story (5 reviews)
Technobabylon,Strongest aspect: Story (100.0% positive)
Technobabylon,Most criticized aspect: Story (0.0% negative)
Technobabylon,Common positive theme: Technobabylon
Teenage Mutant Ninja Turtles: Shredder's Revenge,Most discussed aspect: Gameplay (46 reviews)
Teenage Mutant Ninja Turtles: Shredder's Revenge,Strongest aspect: Characters (100.0% positive)
Teenage Mutant Ninja Turtles: Shredder's Revenge,Most criticized aspect: Gameplay (0.0% negative)
Teenage Mutant Ninja Turtles: Shredder's Revenge,Common positive theme: Mutant Ninja Turtles
Teenage Mutant Ninja Turtles: Shredder's Revenge - Dimension Shellshock,Most discussed aspect: Characters (15 reviews)
Teenage Mutant Ninja Turtles: Shredder's Revenge - Dimension Shellshock,Strongest aspect: Story (100.0% positive)
Teenage Mutant Ninja Turtles: Shredder's Revenge - Dimension Shellshock,Most criticized aspect: Gameplay (0.0% negative)
Teenage Mutant Ninja Turtles: Shredder's Revenge - Dimension Shellshock,Common positive theme: Mutant Ninja Turtles
Teenage Mutant Ninja Turtles: The Cowabunga Collection,Most discussed aspect: Replayability (17 reviews)
Teenage Mutant Ninja Turtles: The Cowabunga Collection,Strongest aspect: Graphics (100.0% positive)
Teenage Mutant Ninja Turtles: The Cowabunga Collection,Most criticized aspect: Gameplay (0.0% negative)
Teenage Mutant Ninja Turtles: The Cowabunga Collection,Common positive theme: Mutant Ninja Turtles
Tekken 7,Most discussed aspect: Gameplay (47 reviews)
Tekken 7,Strongest aspect: Level Design (100.0% positive)
Tekken 7,Most criticized aspect: Gameplay (0.0% negative)
Tekken 7,Common positive theme: Tekken
Tekken 8,Most discussed aspect: Gameplay (62 reviews)
Tekken 8,Strongest aspect: Characters (100.0% positive)
Tekken 8,Most criticized aspect: Gameplay (0.0% negative)
Tekken 8,Common positive theme: Tekken
Tell Me Why,Most discussed aspect: Story (59 reviews)
Tell Me Why,Strongest aspect: Level Design (100.0% positive)
Tell Me Why,Most criticized aspect: Story (1.7% negative)
Tell Me Why,Common positive theme: Dontnod
Tell Me Why,Common negative theme: Dontnod Entertainment
Temirana: The Lucky Princess and the Tragic Knights,Most discussed aspect: Graphics (5 reviews)
Temirana: The Lucky Princess and the Tragic Knights,Strongest aspect: Gameplay (100.0% positive)
Temirana: The Lucky Princess and the Tragic Knights,Most criticized aspect: Gameplay (0.0% negative)
Temirana: The Lucky Princess and the Tragic Knights,Common positive theme: Lucky Princess
Tents and Trees,Most discussed aspect: Gameplay (1 reviews)
Tents and Trees,Strongest aspect: Gameplay (100.0% positive)
Tents and Trees,Most criticized aspect: Gameplay (0.0% negative)
Tents and Trees,Common positive theme: Tents and Trees
Terra Nil,Most discussed aspect: Level Design (17 reviews)
Terra Nil,Strongest aspect: Story (100.0% positive)
Terra Nil,Most criticized aspect: Gameplay (0.0% negative)
Terra Nil,Common positive theme: Terra Nil
TerraTech Legion,Most discussed aspect: Gameplay (4 reviews)
TerraTech Legion,Strongest aspect: Characters (100.0% positive)
TerraTech Legion,Most criticized aspect: Gameplay (0.0% negative)
TerraTech Legion,Common positive theme: TerraTech Legion
TetherGeist,Most discussed aspect: Difficulty (5 reviews)
TetherGeist,Strongest aspect: Gameplay (100.0% positive)
TetherGeist,Most criticized aspect: Gameplay (0.0% negative)
TetherGeist,Common positive theme: precision platformer
Tetris 99,Most discussed aspect: Gameplay (3 reviews)
Tetris 99,Strongest aspect: Gameplay (100.0% positive)
Tetris 99,Most criticized aspect: Gameplay (0.0% negative)
Tetris 99,Common positive theme: Nintendo Switch Online
Tetris Effect,Most discussed aspect: Music & Sound (28 reviews)
Tetris Effect,Strongest aspect: Story (100.0% positive)
Tetris Effect,Most criticized aspect: Gameplay (0.0% negative)
Tetris Effect,Common positive theme: Tetris Effect
Tetris Effect: Connected,Most discussed aspect: Graphics (10 reviews)
Tetris Effect: Connected,Strongest aspect: Story (100.0% positive)
Tetris Effect: Connected,Most criticized aspect: Gameplay (0.0% negative)
Tetris Effect: Connected,Common positive theme: Tetris Effect Connected
Tetris Forever,Most discussed aspect: Story (8 reviews)
Tetris Forever,Strongest aspect: Gameplay (100.0% positive)
Tetris Forever,Most criticized aspect: Gameplay (0.0% negative)
Tetris Forever,Common positive theme: Tetris Forever
Thank Goodness You're Here,Most discussed aspect: Gameplay (11 reviews)
Thank Goodness You're Here,Strongest aspect: Story (100.0% positive)
Thank Goodness You're Here,Most criticized aspect: Gameplay (0.0% negative)
Thank Goodness You're Here,Common positive theme: Goodness You ’re
"That Dragon, Cancer",Most discussed aspect: Story (11 reviews)
"That Dragon, Cancer",Strongest aspect: Graphics (100.0% positive)
"That Dragon, Cancer",Most criticized aspect: Gameplay (0.0% negative)
"That Dragon, Cancer",Common positive theme: Dragon
The 7th Guest Remake,Most discussed aspect: Gameplay (3 reviews)
The 7th Guest Remake,Strongest aspect: Characters (100.0% positive)
The 7th Guest Remake,Most criticized aspect: Gameplay (0.0% negative)
The 7th Guest Remake,Common positive theme: Guest Remake
The Alters,Most discussed aspect: Story (61 reviews)
The Alters,Strongest aspect: Graphics (100.0% positive)
The Alters,Most criticized aspect: Story (1.6% negative)
The Alters,Common positive theme: Alters
The Alters,Common negative theme: approaching heady subject
The BIT.TRIP,Most discussed aspect: Replayability (1 reviews)
The BIT.TRIP,Strongest aspect: Replayability (100.0% positive)
The BIT.TRIP,Most criticized aspect: Replayability (0.0% negative)
The BIT.TRIP,Common positive theme: Bit.Trip
The Banished Vault,Most discussed aspect: Gameplay (2 reviews)
The Banished Vault,Strongest aspect: Story (100.0% positive)
The Banished Vault,Most criticized aspect: Gameplay (0.0% negative)
The Banished Vault,Common positive theme: Micro-developer Lunar Division
The Banished Vault,Common negative theme: Exercise in apathy
The Banner Saga,Most discussed aspect: Gameplay (35 reviews)
The Banner Saga,Strongest aspect: Level Design (100.0% positive)
The Banner Saga,Most criticized aspect: Performance (100.0% negative)
The Banner Saga,Common positive theme: Banner Saga
The Banner Saga,Common negative theme: single big problem
The Banner Saga 2,Most discussed aspect: Story (26 reviews)
The Banner Saga 2,Strongest aspect: Characters (100.0% positive)
The Banner Saga 2,Most criticized aspect: Gameplay (0.0% negative)
The Banner Saga 2,Common positive theme: Banner Saga
The Banner Saga 3,Most discussed aspect: Story (24 reviews)
The Banner Saga 3,Strongest aspect: Graphics (100.0% positive)
The Banner Saga 3,Most criticized aspect: Gameplay (0.0% negative)
The Banner Saga 3,Common positive theme: Banner Saga
The Binding Of Isaac: Repentance,Most discussed aspect: Replayability (3 reviews)
The Binding Of Isaac: Repentance,Strongest aspect: Characters (100.0% positive)
The Binding Of Isaac: Repentance,Most criticized aspect: Characters (0.0% negative)
The Binding Of Isaac: Repentance,Common positive theme: Binding of Isaac
The Binding of Isaac: Afterbirth,Most discussed aspect: Replayability (4 reviews)
The Binding of Isaac: Afterbirth,Strongest aspect: Gameplay (100.0% positive)
The Binding of Isaac: Afterbirth,Most criticized aspect: Gameplay (0.0% negative)
The Binding of Isaac: Afterbirth,Common positive theme: Binding of Isaac
The Binding of Isaac: Afterbirth+,Most discussed aspect: Replayability (6 reviews)
The Binding of Isaac: Afterbirth+,Strongest aspect: Gameplay (100.0% positive)
The Binding of Isaac: Afterbirth+,Most criticized aspect: Replayability (16.7% negative)
The Binding of Isaac: Afterbirth+,Common positive theme: Binding of Isaac
The Binding of Isaac: Afterbirth+,Common negative theme: bad design choices
The Binding of Isaac: Rebirth,Most discussed aspect: Replayability (7 reviews)
The Binding of Isaac: Rebirth,Strongest aspect: Characters (100.0% positive)
The Binding of Isaac: Rebirth,Most criticized aspect: Gameplay (0.0% negative)
The Binding of Isaac: Rebirth,Common positive theme: Binding of Isaac
The Blackwell Epiphany,Most discussed aspect: Story (5 reviews)
The Blackwell Epiphany,Strongest aspect: Gameplay (100.0% positive)
The Blackwell Epiphany,Most criticized aspect: Gameplay (0.0% negative)
The Blackwell Epiphany,Common positive theme: Blackwell Epiphany
The Case of the Golden Idol,Most discussed aspect: Story (9 reviews)
The Case of the Golden Idol,Strongest aspect: Characters (100.0% positive)
The Case of the Golden Idol,Most criticized aspect: Gameplay (0.0% negative)
The Case of the Golden Idol,Common positive theme: Golden Idol
The Cosmic Wheel Sisterhood,Most discussed aspect: Story (28 reviews)
The Cosmic Wheel Sisterhood,Strongest aspect: Gameplay (100.0% positive)
The Cosmic Wheel Sisterhood,Most criticized aspect: Music & Sound (25.0% negative)
The Cosmic Wheel Sisterhood,Common positive theme: Cosmic Wheel Sisterhood
The Cosmic Wheel Sisterhood,Common negative theme: Cosmic Wheel Sisterhood
The Crimson Diamond,Most discussed aspect: Story (3 reviews)
The Crimson Diamond,Strongest aspect: Gameplay (100.0% positive)
The Crimson Diamond,Most criticized aspect: Gameplay (0.0% negative)
The Crimson Diamond,Common positive theme: Crimson Diamond
The Curious Tale of the Stolen Pets,Most discussed aspect: Level Design (1 reviews)
The Curious Tale of the Stolen Pets,Strongest aspect: Level Design (100.0% positive)
The Curious Tale of the Stolen Pets,Most criticized aspect: Level Design (0.0% negative)
The Curious Tale of the Stolen Pets,Common positive theme: Stolen Pets
The Darkside Detective: A Fumble in the Dark,Most discussed aspect: Gameplay (3 reviews)
The Darkside Detective: A Fumble in the Dark,Strongest aspect: Gameplay (100.0% positive)
The Darkside Detective: A Fumble in the Dark,Most criticized aspect: Gameplay (0.0% negative)
The Darkside Detective: A Fumble in the Dark,Common positive theme: Darkside Detective
The Drifter,Most discussed aspect: Story (24 reviews)
The Drifter,Strongest aspect: Gameplay (100.0% positive)
The Drifter,Most criticized aspect: Gameplay (0.0% negative)
The Drifter,Common positive theme: Drifter
The Elder Scrolls IV: Oblivion Remastered,Most discussed aspect: Graphics (33 reviews)
The Elder Scrolls IV: Oblivion Remastered,Strongest aspect: Story (100.0% positive)
The Elder Scrolls IV: Oblivion Remastered,Most criticized aspect: Gameplay (0.0% negative)
The Elder Scrolls IV: Oblivion Remastered,Common positive theme: Oblivion Remastered
The Elder Scrolls Online: Dragonhold,Most discussed aspect: Story (4 reviews)
The Elder Scrolls Online: Dragonhold,Strongest aspect: Gameplay (100.0% positive)
The Elder Scrolls Online: Dragonhold,Most criticized aspect: Gameplay (0.0% negative)
The Elder Scrolls Online: Dragonhold,Common positive theme: Elder Scrolls Online
The Elder Scrolls Online: Murkmire,Most discussed aspect: Replayability (1 reviews)
The Elder Scrolls Online: Murkmire,Strongest aspect: Replayability (100.0% positive)
The Elder Scrolls Online: Murkmire,Most criticized aspect: Replayability (0.0% negative)
The Elder Scrolls Online: Murkmire,Common positive theme: Murkmire DLC
The Elder Scrolls Online: Necrom,Most discussed aspect: Story (7 reviews)
The Elder Scrolls Online: Necrom,Strongest aspect: Gameplay (100.0% positive)
The Elder Scrolls Online: Necrom,Most criticized aspect: Gameplay (0.0% negative)
The Elder Scrolls Online: Necrom,Common positive theme: Elder Scrolls Online
The Elder Scrolls V: Skyrim - Nintendo Switch Edition,Most discussed aspect: Gameplay (8 reviews)
The Elder Scrolls V: Skyrim - Nintendo Switch Edition,Strongest aspect: Gameplay (100.0% positive)
The Elder Scrolls V: Skyrim - Nintendo Switch Edition,Most criticized aspect: Gameplay (0.0% negative)
The Elder Scrolls V: Skyrim - Nintendo Switch Edition,Common positive theme: Nintendo Switch
The Elder Scrolls V: Skyrim - Special Edition,Most discussed aspect: Graphics (13 reviews)
The Elder Scrolls V: Skyrim - Special Edition,Strongest aspect: Characters (100.0% positive)
The Elder Scrolls V: Skyrim - Special Edition,Most criticized aspect: Gameplay (0.0% negative)
The Elder Scrolls V: Skyrim - Special Edition,Common positive theme: Skyrim Special Edition
The Elder Scrolls: Legends,Most discussed aspect: Gameplay (5 reviews)
The Elder Scrolls: Legends,Strongest aspect: Graphics (100.0% positive)
The Elder Scrolls: Legends,Most criticized aspect: Gameplay (0.0% negative)
The Elder Scrolls: Legends,Common positive theme: Elder Scrolls
The End Is Nigh,Most discussed aspect: Difficulty (12 reviews)
The End Is Nigh,Strongest aspect: Gameplay (100.0% positive)
The End Is Nigh,Most criticized aspect: Gameplay (0.0% negative)
The End Is Nigh,Common positive theme: End Is Nigh
The Entropy Centre,Most discussed aspect: Story (9 reviews)
The Entropy Centre,Strongest aspect: Characters (100.0% positive)
The Entropy Centre,Most criticized aspect: Gameplay (0.0% negative)
The Entropy Centre,Common positive theme: Entropy Centre
The Eternal Cylinder,Most discussed aspect: Gameplay (11 reviews)
The Eternal Cylinder,Strongest aspect: Graphics (100.0% positive)
The Eternal Cylinder,Most criticized aspect: Gameplay (0.0% negative)
The Eternal Cylinder,Common positive theme: Eternal Cylinder
The Excavation Of Hob's Barrow,Most discussed aspect: Story (12 reviews)
The Excavation Of Hob's Barrow,Strongest aspect: Gameplay (100.0% positive)
The Excavation Of Hob's Barrow,Most criticized aspect: Gameplay (0.0% negative)
The Excavation Of Hob's Barrow,Common positive theme: Excavation Of Hob
The Exorcist: Legion VR,Most discussed aspect: Replayability (2 reviews)
The Exorcist: Legion VR,Strongest aspect: Story (100.0% positive)
The Exorcist: Legion VR,Most criticized aspect: Story (0.0% negative)
The Exorcist: Legion VR,Common positive theme: immersive haunted atmosphere
The Fabulous Fear Machine,Most discussed aspect: Gameplay (5 reviews)
The Fabulous Fear Machine,Strongest aspect: Graphics (100.0% positive)
The Fabulous Fear Machine,Most criticized aspect: Gameplay (0.0% negative)
The Fabulous Fear Machine,Common positive theme: Fabulous Fear Machine
The Finals,Most discussed aspect: Gameplay (8 reviews)
The Finals,Strongest aspect: Performance (100.0% positive)
The Finals,Most criticized aspect: Gameplay (0.0% negative)
The Finals,Common positive theme: Finals
The First Berserker: Khazan,Most discussed aspect: Gameplay (67 reviews)
The First Berserker: Khazan,Strongest aspect: Characters (100.0% positive)
The First Berserker: Khazan,Most criticized aspect: Gameplay (0.0% negative)
The First Berserker: Khazan,Common positive theme: Khazan
The Forest,Most discussed aspect: Gameplay (8 reviews)
The Forest,Strongest aspect: Graphics (100.0% positive)
The Forest,Most criticized aspect: Gameplay (0.0% negative)
The Forest,Common positive theme: Forest
The Forgotten City,Most discussed aspect: Story (52 reviews)
The Forgotten City,Strongest aspect: Music & Sound (100.0% positive)
The Forgotten City,Most criticized aspect: Gameplay (0.0% negative)
The Forgotten City,Common positive theme: Forgotten City
The Gallery - Episode 1: Call of the Starseed (VR),Most discussed aspect: Story (2 reviews)
The Gallery - Episode 1: Call of the Starseed (VR),Strongest aspect: Gameplay (100.0% positive)
The Gallery - Episode 1: Call of the Starseed (VR),Most criticized aspect: Gameplay (0.0% negative)
The Gallery - Episode 1: Call of the Starseed (VR),Common positive theme: Call of Starseed
The Great Ace Attorney Chronicles,Most discussed aspect: Story (36 reviews)
The Great Ace Attorney Chronicles,Strongest aspect: Music & Sound (100.0% positive)
The Great Ace Attorney Chronicles,Most criticized aspect: Gameplay (0.0% negative)
The Great Ace Attorney Chronicles,Common positive theme: Great Ace Attorney
The Holy Gosh Darn,Most discussed aspect: Story (3 reviews)
The Holy Gosh Darn,Strongest aspect: Gameplay (100.0% positive)
The Holy Gosh Darn,Most criticized aspect: Gameplay (0.0% negative)
The Holy Gosh Darn,Common positive theme: Holy Gosh Darn
The House in Fata Morgana,Most discussed aspect: Graphics (9 reviews)
The House in Fata Morgana,Strongest aspect: Characters (100.0% positive)
The House in Fata Morgana,Most criticized aspect: Story (0.0% negative)
The House in Fata Morgana,Common positive theme: Fata Morgana
The Hundred Line -Last Defense Academy-,Most discussed aspect: Story (31 reviews)
The Hundred Line -Last Defense Academy-,Strongest aspect: Level Design (100.0% positive)
The Hundred Line -Last Defense Academy-,Most criticized aspect: Gameplay (0.0% negative)
The Hundred Line -Last Defense Academy-,Common positive theme: Hundred Line
The Hundred Line -Last Defense Academy-,Common negative theme: Defense Academy quickly
The Hungry Lamb: Traveling in the Late Ming Dynasty,Most discussed aspect: Story (7 reviews)
The Hungry Lamb: Traveling in the Late Ming Dynasty,Strongest aspect: Difficulty (100.0% positive)
The Hungry Lamb: Traveling in the Late Ming Dynasty,Most criticized aspect: Story (0.0% negative)
The Hungry Lamb: Traveling in the Late Ming Dynasty,Common positive theme: Late Ming Dynasty
The Hungry Lamb: Traveling in the Late Ming Dynasty,Common negative theme: Hungry Lamb
The Journey Down Trilogy,Most discussed aspect: Story (4 reviews)
The Journey Down Trilogy,Strongest aspect: Story (100.0% positive)
The Journey Down Trilogy,Most criticized aspect: Story (0.0% negative)
The Journey Down Trilogy,Common positive theme: Journey
The Journey Down: Chapter Three,Most discussed aspect: Story (2 reviews)
The Journey Down: Chapter Three,Strongest aspect: Story (100.0% positive)
The Journey Down: Chapter Three,Most criticized aspect: Story (0.0% negative)
The Journey Down: Chapter Three,Common positive theme: Chapter
The Journey Down: Chapter Two,Most discussed aspect: Story (5 reviews)
The Journey Down: Chapter Two,Strongest aspect: Story (100.0% positive)
The Journey Down: Chapter Two,Most criticized aspect: Story (0.0% negative)
The Journey Down: Chapter Two,Common positive theme: Chapter
The King is Watching,Most discussed aspect: Gameplay (6 reviews)
The King is Watching,Strongest aspect: Gameplay (100.0% positive)
The King is Watching,Most criticized aspect: Gameplay (0.0% negative)
The King is Watching,Common positive theme: King is Watching
The King of Fighters 2002 Unlimited Match,Most discussed aspect: Gameplay (5 reviews)
The King of Fighters 2002 Unlimited Match,Strongest aspect: Graphics (100.0% positive)
The King of Fighters 2002 Unlimited Match,Most criticized aspect: Gameplay (0.0% negative)
The King of Fighters 2002 Unlimited Match,Common positive theme: King of Fighters
The King of Fighters XV,Most discussed aspect: Gameplay (32 reviews)
The King of Fighters XV,Strongest aspect: Level Design (100.0% positive)
The King of Fighters XV,Most criticized aspect: Story (11.1% negative)
The King of Fighters XV,Common positive theme: King of Fighters
The King of Fighters XV,Common negative theme: brand-new mainline entry
The Last Clockwinder,Most discussed aspect: Story (2 reviews)
The Last Clockwinder,Strongest aspect: Gameplay (100.0% positive)
The Last Clockwinder,Most criticized aspect: Gameplay (0.0% negative)
The Last Clockwinder,Common positive theme: delightfully charming puzzle
The Last Friend,Most discussed aspect: Gameplay (7 reviews)
The Last Friend,Strongest aspect: Gameplay (100.0% positive)
The Last Friend,Most criticized aspect: Gameplay (0.0% negative)
The Last Friend,Common positive theme: Friend
The Last Guardian,Most discussed aspect: Gameplay (31 reviews)
The Last Guardian,Strongest aspect: Graphics (100.0% positive)
The Last Guardian,Most criticized aspect: Difficulty (14.3% negative)
The Last Guardian,Common positive theme: Guardian
The Last Guardian,Common negative theme: broken mechanics left
The Last Spell,Most discussed aspect: Gameplay (10 reviews)
The Last Spell,Strongest aspect: Graphics (100.0% positive)
The Last Spell,Most criticized aspect: Gameplay (0.0% negative)
The Last Spell,Common positive theme: Spell
The Last of Us Part I,Most discussed aspect: Graphics (44 reviews)
The Last of Us Part I,Strongest aspect: Graphics (88.6% positive)
The Last of Us Part I,Most criticized aspect: Difficulty (33.3% negative)
The Last of Us Part I,Common positive theme: Part
The Last of Us Part I,Common negative theme: Part
The Last of Us Part II,Most discussed aspect: Story (82 reviews)
The Last of Us Part II,Strongest aspect: Music & Sound (100.0% positive)
The Last of Us Part II,Most criticized aspect: Level Design (11.1% negative)
The Last of Us Part II,Common positive theme: Naughty Dog
The Last of Us Part II,Common negative theme: gameplay is functional
The Last of Us Part II Remastered,Most discussed aspect: Story (37 reviews)
The Last of Us Part II Remastered,Strongest aspect: Music & Sound (100.0% positive)
The Last of Us Part II Remastered,Most criticized aspect: Gameplay (4.5% negative)
The Last of Us Part II Remastered,Common positive theme: Part II Remastered
The Last of Us Part II Remastered,Common negative theme: unmissable base combat
The Last of Us Remastered,Most discussed aspect: Graphics (11 reviews)
The Last of Us Remastered,Strongest aspect: Gameplay (100.0% positive)
The Last of Us Remastered,Most criticized aspect: Gameplay (0.0% negative)
The Last of Us Remastered,Common positive theme: Remastered
The Legend of Heroes: Kuro no Kiseki,Most discussed aspect: Story (1 reviews)
The Legend of Heroes: Kuro no Kiseki,Strongest aspect: Story (100.0% positive)
The Legend of Heroes: Kuro no Kiseki,Most criticized aspect: Story (0.0% negative)
The Legend of Heroes: Kuro no Kiseki,Common positive theme: Kuro no Kiseki
The Legend of Heroes: Trails Beyond the Horizon,Most discussed aspect: Story (36 reviews)
The Legend of Heroes: Trails Beyond the Horizon,Strongest aspect: Level Design (100.0% positive)
The Legend of Heroes: Trails Beyond the Horizon,Most criticized aspect: Gameplay (0.0% negative)
The Legend of Heroes: Trails Beyond the Horizon,Common positive theme: Legend of Heroes
The Legend of Heroes: Trails Through Daybreak,Most discussed aspect: Gameplay (33 reviews)
The Legend of Heroes: Trails Through Daybreak,Strongest aspect: Music & Sound (100.0% positive)
The Legend of Heroes: Trails Through Daybreak,Most criticized aspect: Gameplay (0.0% negative)
The Legend of Heroes: Trails Through Daybreak,Common positive theme: Legend of Heroes
The Legend of Heroes: Trails Through Daybreak,Common negative theme: Nintendo Switch adds
The Legend of Heroes: Trails from Zero,Most discussed aspect: Story (35 reviews)
The Legend of Heroes: Trails from Zero,Strongest aspect: Difficulty (100.0% positive)
The Legend of Heroes: Trails from Zero,Most criticized aspect: Gameplay (0.0% negative)
The Legend of Heroes: Trails from Zero,Common positive theme: Legend of Heroes
The Legend of Heroes: Trails in the Sky,Most discussed aspect: Characters (3 reviews)
The Legend of Heroes: Trails in the Sky,Strongest aspect: Gameplay (100.0% positive)
The Legend of Heroes: Trails in the Sky,Most criticized aspect: Gameplay (0.0% negative)
The Legend of Heroes: Trails in the Sky,Common positive theme: Legend of Heroes
The Legend of Heroes: Trails in the Sky - Second Chapter,Most discussed aspect: Story (3 reviews)
The Legend of Heroes: Trails in the Sky - Second Chapter,Strongest aspect: Gameplay (100.0% positive)
The Legend of Heroes: Trails in the Sky - Second Chapter,Most criticized aspect: Gameplay (0.0% negative)
The Legend of Heroes: Trails in the Sky - Second Chapter,Common positive theme: Legend of Heroes
The Legend of Heroes: Trails in the Sky the 3rd,Most discussed aspect: Story (5 reviews)
The Legend of Heroes: Trails in the Sky the 3rd,Strongest aspect: Characters (75.0% positive)
The Legend of Heroes: Trails in the Sky the 3rd,Most criticized aspect: Story (0.0% negative)
The Legend of Heroes: Trails in the Sky the 3rd,Common positive theme: Trails
The Legend of Heroes: Trails into Reverie,Most discussed aspect: Story (30 reviews)
The Legend of Heroes: Trails into Reverie,Strongest aspect: Level Design (100.0% positive)
The Legend of Heroes: Trails into Reverie,Most criticized aspect: Performance (33.3% negative)
The Legend of Heroes: Trails into Reverie,Common positive theme: Trails into Reverie
The Legend of Heroes: Trails into Reverie,Common negative theme: Trails Into Reverie
The Legend of Heroes: Trails of Cold Steel II,Most discussed aspect: Story (24 reviews)
The Legend of Heroes: Trails of Cold Steel II,Strongest aspect: Level Design (100.0% positive)
The Legend of Heroes: Trails of Cold Steel II,Most criticized aspect: Music & Sound (100.0% negative)
The Legend of Heroes: Trails of Cold Steel II,Common positive theme: Cold Steel
The Legend of Heroes: Trails of Cold Steel II,Common negative theme: Legend of Heroes
The Legend of Heroes: Trails of Cold Steel III,Most discussed aspect: Story (38 reviews)
The Legend of Heroes: Trails of Cold Steel III,Strongest aspect: Level Design (100.0% positive)
The Legend of Heroes: Trails of Cold Steel III,Most criticized aspect: Gameplay (0.0% negative)
The Legend of Heroes: Trails of Cold Steel III,Common positive theme: Cold Steel III
The Legend of Heroes: Trails of Cold Steel IV,Most discussed aspect: Story (35 reviews)
The Legend of Heroes: Trails of Cold Steel IV,Strongest aspect: Level Design (100.0% positive)
The Legend of Heroes: Trails of Cold Steel IV,Most criticized aspect: Music & Sound (50.0% negative)
The Legend of Heroes: Trails of Cold Steel IV,Common positive theme: Cold Steel
The Legend of Heroes: Trails of Cold Steel IV,Common negative theme: Legend of Heroes
The Legend of Heroes: Trails to Azure,Most discussed aspect: Story (23 reviews)
The Legend of Heroes: Trails to Azure,Strongest aspect: Music & Sound (100.0% positive)
The Legend of Heroes: Trails to Azure,Most criticized aspect: Gameplay (0.0% negative)
The Legend of Heroes: Trails to Azure,Common positive theme: Trails to Azure
The Legend of Heroes: Trials of Cold Steel - Decisive Edition,Most discussed aspect: Story (6 reviews)
The Legend of Heroes: Trials of Cold Steel - Decisive Edition,Strongest aspect: Gameplay (100.0% positive)
The Legend of Heroes: Trials of Cold Steel - Decisive Edition,Most criticized aspect: Gameplay (0.0% negative)
The Legend of Heroes: Trials of Cold Steel - Decisive Edition,Common positive theme: Cold Steel
The Legend of Tian Ding,Most discussed aspect: Gameplay (16 reviews)
The Legend of Tian Ding,Strongest aspect: Story (100.0% positive)
The Legend of Tian Ding,Most criticized aspect: Gameplay (0.0% negative)
The Legend of Tian Ding,Common positive theme: Legend of Tianding
The Legend of Zelda: A Link Between Worlds,Most discussed aspect: Gameplay (12 reviews)
The Legend of Zelda: A Link Between Worlds,Strongest aspect: Gameplay (100.0% positive)
The Legend of Zelda: A Link Between Worlds,Most criticized aspect: Gameplay (0.0% negative)
The Legend of Zelda: A Link Between Worlds,Common positive theme: Link Between Worlds
The Legend of Zelda: Breath of the Wild,Most discussed aspect: Gameplay (29 reviews)
The Legend of Zelda: Breath of the Wild,Strongest aspect: Gameplay (100.0% positive)
The Legend of Zelda: Breath of the Wild,Most criticized aspect: Gameplay (0.0% negative)
The Legend of Zelda: Breath of the Wild,Common positive theme: Legend of Zelda
The Legend of Zelda: Breath of the Wild - The Champions' Ballad,Most discussed aspect: Story (6 reviews)
The Legend of Zelda: Breath of the Wild - The Champions' Ballad,Strongest aspect: Gameplay (100.0% positive)
The Legend of Zelda: Breath of the Wild - The Champions' Ballad,Most criticized aspect: Gameplay (0.0% negative)
The Legend of Zelda: Breath of the Wild - The Champions' Ballad,Common positive theme: Champions' Ballad
The Legend of Zelda: Breath of the Wild Nintendo Switch 2 Edition,Most discussed aspect: Graphics (7 reviews)
The Legend of Zelda: Breath of the Wild Nintendo Switch 2 Edition,Strongest aspect: Gameplay (100.0% positive)
The Legend of Zelda: Breath of the Wild Nintendo Switch 2 Edition,Most criticized aspect: Gameplay (0.0% negative)
The Legend of Zelda: Breath of the Wild Nintendo Switch 2 Edition,Common positive theme: Nintendo Switch
The Legend of Zelda: Echoes of Wisdom,Most discussed aspect: Gameplay (53 reviews)
The Legend of Zelda: Echoes of Wisdom,Strongest aspect: Story (100.0% positive)
The Legend of Zelda: Echoes of Wisdom,Most criticized aspect: Gameplay (1.9% negative)
The Legend of Zelda: Echoes of Wisdom,Common positive theme: Echoes of Wisdom
The Legend of Zelda: Echoes of Wisdom,Common negative theme: extremely lacking Nintendo
The Legend of Zelda: Link's Awakening,Most discussed aspect: Graphics (19 reviews)
The Legend of Zelda: Link's Awakening,Strongest aspect: Story (100.0% positive)
The Legend of Zelda: Link's Awakening,Most criticized aspect: Gameplay (0.0% negative)
The Legend of Zelda: Link's Awakening,Common positive theme: Link Awakening
The Legend of Zelda: Majora's Mask 3D,Most discussed aspect: Gameplay (8 reviews)
The Legend of Zelda: Majora's Mask 3D,Strongest aspect: Gameplay (100.0% positive)
The Legend of Zelda: Majora's Mask 3D,Most criticized aspect: Gameplay (0.0% negative)
The Legend of Zelda: Majora's Mask 3D,Common positive theme: Majora Mask
The Legend of Zelda: Skyward Sword HD,Most discussed aspect: Gameplay (37 reviews)
The Legend of Zelda: Skyward Sword HD,Strongest aspect: Music & Sound (100.0% positive)
The Legend of Zelda: Skyward Sword HD,Most criticized aspect: Gameplay (0.0% negative)
The Legend of Zelda: Skyward Sword HD,Common positive theme: Skyward Sword
The Legend of Zelda: Tears of the Kingdom,Most discussed aspect: Gameplay (33 reviews)
The Legend of Zelda: Tears of the Kingdom,Strongest aspect: Story (100.0% positive)
The Legend of Zelda: Tears of the Kingdom,Most criticized aspect: Gameplay (0.0% negative)
The Legend of Zelda: Tears of the Kingdom,Common positive theme: Legend of Zelda
The Legend of Zelda: Tears of the Kingdom Nintendo Switch 2 Edition,Most discussed aspect: Performance (4 reviews)
The Legend of Zelda: Tears of the Kingdom Nintendo Switch 2 Edition,Strongest aspect: Gameplay (100.0% positive)
The Legend of Zelda: Tears of the Kingdom Nintendo Switch 2 Edition,Most criticized aspect: Gameplay (0.0% negative)
The Legend of Zelda: Tears of the Kingdom Nintendo Switch 2 Edition,Common positive theme: Nintendo Switch
The Legend of Zelda: Twilight Princess HD,Most discussed aspect: Graphics (13 reviews)
The Legend of Zelda: Twilight Princess HD,Strongest aspect: Story (100.0% positive)
The Legend of Zelda: Twilight Princess HD,Most criticized aspect: Gameplay (0.0% negative)
The Legend of Zelda: Twilight Princess HD,Common positive theme: Twilight Princess
The Life and Suffering of Sir Brante,Most discussed aspect: Story (7 reviews)
The Life and Suffering of Sir Brante,Strongest aspect: Difficulty (80.0% positive)
The Life and Suffering of Sir Brante,Most criticized aspect: Gameplay (0.0% negative)
The Life and Suffering of Sir Brante,Common positive theme: Sir Brante
The Lion's Song: The Full Season,Most discussed aspect: Story (13 reviews)
The Lion's Song: The Full Season,Strongest aspect: Level Design (100.0% positive)
The Lion's Song: The Full Season,Most criticized aspect: Gameplay (0.0% negative)
The Lion's Song: The Full Season,Common positive theme: Lion Song
The Lullaby of Life,Most discussed aspect: Music & Sound (5 reviews)
The Lullaby of Life,Strongest aspect: Gameplay (100.0% positive)
The Lullaby of Life,Most criticized aspect: Gameplay (0.0% negative)
The Lullaby of Life,Common positive theme: Lullaby of Life
The Making of Karateka,Most discussed aspect: Replayability (3 reviews)
The Making of Karateka,Strongest aspect: Story (100.0% positive)
The Making of Karateka,Most criticized aspect: Gameplay (0.0% negative)
The Making of Karateka,Common positive theme: Making of Karateka
The Messenger,Most discussed aspect: Gameplay (35 reviews)
The Messenger,Strongest aspect: Story (100.0% positive)
The Messenger,Most criticized aspect: Gameplay (0.0% negative)
The Messenger,Common positive theme: Messenger
The Metronomicon,Most discussed aspect: Gameplay (4 reviews)
The Metronomicon,Strongest aspect: Difficulty (100.0% positive)
The Metronomicon,Most criticized aspect: Gameplay (0.0% negative)
The Metronomicon,Common positive theme: Metronomicon
The Midnight Walk,Most discussed aspect: Story (15 reviews)
The Midnight Walk,Strongest aspect: Graphics (100.0% positive)
The Midnight Walk,Most criticized aspect: Gameplay (0.0% negative)
The Midnight Walk,Common positive theme: Midnight Walk
The Murder of Sonic the Hedgehog,Most discussed aspect: Graphics (5 reviews)
The Murder of Sonic the Hedgehog,Strongest aspect: Gameplay (100.0% positive)
The Murder of Sonic the Hedgehog,Most criticized aspect: Gameplay (0.0% negative)
The Murder of Sonic the Hedgehog,Common positive theme: Murder of Sonic
The Nameless: Slay Dragon,Most discussed aspect: Story (7 reviews)
The Nameless: Slay Dragon,Strongest aspect: Graphics (100.0% positive)
The Nameless: Slay Dragon,Most criticized aspect: Gameplay (0.0% negative)
The Nameless: Slay Dragon,Common positive theme: Slay Dragon
The Nioh Collection,Most discussed aspect: Difficulty (8 reviews)
The Nioh Collection,Strongest aspect: Characters (100.0% positive)
The Nioh Collection,Most criticized aspect: Gameplay (0.0% negative)
The Nioh Collection,Common positive theme: Nioh Collection
The Outer Worlds,Most discussed aspect: Story (51 reviews)
The Outer Worlds,Strongest aspect: Level Design (100.0% positive)
The Outer Worlds,Most criticized aspect: Performance (20.0% negative)
The Outer Worlds,Common positive theme: Outer Worlds
The Outer Worlds,Common negative theme: Nintendo Switch
The Outer Worlds 2,Most discussed aspect: Story (53 reviews)
The Outer Worlds 2,Strongest aspect: Graphics (100.0% positive)
The Outer Worlds 2,Most criticized aspect: Performance (6.2% negative)
The Outer Worlds 2,Common positive theme: Outer Worlds
The Outer Worlds 2,Common negative theme: exciting space-faring adventure
The Outer Worlds: Spacer's Choice Edition,Most discussed aspect: Performance (9 reviews)
The Outer Worlds: Spacer's Choice Edition,Strongest aspect: Gameplay (100.0% positive)
The Outer Worlds: Spacer's Choice Edition,Most criticized aspect: Gameplay (0.0% negative)
The Outer Worlds: Spacer's Choice Edition,Common positive theme: Spacer Choice Edition
The Perfect Pencil,Most discussed aspect: Gameplay (7 reviews)
The Perfect Pencil,Strongest aspect: Characters (100.0% positive)
The Perfect Pencil,Most criticized aspect: Gameplay (0.0% negative)
The Perfect Pencil,Common positive theme: Perfect Pencil
The Planet Crafter,Most discussed aspect: Gameplay (4 reviews)
The Planet Crafter,Strongest aspect: Graphics (100.0% positive)
The Planet Crafter,Most criticized aspect: Gameplay (0.0% negative)
The Planet Crafter,Common positive theme: Planet Crafter
The Plucky Squire,Most discussed aspect: Gameplay (59 reviews)
The Plucky Squire,Strongest aspect: Music & Sound (100.0% positive)
The Plucky Squire,Most criticized aspect: Level Design (20.0% negative)
The Plucky Squire,Common positive theme: Plucky Squire
The Plucky Squire,Common negative theme: pretty shallow execution
The Red Strings Club,Most discussed aspect: Story (26 reviews)
The Red Strings Club,Strongest aspect: Characters (100.0% positive)
The Red Strings Club,Most criticized aspect: Story (3.9% negative)
The Red Strings Club,Common positive theme: Red Strings Club
The Red Strings Club,Common negative theme: Red Strings Club
The Riftbreaker,Most discussed aspect: Gameplay (6 reviews)
The Riftbreaker,Strongest aspect: Story (100.0% positive)
The Riftbreaker,Most criticized aspect: Gameplay (0.0% negative)
The Riftbreaker,Common positive theme: Riftbreaker
The Rise of the Golden Idol,Most discussed aspect: Gameplay (9 reviews)
The Rise of the Golden Idol,Strongest aspect: Gameplay (100.0% positive)
The Rise of the Golden Idol,Most criticized aspect: Gameplay (0.0% negative)
The Rise of the Golden Idol,Common positive theme: Golden Idol
The Rogue Prince of Persia,Most discussed aspect: Gameplay (40 reviews)
The Rogue Prince of Persia,Strongest aspect: Graphics (100.0% positive)
The Rogue Prince of Persia,Most criticized aspect: Gameplay (0.0% negative)
The Rogue Prince of Persia,Common positive theme: Rogue Prince
The Roottrees Are Dead,Most discussed aspect: Story (4 reviews)
The Roottrees Are Dead,Strongest aspect: Gameplay (100.0% positive)
The Roottrees Are Dead,Most criticized aspect: Gameplay (0.0% negative)
The Roottrees Are Dead,Common positive theme: Roottrees Are Dead
The Sexy Brutale,Most discussed aspect: Story (21 reviews)
The Sexy Brutale,Strongest aspect: Level Design (100.0% positive)
The Sexy Brutale,Most criticized aspect: Gameplay (0.0% negative)
The Sexy Brutale,Common positive theme: Sexy Brutale
The Sims 4: Cats & Dogs,Most discussed aspect: Gameplay (2 reviews)
The Sims 4: Cats & Dogs,Strongest aspect: Gameplay (100.0% positive)
The Sims 4: Cats & Dogs,Most criticized aspect: Gameplay (0.0% negative)
The Sims 4: Cats & Dogs,Common positive theme: Sims
The Sims 4: City Living,Most discussed aspect: Gameplay (1 reviews)
The Sims 4: City Living,Strongest aspect: Gameplay (100.0% positive)
The Sims 4: City Living,Most criticized aspect: Gameplay (0.0% negative)
The Sims 4: City Living,Common positive theme: City Living
The Sims 4: City Living,Common negative theme: City Living
The Sims 4: Cottage Living,Most discussed aspect: Gameplay (2 reviews)
The Sims 4: Cottage Living,Strongest aspect: Characters (100.0% positive)
The Sims 4: Cottage Living,Most criticized aspect: Gameplay (0.0% negative)
The Sims 4: Cottage Living,Common positive theme: Seasons and Parenthood
The Sims 4: Discover University,Most discussed aspect: Gameplay (1 reviews)
The Sims 4: Discover University,Strongest aspect: Gameplay (100.0% positive)
The Sims 4: Discover University,Most criticized aspect: Gameplay (0.0% negative)
The Sims 4: Discover University,Common positive theme: Discover University
The Sims 4: Dream Home Decorator,Most discussed aspect: Gameplay (2 reviews)
The Sims 4: Dream Home Decorator,Strongest aspect: Difficulty (100.0% positive)
The Sims 4: Dream Home Decorator,Most criticized aspect: Gameplay (0.0% negative)
The Sims 4: Dream Home Decorator,Common positive theme: Dream Home Decorator
The Sims 4: Eco Lifestyle,Most discussed aspect: Level Design (3 reviews)
The Sims 4: Eco Lifestyle,Strongest aspect: Gameplay (100.0% positive)
The Sims 4: Eco Lifestyle,Most criticized aspect: Gameplay (0.0% negative)
The Sims 4: Eco Lifestyle,Common positive theme: Eco Lifestyle
The Sims 4: Island Living,Most discussed aspect: Replayability (1 reviews)
The Sims 4: Island Living,Strongest aspect: Replayability (100.0% positive)
The Sims 4: Island Living,Most criticized aspect: Replayability (0.0% negative)
The Sims 4: Island Living,Common positive theme: Island Living
The Sims 4: Seasons,Most discussed aspect: Replayability (1 reviews)
The Sims 4: Seasons,Strongest aspect: Replayability (0.0% positive)
The Sims 4: Seasons,Most criticized aspect: Replayability (0.0% negative)
The Sims 4: Seasons,Common positive theme: Sims
The Stanley Parable: Ultra Deluxe,Most discussed aspect: Replayability (16 reviews)
The Stanley Parable: Ultra Deluxe,Strongest aspect: Level Design (100.0% positive)
The Stanley Parable: Ultra Deluxe,Most criticized aspect: Gameplay (0.0% negative)
The Stanley Parable: Ultra Deluxe,Common positive theme: Stanley Parable
The Swapper,Most discussed aspect: Story (14 reviews)
The Swapper,Strongest aspect: Level Design (100.0% positive)
The Swapper,Most criticized aspect: Graphics (12.5% negative)
The Swapper,Common positive theme: Swapper
The Swapper,Common negative theme: strong first impression
The Swords of Ditto: Mormo's Curse,Most discussed aspect: Gameplay (1 reviews)
The Swords of Ditto: Mormo's Curse,Strongest aspect: Gameplay (100.0% positive)
The Swords of Ditto: Mormo's Curse,Most criticized aspect: Gameplay (0.0% negative)
The Swords of Ditto: Mormo's Curse,Common positive theme: Swords Of Ditto
The Séance of Blake Manor,Most discussed aspect: Story (6 reviews)
The Séance of Blake Manor,Strongest aspect: Story (83.3% positive)
The Séance of Blake Manor,Most criticized aspect: Gameplay (0.0% negative)
The Séance of Blake Manor,Common positive theme: Blake Manor
The Talos Principle,Most discussed aspect: Story (15 reviews)
The Talos Principle,Strongest aspect: Graphics (100.0% positive)
The Talos Principle,Most criticized aspect: Gameplay (0.0% negative)
The Talos Principle,Common positive theme: Talos Principle
The Talos Principle 2,Most discussed aspect: Story (29 reviews)
The Talos Principle 2,Strongest aspect: Graphics (100.0% positive)
The Talos Principle 2,Most criticized aspect: Gameplay (0.0% negative)
The Talos Principle 2,Common positive theme: Talos Principle
The Talos Principle 2: Road to Elysium,Most discussed aspect: Difficulty (2 reviews)
The Talos Principle 2: Road to Elysium,Strongest aspect: Gameplay (100.0% positive)
The Talos Principle 2: Road to Elysium,Most criticized aspect: Gameplay (0.0% negative)
The Talos Principle 2: Road to Elysium,Common positive theme: Talos Principle
The Talos Principle: Reawakened,Most discussed aspect: Graphics (13 reviews)
The Talos Principle: Reawakened,Strongest aspect: Gameplay (100.0% positive)
The Talos Principle: Reawakened,Most criticized aspect: Gameplay (0.0% negative)
The Talos Principle: Reawakened,Common positive theme: Talos Principle
The Talos Principle: Road To Gehenna,Most discussed aspect: Story (1 reviews)
The Talos Principle: Road To Gehenna,Strongest aspect: Story (100.0% positive)
The Talos Principle: Road To Gehenna,Most criticized aspect: Story (0.0% negative)
The Talos Principle: Road To Gehenna,Common positive theme: Road to Gehenna
The Vale: Shadow of the Crown,Most discussed aspect: Music & Sound (8 reviews)
The Vale: Shadow of the Crown,Strongest aspect: Story (100.0% positive)
The Vale: Shadow of the Crown,Most criticized aspect: Gameplay (0.0% negative)
The Vale: Shadow of the Crown,Common positive theme: Vale
The Walking Dead: Saints & Sinners,Most discussed aspect: Gameplay (8 reviews)
The Walking Dead: Saints & Sinners,Strongest aspect: Gameplay (100.0% positive)
The Walking Dead: Saints & Sinners,Most criticized aspect: Gameplay (0.0% negative)
The Walking Dead: Saints & Sinners,Common positive theme: Walking Dead
The Walking Dead: Season Two Episode 2 - A House Divided,Most discussed aspect: Story (19 reviews)
The Walking Dead: Season Two Episode 2 - A House Divided,Strongest aspect: Level Design (100.0% positive)
The Walking Dead: Season Two Episode 2 - A House Divided,Most criticized aspect: Story (5.3% negative)
The Walking Dead: Season Two Episode 2 - A House Divided,Common positive theme: Walking Dead
The Walking Dead: Season Two Episode 2 - A House Divided,Common negative theme: Walking Dead
The Walking Dead: Season Two Episode 3 - In Harm's Way,Most discussed aspect: Characters (9 reviews)
The Walking Dead: Season Two Episode 3 - In Harm's Way,Strongest aspect: Gameplay (100.0% positive)
The Walking Dead: Season Two Episode 3 - In Harm's Way,Most criticized aspect: Gameplay (0.0% negative)
The Walking Dead: Season Two Episode 3 - In Harm's Way,Common positive theme: Walking Dead
The Walking Dead: The Telltale Definitive Series,Most discussed aspect: Story (6 reviews)
The Walking Dead: The Telltale Definitive Series,Strongest aspect: Gameplay (100.0% positive)
The Walking Dead: The Telltale Definitive Series,Most criticized aspect: Gameplay (0.0% negative)
The Walking Dead: The Telltale Definitive Series,Common positive theme: Telltale Definitive Series
The Witcher 3: Wild Hunt,Most discussed aspect: Gameplay (39 reviews)
The Witcher 3: Wild Hunt,Strongest aspect: Level Design (100.0% positive)
The Witcher 3: Wild Hunt,Most criticized aspect: Performance (5.9% negative)
The Witcher 3: Wild Hunt,Common positive theme: Wild Hunt
The Witcher 3: Wild Hunt,Common negative theme: great game
The Witcher 3: Wild Hunt - Blood and Wine,Most discussed aspect: Story (14 reviews)
The Witcher 3: Wild Hunt - Blood and Wine,Strongest aspect: Gameplay (100.0% positive)
The Witcher 3: Wild Hunt - Blood and Wine,Most criticized aspect: Gameplay (0.0% negative)
The Witcher 3: Wild Hunt - Blood and Wine,Common positive theme: Blood and Wine
The Witcher 3: Wild Hunt - Complete Edition (Switch),Most discussed aspect: Graphics (15 reviews)
The Witcher 3: Wild Hunt - Complete Edition (Switch),Strongest aspect: Gameplay (100.0% positive)
The Witcher 3: Wild Hunt - Complete Edition (Switch),Most criticized aspect: Gameplay (0.0% negative)
The Witcher 3: Wild Hunt - Complete Edition (Switch),Common positive theme: Nintendo Switch
The Witcher 3: Wild Hunt - Hearts of Stone,Most discussed aspect: Story (26 reviews)
The Witcher 3: Wild Hunt - Hearts of Stone,Strongest aspect: Graphics (100.0% positive)
The Witcher 3: Wild Hunt - Hearts of Stone,Most criticized aspect: Gameplay (0.0% negative)
The Witcher 3: Wild Hunt - Hearts of Stone,Common positive theme: Hearts of Stone
The Witness,Most discussed aspect: Difficulty (17 reviews)
The Witness,Strongest aspect: Graphics (100.0% positive)
The Witness,Most criticized aspect: Level Design (25.0% negative)
The Witness,Common positive theme: Witness
The Witness,Common negative theme: enjoyed The Witness
The Wizards,Most discussed aspect: Gameplay (6 reviews)
The Wizards,Strongest aspect: Difficulty (100.0% positive)
The Wizards,Most criticized aspect: Gameplay (0.0% negative)
The Wizards,Common positive theme: Wizards
The Wolf Among Us: Episode 1 - Faith,Most discussed aspect: Story (4 reviews)
The Wolf Among Us: Episode 1 - Faith,Strongest aspect: Story (75.0% positive)
The Wolf Among Us: Episode 1 - Faith,Most criticized aspect: Gameplay (0.0% negative)
The Wolf Among Us: Episode 1 - Faith,Common positive theme: plants many seeds
The Wolf Among Us: Episode 3 - A Crooked Mile,Most discussed aspect: Story (11 reviews)
The Wolf Among Us: Episode 3 - A Crooked Mile,Strongest aspect: Characters (100.0% positive)
The Wolf Among Us: Episode 3 - A Crooked Mile,Most criticized aspect: Gameplay (0.0% negative)
The Wolf Among Us: Episode 3 - A Crooked Mile,Common positive theme: Crooked Mile
The Wolf Among Us: Episode 5 - Cry Wolf,Most discussed aspect: Story (7 reviews)
The Wolf Among Us: Episode 5 - Cry Wolf,Strongest aspect: Gameplay (100.0% positive)
The Wolf Among Us: Episode 5 - Cry Wolf,Most criticized aspect: Gameplay (0.0% negative)
The Wolf Among Us: Episode 5 - Cry Wolf,Common positive theme: Cry Wolf
The Wolf Among Us: Season One,Most discussed aspect: Gameplay (3 reviews)
The Wolf Among Us: Season One,Strongest aspect: Gameplay (100.0% positive)
The Wolf Among Us: Season One,Most criticized aspect: Gameplay (0.0% negative)
The Wolf Among Us: Season One,Common positive theme: Wolf
Theatrhythm Final Bar Line,Most discussed aspect: Music & Sound (32 reviews)
Theatrhythm Final Bar Line,Strongest aspect: Level Design (100.0% positive)
Theatrhythm Final Bar Line,Most criticized aspect: Gameplay (0.0% negative)
Theatrhythm Final Bar Line,Common positive theme: Final Bar Line
Theatrhythm Final Fantasy: Curtain Call,Most discussed aspect: Music & Sound (15 reviews)
Theatrhythm Final Fantasy: Curtain Call,Strongest aspect: Gameplay (100.0% positive)
Theatrhythm Final Fantasy: Curtain Call,Most criticized aspect: Gameplay (0.0% negative)
Theatrhythm Final Fantasy: Curtain Call,Common positive theme: Theatrhythm Final Fantasy
Them's Fightin' Herds,Most discussed aspect: Story (13 reviews)
Them's Fightin' Herds,Strongest aspect: Music & Sound (100.0% positive)
Them's Fightin' Herds,Most criticized aspect: Gameplay (0.0% negative)
Them's Fightin' Herds,Common positive theme: Fightin’ Herds
There Is No Game: Wrong Dimension,Most discussed aspect: Story (3 reviews)
There Is No Game: Wrong Dimension,Strongest aspect: Gameplay (100.0% positive)
There Is No Game: Wrong Dimension,Most criticized aspect: Gameplay (0.0% negative)
There Is No Game: Wrong Dimension,Common positive theme: Wrong Dimension
Thimbleweed Park,Most discussed aspect: Story (25 reviews)
Thimbleweed Park,Strongest aspect: Graphics (100.0% positive)
Thimbleweed Park,Most criticized aspect: Gameplay (0.0% negative)
Thimbleweed Park,Common positive theme: Thimbleweed Park
This Bed We Made,Most discussed aspect: Story (9 reviews)
This Bed We Made,Strongest aspect: Gameplay (100.0% positive)
This Bed We Made,Most criticized aspect: Gameplay (0.0% negative)
This Bed We Made,Common positive theme: Bed We Made
This War Of Mine: Final Cut,Most discussed aspect: Gameplay (3 reviews)
This War Of Mine: Final Cut,Strongest aspect: Gameplay (100.0% positive)
This War Of Mine: Final Cut,Most criticized aspect: Gameplay (0.0% negative)
This War Of Mine: Final Cut,Common positive theme: War of Mine
This War of Mine,Most discussed aspect: Gameplay (12 reviews)
This War of Mine,Strongest aspect: Music & Sound (100.0% positive)
This War of Mine,Most criticized aspect: Gameplay (0.0% negative)
This War of Mine,Common positive theme: War of Mine
This Way Madness Lies,Most discussed aspect: Gameplay (6 reviews)
This Way Madness Lies,Strongest aspect: Gameplay (100.0% positive)
This Way Madness Lies,Most criticized aspect: Gameplay (0.0% negative)
This Way Madness Lies,Common positive theme: Madness Lies
Threshold,Most discussed aspect: Gameplay (5 reviews)
Threshold,Strongest aspect: Story (100.0% positive)
Threshold,Most criticized aspect: Gameplay (0.0% negative)
Threshold,Common positive theme: giant corporate machine
Thronebreaker: The Witcher Tales,Most discussed aspect: Story (33 reviews)
Thronebreaker: The Witcher Tales,Strongest aspect: Graphics (100.0% positive)
Thronebreaker: The Witcher Tales,Most criticized aspect: Gameplay (0.0% negative)
Thronebreaker: The Witcher Tales,Common positive theme: Witcher Tales
Thronefall,Most discussed aspect: Gameplay (4 reviews)
Thronefall,Strongest aspect: Gameplay (100.0% positive)
Thronefall,Most criticized aspect: Gameplay (0.0% negative)
Thronefall,Common positive theme: Thronefall
Thumper,Most discussed aspect: Music & Sound (18 reviews)
Thumper,Strongest aspect: Gameplay (100.0% positive)
Thumper,Most criticized aspect: Gameplay (0.0% negative)
Thumper,Common positive theme: Thumper
Thumper (VR),Most discussed aspect: Gameplay (2 reviews)
Thumper (VR),Strongest aspect: Gameplay (100.0% positive)
Thumper (VR),Most criticized aspect: Gameplay (0.0% negative)
Thumper (VR),Common positive theme: nuanced high score-chasing
Timberborn,Most discussed aspect: Gameplay (6 reviews)
Timberborn,Strongest aspect: Story (100.0% positive)
Timberborn,Most criticized aspect: Gameplay (0.0% negative)
Timberborn,Common positive theme: Timberborn biggest issue
Time Flies,Most discussed aspect: Gameplay (8 reviews)
Time Flies,Strongest aspect: Story (100.0% positive)
Time Flies,Most criticized aspect: Music & Sound (50.0% negative)
Time Flies,Common positive theme: Time Flies
Time Flies,Common negative theme: Visually speaking
Timemelters,Most discussed aspect: Gameplay (1 reviews)
Timemelters,Strongest aspect: Gameplay (100.0% positive)
Timemelters,Most criticized aspect: Gameplay (0.0% negative)
Timemelters,Common positive theme: spiritual sequel powered
Tiny Bookshop,Most discussed aspect: Gameplay (13 reviews)
Tiny Bookshop,Strongest aspect: Difficulty (100.0% positive)
Tiny Bookshop,Most criticized aspect: Gameplay (0.0% negative)
Tiny Bookshop,Common positive theme: Tiny Bookshop
Tiny Terry's Turbo Trip,Most discussed aspect: Gameplay (9 reviews)
Tiny Terry's Turbo Trip,Strongest aspect: Story (80.0% positive)
Tiny Terry's Turbo Trip,Most criticized aspect: Gameplay (0.0% negative)
Tiny Terry's Turbo Trip,Common positive theme: Terry Turbo Trip
Tinykin,Most discussed aspect: Gameplay (27 reviews)
Tinykin,Strongest aspect: Story (100.0% positive)
Tinykin,Most criticized aspect: Gameplay (0.0% negative)
Tinykin,Common positive theme: Tinykin
Titanfall,Most discussed aspect: Gameplay (17 reviews)
Titanfall,Strongest aspect: Graphics (100.0% positive)
Titanfall,Most criticized aspect: Gameplay (0.0% negative)
Titanfall,Common positive theme: Titanfall
Titanfall 2,Most discussed aspect: Gameplay (29 reviews)
Titanfall 2,Strongest aspect: Graphics (100.0% positive)
Titanfall 2,Most criticized aspect: Gameplay (0.0% negative)
Titanfall 2,Common positive theme: Titanfall
Titanium Court,Most discussed aspect: Gameplay (3 reviews)
Titanium Court,Strongest aspect: Gameplay (100.0% positive)
Titanium Court,Most criticized aspect: Gameplay (0.0% negative)
Titanium Court,Common positive theme: Titanium Court
To The Moon,Most discussed aspect: Story (9 reviews)
To The Moon,Strongest aspect: Gameplay (100.0% positive)
To The Moon,Most criticized aspect: Gameplay (0.0% negative)
To The Moon,Common positive theme: Moon
Toki Tori,Most discussed aspect: Level Design (5 reviews)
Toki Tori,Strongest aspect: Gameplay (100.0% positive)
Toki Tori,Most criticized aspect: Gameplay (0.0% negative)
Toki Tori,Common positive theme: Toki Tori
Toki Tori 2+,Most discussed aspect: Gameplay (6 reviews)
Toki Tori 2+,Strongest aspect: Difficulty (100.0% positive)
Toki Tori 2+,Most criticized aspect: Gameplay (0.0% negative)
Toki Tori 2+,Common positive theme: Toki Tori
Tokyo Mirage Sessions #FE,Most discussed aspect: Gameplay (13 reviews)
Tokyo Mirage Sessions #FE,Strongest aspect: Graphics (100.0% positive)
Tokyo Mirage Sessions #FE,Most criticized aspect: Gameplay (0.0% negative)
Tokyo Mirage Sessions #FE,Common positive theme: Tokyo Mirage Sessions
Tokyo Mirage Sessions #FE Encore,Most discussed aspect: Story (15 reviews)
Tokyo Mirage Sessions #FE Encore,Strongest aspect: Graphics (100.0% positive)
Tokyo Mirage Sessions #FE Encore,Most criticized aspect: Gameplay (8.3% negative)
Tokyo Mirage Sessions #FE Encore,Common positive theme: Tokyo Mirage Sessions
Tokyo Mirage Sessions #FE Encore,Common negative theme: classic Fire Emblem
Tom Clancy's The Division 2,Most discussed aspect: Replayability (41 reviews)
Tom Clancy's The Division 2,Strongest aspect: Graphics (100.0% positive)
Tom Clancy's The Division 2,Most criticized aspect: Gameplay (0.0% negative)
Tom Clancy's The Division 2,Common positive theme: Division
Tom Clancy's The Division 2: Battle for Brooklyn,Most discussed aspect: Story (3 reviews)
Tom Clancy's The Division 2: Battle for Brooklyn,Strongest aspect: Gameplay (100.0% positive)
Tom Clancy's The Division 2: Battle for Brooklyn,Most criticized aspect: Gameplay (0.0% negative)
Tom Clancy's The Division 2: Battle for Brooklyn,Common positive theme: Tom Clancy
Tomb Raider,Most discussed aspect: Graphics (12 reviews)
Tomb Raider,Strongest aspect: Gameplay (100.0% positive)
Tomb Raider,Most criticized aspect: Gameplay (0.0% negative)
Tomb Raider,Common positive theme: Tomb Raider
Tombwater,Most discussed aspect: Gameplay (6 reviews)
Tombwater,Strongest aspect: Gameplay (100.0% positive)
Tombwater,Most criticized aspect: Gameplay (0.0% negative)
Tombwater,Common positive theme: Tombwater
Tony Hawk's Pro Skater 1 + 2,Most discussed aspect: Gameplay (45 reviews)
Tony Hawk's Pro Skater 1 + 2,Strongest aspect: Story (100.0% positive)
Tony Hawk's Pro Skater 1 + 2,Most criticized aspect: Gameplay (0.0% negative)
Tony Hawk's Pro Skater 1 + 2,Common positive theme: Hawk Pro Skater
Tony Hawk's Pro Skater 3 + 4,Most discussed aspect: Gameplay (52 reviews)
Tony Hawk's Pro Skater 3 + 4,Strongest aspect: Story (100.0% positive)
Tony Hawk's Pro Skater 3 + 4,Most criticized aspect: Characters (25.0% negative)
Tony Hawk's Pro Skater 3 + 4,Common positive theme: Hawk Pro Skater
Tony Hawk's Pro Skater 3 + 4,Common negative theme: Hawk Pro Skate
Toodee and Topdee,Most discussed aspect: Gameplay (7 reviews)
Toodee and Topdee,Strongest aspect: Graphics (100.0% positive)
Toodee and Topdee,Most criticized aspect: Gameplay (0.0% negative)
Toodee and Topdee,Common positive theme: Toodee and Topdee
Torchlight II,Most discussed aspect: Gameplay (11 reviews)
Torchlight II,Strongest aspect: Story (100.0% positive)
Torchlight II,Most criticized aspect: Gameplay (0.0% negative)
Torchlight II,Common positive theme: Torchlight
Torment: Tides of Numenera,Most discussed aspect: Story (46 reviews)
Torment: Tides of Numenera,Strongest aspect: Level Design (100.0% positive)
Torment: Tides of Numenera,Most criticized aspect: Difficulty (14.3% negative)
Torment: Tides of Numenera,Common positive theme: Tides of Numenera
Torment: Tides of Numenera,Common negative theme: Tides of Numenera
Tormentor X Punisher,Most discussed aspect: Difficulty (2 reviews)
Tormentor X Punisher,Strongest aspect: Gameplay (100.0% positive)
Tormentor X Punisher,Most criticized aspect: Gameplay (0.0% negative)
Tormentor X Punisher,Common positive theme: occasionally unfair
Tormenture,Most discussed aspect: Gameplay (1 reviews)
Tormenture,Strongest aspect: Gameplay (0.0% positive)
Tormenture,Most criticized aspect: Gameplay (0.0% negative)
Tormenture,Common positive theme: loving tribute
Torn Away,Most discussed aspect: Story (11 reviews)
Torn Away,Strongest aspect: Characters (100.0% positive)
Torn Away,Most criticized aspect: Difficulty (33.3% negative)
Torn Away,Common positive theme: generate deep emotions
Torn Away,Common negative theme: Torn Away blunders
Total War: THREE KINGDOMS,Most discussed aspect: Characters (10 reviews)
Total War: THREE KINGDOMS,Strongest aspect: Gameplay (100.0% positive)
Total War: THREE KINGDOMS,Most criticized aspect: Gameplay (0.0% negative)
Total War: THREE KINGDOMS,Common positive theme: Total War
Total War: Three Kingdoms - A World Betrayed,Most discussed aspect: Gameplay (2 reviews)
Total War: Three Kingdoms - A World Betrayed,Strongest aspect: Gameplay (100.0% positive)
Total War: Three Kingdoms - A World Betrayed,Most criticized aspect: Gameplay (0.0% negative)
Total War: Three Kingdoms - A World Betrayed,Common positive theme: World Betrayed
Total War: WARHAMMER II - Curse of the Vampire Coast,Most discussed aspect: Gameplay (3 reviews)
Total War: WARHAMMER II - Curse of the Vampire Coast,Strongest aspect: Gameplay (100.0% positive)
Total War: WARHAMMER II - Curse of the Vampire Coast,Most criticized aspect: Gameplay (0.0% negative)
Total War: WARHAMMER II - Curse of the Vampire Coast,Common positive theme: Total War
Total War: Warhammer,Most discussed aspect: Gameplay (10 reviews)
Total War: Warhammer,Strongest aspect: Gameplay (100.0% positive)
Total War: Warhammer,Most criticized aspect: Gameplay (0.0% negative)
Total War: Warhammer,Common positive theme: Total War
Total War: Warhammer - The King And The Warlord,Most discussed aspect: Gameplay (1 reviews)
Total War: Warhammer - The King And The Warlord,Strongest aspect: Replayability (100.0% positive)
Total War: Warhammer - The King And The Warlord,Most criticized aspect: Gameplay (0.0% negative)
Total War: Warhammer - The King And The Warlord,Common positive theme: Creative Assembly continue
Total War: Warhammer 2 - Rise of the Tomb Kings,Most discussed aspect: Gameplay (2 reviews)
Total War: Warhammer 2 - Rise of the Tomb Kings,Strongest aspect: Gameplay (100.0% positive)
Total War: Warhammer 2 - Rise of the Tomb Kings,Most criticized aspect: Gameplay (0.0% negative)
Total War: Warhammer 2 - Rise of the Tomb Kings,Common positive theme: Tomb Kings
Total War: Warhammer 3 Thrones of Decay,Most discussed aspect: Replayability (3 reviews)
Total War: Warhammer 3 Thrones of Decay,Strongest aspect: Replayability (100.0% positive)
Total War: Warhammer 3 Thrones of Decay,Most criticized aspect: Gameplay (0.0% negative)
Total War: Warhammer 3 Thrones of Decay,Common positive theme: Total War
Total War: Warhammer II,Most discussed aspect: Gameplay (7 reviews)
Total War: Warhammer II,Strongest aspect: Characters (100.0% positive)
Total War: Warhammer II,Most criticized aspect: Gameplay (0.0% negative)
Total War: Warhammer II,Common positive theme: Total War Warhammer
Total War: Warhammer III,Most discussed aspect: Gameplay (24 reviews)
Total War: Warhammer III,Strongest aspect: Characters (100.0% positive)
Total War: Warhammer III,Most criticized aspect: Gameplay (0.0% negative)
Total War: Warhammer III,Common positive theme: Total War
Total War: Warhammer III - Forge of the Chaos Dwarfs,Most discussed aspect: Gameplay (4 reviews)
Total War: Warhammer III - Forge of the Chaos Dwarfs,Strongest aspect: Gameplay (100.0% positive)
Total War: Warhammer III - Forge of the Chaos Dwarfs,Most criticized aspect: Gameplay (0.0% negative)
Total War: Warhammer III - Forge of the Chaos Dwarfs,Common positive theme: Immortal Empires game
TowerFall,Most discussed aspect: Characters (1 reviews)
TowerFall,Strongest aspect: Characters (100.0% positive)
TowerFall,Most criticized aspect: Characters (0.0% negative)
TowerFall,Common positive theme: endlessly replayable experience
TowerFall Ascension,Most discussed aspect: Difficulty (7 reviews)
TowerFall Ascension,Strongest aspect: Graphics (100.0% positive)
TowerFall Ascension,Most criticized aspect: Gameplay (0.0% negative)
TowerFall Ascension,Common positive theme: TowerFall Ascension
Traffix,Most discussed aspect: Level Design (2 reviews)
Traffix,Strongest aspect: Gameplay (100.0% positive)
Traffix,Most criticized aspect: Gameplay (0.0% negative)
Traffix,Common positive theme: bright colors
Trails in the Sky 1st Chapter,Most discussed aspect: Gameplay (30 reviews)
Trails in the Sky 1st Chapter,Strongest aspect: Graphics (100.0% positive)
Trails in the Sky 1st Chapter,Most criticized aspect: Gameplay (0.0% negative)
Trails in the Sky 1st Chapter,Common positive theme: Trails
Transistor,Most discussed aspect: Gameplay (42 reviews)
Transistor,Strongest aspect: Graphics (100.0% positive)
Transistor,Most criticized aspect: Story (2.7% negative)
Transistor,Common positive theme: Transistor
Transistor,Common negative theme: shallow gameplay
Transport Fever,Most discussed aspect: Replayability (1 reviews)
Transport Fever,Strongest aspect: Replayability (100.0% positive)
Transport Fever,Most criticized aspect: Replayability (0.0% negative)
Transport Fever,Common positive theme: Transport Fever
Trials of Fire,Most discussed aspect: Gameplay (4 reviews)
Trials of Fire,Strongest aspect: Gameplay (100.0% positive)
Trials of Fire,Most criticized aspect: Gameplay (0.0% negative)
Trials of Fire,Common positive theme: Trials of Fire
Triangle Strategy,Most discussed aspect: Story (86 reviews)
Triangle Strategy,Strongest aspect: Replayability (92.9% positive)
Triangle Strategy,Most criticized aspect: Gameplay (0.0% negative)
Triangle Strategy,Common positive theme: Triangle Strategy
Trine 2: Complete Story,Most discussed aspect: Story (8 reviews)
Trine 2: Complete Story,Strongest aspect: Gameplay (100.0% positive)
Trine 2: Complete Story,Most criticized aspect: Gameplay (0.0% negative)
Trine 2: Complete Story,Common positive theme: Complete Story
Trine: Enchanted Edition,Most discussed aspect: Gameplay (6 reviews)
Trine: Enchanted Edition,Strongest aspect: Story (100.0% positive)
Trine: Enchanted Edition,Most criticized aspect: Gameplay (0.0% negative)
Trine: Enchanted Edition,Common positive theme: Trine Enchanted Edition
Trombone Champ: Unflattened,Most discussed aspect: Music & Sound (2 reviews)
Trombone Champ: Unflattened,Strongest aspect: Music & Sound (100.0% positive)
Trombone Champ: Unflattened,Most criticized aspect: Music & Sound (0.0% negative)
Trombone Champ: Unflattened,Common positive theme: Trombone Champ
Tsukihime -A piece of blue glass moon-,Most discussed aspect: Graphics (13 reviews)
Tsukihime -A piece of blue glass moon-,Strongest aspect: Story (100.0% positive)
Tsukihime -A piece of blue glass moon-,Most criticized aspect: Story (0.0% negative)
Tsukihime -A piece of blue glass moon-,Common positive theme: blue glass moon
Tumblestone,Most discussed aspect: Replayability (5 reviews)
Tumblestone,Strongest aspect: Gameplay (100.0% positive)
Tumblestone,Most criticized aspect: Gameplay (0.0% negative)
Tumblestone,Common positive theme: Tumblestone
Tunic,Most discussed aspect: Gameplay (38 reviews)
Tunic,Strongest aspect: Characters (100.0% positive)
Tunic,Most criticized aspect: Gameplay (0.0% negative)
Tunic,Common positive theme: Tunic
Turbo Kid,Most discussed aspect: Gameplay (3 reviews)
Turbo Kid,Strongest aspect: Graphics (100.0% positive)
Turbo Kid,Most criticized aspect: Gameplay (0.0% negative)
Turbo Kid,Common positive theme: Turbo Kid
Turbo Overkill,Most discussed aspect: Performance (9 reviews)
Turbo Overkill,Strongest aspect: Replayability (100.0% positive)
Turbo Overkill,Most criticized aspect: Music & Sound (50.0% negative)
Turbo Overkill,Common positive theme: Turbo Overkill
Turbo Overkill,Common negative theme: Turbo Overkill
Two Point Campus,Most discussed aspect: Gameplay (16 reviews)
Two Point Campus,Strongest aspect: Story (100.0% positive)
Two Point Campus,Most criticized aspect: Gameplay (0.0% negative)
Two Point Campus,Common positive theme: Point Campus
Two Point Campus: Space Academy,Most discussed aspect: Level Design (3 reviews)
Two Point Campus: Space Academy,Strongest aspect: Gameplay (100.0% positive)
Two Point Campus: Space Academy,Most criticized aspect: Gameplay (0.0% negative)
Two Point Campus: Space Academy,Common positive theme: Point Campus
Two Point Hospital,Most discussed aspect: Gameplay (29 reviews)
Two Point Hospital,Strongest aspect: Characters (100.0% positive)
Two Point Hospital,Most criticized aspect: Gameplay (0.0% negative)
Two Point Hospital,Common positive theme: Point Hospital
Two Point Museum,Most discussed aspect: Gameplay (45 reviews)
Two Point Museum,Strongest aspect: Music & Sound (100.0% positive)
Two Point Museum,Most criticized aspect: Gameplay (0.0% negative)
Two Point Museum,Common positive theme: Point Museum
Two Point Museum: Fantasy Finds,Most discussed aspect: Gameplay (2 reviews)
Two Point Museum: Fantasy Finds,Strongest aspect: Gameplay (100.0% positive)
Two Point Museum: Fantasy Finds,Most criticized aspect: Gameplay (0.0% negative)
Two Point Museum: Fantasy Finds,Common positive theme: Scorched Earth expedition
Tyranny,Most discussed aspect: Story (20 reviews)
Tyranny,Strongest aspect: Characters (100.0% positive)
Tyranny,Most criticized aspect: Gameplay (6.2% negative)
Tyranny,Common positive theme: Tyranny
Tyranny,Common negative theme: Hamlet of videogames
UFO 50,Most discussed aspect: Level Design (3 reviews)
UFO 50,Strongest aspect: Gameplay (100.0% positive)
UFO 50,Most criticized aspect: Gameplay (0.0% negative)
UFO 50,Common positive theme: UFO
UNDER NIGHT IN-BIRTH Exe:Late,Most discussed aspect: Gameplay (2 reviews)
UNDER NIGHT IN-BIRTH Exe:Late,Strongest aspect: Gameplay (100.0% positive)
UNDER NIGHT IN-BIRTH Exe:Late,Most criticized aspect: Gameplay (0.0% negative)
UNDER NIGHT IN-BIRTH Exe:Late,Common positive theme: Night In-Birth Exe
UNDER NIGHT IN-BIRTH Exe:Late[cl-r],Most discussed aspect: Characters (10 reviews)
UNDER NIGHT IN-BIRTH Exe:Late[cl-r],Strongest aspect: Music & Sound (100.0% positive)
UNDER NIGHT IN-BIRTH Exe:Late[cl-r],Most criticized aspect: Gameplay (0.0% negative)
UNDER NIGHT IN-BIRTH Exe:Late[cl-r],Common positive theme: Night In-Birth Exe
UNDER NIGHT IN-BIRTH II SYS:CELES,Most discussed aspect: Gameplay (12 reviews)
UNDER NIGHT IN-BIRTH II SYS:CELES,Strongest aspect: Music & Sound (100.0% positive)
UNDER NIGHT IN-BIRTH II SYS:CELES,Most criticized aspect: Gameplay (0.0% negative)
UNDER NIGHT IN-BIRTH II SYS:CELES,Common positive theme: Night In-Birth
Ugly,Most discussed aspect: Story (6 reviews)
Ugly,Strongest aspect: Gameplay (100.0% positive)
Ugly,Most criticized aspect: Gameplay (0.0% negative)
Ugly,Common positive theme: Ugly
Ultrawings 2,Most discussed aspect: Replayability (1 reviews)
Ultrawings 2,Strongest aspect: Replayability (100.0% positive)
Ultrawings 2,Most criticized aspect: Replayability (0.0% negative)
Ultrawings 2,Common positive theme: authentic flying
Umurangi Generation,Most discussed aspect: Story (6 reviews)
Umurangi Generation,Strongest aspect: Characters (100.0% positive)
Umurangi Generation,Most criticized aspect: Graphics (100.0% negative)
Umurangi Generation,Common positive theme: Umurangi Generation
Umurangi Generation,Common negative theme: Special Edition make
UnMetal,Most discussed aspect: Gameplay (10 reviews)
UnMetal,Strongest aspect: Music & Sound (100.0% positive)
UnMetal,Most criticized aspect: Gameplay (0.0% negative)
UnMetal,Common positive theme: Metal Gear
Unavowed,Most discussed aspect: Story (8 reviews)
Unavowed,Strongest aspect: Graphics (100.0% positive)
Unavowed,Most criticized aspect: Gameplay (0.0% negative)
Unavowed,Common positive theme: Unavowed
Uncharted 4: A Thief's End,Most discussed aspect: Story (35 reviews)
Uncharted 4: A Thief's End,Strongest aspect: Level Design (100.0% positive)
Uncharted 4: A Thief's End,Most criticized aspect: Gameplay (0.0% negative)
Uncharted 4: A Thief's End,Common positive theme: Thief End
Uncharted: Legacy of Thieves Collection,Most discussed aspect: Graphics (27 reviews)
Uncharted: Legacy of Thieves Collection,Strongest aspect: Level Design (100.0% positive)
Uncharted: Legacy of Thieves Collection,Most criticized aspect: Gameplay (0.0% negative)
Uncharted: Legacy of Thieves Collection,Common positive theme: Thieves Collection
Uncharted: The Lost Legacy,Most discussed aspect: Story (33 reviews)
Uncharted: The Lost Legacy,Strongest aspect: Difficulty (100.0% positive)
Uncharted: The Lost Legacy,Most criticized aspect: Gameplay (0.0% negative)
Uncharted: The Lost Legacy,Common positive theme: Lost Legacy
Uncharted: The Nathan Drake Collection,Most discussed aspect: Graphics (7 reviews)
Uncharted: The Nathan Drake Collection,Strongest aspect: Gameplay (100.0% positive)
Uncharted: The Nathan Drake Collection,Most criticized aspect: Gameplay (0.0% negative)
Uncharted: The Nathan Drake Collection,Common positive theme: Nathan Drake Collection
Under Defeat,Most discussed aspect: Music & Sound (3 reviews)
Under Defeat,Strongest aspect: Graphics (100.0% positive)
Under Defeat,Most criticized aspect: Gameplay (0.0% negative)
Under Defeat,Common positive theme: gunship-themed video games
Under the Island,Most discussed aspect: Gameplay (18 reviews)
Under the Island,Strongest aspect: Characters (100.0% positive)
Under the Island,Most criticized aspect: Graphics (33.3% negative)
Under the Island,Common positive theme: Island
Under the Island,Common negative theme: graphics or writing
Undernauts: Labyrinth of Yomi,Most discussed aspect: Story (4 reviews)
Undernauts: Labyrinth of Yomi,Strongest aspect: Gameplay (100.0% positive)
Undernauts: Labyrinth of Yomi,Most criticized aspect: Gameplay (0.0% negative)
Undernauts: Labyrinth of Yomi,Common positive theme: Labyrinth of Yomi
Undertale,Most discussed aspect: Gameplay (19 reviews)
Undertale,Strongest aspect: Graphics (100.0% positive)
Undertale,Most criticized aspect: Gameplay (0.0% negative)
Undertale,Common positive theme: Undertale
Undusted: Letters from the Past,Most discussed aspect: Gameplay (6 reviews)
Undusted: Letters from the Past,Strongest aspect: Gameplay (100.0% positive)
Undusted: Letters from the Past,Most criticized aspect: Gameplay (0.0% negative)
Undusted: Letters from the Past,Common positive theme: Letters
Unicorn Overlord,Most discussed aspect: Gameplay (41 reviews)
Unicorn Overlord,Strongest aspect: Characters (100.0% positive)
Unicorn Overlord,Most criticized aspect: Gameplay (0.0% negative)
Unicorn Overlord,Common positive theme: Unicorn Overlord
Unity of Command 2,Most discussed aspect: Difficulty (1 reviews)
Unity of Command 2,Strongest aspect: Difficulty (100.0% positive)
Unity of Command 2,Most criticized aspect: Difficulty (0.0% negative)
Unity of Command 2,Common positive theme: Unity of Command
Unpacking,Most discussed aspect: Story (22 reviews)
Unpacking,Strongest aspect: Characters (100.0% positive)
Unpacking,Most criticized aspect: Gameplay (0.0% negative)
Unpacking,Common positive theme: Unpacking
Unravel Two,Most discussed aspect: Gameplay (28 reviews)
Unravel Two,Strongest aspect: Music & Sound (100.0% positive)
Unravel Two,Most criticized aspect: Gameplay (0.0% negative)
Unravel Two,Common positive theme: Unravel
Unsighted,Most discussed aspect: Gameplay (13 reviews)
Unsighted,Strongest aspect: Story (100.0% positive)
Unsighted,Most criticized aspect: Gameplay (0.0% negative)
Unsighted,Common positive theme: Unsighted
Unsouled,Most discussed aspect: Gameplay (3 reviews)
Unsouled,Strongest aspect: Story (100.0% positive)
Unsouled,Most criticized aspect: Gameplay (0.0% negative)
Unsouled,Common positive theme: game
Until Then,Most discussed aspect: Story (24 reviews)
Until Then,Strongest aspect: Characters (100.0% positive)
Until Then,Most criticized aspect: Graphics (8.3% negative)
Until Then,Common positive theme: game
Until Then,Common negative theme: poorly delivered drama
Until You Fall,Most discussed aspect: Gameplay (7 reviews)
Until You Fall,Strongest aspect: Gameplay (100.0% positive)
Until You Fall,Most criticized aspect: Gameplay (0.0% negative)
Until You Fall,Common positive theme: Fall
Untitled Goose Game,Most discussed aspect: Gameplay (7 reviews)
Untitled Goose Game,Strongest aspect: Story (100.0% positive)
Untitled Goose Game,Most criticized aspect: Gameplay (0.0% negative)
Untitled Goose Game,Common positive theme: Untitled Goose Game
Untitled Goose Game,Common negative theme: Untitled Goose Game
V Rising,Most discussed aspect: Gameplay (40 reviews)
V Rising,Strongest aspect: Story (100.0% positive)
V Rising,Most criticized aspect: Gameplay (0.0% negative)
V Rising,Common positive theme: Rising
VA-11 Hall-A: Cyberpunk Bartender Action,Most discussed aspect: Graphics (23 reviews)
VA-11 Hall-A: Cyberpunk Bartender Action,Strongest aspect: Graphics (100.0% positive)
VA-11 Hall-A: Cyberpunk Bartender Action,Most criticized aspect: Gameplay (0.0% negative)
VA-11 Hall-A: Cyberpunk Bartender Action,Common positive theme: Cyberpunk Bartender Action
VVVVVV,Most discussed aspect: Level Design (2 reviews)
VVVVVV,Strongest aspect: Gameplay (100.0% positive)
VVVVVV,Most criticized aspect: Gameplay (0.0% negative)
VVVVVV,Common positive theme: Nintendo Switch
Vacation Simulator,Most discussed aspect: Gameplay (2 reviews)
Vacation Simulator,Strongest aspect: Gameplay (100.0% positive)
Vacation Simulator,Most criticized aspect: Gameplay (0.0% negative)
Vacation Simulator,Common positive theme: Owlchemy Labs game
Valfaris,Most discussed aspect: Difficulty (16 reviews)
Valfaris,Strongest aspect: Story (100.0% positive)
Valfaris,Most criticized aspect: Gameplay (0.0% negative)
Valfaris,Common positive theme: Valfaris
Valfaris: Mecha Therion,Most discussed aspect: Music & Sound (4 reviews)
Valfaris: Mecha Therion,Strongest aspect: Gameplay (100.0% positive)
Valfaris: Mecha Therion,Most criticized aspect: Gameplay (0.0% negative)
Valfaris: Mecha Therion,Common positive theme: Mecha Therion
Valheim,Most discussed aspect: Difficulty (5 reviews)
Valheim,Strongest aspect: Graphics (100.0% positive)
Valheim,Most criticized aspect: Graphics (0.0% negative)
Valheim,Common positive theme: Valheim
Valkyria Chronicles,Most discussed aspect: Gameplay (10 reviews)
Valkyria Chronicles,Strongest aspect: Graphics (100.0% positive)
Valkyria Chronicles,Most criticized aspect: Gameplay (0.0% negative)
Valkyria Chronicles,Common positive theme: Valkyria Chronicles
Valkyria Chronicles 4,Most discussed aspect: Gameplay (33 reviews)
Valkyria Chronicles 4,Strongest aspect: Level Design (100.0% positive)
Valkyria Chronicles 4,Most criticized aspect: Performance (50.0% negative)
Valkyria Chronicles 4,Common positive theme: Valkyria Chronicles
Valkyria Chronicles 4,Common negative theme: embrace its past
Valkyria Chronicles Remastered,Most discussed aspect: Gameplay (12 reviews)
Valkyria Chronicles Remastered,Strongest aspect: Performance (100.0% positive)
Valkyria Chronicles Remastered,Most criticized aspect: Gameplay (0.0% negative)
Valkyria Chronicles Remastered,Common positive theme: Valkyria Chronicles Remastered
Valkyrie Profile: Lenneth,Most discussed aspect: Gameplay (4 reviews)
Valkyrie Profile: Lenneth,Strongest aspect: Difficulty (66.7% positive)
Valkyrie Profile: Lenneth,Most criticized aspect: Gameplay (0.0% negative)
Valkyrie Profile: Lenneth,Common positive theme: Valkyrie Profile
Valorant,Most discussed aspect: Performance (14 reviews)
Valorant,Strongest aspect: Story (100.0% positive)
Valorant,Most criticized aspect: Gameplay (0.0% negative)
Valorant,Common positive theme: Valorant
Vampire Crawlers: The Turbo Wildcard from Vampire Survivors,Most discussed aspect: Gameplay (18 reviews)
Vampire Crawlers: The Turbo Wildcard from Vampire Survivors,Strongest aspect: Graphics (100.0% positive)
Vampire Crawlers: The Turbo Wildcard from Vampire Survivors,Most criticized aspect: Gameplay (0.0% negative)
Vampire Crawlers: The Turbo Wildcard from Vampire Survivors,Common positive theme: Vampire Crawlers
Vampire Crawlers: The Turbo Wildcard from Vampire Survivors,Common negative theme: Vampire Crawlers repetitive
Vampire Survivors,Most discussed aspect: Gameplay (9 reviews)
Vampire Survivors,Strongest aspect: Gameplay (100.0% positive)
Vampire Survivors,Most criticized aspect: Gameplay (0.0% negative)
Vampire Survivors,Common positive theme: Vampire Survivors
Vampire Survivors: Ode to Castlevania,Most discussed aspect: Characters (6 reviews)
Vampire Survivors: Ode to Castlevania,Strongest aspect: Gameplay (100.0% positive)
Vampire Survivors: Ode to Castlevania,Most criticized aspect: Gameplay (0.0% negative)
Vampire Survivors: Ode to Castlevania,Common positive theme: Ode to Castlevania
Vampire Survivors: Operation Guns,Most discussed aspect: Characters (2 reviews)
Vampire Survivors: Operation Guns,Strongest aspect: Characters (100.0% positive)
Vampire Survivors: Operation Guns,Most criticized aspect: Characters (0.0% negative)
Vampire Survivors: Operation Guns,Common positive theme: Operation Guns brings
Variable Barricade,Most discussed aspect: Characters (6 reviews)
Variable Barricade,Strongest aspect: Gameplay (100.0% positive)
Variable Barricade,Most criticized aspect: Gameplay (0.0% negative)
Variable Barricade,Common positive theme: Variable Barricade
Velocity 2X,Most discussed aspect: Gameplay (20 reviews)
Velocity 2X,Strongest aspect: Graphics (100.0% positive)
Velocity 2X,Most criticized aspect: Gameplay (5.0% negative)
Velocity 2X,Common positive theme: Velocity
Velocity 2X,Common negative theme: deserves merit
Venba,Most discussed aspect: Story (34 reviews)
Venba,Strongest aspect: Graphics (100.0% positive)
Venba,Most criticized aspect: Gameplay (0.0% negative)
Venba,Common positive theme: Venba
Vernal Edge,Most discussed aspect: Gameplay (5 reviews)
Vernal Edge,Strongest aspect: Story (100.0% positive)
Vernal Edge,Most criticized aspect: Gameplay (0.0% negative)
Vernal Edge,Common positive theme: gorgeous pixel art
Victoria 3,Most discussed aspect: Gameplay (5 reviews)
Victoria 3,Strongest aspect: Story (100.0% positive)
Victoria 3,Most criticized aspect: Gameplay (0.0% negative)
Victoria 3,Common positive theme: Victoria
Videoball,Most discussed aspect: Gameplay (1 reviews)
Videoball,Strongest aspect: Gameplay (100.0% positive)
Videoball,Most criticized aspect: Gameplay (0.0% negative)
Videoball,Common positive theme: Action Button Entertainment
Videoverse,Most discussed aspect: Story (7 reviews)
Videoverse,Strongest aspect: Graphics (100.0% positive)
Videoverse,Most criticized aspect: Gameplay (0.0% negative)
Videoverse,Common positive theme: Videoverse
Viewfinder,Most discussed aspect: Gameplay (25 reviews)
Viewfinder,Strongest aspect: Characters (100.0% positive)
Viewfinder,Most criticized aspect: Gameplay (0.0% negative)
Viewfinder,Common positive theme: Viewfinder
Virtua Fighter 5 R.E.V.O. World Stage,Most discussed aspect: Replayability (8 reviews)
Virtua Fighter 5 R.E.V.O. World Stage,Strongest aspect: Characters (100.0% positive)
Virtua Fighter 5 R.E.V.O. World Stage,Most criticized aspect: Gameplay (0.0% negative)
Virtua Fighter 5 R.E.V.O. World Stage,Common positive theme: Virtua Fighter
Voez,Most discussed aspect: Music & Sound (8 reviews)
Voez,Strongest aspect: Gameplay (100.0% positive)
Voez,Most criticized aspect: Gameplay (0.0% negative)
Voez,Common positive theme: Nintendo Switch
Void Bastards,Most discussed aspect: Gameplay (16 reviews)
Void Bastards,Strongest aspect: Characters (100.0% positive)
Void Bastards,Most criticized aspect: Replayability (33.3% negative)
Void Bastards,Common positive theme: Void Bastards
Void Bastards,Common negative theme: Void bastards
Volgarr the Viking,Most discussed aspect: Gameplay (2 reviews)
Volgarr the Viking,Strongest aspect: Level Design (100.0% positive)
Volgarr the Viking,Most criticized aspect: Gameplay (0.0% negative)
Volgarr the Viking,Common positive theme: Volgarr the Viking
Vultures - Scavengers of Death,Most discussed aspect: Gameplay (6 reviews)
Vultures - Scavengers of Death,Strongest aspect: Story (100.0% positive)
Vultures - Scavengers of Death,Most criticized aspect: Gameplay (0.0% negative)
Vultures - Scavengers of Death,Common positive theme: Death masterfully brings
WWE 2K23,Most discussed aspect: Gameplay (20 reviews)
WWE 2K23,Strongest aspect: Level Design (100.0% positive)
WWE 2K23,Most criticized aspect: Gameplay (5.0% negative)
WWE 2K23,Common positive theme: WWE
WWE 2K23,Common negative theme: create five-star classic
WWE 2K24,Most discussed aspect: Gameplay (26 reviews)
WWE 2K24,Strongest aspect: Story (100.0% positive)
WWE 2K24,Most criticized aspect: Gameplay (0.0% negative)
WWE 2K24,Common positive theme: WWE
WWE 2K25,Most discussed aspect: Gameplay (27 reviews)
WWE 2K25,Strongest aspect: Graphics (80.0% positive)
WWE 2K25,Most criticized aspect: Gameplay (0.0% negative)
WWE 2K25,Common positive theme: WWE
Walkabout Mini Golf,Most discussed aspect: Gameplay (4 reviews)
Walkabout Mini Golf,Strongest aspect: Gameplay (100.0% positive)
Walkabout Mini Golf,Most criticized aspect: Gameplay (0.0% negative)
Walkabout Mini Golf,Common positive theme: Walkabout Mini Golf
Wanderer,Most discussed aspect: Gameplay (3 reviews)
Wanderer,Strongest aspect: Level Design (100.0% positive)
Wanderer,Most criticized aspect: Gameplay (0.0% negative)
Wanderer,Common positive theme: true treat
Wandersong,Most discussed aspect: Story (15 reviews)
Wandersong,Strongest aspect: Graphics (100.0% positive)
Wandersong,Most criticized aspect: Gameplay (0.0% negative)
Wandersong,Common positive theme: Wandersong
Wanderstop,Most discussed aspect: Story (29 reviews)
Wanderstop,Strongest aspect: Music & Sound (100.0% positive)
Wanderstop,Most criticized aspect: Gameplay (0.0% negative)
Wanderstop,Common positive theme: Wanderstop
Wargroove,Most discussed aspect: Replayability (23 reviews)
Wargroove,Strongest aspect: Replayability (91.3% positive)
Wargroove,Most criticized aspect: Gameplay (0.0% negative)
Wargroove,Common positive theme: Advance Wars
Wargroove 2,Most discussed aspect: Gameplay (9 reviews)
Wargroove 2,Strongest aspect: Characters (100.0% positive)
Wargroove 2,Most criticized aspect: Gameplay (0.0% negative)
Wargroove 2,Common positive theme: Advance Wars
Wargroove: Double Trouble,Most discussed aspect: Gameplay (1 reviews)
Wargroove: Double Trouble,Strongest aspect: Gameplay (100.0% positive)
Wargroove: Double Trouble,Most criticized aspect: Gameplay (0.0% negative)
Wargroove: Double Trouble,Common positive theme: Double Trouble
"Warhammer 40,000: Rogue Trader - Void Shadows",Most discussed aspect: Replayability (2 reviews)
"Warhammer 40,000: Rogue Trader - Void Shadows",Strongest aspect: Story (100.0% positive)
"Warhammer 40,000: Rogue Trader - Void Shadows",Most criticized aspect: Story (0.0% negative)
"Warhammer 40,000: Rogue Trader - Void Shadows",Common positive theme: Equal parts DLC
"Warhammer 40,000: Space Marine 2",Most discussed aspect: Gameplay (64 reviews)
"Warhammer 40,000: Space Marine 2",Strongest aspect: Music & Sound (100.0% positive)
"Warhammer 40,000: Space Marine 2",Most criticized aspect: Gameplay (0.0% negative)
"Warhammer 40,000: Space Marine 2",Common positive theme: Space Marine
Warhammer: Vermintide 2,Most discussed aspect: Gameplay (16 reviews)
Warhammer: Vermintide 2,Strongest aspect: Story (100.0% positive)
Warhammer: Vermintide 2,Most criticized aspect: Gameplay (0.0% negative)
Warhammer: Vermintide 2,Common positive theme: Vermintide
Warno,Most discussed aspect: Difficulty (1 reviews)
Warno,Strongest aspect: Difficulty (100.0% positive)
Warno,Most criticized aspect: Difficulty (0.0% negative)
Warno,Common positive theme: world war III
Warstride Challenges,Most discussed aspect: Difficulty (4 reviews)
Warstride Challenges,Strongest aspect: Gameplay (100.0% positive)
Warstride Challenges,Most criticized aspect: Gameplay (0.0% negative)
Warstride Challenges,Common positive theme: Warstride Challenges
Wasted,Most discussed aspect: Gameplay (2 reviews)
Wasted,Strongest aspect: Level Design (100.0% positive)
Wasted,Most criticized aspect: Gameplay (0.0% negative)
Wasted,Common positive theme: Wasted
Wasteland 2,Most discussed aspect: Gameplay (10 reviews)
Wasteland 2,Strongest aspect: Difficulty (100.0% positive)
Wasteland 2,Most criticized aspect: Gameplay (0.0% negative)
Wasteland 2,Common positive theme: Wasteland
Wasteland 3,Most discussed aspect: Gameplay (43 reviews)
Wasteland 3,Strongest aspect: Graphics (100.0% positive)
Wasteland 3,Most criticized aspect: Gameplay (0.0% negative)
Wasteland 3,Common positive theme: Wasteland
Wasteland 3,Common negative theme: single-player in Wasteland
Watch Dogs 2,Most discussed aspect: Characters (28 reviews)
Watch Dogs 2,Strongest aspect: Graphics (88.9% positive)
Watch Dogs 2,Most criticized aspect: Difficulty (10.0% negative)
Watch Dogs 2,Common positive theme: Watch Dogs
Watch Dogs 2,Common negative theme: void and incompleteness
Watch Dogs 2 - Human Conditions,Most discussed aspect: Characters (1 reviews)
Watch Dogs 2 - Human Conditions,Strongest aspect: Characters (100.0% positive)
Watch Dogs 2 - Human Conditions,Most criticized aspect: Characters (0.0% negative)
Watch Dogs 2 - Human Conditions,Common positive theme: DLC continues
Wax Heads,Most discussed aspect: Story (18 reviews)
Wax Heads,Strongest aspect: Music & Sound (78.6% positive)
Wax Heads,Most criticized aspect: Gameplay (0.0% negative)
Wax Heads,Common positive theme: Wax Heads
Wayward Strand,Most discussed aspect: Story (22 reviews)
Wayward Strand,Strongest aspect: Graphics (100.0% positive)
Wayward Strand,Most criticized aspect: Gameplay (0.0% negative)
Wayward Strand,Common positive theme: Wayward Strand
We Love Katamari REROLL+ Royal Reverie,Most discussed aspect: Gameplay (13 reviews)
We Love Katamari REROLL+ Royal Reverie,Strongest aspect: Gameplay (100.0% positive)
We Love Katamari REROLL+ Royal Reverie,Most criticized aspect: Gameplay (0.0% negative)
We Love Katamari REROLL+ Royal Reverie,Common positive theme: Love Katamari Reroll
Welcome to Elk,Most discussed aspect: Story (5 reviews)
Welcome to Elk,Strongest aspect: Story (60.0% positive)
Welcome to Elk,Most criticized aspect: Gameplay (0.0% negative)
Welcome to Elk,Common positive theme: Elk
West of Loathing,Most discussed aspect: Gameplay (14 reviews)
West of Loathing,Strongest aspect: Characters (100.0% positive)
West of Loathing,Most criticized aspect: Gameplay (0.0% negative)
West of Loathing,Common positive theme: West of Loathing
Westerado: Double Barreled,Most discussed aspect: Gameplay (3 reviews)
Westerado: Double Barreled,Strongest aspect: Story (100.0% positive)
Westerado: Double Barreled,Most criticized aspect: Gameplay (0.0% negative)
Westerado: Double Barreled,Common positive theme: Double Barreled
What Remains of Edith Finch,Most discussed aspect: Story (54 reviews)
What Remains of Edith Finch,Strongest aspect: Graphics (100.0% positive)
What Remains of Edith Finch,Most criticized aspect: Gameplay (0.0% negative)
What Remains of Edith Finch,Common positive theme: Edith Finch
What the Golf?,Most discussed aspect: Level Design (9 reviews)
What the Golf?,Strongest aspect: Difficulty (100.0% positive)
What the Golf?,Most criticized aspect: Gameplay (0.0% negative)
What the Golf?,Common positive theme: golf
WildStar,Most discussed aspect: Replayability (11 reviews)
WildStar,Strongest aspect: Gameplay (100.0% positive)
WildStar,Most criticized aspect: Gameplay (0.0% negative)
WildStar,Common positive theme: WildStar
Wildermyth,Most discussed aspect: Gameplay (12 reviews)
Wildermyth,Strongest aspect: Graphics (100.0% positive)
Wildermyth,Most criticized aspect: Gameplay (0.0% negative)
Wildermyth,Common positive theme: Wildermyth
Will You Snail?,Most discussed aspect: Gameplay (1 reviews)
Will You Snail?,Strongest aspect: Gameplay (100.0% positive)
Will You Snail?,Most criticized aspect: Gameplay (0.0% negative)
Will You Snail?,Common positive theme: Jonas Tyroller
Wilmot's Warehouse,Most discussed aspect: Difficulty (2 reviews)
Wilmot's Warehouse,Strongest aspect: Gameplay (100.0% positive)
Wilmot's Warehouse,Most criticized aspect: Gameplay (0.0% negative)
Wilmot's Warehouse,Common positive theme: fascination fades
Wilson's Heart,Most discussed aspect: Gameplay (1 reviews)
Wilson's Heart,Strongest aspect: Gameplay (0.0% positive)
Wilson's Heart,Most criticized aspect: Gameplay (0.0% negative)
Wilson's Heart,Common positive theme: Wilson Heart feels
Wingspan,Most discussed aspect: Gameplay (4 reviews)
Wingspan,Strongest aspect: Performance (100.0% positive)
Wingspan,Most criticized aspect: Gameplay (0.0% negative)
Wingspan,Common positive theme: dizzying strategic possibilities
Wipeout: Omega Collection,Most discussed aspect: Music & Sound (9 reviews)
Wipeout: Omega Collection,Strongest aspect: Gameplay (100.0% positive)
Wipeout: Omega Collection,Most criticized aspect: Gameplay (0.0% negative)
Wipeout: Omega Collection,Common positive theme: WipEout Omega Collection
Witch on the Holy Night,Most discussed aspect: Story (6 reviews)
Witch on the Holy Night,Strongest aspect: Story (100.0% positive)
Witch on the Holy Night,Most criticized aspect: Gameplay (0.0% negative)
Witch on the Holy Night,Common positive theme: Holy Night
WitchSpring R,Most discussed aspect: Gameplay (12 reviews)
WitchSpring R,Strongest aspect: Difficulty (100.0% positive)
WitchSpring R,Most criticized aspect: Gameplay (0.0% negative)
WitchSpring R,Common positive theme: game
Wizard of Legend 2,Most discussed aspect: Gameplay (4 reviews)
Wizard of Legend 2,Strongest aspect: Graphics (100.0% positive)
Wizard of Legend 2,Most criticized aspect: Gameplay (0.0% negative)
Wizard of Legend 2,Common positive theme: Wizard of Legend
Wizordum,Most discussed aspect: Gameplay (4 reviews)
Wizordum,Strongest aspect: Graphics (100.0% positive)
Wizordum,Most criticized aspect: Gameplay (0.0% negative)
Wizordum,Common positive theme: exciting to play
Wo Long: Fallen Dynasty,Most discussed aspect: Gameplay (81 reviews)
Wo Long: Fallen Dynasty,Strongest aspect: Graphics (100.0% positive)
Wo Long: Fallen Dynasty,Most criticized aspect: Gameplay (0.0% negative)
Wo Long: Fallen Dynasty,Common positive theme: Fallen Dynasty
Wo Long: Fallen Dynasty Complete Edition,Most discussed aspect: Gameplay (4 reviews)
Wo Long: Fallen Dynasty Complete Edition,Strongest aspect: Characters (100.0% positive)
Wo Long: Fallen Dynasty Complete Edition,Most criticized aspect: Gameplay (0.0% negative)
Wo Long: Fallen Dynasty Complete Edition,Common positive theme: Dynasty Complete Edition
Wolfenstein 2: The New Colossus,Most discussed aspect: Story (69 reviews)
Wolfenstein 2: The New Colossus,Strongest aspect: Graphics (100.0% positive)
Wolfenstein 2: The New Colossus,Most criticized aspect: Gameplay (0.0% negative)
Wolfenstein 2: The New Colossus,Common positive theme: Wolfenstein
Wolfenstein: The New Order,Most discussed aspect: Story (31 reviews)
Wolfenstein: The New Order,Strongest aspect: Graphics (100.0% positive)
Wolfenstein: The New Order,Most criticized aspect: Gameplay (0.0% negative)
Wolfenstein: The New Order,Common positive theme: Order
World End Syndrome,Most discussed aspect: Graphics (16 reviews)
World End Syndrome,Strongest aspect: Gameplay (100.0% positive)
World End Syndrome,Most criticized aspect: Gameplay (0.0% negative)
World End Syndrome,Common positive theme: World End Syndrome
World of Goo,Most discussed aspect: Gameplay (4 reviews)
World of Goo,Strongest aspect: Gameplay (100.0% positive)
World of Goo,Most criticized aspect: Gameplay (0.0% negative)
World of Goo,Common positive theme: World of Goo
World of Goo 2,Most discussed aspect: Gameplay (8 reviews)
World of Goo 2,Strongest aspect: Graphics (100.0% positive)
World of Goo 2,Most criticized aspect: Story (25.0% negative)
World of Goo 2,Common positive theme: World of Goo
World of Goo 2,Common negative theme: slow pacing
World of Warcraft: Dragonflight,Most discussed aspect: Gameplay (5 reviews)
World of Warcraft: Dragonflight,Strongest aspect: Gameplay (100.0% positive)
World of Warcraft: Dragonflight,Most criticized aspect: Gameplay (0.0% negative)
World of Warcraft: Dragonflight,Common positive theme: World of Warcraft
World of Warcraft: Legion,Most discussed aspect: Replayability (12 reviews)
World of Warcraft: Legion,Strongest aspect: Gameplay (100.0% positive)
World of Warcraft: Legion,Most criticized aspect: Gameplay (0.0% negative)
World of Warcraft: Legion,Common positive theme: World of Warcraft
World of Warcraft: Midnight,Most discussed aspect: Story (9 reviews)
World of Warcraft: Midnight,Strongest aspect: Gameplay (100.0% positive)
World of Warcraft: Midnight,Most criticized aspect: Gameplay (0.0% negative)
World of Warcraft: Midnight,Common positive theme: World of Warcraft
World of Warcraft: The Burning Crusade Classic,Most discussed aspect: Replayability (1 reviews)
World of Warcraft: The Burning Crusade Classic,Strongest aspect: Replayability (100.0% positive)
World of Warcraft: The Burning Crusade Classic,Most criticized aspect: Replayability (0.0% negative)
World of Warcraft: The Burning Crusade Classic,Common positive theme: Burning Crusade Classic
World of Warcraft: The War Within,Most discussed aspect: Story (10 reviews)
World of Warcraft: The War Within,Strongest aspect: Gameplay (100.0% positive)
World of Warcraft: The War Within,Most criticized aspect: Gameplay (0.0% negative)
World of Warcraft: The War Within,Common positive theme: World of Warcraft
World of Warcraft: Warlords of Draenor,Most discussed aspect: Replayability (6 reviews)
World of Warcraft: Warlords of Draenor,Strongest aspect: Gameplay (100.0% positive)
World of Warcraft: Warlords of Draenor,Most criticized aspect: Gameplay (0.0% negative)
World of Warcraft: Warlords of Draenor,Common positive theme: World of Warcraft
World of Warships Legends,Most discussed aspect: Gameplay (4 reviews)
World of Warships Legends,Strongest aspect: Graphics (100.0% positive)
World of Warships Legends,Most criticized aspect: Gameplay (0.0% negative)
World of Warships Legends,Common positive theme: turned military vehicle
Worldless,Most discussed aspect: Gameplay (21 reviews)
Worldless,Strongest aspect: Characters (100.0% positive)
Worldless,Most criticized aspect: Gameplay (0.0% negative)
Worldless,Common positive theme: delightful studio debut
Wunderling,Most discussed aspect: Level Design (7 reviews)
Wunderling,Strongest aspect: Graphics (100.0% positive)
Wunderling,Most criticized aspect: Gameplay (0.0% negative)
Wunderling,Common positive theme: turn direction whilst
Wylde Flowers,Most discussed aspect: Gameplay (4 reviews)
Wylde Flowers,Strongest aspect: Level Design (100.0% positive)
Wylde Flowers,Most criticized aspect: Gameplay (0.0% negative)
Wylde Flowers,Common positive theme: Wylde Flowers
XCOM 2,Most discussed aspect: Performance (26 reviews)
XCOM 2,Strongest aspect: Graphics (100.0% positive)
XCOM 2,Most criticized aspect: Gameplay (0.0% negative)
XCOM 2,Common positive theme: XCOM
XCOM 2,Common negative theme: buggy mess cobbled
XCOM 2 - Shen's Last Gift,Most discussed aspect: Story (2 reviews)
XCOM 2 - Shen's Last Gift,Strongest aspect: Story (100.0% positive)
XCOM 2 - Shen's Last Gift,Most criticized aspect: Story (0.0% negative)
XCOM 2 - Shen's Last Gift,Common positive theme: super-durable mech troops
XCOM 2: War of the Chosen,Most discussed aspect: Replayability (9 reviews)
XCOM 2: War of the Chosen,Strongest aspect: Gameplay (100.0% positive)
XCOM 2: War of the Chosen,Most criticized aspect: Gameplay (0.0% negative)
XCOM 2: War of the Chosen,Common positive theme: Chosen
XCOM: Enemy Unknown Plus,Most discussed aspect: Gameplay (1 reviews)
XCOM: Enemy Unknown Plus,Strongest aspect: Gameplay (100.0% positive)
XCOM: Enemy Unknown Plus,Most criticized aspect: Gameplay (0.0% negative)
XCOM: Enemy Unknown Plus,Common positive theme: extremely unexpected
XCOM: Enemy Within,Most discussed aspect: Difficulty (5 reviews)
XCOM: Enemy Within,Strongest aspect: Gameplay (100.0% positive)
XCOM: Enemy Within,Most criticized aspect: Gameplay (0.0% negative)
XCOM: Enemy Within,Common positive theme: Enemy
XENOTILT: HOSTILE PINBALL ACTION,Most discussed aspect: Gameplay (1 reviews)
XENOTILT: HOSTILE PINBALL ACTION,Strongest aspect: Gameplay (100.0% positive)
XENOTILT: HOSTILE PINBALL ACTION,Most criticized aspect: Gameplay (0.0% negative)
XENOTILT: HOSTILE PINBALL ACTION,Common positive theme: ’ve never played
Xanadu Next,Most discussed aspect: Gameplay (6 reviews)
Xanadu Next,Strongest aspect: Story (100.0% positive)
Xanadu Next,Most criticized aspect: Gameplay (0.0% negative)
Xanadu Next,Common positive theme: Xanadu
Xenoblade Chronicles 2,Most discussed aspect: Story (28 reviews)
Xenoblade Chronicles 2,Strongest aspect: Music & Sound (81.8% positive)
Xenoblade Chronicles 2,Most criticized aspect: Gameplay (4.3% negative)
Xenoblade Chronicles 2,Common positive theme: Xenoblade Chronicles
Xenoblade Chronicles 2,Common negative theme: tedious combat system
Xenoblade Chronicles 2: Torna - The Golden Country,Most discussed aspect: Gameplay (16 reviews)
Xenoblade Chronicles 2: Torna - The Golden Country,Strongest aspect: Characters (100.0% positive)
Xenoblade Chronicles 2: Torna - The Golden Country,Most criticized aspect: Gameplay (0.0% negative)
Xenoblade Chronicles 2: Torna - The Golden Country,Common positive theme: Xenoblade Chronicles
Xenoblade Chronicles 3,Most discussed aspect: Story (56 reviews)
Xenoblade Chronicles 3,Strongest aspect: Graphics (100.0% positive)
Xenoblade Chronicles 3,Most criticized aspect: Gameplay (0.0% negative)
Xenoblade Chronicles 3,Common positive theme: Xenoblade Chronicles
Xenoblade Chronicles 3: Future Redeemed,Most discussed aspect: Story (8 reviews)
Xenoblade Chronicles 3: Future Redeemed,Strongest aspect: Story (100.0% positive)
Xenoblade Chronicles 3: Future Redeemed,Most criticized aspect: Gameplay (0.0% negative)
Xenoblade Chronicles 3: Future Redeemed,Common positive theme: Xenoblade Chronicles
Xenoblade Chronicles 3D,Most discussed aspect: Gameplay (10 reviews)
Xenoblade Chronicles 3D,Strongest aspect: Gameplay (100.0% positive)
Xenoblade Chronicles 3D,Most criticized aspect: Graphics (12.5% negative)
Xenoblade Chronicles 3D,Common positive theme: Xenoblade Chronicles
Xenoblade Chronicles 3D,Common negative theme: above-average RPG hamstrung
Xenoblade Chronicles X,Most discussed aspect: Gameplay (19 reviews)
Xenoblade Chronicles X,Strongest aspect: Characters (100.0% positive)
Xenoblade Chronicles X,Most criticized aspect: Gameplay (0.0% negative)
Xenoblade Chronicles X,Common positive theme: Xenoblade Chronicles
Xenoblade Chronicles X: Definitive Edition,Most discussed aspect: Gameplay (37 reviews)
Xenoblade Chronicles X: Definitive Edition,Strongest aspect: Gameplay (100.0% positive)
Xenoblade Chronicles X: Definitive Edition,Most criticized aspect: Gameplay (0.0% negative)
Xenoblade Chronicles X: Definitive Edition,Common positive theme: Xenoblade Chronicles
Xenoblade Chronicles: Definitive Edition,Most discussed aspect: Story (31 reviews)
Xenoblade Chronicles: Definitive Edition,Strongest aspect: Story (100.0% positive)
Xenoblade Chronicles: Definitive Edition,Most criticized aspect: Gameplay (0.0% negative)
Xenoblade Chronicles: Definitive Edition,Common positive theme: Chronicles Definitive Edition
Xenonauts 2,Most discussed aspect: Gameplay (4 reviews)
Xenonauts 2,Strongest aspect: Difficulty (100.0% positive)
Xenonauts 2,Most criticized aspect: Gameplay (0.0% negative)
Xenonauts 2,Common positive theme: Xenonauts
Yakuza 0,Most discussed aspect: Story (55 reviews)
Yakuza 0,Strongest aspect: Characters (100.0% positive)
Yakuza 0,Most criticized aspect: Gameplay (0.0% negative)
Yakuza 0,Common positive theme: Yakuza
Yakuza 0 Director's Cut,Most discussed aspect: Story (18 reviews)
Yakuza 0 Director's Cut,Strongest aspect: Gameplay (100.0% positive)
Yakuza 0 Director's Cut,Most criticized aspect: Gameplay (0.0% negative)
Yakuza 0 Director's Cut,Common positive theme: Director Cut
Yakuza 5 Remastered,Most discussed aspect: Story (6 reviews)
Yakuza 5 Remastered,Strongest aspect: Story (100.0% positive)
Yakuza 5 Remastered,Most criticized aspect: Gameplay (0.0% negative)
Yakuza 5 Remastered,Common positive theme: Saejima reflective survival-based
Yakuza 6: The Song of Life,Most discussed aspect: Story (61 reviews)
Yakuza 6: The Song of Life,Strongest aspect: Music & Sound (100.0% positive)
Yakuza 6: The Song of Life,Most criticized aspect: Gameplay (0.0% negative)
Yakuza 6: The Song of Life,Common positive theme: Song of Life
Yakuza Kiwami,Most discussed aspect: Story (40 reviews)
Yakuza Kiwami,Strongest aspect: Graphics (84.6% positive)
Yakuza Kiwami,Most criticized aspect: Performance (10.0% negative)
Yakuza Kiwami,Common positive theme: Yakuza Kiwami
Yakuza Kiwami,Common negative theme: reviews of Switch
Yakuza Kiwami 2,Most discussed aspect: Story (39 reviews)
Yakuza Kiwami 2,Strongest aspect: Story (94.9% positive)
Yakuza Kiwami 2,Most criticized aspect: Gameplay (0.0% negative)
Yakuza Kiwami 2,Common positive theme: Yakuza Kiwami
Yakuza Remastered Collection,Most discussed aspect: Story (8 reviews)
Yakuza Remastered Collection,Strongest aspect: Gameplay (100.0% positive)
Yakuza Remastered Collection,Most criticized aspect: Gameplay (0.0% negative)
Yakuza Remastered Collection,Common positive theme: Yakuza Remastered Collection
Yakuza: Like a Dragon,Most discussed aspect: Gameplay (56 reviews)
Yakuza: Like a Dragon,Strongest aspect: Performance (100.0% positive)
Yakuza: Like a Dragon,Most criticized aspect: Gameplay (0.0% negative)
Yakuza: Like a Dragon,Common positive theme: Yakuza
Year Walk,Most discussed aspect: Story (3 reviews)
Year Walk,Strongest aspect: Gameplay (100.0% positive)
Year Walk,Most criticized aspect: Gameplay (0.0% negative)
Year Walk,Common positive theme: Year Walk
Yoku's Island Express,Most discussed aspect: Gameplay (30 reviews)
Yoku's Island Express,Strongest aspect: Characters (100.0% positive)
Yoku's Island Express,Most criticized aspect: Gameplay (0.0% negative)
Yoku's Island Express,Common positive theme: Yoku Island Express
Yooka-Laylee and the Impossible Lair,Most discussed aspect: Gameplay (24 reviews)
Yooka-Laylee and the Impossible Lair,Strongest aspect: Story (100.0% positive)
Yooka-Laylee and the Impossible Lair,Most criticized aspect: Difficulty (6.7% negative)
Yooka-Laylee and the Impossible Lair,Common positive theme: Impossible Lair
Yooka-Laylee and the Impossible Lair,Common negative theme: Abrupt difficulty spikes
Yoshi and the Mysterious Book,Most discussed aspect: Gameplay (51 reviews)
Yoshi and the Mysterious Book,Strongest aspect: Characters (100.0% positive)
Yoshi and the Mysterious Book,Most criticized aspect: Gameplay (0.0% negative)
Yoshi and the Mysterious Book,Common positive theme: Mysterious Book
Yoshi's Crafted World,Most discussed aspect: Gameplay (31 reviews)
Yoshi's Crafted World,Strongest aspect: Gameplay (83.9% positive)
Yoshi's Crafted World,Most criticized aspect: Gameplay (0.0% negative)
Yoshi's Crafted World,Common positive theme: Yoshi Crafted World
Youropa,Most discussed aspect: Level Design (4 reviews)
Youropa,Strongest aspect: Graphics (100.0% positive)
Youropa,Most criticized aspect: Gameplay (0.0% negative)
Youropa,Common positive theme: Youropa
Ys Memoire: The Oath in Felghana,Most discussed aspect: Gameplay (25 reviews)
Ys Memoire: The Oath in Felghana,Strongest aspect: Gameplay (80.0% positive)
Ys Memoire: The Oath in Felghana,Most criticized aspect: Gameplay (0.0% negative)
Ys Memoire: The Oath in Felghana,Common positive theme: Oath in Felghana
Ys Origin,Most discussed aspect: Gameplay (26 reviews)
Ys Origin,Strongest aspect: Story (89.5% positive)
Ys Origin,Most criticized aspect: Gameplay (0.0% negative)
Ys Origin,Common positive theme: Origin
Ys VIII: Lacrimosa of DANA,Most discussed aspect: Gameplay (48 reviews)
Ys VIII: Lacrimosa of DANA,Strongest aspect: Difficulty (100.0% positive)
Ys VIII: Lacrimosa of DANA,Most criticized aspect: Performance (7.1% negative)
Ys VIII: Lacrimosa of DANA,Common positive theme: Lacrimosa of Dana
Ys VIII: Lacrimosa of DANA,Common negative theme: Lacrimosa of Dana
Ys X: Proud Nordics,Most discussed aspect: Gameplay (22 reviews)
Ys X: Proud Nordics,Strongest aspect: Level Design (100.0% positive)
Ys X: Proud Nordics,Most criticized aspect: Gameplay (0.0% negative)
Ys X: Proud Nordics,Common positive theme: Proud Nordics
Yumeutsutsu Re:Master,Most discussed aspect: Story (3 reviews)
Yumeutsutsu Re:Master,Strongest aspect: Graphics (100.0% positive)
Yumeutsutsu Re:Master,Most criticized aspect: Story (0.0% negative)
Yumeutsutsu Re:Master,Common positive theme: easily worth
Yuppie Psycho,Most discussed aspect: Story (6 reviews)
Yuppie Psycho,Strongest aspect: Story (100.0% positive)
Yuppie Psycho,Most criticized aspect: Story (0.0% negative)
Yuppie Psycho,Common positive theme: Yuppie Psycho
ZEN Pinball 2,Most discussed aspect: Gameplay (1 reviews)
ZEN Pinball 2,Strongest aspect: Gameplay (100.0% positive)
ZEN Pinball 2,Most criticized aspect: Gameplay (0.0% negative)
ZEN Pinball 2,Common positive theme: Zen Pinball
ZEN Pinball 2: South Park: Super-Sweet Pinball,Most discussed aspect: Difficulty (2 reviews)
ZEN Pinball 2: South Park: Super-Sweet Pinball,Strongest aspect: Characters (100.0% positive)
ZEN Pinball 2: South Park: Super-Sweet Pinball,Most criticized aspect: Characters (0.0% negative)
ZEN Pinball 2: South Park: Super-Sweet Pinball,Common positive theme: South Park Pinball
ZEN Pinball 2: Star Wars: The Force Awakens,Most discussed aspect: Difficulty (2 reviews)
ZEN Pinball 2: Star Wars: The Force Awakens,Strongest aspect: Difficulty (100.0% positive)
ZEN Pinball 2: Star Wars: The Force Awakens,Most criticized aspect: Difficulty (0.0% negative)
ZEN Pinball 2: Star Wars: The Force Awakens,Common positive theme: Star Wars Pinball
ZEN Pinball 2: The Walking Dead,Most discussed aspect: Graphics (1 reviews)
ZEN Pinball 2: The Walking Dead,Strongest aspect: Graphics (100.0% positive)
ZEN Pinball 2: The Walking Dead,Most criticized aspect: Graphics (0.0% negative)
ZEN Pinball 2: The Walking Dead,Common positive theme: Walking Dead
ZERO PARADES: For Dead Spies,Most discussed aspect: Story (30 reviews)
ZERO PARADES: For Dead Spies,Strongest aspect: Characters (100.0% positive)
ZERO PARADES: For Dead Spies,Most criticized aspect: Gameplay (0.0% negative)
ZERO PARADES: For Dead Spies,Common positive theme: Dead Spies
ZERO Sievert,Most discussed aspect: Gameplay (1 reviews)
ZERO Sievert,Strongest aspect: Gameplay (0.0% positive)
ZERO Sievert,Most criticized aspect: Gameplay (0.0% negative)
ZERO Sievert,Common positive theme: wonderfully engaging hybrid
Zen Pinball 2: Portal Pinball,Most discussed aspect: Gameplay (3 reviews)
Zen Pinball 2: Portal Pinball,Strongest aspect: Difficulty (100.0% positive)
Zen Pinball 2: Portal Pinball,Most criticized aspect: Gameplay (0.0% negative)
Zen Pinball 2: Portal Pinball,Common positive theme: Zen Pinball
Zenzizenzic,Most discussed aspect: Gameplay (5 reviews)
Zenzizenzic,Strongest aspect: Level Design (100.0% positive)
Zenzizenzic,Most criticized aspect: Gameplay (0.0% negative)
Zenzizenzic,Common positive theme: finely tuned machine
Zero Escape: The Nonary Games,Most discussed aspect: Graphics (11 reviews)
Zero Escape: The Nonary Games,Strongest aspect: Music & Sound (100.0% positive)
Zero Escape: The Nonary Games,Most criticized aspect: Gameplay (0.0% negative)
Zero Escape: The Nonary Games,Common positive theme: Nonary Games
Zero Time Dilemma,Most discussed aspect: Story (35 reviews)
Zero Time Dilemma,Strongest aspect: Gameplay (100.0% positive)
Zero Time Dilemma,Most criticized aspect: Level Design (50.0% negative)
Zero Time Dilemma,Common positive theme: Time Dilemma
Zero Time Dilemma,Common negative theme: Time Dilemma falls
Zoe Begone!,Most discussed aspect: Gameplay (4 reviews)
Zoe Begone!,Strongest aspect: Graphics (100.0% positive)
Zoe Begone!,Most criticized aspect: Gameplay (0.0% negative)
Zoe Begone!,Common positive theme: ZOE Begone
art of rally,Most discussed aspect: Graphics (11 reviews)
art of rally,Strongest aspect: Level Design (100.0% positive)
art of rally,Most criticized aspect: Gameplay (0.0% negative)
art of rally,Common positive theme: Art of Rally
eFootball PES 2020,Most discussed aspect: Gameplay (25 reviews)
eFootball PES 2020,Strongest aspect: Level Design (100.0% positive)
eFootball PES 2020,Most criticized aspect: Gameplay (0.0% negative)
eFootball PES 2020,Common positive theme: Pro Evolution Soccer
flower,Most discussed aspect: Gameplay (3 reviews)
flower,Strongest aspect: Graphics (100.0% positive)
flower,Most criticized aspect: Gameplay (0.0% negative)
flower,Common positive theme: unforgettable original
inFamous: Second Son,Most discussed aspect: Gameplay (23 reviews)
inFamous: Second Son,Strongest aspect: Level Design (100.0% positive)
inFamous: Second Son,Most criticized aspect: Gameplay (0.0% negative)
inFamous: Second Son,Common positive theme: Son
s.p.l.i.t,Most discussed aspect: Story (6 reviews)
s.p.l.i.t,Strongest aspect: Level Design (100.0% positive)
s.p.l.i.t,Most criticized aspect: Gameplay (0.0% negative)
s.p.l.i.t,Common positive theme: game
tERRORbane,Most discussed aspect: Story (2 reviews)
tERRORbane,Strongest aspect: Gameplay (100.0% positive)
tERRORbane,Most criticized aspect: Gameplay (0.0% negative)
tERRORbane,Common positive theme: tERRORbane
Öoo,Most discussed aspect: Gameplay (3 reviews)
Öoo,Strongest aspect: Gameplay (100.0% positive)
Öoo,Most criticized aspect: Gameplay (0.0% negative)
Öoo,Common positive theme: stretches seemingly simple
​Red Matter,Most discussed aspect: Gameplay (2 reviews)
​Red Matter,Strongest aspect: Gameplay (100.0% positive)
​Red Matter,Most criticized aspect: Gameplay (0.0% negative)
​Red Matter,Common positive theme: Red Matter
