game_name,type,aspect,mentions,sentiment_percentage
007 First Light,advantage,Graphics,6,100.0
007 First Light,advantage,Difficulty,5,100.0
007 First Light,advantage,Level Design,9,100.0
007 First Light,advantage,Performance,11,100.0
007 First Light,advantage,Gameplay,44,97.73
007 First Light,advantage,Story,44,97.73
007 First Light,advantage,Characters,28,92.86
1000xRESIST,advantage,Story,20,90.0
1000xRESIST,advantage,Gameplay,8,87.5
1000xRESIST,advantage,Characters,4,75.0
13 Sentinels Aegis Rim,advantage,Level Design,3,100.0
13 Sentinels Aegis Rim,advantage,Characters,12,100.0
13 Sentinels Aegis Rim,advantage,Story,77,94.81
13 Sentinels Aegis Rim,advantage,Graphics,29,89.66
13 Sentinels Aegis Rim,advantage,Gameplay,43,86.05
13 Sentinels Aegis Rim,advantage,Difficulty,9,77.78
2XKO,advantage,Gameplay,4,100.0
30 Birds,advantage,Story,3,100.0
30XX,advantage,Gameplay,11,100.0
30XX,advantage,Graphics,3,100.0
30XX,advantage,Level Design,8,100.0
30XX,advantage,Difficulty,7,100.0
30XX,advantage,Replayability,6,100.0
428: Shibuya Scramble,advantage,Characters,8,87.5
428: Shibuya Scramble,advantage,Story,11,81.82
428: Shibuya Scramble,advantage,Graphics,16,81.25
6180 The Moon,advantage,Gameplay,4,75.0
6180 The Moon,advantage,Difficulty,3,66.67
8-Bit Adventures 2,advantage,Gameplay,7,100.0
8-Bit Adventures 2,advantage,Story,7,100.0
8-Bit Adventures 2,advantage,Difficulty,4,75.0
A Monster's Expedition,advantage,Level Design,4,100.0
A Monster's Expedition,advantage,Difficulty,5,80.0
A Monster's Expedition,advantage,Gameplay,4,75.0
A Plague Tale: Innocence,advantage,Graphics,11,100.0
A Plague Tale: Innocence,advantage,Difficulty,12,91.67
A Plague Tale: Innocence,advantage,Music & Sound,6,83.33
A Plague Tale: Innocence,advantage,Story,90,78.89
A Plague Tale: Innocence,advantage,Gameplay,58,74.14
A Plague Tale: Innocence,advantage,Characters,32,71.88
A Plague Tale: Requiem,advantage,Difficulty,9,88.89
A Plague Tale: Requiem,advantage,Characters,38,86.84
A Plague Tale: Requiem,advantage,Graphics,22,86.36
A Plague Tale: Requiem,advantage,Music & Sound,7,85.71
A Plague Tale: Requiem,advantage,Story,75,81.33
A Plague Tale: Requiem,advantage,Gameplay,57,70.18
A Plague Tale: Requiem,advantage,Performance,21,61.9
A Short Hike,advantage,Characters,9,100.0
A Short Hike,advantage,Gameplay,9,88.89
A Short Hike,advantage,Story,4,75.0
A Space for the Unbound,advantage,Graphics,9,100.0
A Space for the Unbound,advantage,Music & Sound,6,100.0
A Space for the Unbound,advantage,Characters,10,100.0
A Space for the Unbound,advantage,Difficulty,7,100.0
A Space for the Unbound,advantage,Replayability,3,100.0
A Space for the Unbound,advantage,Gameplay,13,92.31
A Space for the Unbound,advantage,Story,36,91.67
AI: THE SOMNIUM FILES - nirvanA Initiative,advantage,Gameplay,11,100.0
AI: THE SOMNIUM FILES - nirvanA Initiative,advantage,Difficulty,6,100.0
AI: THE SOMNIUM FILES - nirvanA Initiative,advantage,Music & Sound,4,100.0
AI: THE SOMNIUM FILES - nirvanA Initiative,advantage,Characters,30,93.33
AI: THE SOMNIUM FILES - nirvanA Initiative,advantage,Story,35,88.57
AI: THE SOMNIUM FILES - nirvanA Initiative,advantage,Graphics,16,87.5
AI: The Somnium Files,advantage,Gameplay,5,100.0
AI: The Somnium Files,advantage,Graphics,10,90.0
AI: The Somnium Files,advantage,Story,25,84.0
AI: The Somnium Files,advantage,Characters,11,81.82
ANONYMOUS;CODE,advantage,Gameplay,3,100.0
ANONYMOUS;CODE,advantage,Story,20,85.0
ANONYMOUS;CODE,advantage,Characters,6,83.33
ANONYMOUS;CODE,advantage,Graphics,17,70.59
ANONYMOUS;CODE,advantage,Level Design,3,66.67
ANTONBLAST,advantage,Graphics,8,100.0
ANTONBLAST,advantage,Difficulty,7,100.0
ANTONBLAST,advantage,Gameplay,18,94.44
ANTONBLAST,advantage,Level Design,11,90.91
ANTONBLAST,advantage,Characters,4,75.0
ANTONBLAST,advantage,Performance,4,75.0
ANTONBLAST,disadvantage,Characters,4,25.0
APE OUT,advantage,Difficulty,14,92.86
APE OUT,advantage,Music & Sound,23,91.3
APE OUT,advantage,Graphics,9,88.89
APE OUT,advantage,Gameplay,21,85.71
APE OUT,advantage,Level Design,6,66.67
APE OUT,advantage,Replayability,3,66.67
APICO,advantage,Gameplay,4,75.0
ARC Raiders,advantage,Story,5,100.0
ARC Raiders,advantage,Graphics,8,100.0
ARC Raiders,advantage,Level Design,5,100.0
ARC Raiders,advantage,Music & Sound,10,100.0
ARC Raiders,advantage,Difficulty,8,87.5
ARC Raiders,advantage,Replayability,7,85.71
ARC Raiders,advantage,Gameplay,28,82.14
ASTLIBRA Gaiden: The Cave of Phantom Mist,advantage,Story,3,66.67
ASTLIBRA Revision,advantage,Difficulty,3,100.0
ASTLIBRA Revision,advantage,Music & Sound,4,100.0
ASTLIBRA Revision,advantage,Story,14,78.57
ASTLIBRA Revision,advantage,Gameplay,13,76.92
ASTLIBRA Revision,advantage,Graphics,3,66.67
Aaero: Complete Edition,advantage,Graphics,3,100.0
Aaero: Complete Edition,advantage,Music & Sound,4,100.0
Abiotic Factor,advantage,Gameplay,3,100.0
Absolum,advantage,Graphics,12,100.0
Absolum,advantage,Performance,3,100.0
Absolum,advantage,Replayability,9,100.0
Absolum,advantage,Music & Sound,7,100.0
Absolum,advantage,Characters,16,93.75
Absolum,advantage,Difficulty,14,92.86
Absolum,advantage,Gameplay,48,89.58
Absolum,advantage,Level Design,7,85.71
Absolum,advantage,Story,14,85.71
Ace Attorney Investigations Collection,advantage,Graphics,22,100.0
Ace Attorney Investigations Collection,advantage,Difficulty,7,100.0
Ace Attorney Investigations Collection,advantage,Music & Sound,7,100.0
Ace Attorney Investigations Collection,advantage,Replayability,4,100.0
Ace Attorney Investigations Collection,advantage,Story,12,91.67
Ace Attorney Investigations Collection,advantage,Characters,17,82.35
Ace Attorney Investigations Collection,advantage,Gameplay,14,78.57
Ace Combat 7: Skies Unknown,advantage,Performance,3,100.0
Ace Combat 7: Skies Unknown,advantage,Replayability,9,100.0
Ace Combat 7: Skies Unknown,advantage,Music & Sound,7,85.71
Ace Combat 7: Skies Unknown,advantage,Level Design,11,81.82
Ace Combat 7: Skies Unknown,advantage,Gameplay,114,72.81
Ace Combat 7: Skies Unknown,advantage,Characters,3,66.67
Aces & Adventures,advantage,Gameplay,3,100.0
Advance Wars 1+2: Re-Boot Camp,advantage,Music & Sound,3,100.0
Advance Wars 1+2: Re-Boot Camp,advantage,Level Design,7,100.0
Advance Wars 1+2: Re-Boot Camp,advantage,Gameplay,26,88.46
Advance Wars 1+2: Re-Boot Camp,advantage,Graphics,15,86.67
Advance Wars 1+2: Re-Boot Camp,advantage,Replayability,9,77.78
Advance Wars 1+2: Re-Boot Camp,advantage,Difficulty,15,73.33
Advance Wars 1+2: Re-Boot Camp,advantage,Story,3,66.67
Advance Wars 1+2: Re-Boot Camp,advantage,Characters,5,60.0
Aether & Iron,advantage,Characters,5,100.0
Aether & Iron,advantage,Gameplay,12,91.67
Aether & Iron,advantage,Difficulty,4,75.0
Aether & Iron,advantage,Performance,4,75.0
Aether & Iron,advantage,Story,15,66.67
Against The Storm,advantage,Gameplay,9,88.89
Against The Storm,advantage,Replayability,5,80.0
Age of Empires II: Definitive Edition,advantage,Difficulty,5,100.0
Age of Empires II: Definitive Edition,advantage,Performance,4,100.0
Age of Empires II: Definitive Edition,advantage,Gameplay,11,90.91
Age of Empires II: Definitive Edition,advantage,Replayability,9,88.89
Age of Empires II: Definitive Edition,advantage,Graphics,8,87.5
Age of Empires IV,advantage,Story,5,100.0
Age of Empires IV,advantage,Graphics,3,100.0
Age of Empires IV,advantage,Replayability,8,87.5
Age of Empires IV,advantage,Difficulty,12,75.0
Age of Empires IV,advantage,Performance,3,66.67
Age of Mythology: Retold,advantage,Performance,7,100.0
Age of Mythology: Retold,advantage,Gameplay,22,86.36
Age of Mythology: Retold,advantage,Difficulty,7,85.71
Age of Mythology: Retold,advantage,Replayability,11,81.82
Age of Mythology: Retold,advantage,Graphics,15,80.0
Age of Mythology: Retold,advantage,Music & Sound,4,75.0
Age of Mythology: Retold,advantage,Level Design,3,66.67
Age of Mythology: Retold,disadvantage,Level Design,3,33.33
Age of Mythology: Retold,disadvantage,Music & Sound,4,25.0
Age of Wonders 4,advantage,Performance,3,100.0
Age of Wonders 4,advantage,Gameplay,7,85.71
Age of Wonders 4,advantage,Replayability,5,80.0
Age of Wonders III,advantage,Gameplay,6,83.33
Age of Wonders: Planetfall,advantage,Difficulty,4,100.0
Age of Wonders: Planetfall,advantage,Replayability,5,80.0
Age of Wonders: Planetfall,advantage,Gameplay,13,76.92
Agent A: A Puzzle in Disguise,advantage,Difficulty,3,100.0
Alaloth: Champions of The Four Kingdoms,advantage,Gameplay,4,100.0
Alaloth: Champions of The Four Kingdoms,advantage,Difficulty,3,100.0
Alan Wake 2,advantage,Difficulty,11,100.0
Alan Wake 2,advantage,Story,70,92.86
Alan Wake 2,advantage,Characters,14,92.86
Alan Wake 2,advantage,Level Design,13,92.31
Alan Wake 2,advantage,Graphics,24,91.67
Alan Wake 2,advantage,Gameplay,49,87.76
Alan Wake 2,advantage,Music & Sound,13,84.62
Alan Wake 2,advantage,Performance,18,83.33
Alan Wake 2: Night Springs,advantage,Replayability,5,100.0
Alan Wake 2: Night Springs,advantage,Gameplay,7,85.71
Alan Wake 2: Night Springs,advantage,Story,7,85.71
Alan Wake 2: Night Springs,advantage,Characters,5,80.0
Alan Wake Remastered,advantage,Story,33,81.82
Alan Wake Remastered,advantage,Gameplay,32,81.25
Alan Wake Remastered,advantage,Graphics,21,80.95
Alan Wake Remastered,advantage,Characters,5,80.0
Alan Wake Remastered,advantage,Performance,8,62.5
Alba: A Wildlife Adventure,advantage,Characters,5,100.0
Alba: A Wildlife Adventure,advantage,Story,10,80.0
Alba: A Wildlife Adventure,advantage,Gameplay,9,77.78
Alien: Isolation,advantage,Characters,3,100.0
Alien: Isolation,advantage,Graphics,5,100.0
Alien: Isolation,advantage,Level Design,7,100.0
Alien: Isolation,advantage,Gameplay,12,91.67
Alien: Isolation,advantage,Music & Sound,7,85.71
Alien: Isolation,advantage,Performance,8,75.0
Alien: Isolation,advantage,Story,9,66.67
Alien: Isolation,advantage,Difficulty,9,66.67
Alisa Developer's Cut,advantage,Gameplay,8,75.0
Alisa Developer's Cut,disadvantage,Story,3,33.33
Altdeus: Beyond Chronos,advantage,Characters,8,75.0
Altdeus: Beyond Chronos,advantage,Story,15,73.33
Altdeus: Beyond Chronos,advantage,Graphics,14,64.29
Amid Evil,advantage,Performance,6,100.0
Among Us VR,advantage,Gameplay,3,100.0
Angeline Era,advantage,Gameplay,3,100.0
Angeline Era,advantage,Story,3,100.0
Angry Video Game Nerd 8-bit,advantage,Gameplay,5,100.0
Angry Video Game Nerd 8-bit,advantage,Level Design,3,100.0
Angry Video Game Nerd 8-bit,advantage,Difficulty,3,66.67
Animal Crossing: New Horizons,advantage,Gameplay,11,100.0
Animal Crossing: New Horizons,advantage,Graphics,5,100.0
Animal Crossing: New Horizons,advantage,Level Design,6,100.0
Animal Crossing: New Horizons,advantage,Difficulty,3,100.0
Animal Crossing: New Horizons,advantage,Replayability,8,87.5
Animal Crossing: New Horizons,advantage,Characters,3,66.67
Animal Well,advantage,Graphics,7,100.0
Animal Well,advantage,Music & Sound,4,100.0
Animal Well,advantage,Level Design,4,100.0
Animal Well,advantage,Difficulty,7,100.0
Animal Well,advantage,Gameplay,18,94.44
Anno 117: Pax Romana,advantage,Story,6,100.0
Anno 117: Pax Romana,advantage,Characters,3,100.0
Anno 117: Pax Romana,advantage,Replayability,4,100.0
Anno 117: Pax Romana,advantage,Gameplay,28,89.29
Anno 117: Pax Romana,advantage,Difficulty,12,83.33
Anno 117: Pax Romana,advantage,Graphics,12,75.0
Anno 1800,advantage,Graphics,3,100.0
Anno 1800,advantage,Music & Sound,5,100.0
Anno 1800,advantage,Gameplay,15,86.67
Anomaly Agent,advantage,Graphics,3,100.0
Anomaly Agent,advantage,Music & Sound,6,100.0
Anomaly Agent,advantage,Characters,3,100.0
Anomaly Agent,advantage,Story,6,83.33
Anomaly Agent,advantage,Gameplay,11,81.82
Apex Legends,advantage,Replayability,4,100.0
Apex Legends,advantage,Gameplay,18,72.22
Apex Legends,advantage,Characters,10,70.0
Apex Legends,advantage,Story,3,66.67
Apex Legends,advantage,Level Design,5,60.0
Apex Legends,advantage,Difficulty,5,60.0
Apex Legends,disadvantage,Graphics,4,50.0
Apex Legends,disadvantage,Performance,13,38.46
Apex Legends,disadvantage,Difficulty,5,20.0
Apollo Justice: Ace Attorney Trilogy,advantage,Gameplay,9,100.0
Apollo Justice: Ace Attorney Trilogy,advantage,Story,19,100.0
Apollo Justice: Ace Attorney Trilogy,advantage,Music & Sound,4,100.0
Apollo Justice: Ace Attorney Trilogy,advantage,Level Design,3,100.0
Apollo Justice: Ace Attorney Trilogy,advantage,Difficulty,5,100.0
Apollo Justice: Ace Attorney Trilogy,advantage,Replayability,11,100.0
Apollo Justice: Ace Attorney Trilogy,advantage,Characters,10,90.0
Apollo Justice: Ace Attorney Trilogy,advantage,Graphics,16,87.5
Arcade Spirits: The New Challengers,advantage,Story,4,100.0
Arcade Spirits: The New Challengers,advantage,Graphics,6,100.0
Arcade Spirits: The New Challengers,advantage,Characters,6,100.0
ArcheAge,advantage,Gameplay,3,100.0
Archvale,advantage,Gameplay,5,80.0
Arco,advantage,Gameplay,6,100.0
Arco,advantage,Story,6,100.0
Arco,advantage,Difficulty,7,85.71
Arise: A simple story,advantage,Replayability,3,100.0
Arise: A simple story,advantage,Difficulty,7,100.0
Arise: A simple story,advantage,Characters,3,100.0
Arise: A simple story,advantage,Graphics,12,91.67
Arise: A simple story,advantage,Story,55,83.64
Arise: A simple story,advantage,Music & Sound,8,75.0
Arise: A simple story,advantage,Gameplay,30,70.0
Armored Core VI: Fires of Rubicon,advantage,Replayability,4,100.0
Armored Core VI: Fires of Rubicon,advantage,Gameplay,56,91.07
Armored Core VI: Fires of Rubicon,advantage,Difficulty,42,90.48
Armored Core VI: Fires of Rubicon,advantage,Story,32,87.5
Armored Core VI: Fires of Rubicon,advantage,Graphics,5,80.0
Armored Core VI: Fires of Rubicon,advantage,Performance,5,80.0
Armored Core VI: Fires of Rubicon,advantage,Level Design,11,72.73
Armored Core VI: Fires of Rubicon,disadvantage,Characters,3,33.33
Arranger: A Role-Puzzling Adventure,advantage,Characters,3,100.0
Arranger: A Role-Puzzling Adventure,advantage,Graphics,3,100.0
Arranger: A Role-Puzzling Adventure,advantage,Gameplay,11,90.91
Arranger: A Role-Puzzling Adventure,advantage,Story,14,85.71
Arranger: A Role-Puzzling Adventure,advantage,Level Design,4,75.0
Arranger: A Role-Puzzling Adventure,advantage,Difficulty,4,75.0
Asgard's Wrath 2,advantage,Gameplay,4,100.0
Asgard's Wrath 2,advantage,Story,3,100.0
Asgard's Wrath 2,advantage,Replayability,4,100.0
Ash of Gods: The Way,advantage,Story,6,100.0
Ash of Gods: The Way,advantage,Gameplay,5,80.0
Ashen,advantage,Graphics,4,100.0
Ashen,advantage,Story,5,80.0
Ashen,advantage,Difficulty,13,69.23
Ashen,advantage,Gameplay,12,66.67
Assassin's Creed IV: Black Flag,advantage,Story,7,100.0
Assassin's Creed IV: Black Flag,advantage,Graphics,3,100.0
Assassin's Creed IV: Black Flag,advantage,Replayability,3,100.0
Assassin's Creed IV: Black Flag,advantage,Characters,4,75.0
Assassin's Creed IV: Black Flag,advantage,Difficulty,3,66.67
Assassin's Creed IV: Black Flag,advantage,Gameplay,11,63.64
Assassin's Creed Nexus,advantage,Story,3,100.0
Assassin's Creed Nexus,advantage,Graphics,3,100.0
Assassin's Creed Nexus,advantage,Gameplay,10,80.0
Assassin's Creed Nexus,advantage,Characters,4,75.0
Assassin's Creed Odyssey,advantage,Performance,3,100.0
Assassin's Creed Odyssey,advantage,Difficulty,9,88.89
Assassin's Creed Odyssey,advantage,Story,40,82.5
Assassin's Creed Odyssey,advantage,Characters,16,81.25
Assassin's Creed Odyssey,advantage,Level Design,9,77.78
Assassin's Creed Odyssey,advantage,Gameplay,47,76.6
Assassin's Creed Odyssey,advantage,Replayability,12,75.0
Assassin's Creed Origins,advantage,Characters,15,100.0
Assassin's Creed Origins,advantage,Difficulty,8,100.0
Assassin's Creed Origins,advantage,Gameplay,51,92.16
Assassin's Creed Origins,advantage,Graphics,10,80.0
Assassin's Creed Origins,advantage,Story,33,75.76
Assassin's Creed Origins,advantage,Level Design,13,69.23
Assassin's Creed Origins,advantage,Performance,9,66.67
Assassin's Creed Origins,advantage,Replayability,6,66.67
Assassin's Creed Origins: The Curse of the Pharaohs,advantage,Level Design,3,100.0
Assassin's Creed Origins: The Curse of the Pharaohs,advantage,Replayability,3,100.0
Assassin's Creed Shadows,advantage,Characters,38,78.95
Assassin's Creed Shadows,advantage,Replayability,13,76.92
Assassin's Creed Shadows,advantage,Performance,16,75.0
Assassin's Creed Shadows,advantage,Gameplay,109,70.64
Assassin's Creed Shadows,advantage,Level Design,18,66.67
Assassin's Creed Shadows,advantage,Music & Sound,6,66.67
Assassin's Creed Shadows,advantage,Difficulty,13,61.54
Assassin's Creed Shadows,advantage,Story,64,60.94
Assassin's Creed Shadows,advantage,Graphics,20,60.0
Assassin's Creed Valhalla,advantage,Level Design,9,88.89
Assassin's Creed Valhalla,advantage,Performance,24,87.5
Assassin's Creed Valhalla,advantage,Replayability,20,80.0
Assassin's Creed Valhalla,advantage,Characters,22,77.27
Assassin's Creed Valhalla,advantage,Gameplay,65,76.92
Assassin's Creed Valhalla,advantage,Story,59,67.8
Assassin's Creed Valhalla,advantage,Difficulty,12,66.67
Assassin's Creed Valhalla,advantage,Music & Sound,3,66.67
Assassin's Creed Valhalla,advantage,Graphics,5,60.0
Assault Android Cactus,advantage,Music & Sound,4,100.0
Assault Android Cactus,advantage,Difficulty,10,90.0
Assault Android Cactus,advantage,Story,6,83.33
Assault Android Cactus,advantage,Replayability,5,80.0
Assault Android Cactus,advantage,Gameplay,10,80.0
Assault Android Cactus,advantage,Characters,9,77.78
Assault Android Cactus,advantage,Level Design,7,71.43
Astalon: Tears of the Earth,advantage,Characters,5,100.0
Astalon: Tears of the Earth,advantage,Level Design,4,100.0
Astalon: Tears of the Earth,advantage,Gameplay,9,88.89
Astalon: Tears of the Earth,advantage,Story,4,75.0
Astalon: Tears of the Earth,advantage,Difficulty,4,75.0
Astebreed,advantage,Replayability,4,75.0
Astebreed,advantage,Difficulty,3,66.67
Astebreed,advantage,Gameplay,5,60.0
Astral Ascent,advantage,Graphics,5,100.0
Astral Ascent,advantage,Difficulty,4,100.0
Astral Ascent,advantage,Gameplay,12,91.67
Astral Ascent,advantage,Characters,7,71.43
Astral Ascent,advantage,Replayability,3,66.67
Astral Chain,advantage,Story,25,100.0
Astral Chain,advantage,Graphics,8,100.0
Astral Chain,advantage,Difficulty,3,100.0
Astral Chain,advantage,Characters,12,100.0
Astral Chain,advantage,Replayability,5,100.0
Astral Chain,advantage,Gameplay,51,94.12
Astro Bot,advantage,Story,6,100.0
Astro Bot,advantage,Music & Sound,9,100.0
Astro Bot,advantage,Graphics,19,100.0
Astro Bot,advantage,Characters,10,100.0
Astro Bot,advantage,Level Design,32,100.0
Astro Bot,advantage,Performance,4,100.0
Astro Bot,advantage,Difficulty,19,100.0
Astro Bot,advantage,Gameplay,51,98.04
Astro Bot,advantage,Replayability,8,87.5
Astro Bot Rescue Mission,advantage,Characters,3,100.0
Astro Bot Rescue Mission,advantage,Difficulty,5,100.0
Astro Bot Rescue Mission,advantage,Gameplay,17,94.12
Astro Bot Rescue Mission,advantage,Level Design,9,88.89
Astro's Playroom,advantage,Gameplay,14,100.0
Astro's Playroom,advantage,Graphics,3,100.0
Astro's Playroom,advantage,Level Design,7,100.0
Astro's Playroom,advantage,Replayability,4,100.0
Astro's Playroom,advantage,Difficulty,10,80.0
Atari 50: The Anniversary Celebration,advantage,Replayability,6,83.33
Atari 50: The Anniversary Celebration,advantage,Difficulty,5,80.0
Atelier Dusk Trilogy Deluxe Pack,advantage,Difficulty,4,100.0
Atelier Dusk Trilogy Deluxe Pack,advantage,Replayability,3,100.0
Atelier Dusk Trilogy Deluxe Pack,advantage,Story,5,80.0
Atelier Lulua: The Scion of Arland,advantage,Difficulty,5,100.0
Atelier Lulua: The Scion of Arland,advantage,Characters,11,90.91
Atelier Lulua: The Scion of Arland,advantage,Graphics,6,83.33
Atelier Lulua: The Scion of Arland,advantage,Gameplay,18,72.22
Atelier Lulua: The Scion of Arland,advantage,Replayability,3,66.67
Atelier Lulua: The Scion of Arland,advantage,Story,11,63.64
Atelier Ryza 2: Lost Legends & the Secret Fairy,advantage,Graphics,3,100.0
Atelier Ryza 2: Lost Legends & the Secret Fairy,advantage,Characters,20,85.0
Atelier Ryza 2: Lost Legends & the Secret Fairy,advantage,Story,30,83.33
Atelier Ryza 2: Lost Legends & the Secret Fairy,advantage,Difficulty,11,81.82
Atelier Ryza 2: Lost Legends & the Secret Fairy,advantage,Level Design,5,80.0
Atelier Ryza 2: Lost Legends & the Secret Fairy,advantage,Gameplay,40,75.0
Atelier Ryza 2: Lost Legends & the Secret Fairy,advantage,Performance,3,66.67
Atelier Ryza 3: Alchemist of the End & the Secret Key,advantage,Performance,3,100.0
Atelier Ryza 3: Alchemist of the End & the Secret Key,advantage,Characters,14,92.86
Atelier Ryza 3: Alchemist of the End & the Secret Key,advantage,Gameplay,30,86.67
Atelier Ryza 3: Alchemist of the End & the Secret Key,advantage,Story,13,76.92
Atelier Ryza 3: Alchemist of the End & the Secret Key,advantage,Difficulty,5,60.0
Atelier Ryza Secret Trilogy Deluxe Pack,advantage,Gameplay,5,100.0
Atelier Ryza Secret Trilogy Deluxe Pack,advantage,Story,6,100.0
Atelier Ryza Secret Trilogy Deluxe Pack,advantage,Graphics,4,100.0
Atelier Ryza Secret Trilogy Deluxe Pack,advantage,Characters,5,100.0
Atelier Ryza Secret Trilogy Deluxe Pack,advantage,Difficulty,3,100.0
Atelier Ryza Secret Trilogy Deluxe Pack,advantage,Performance,6,100.0
Atelier Ryza Secret Trilogy Deluxe Pack,advantage,Replayability,11,81.82
Atelier Ryza: Ever Darkness & the Secret Hideout,advantage,Graphics,9,100.0
Atelier Ryza: Ever Darkness & the Secret Hideout,advantage,Gameplay,15,80.0
Atelier Ryza: Ever Darkness & the Secret Hideout,advantage,Characters,12,75.0
Atelier Ryza: Ever Darkness & the Secret Hideout,advantage,Story,18,72.22
Atelier Sophie 2: The Alchemist & The Mysterious Dream,advantage,Characters,13,84.62
Atelier Sophie 2: The Alchemist & The Mysterious Dream,advantage,Music & Sound,4,75.0
Atelier Sophie 2: The Alchemist & The Mysterious Dream,advantage,Gameplay,30,73.33
Atelier Sophie 2: The Alchemist & The Mysterious Dream,advantage,Story,24,70.83
Atelier Sophie 2: The Alchemist & The Mysterious Dream,advantage,Difficulty,8,62.5
Athenian Rhapsody,advantage,Difficulty,4,75.0
Athenian Rhapsody,advantage,Story,3,66.67
Atlas Reactor,advantage,Gameplay,3,66.67
Atomic Heart: Enchantment Under the Sea,advantage,Gameplay,7,71.43
Atomic Heart: Enchantment Under the Sea,advantage,Story,7,71.43
Atomic Heart: Enchantment Under the Sea,advantage,Level Design,3,66.67
Augmented Empire,advantage,Story,4,75.0
Aureole - Wings of Hope,advantage,Gameplay,3,100.0
Aureole - Wings of Hope,advantage,Difficulty,4,75.0
Aviary Attorney: Definitive Edition,advantage,Story,4,100.0
Aviary Attorney: Definitive Edition,advantage,Characters,3,100.0
Avicii Invector,advantage,Gameplay,7,100.0
Avicii Invector,advantage,Story,3,100.0
Avicii Invector,advantage,Graphics,6,100.0
Avicii Invector,advantage,Music & Sound,23,86.96
Avicii Invector,advantage,Difficulty,11,81.82
Avowed,advantage,Difficulty,16,81.25
Avowed,advantage,Replayability,10,80.0
Avowed,advantage,Characters,30,76.67
Avowed,advantage,Music & Sound,3,66.67
Avowed,advantage,Level Design,14,64.29
Avowed,advantage,Story,85,63.53
Avowed,advantage,Graphics,10,60.0
Axiom Verge,advantage,Level Design,8,87.5
Axiom Verge,advantage,Gameplay,20,85.0
Axiom Verge,advantage,Music & Sound,5,80.0
Axiom Verge,advantage,Difficulty,14,78.57
Axiom Verge,advantage,Graphics,4,75.0
Axiom Verge,advantage,Story,8,62.5
BALL x PIT,advantage,Characters,10,100.0
BALL x PIT,advantage,Replayability,5,100.0
BALL x PIT,advantage,Music & Sound,6,100.0
BALL x PIT,advantage,Graphics,8,87.5
BALL x PIT,advantage,Difficulty,14,85.71
BALL x PIT,advantage,Gameplay,33,84.85
BALL x PIT,advantage,Level Design,6,83.33
BYE-BYE BOXBOY!,advantage,Gameplay,6,100.0
BYE-BYE BOXBOY!,advantage,Difficulty,4,75.0
Baba Is You,advantage,Gameplay,5,100.0
Baba Is You,advantage,Music & Sound,3,100.0
Backfirewall,advantage,Gameplay,4,100.0
Backfirewall,advantage,Characters,4,100.0
Backfirewall,advantage,Story,6,83.33
Backyard Baseball '97,advantage,Gameplay,5,60.0
Bakeru,advantage,Graphics,3,100.0
Bakeru,advantage,Level Design,6,83.33
Bakeru,advantage,Difficulty,5,80.0
Bakeru,advantage,Gameplay,18,77.78
Bakeru,advantage,Characters,3,66.67
Bakeru,advantage,Performance,5,60.0
Balatro,advantage,Gameplay,19,100.0
Balatro,advantage,Graphics,3,100.0
Balatro,advantage,Difficulty,18,100.0
Baldur's Gate 3,advantage,Gameplay,42,100.0
Baldur's Gate 3,advantage,Level Design,12,100.0
Baldur's Gate 3,advantage,Difficulty,11,100.0
Baldur's Gate 3,advantage,Story,51,98.04
Baldur's Gate 3,advantage,Characters,37,97.3
Baldur's Gate 3,advantage,Performance,17,94.12
Baldur's Gate 3,advantage,Replayability,12,91.67
Baldur's Gate 3,advantage,Graphics,8,87.5
Baldur's Gate 3,advantage,Music & Sound,6,83.33
Bang-On Balls: Chronicles,advantage,Gameplay,6,66.67
Bang-On Balls: Chronicles,advantage,Level Design,5,60.0
Bastion,advantage,Music & Sound,11,100.0
Bastion,advantage,Difficulty,8,87.5
Bastion,advantage,Story,15,86.67
Bastion,advantage,Characters,10,80.0
Bastion,advantage,Replayability,5,80.0
Bastion,advantage,Graphics,9,77.78
Bastion,advantage,Gameplay,22,77.27
Batman: Arkham Knight,advantage,Level Design,3,100.0
Batman: Arkham Knight,advantage,Graphics,10,90.0
Batman: Arkham Knight,advantage,Story,36,80.56
Batman: Arkham Knight,advantage,Gameplay,33,78.79
Batman: Arkham Knight,advantage,Difficulty,5,60.0
Batman: Arkham Knight,disadvantage,Difficulty,5,20.0
Batman: Arkham Shadow,advantage,Story,14,100.0
Batman: Arkham Shadow,advantage,Level Design,4,100.0
Batman: Arkham Shadow,advantage,Replayability,3,100.0
Batman: Arkham Shadow,advantage,Gameplay,15,93.33
Batman: Arkham Shadow,advantage,Performance,5,80.0
Batman: Arkham Shadow,advantage,Difficulty,4,75.0
Batman: The Enemy Within - Episode 5,advantage,Story,9,100.0
Batman: The Enemy Within - Episode 5,advantage,Characters,4,100.0
Batman: The Enemy Within - Episode 5,advantage,Replayability,3,100.0
Batman: The Enemy Within - The Complete Season,advantage,Story,9,77.78
Batman: The Enemy Within - The Complete Season,advantage,Gameplay,4,75.0
Batman: The Enemy Within - The Complete Season,advantage,Characters,6,66.67
Battle Chef Brigade,advantage,Gameplay,15,100.0
Battle Chef Brigade,advantage,Story,11,100.0
Battle Chef Brigade,advantage,Graphics,3,100.0
Battle Chef Brigade,advantage,Characters,9,100.0
Battle Suit Aces,advantage,Story,3,100.0
Battle Suit Aces,advantage,Characters,4,100.0
BattleBlock Theater,advantage,Gameplay,3,100.0
BattleBlock Theater,advantage,Level Design,3,66.67
BattleTech,advantage,Level Design,3,100.0
BattleTech,advantage,Music & Sound,3,66.67
Battlefield 1,advantage,Story,7,100.0
Battlefield 1,advantage,Graphics,11,100.0
Battlefield 1,advantage,Characters,3,100.0
Battlefield 1,advantage,Level Design,4,100.0
Battlefield 1,advantage,Difficulty,6,100.0
Battlefield 1,advantage,Music & Sound,4,100.0
Battlefield 1,advantage,Performance,11,100.0
Battlefield 1,advantage,Gameplay,18,94.44
Battlefield 6,advantage,Replayability,10,100.0
Battlefield 6,advantage,Difficulty,9,100.0
Battlefield 6,advantage,Performance,24,91.67
Battlefield 6,advantage,Music & Sound,12,91.67
Battlefield 6,advantage,Graphics,16,87.5
Battlefield 6,advantage,Level Design,7,85.71
Battlefield 6,advantage,Gameplay,30,83.33
Battlefield 6,advantage,Story,15,73.33
Battlefleet Gothic: Armada,advantage,Story,3,100.0
Bayonetta,advantage,Difficulty,4,100.0
Bayonetta,advantage,Characters,3,100.0
Bayonetta,advantage,Performance,7,100.0
Bayonetta,advantage,Gameplay,16,87.5
Bayonetta,advantage,Story,7,85.71
Bayonetta,advantage,Graphics,10,80.0
Bayonetta & Vanquish 10th Anniversary Bundle,advantage,Replayability,5,100.0
Bayonetta & Vanquish 10th Anniversary Bundle,advantage,Difficulty,5,100.0
Bayonetta & Vanquish 10th Anniversary Bundle,advantage,Characters,3,100.0
Bayonetta & Vanquish 10th Anniversary Bundle,advantage,Performance,7,85.71
Bayonetta & Vanquish 10th Anniversary Bundle,advantage,Graphics,4,75.0
Bayonetta & Vanquish 10th Anniversary Bundle,advantage,Story,3,66.67
Bayonetta & Vanquish 10th Anniversary Bundle,advantage,Gameplay,11,63.64
Bayonetta 1+2,advantage,Gameplay,14,100.0
Bayonetta 1+2,advantage,Story,6,100.0
Bayonetta 1+2,advantage,Graphics,4,100.0
Bayonetta 1+2,advantage,Characters,5,100.0
Bayonetta 1+2,advantage,Difficulty,3,100.0
Bayonetta 1+2,advantage,Performance,3,100.0
Bayonetta 1+2,advantage,Replayability,5,100.0
Bayonetta 2,advantage,Level Design,4,100.0
Bayonetta 2,advantage,Performance,3,100.0
Bayonetta 2,advantage,Replayability,6,100.0
Bayonetta 2,advantage,Difficulty,7,100.0
Bayonetta 2,advantage,Characters,14,92.86
Bayonetta 2,advantage,Gameplay,27,88.89
Bayonetta 2,advantage,Graphics,6,83.33
Bayonetta 2,advantage,Story,6,83.33
Bayonetta 2,advantage,Music & Sound,4,75.0
Bayonetta 3,advantage,Music & Sound,5,100.0
Bayonetta 3,advantage,Performance,16,93.75
Bayonetta 3,advantage,Characters,15,86.67
Bayonetta 3,advantage,Graphics,7,85.71
Bayonetta 3,advantage,Difficulty,11,81.82
Bayonetta 3,advantage,Gameplay,58,75.86
Bayonetta 3,advantage,Level Design,15,66.67
Bayonetta Origins: Cereza and the Lost Demon,advantage,Music & Sound,3,100.0
Bayonetta Origins: Cereza and the Lost Demon,advantage,Story,22,86.36
Bayonetta Origins: Cereza and the Lost Demon,advantage,Characters,13,84.62
Bayonetta Origins: Cereza and the Lost Demon,advantage,Gameplay,42,71.43
Bayonetta Origins: Cereza and the Lost Demon,advantage,Graphics,7,71.43
Beacon Pines,advantage,Music & Sound,3,100.0
Beacon Pines,advantage,Difficulty,3,100.0
Beacon Pines,advantage,Characters,9,88.89
Beacon Pines,advantage,Story,25,88.0
Beacon Pines,advantage,Graphics,8,75.0
Beacon Pines,advantage,Gameplay,10,70.0
Beat Saber,advantage,Level Design,4,100.0
Beat Saber,advantage,Difficulty,5,100.0
Beat Saber,advantage,Gameplay,10,90.0
Beat Saber,advantage,Music & Sound,13,84.62
Before I Forget,advantage,Story,6,83.33
Before Your Eyes,advantage,Music & Sound,4,100.0
Before Your Eyes,advantage,Story,27,85.19
Before Your Eyes,advantage,Gameplay,6,83.33
Before Your Eyes,advantage,Performance,3,66.67
Before Your Eyes,advantage,Characters,5,60.0
Berserk Boy,advantage,Graphics,9,88.89
Berserk Boy,advantage,Characters,6,83.33
Berserk Boy,advantage,Gameplay,28,82.14
Berserk Boy,advantage,Music & Sound,16,81.25
Berserk Boy,advantage,Story,4,75.0
Berserk Boy,advantage,Level Design,7,71.43
Berserk Boy,advantage,Difficulty,14,71.43
Betrayal At Club Low,advantage,Gameplay,3,100.0
Betrayal At Club Low,advantage,Characters,3,100.0
Betrayal At Club Low,advantage,Story,3,66.67
Beyond Galaxyland,advantage,Story,9,100.0
Beyond Galaxyland,advantage,Difficulty,3,100.0
Beyond Galaxyland,advantage,Characters,7,85.71
Beyond Galaxyland,advantage,Gameplay,13,84.62
BioShock Infinite: Burial at Sea - Episode Two,advantage,Replayability,3,100.0
BioShock Infinite: Burial at Sea - Episode Two,advantage,Difficulty,3,100.0
BioShock Infinite: Burial at Sea - Episode Two,advantage,Story,14,85.71
BioShock Infinite: Burial at Sea - Episode Two,advantage,Gameplay,6,83.33
BioShock: The Collection,advantage,Gameplay,6,100.0
BioShock: The Collection,advantage,Characters,3,100.0
BioShock: The Collection,advantage,Difficulty,7,100.0
BioShock: The Collection,advantage,Performance,10,90.0
BioShock: The Collection,advantage,Replayability,16,87.5
BioShock: The Collection,advantage,Graphics,8,62.5
Bionic Bay,advantage,Story,4,100.0
Bionic Bay,advantage,Difficulty,4,100.0
Bionic Bay,advantage,Gameplay,19,84.21
Bionic Bay,advantage,Graphics,10,80.0
Bionic Bay,advantage,Level Design,8,62.5
Black Book,advantage,Characters,3,100.0
Black Book,advantage,Story,7,71.43
Black Jacket,advantage,Gameplay,3,100.0
Black Myth: Wukong,advantage,Characters,9,88.89
Black Myth: Wukong,advantage,Difficulty,18,77.78
Black Myth: Wukong,advantage,Story,27,74.07
Black Myth: Wukong,advantage,Gameplay,55,72.73
Black Myth: Wukong,advantage,Graphics,24,66.67
Black Myth: Wukong,advantage,Performance,21,66.67
Black Myth: Wukong,advantage,Music & Sound,5,60.0
Blade Chimera,advantage,Story,10,100.0
Blade Chimera,advantage,Graphics,6,100.0
Blade Chimera,advantage,Gameplay,20,80.0
Blade Chimera,advantage,Difficulty,5,80.0
Blade Chimera,advantage,Replayability,4,75.0
Blade Chimera,advantage,Level Design,3,66.67
Blasphemous 2,advantage,Characters,3,100.0
Blasphemous 2,advantage,Performance,4,100.0
Blasphemous 2,advantage,Music & Sound,5,100.0
Blasphemous 2,advantage,Level Design,11,100.0
Blasphemous 2,advantage,Difficulty,15,93.33
Blasphemous 2,advantage,Gameplay,42,90.48
Blasphemous 2,advantage,Graphics,14,85.71
Blasphemous 2,advantage,Story,14,85.71
Blaster Master Zero 2,advantage,Gameplay,7,85.71
Blaster Master Zero 2,advantage,Difficulty,3,66.67
BlazBlue Entropy Effect,advantage,Story,5,80.0
BlazBlue Entropy Effect,advantage,Gameplay,10,70.0
BlazBlue Entropy Effect X,advantage,Characters,10,80.0
BlazBlue Entropy Effect X,advantage,Difficulty,5,80.0
BlazBlue Entropy Effect X,advantage,Gameplay,16,75.0
BlazBlue Entropy Effect X,advantage,Graphics,6,66.67
BlazBlue Entropy Effect X,advantage,Replayability,3,66.67
BlazBlue: Central Fiction,advantage,Graphics,3,100.0
BlazBlue: Central Fiction,advantage,Replayability,4,100.0
BlazBlue: Central Fiction,advantage,Characters,13,92.31
BlazBlue: Central Fiction,advantage,Gameplay,9,88.89
BlazBlue: Central Fiction,advantage,Difficulty,4,75.0
BlazBlue: Central Fiction Special Edition,advantage,Characters,5,80.0
BlazBlue: Central Fiction Special Edition,advantage,Story,4,75.0
BlazBlue: Central Fiction Special Edition,advantage,Graphics,3,66.67
BlazBlue: Central Fiction Special Edition,advantage,Replayability,3,66.67
Blazing Beaks,advantage,Gameplay,3,66.67
Blazing Beaks,advantage,Graphics,3,66.67
Blazing Beaks,advantage,Difficulty,3,66.67
Blood & Truth,advantage,Performance,3,100.0
Blood & Truth,advantage,Music & Sound,3,100.0
Blood & Truth,advantage,Characters,10,80.0
Blood & Truth,advantage,Story,20,80.0
Blood & Truth,advantage,Gameplay,14,78.57
Blood West,advantage,Level Design,5,80.0
Blood West,advantage,Performance,3,66.67
Blood: Fresh Supply,advantage,Gameplay,3,100.0
Blood: Fresh Supply,advantage,Performance,4,100.0
Blood: Refreshed Supply,advantage,Level Design,3,100.0
Blood: Refreshed Supply,advantage,Difficulty,3,100.0
Blood: Refreshed Supply,advantage,Replayability,4,100.0
Blood: Refreshed Supply,advantage,Performance,5,60.0
Bloodborne,advantage,Story,3,100.0
Bloodborne,advantage,Difficulty,20,95.0
Bloodborne,advantage,Gameplay,24,91.67
Bloodborne,advantage,Performance,6,83.33
Bloodborne: The Old Hunters,advantage,Difficulty,8,100.0
Bloodborne: The Old Hunters,advantage,Replayability,7,85.71
Bloodstained: Curse of the Moon 2,advantage,Graphics,3,100.0
Bloodstained: Curse of the Moon 2,advantage,Level Design,3,100.0
Bloodstained: Curse of the Moon 2,advantage,Characters,4,100.0
Bloodstained: Curse of the Moon 2,advantage,Gameplay,7,85.71
Bloodstained: Curse of the Moon 2,advantage,Difficulty,7,85.71
Bloodstained: Ritual of the Night,advantage,Graphics,6,100.0
Bloodstained: Ritual of the Night,advantage,Music & Sound,3,100.0
Bloodstained: Ritual of the Night,advantage,Replayability,7,100.0
Bloodstained: Ritual of the Night,advantage,Characters,6,83.33
Bloodstained: Ritual of the Night,advantage,Gameplay,30,80.0
Bloodstained: Ritual of the Night,advantage,Story,5,80.0
Bloodstained: Ritual of the Night,advantage,Level Design,5,80.0
Bloodstained: Ritual of the Night,advantage,Difficulty,14,78.57
Blue Prince,advantage,Story,9,100.0
Blue Prince,advantage,Difficulty,7,100.0
Blue Prince,advantage,Graphics,5,100.0
Blue Prince,advantage,Performance,3,100.0
Blue Prince,advantage,Gameplay,26,96.15
Bonfire Peaks,advantage,Gameplay,5,80.0
Bonfire Peaks,advantage,Difficulty,4,75.0
Borderlands 2,advantage,Characters,3,66.67
Borderlands 3,advantage,Characters,18,72.22
Borderlands 3,advantage,Replayability,10,70.0
Borderlands 3,advantage,Gameplay,30,63.33
Borderlands 4,advantage,Gameplay,65,84.62
Borderlands 4,advantage,Story,45,82.22
Borderlands 4,advantage,Replayability,10,80.0
Borderlands 4,advantage,Performance,53,71.7
Borderlands 4,advantage,Characters,26,69.23
Borderlands 4,advantage,Level Design,5,60.0
Borderlands Legendary Collection,advantage,Gameplay,5,100.0
Borderlands Legendary Collection,advantage,Replayability,3,100.0
Borderlands Legendary Collection,advantage,Performance,5,60.0
Borderlands: The Handsome Collection,advantage,Graphics,6,100.0
Borderlands: The Handsome Collection,advantage,Replayability,10,90.0
Borderlands: The Handsome Collection,advantage,Gameplay,5,80.0
Borderlands: The Handsome Collection,advantage,Difficulty,4,75.0
Borderlands: The Handsome Collection,advantage,Performance,8,62.5
Botany Manor,advantage,Story,15,80.0
Botany Manor,advantage,Gameplay,11,72.73
BoxVR,advantage,Gameplay,3,100.0
BoxVR,advantage,Music & Sound,4,100.0
Braid: Anniversary Edition,advantage,Graphics,8,100.0
Braid: Anniversary Edition,advantage,Level Design,6,83.33
Braid: Anniversary Edition,advantage,Gameplay,5,80.0
Braid: Anniversary Edition,advantage,Replayability,4,75.0
Braid: Anniversary Edition,advantage,Difficulty,5,60.0
Bravely Default,advantage,Graphics,4,100.0
Bravely Default,advantage,Music & Sound,3,100.0
Bravely Default,advantage,Characters,4,100.0
Bravely Default,advantage,Gameplay,10,90.0
Bravely Default,advantage,Story,7,85.71
Bravely Default: Flying Fairy HD Remaster,advantage,Replayability,7,100.0
Bravely Default: Flying Fairy HD Remaster,advantage,Music & Sound,10,90.0
Bravely Default: Flying Fairy HD Remaster,advantage,Graphics,16,87.5
Bravely Default: Flying Fairy HD Remaster,advantage,Gameplay,30,86.67
Bravely Default: Flying Fairy HD Remaster,advantage,Characters,7,85.71
Bravely Default: Flying Fairy HD Remaster,advantage,Story,20,85.0
Bravely Second: End Layer,advantage,Difficulty,4,100.0
Bravely Second: End Layer,advantage,Gameplay,11,81.82
Bravely Second: End Layer,advantage,Characters,9,77.78
Bravely Second: End Layer,advantage,Music & Sound,3,66.67
Bravely Second: End Layer,advantage,Graphics,5,60.0
Broken Age: Act 1,advantage,Characters,7,71.43
Broken Age: Act 1,advantage,Difficulty,7,71.43
Broken Age: Act 1,advantage,Replayability,3,66.67
Broken Age: Act 1,advantage,Story,11,63.64
Broken Sword - Shadow of the Templars: Reforged,advantage,Gameplay,7,85.71
Broken Sword - Shadow of the Templars: Reforged,advantage,Story,12,83.33
Broken Sword - Shadow of the Templars: Reforged,advantage,Characters,4,75.0
Broken Sword - Shadow of the Templars: Reforged,advantage,Graphics,15,66.67
Brothers: A Tale of Two Sons Remake,advantage,Story,24,75.0
Brothers: A Tale of Two Sons Remake,advantage,Music & Sound,8,75.0
Brothers: A Tale of Two Sons Remake,advantage,Graphics,23,73.91
Brothers: A Tale of Two Sons Remake,advantage,Gameplay,17,70.59
Brothers: A Tale of Two Sons Remake,advantage,Level Design,3,66.67
Buckshot Roulette,advantage,Gameplay,6,83.33
Bug Academy,advantage,Gameplay,3,100.0
Bug Academy,advantage,Performance,5,80.0
Bug Fables: The Everlasting Sapling,advantage,Story,6,100.0
Bug Fables: The Everlasting Sapling,advantage,Characters,8,100.0
Bug Fables: The Everlasting Sapling,advantage,Difficulty,3,100.0
Bug Fables: The Everlasting Sapling,advantage,Music & Sound,3,100.0
Bug Fables: The Everlasting Sapling,advantage,Performance,27,88.89
Bug Fables: The Everlasting Sapling,advantage,Gameplay,13,76.92
Buried Stars,advantage,Gameplay,3,100.0
Buried Stars,advantage,Graphics,6,100.0
Buried Stars,advantage,Story,9,88.89
Buried Stars,advantage,Characters,4,75.0
Bustafellows,advantage,Graphics,6,83.33
Bustafellows,advantage,Story,7,71.43
Bustafellows,advantage,Difficulty,3,66.67
CHUCHEL,advantage,Graphics,3,66.67
CONVERGENCE: A League of Legends Story,advantage,Difficulty,6,83.33
CONVERGENCE: A League of Legends Story,advantage,Gameplay,26,65.38
CONVERGENCE: A League of Legends Story,advantage,Story,23,65.22
Cabernet,advantage,Characters,3,100.0
Cabernet,advantage,Story,11,81.82
Cabernet,advantage,Gameplay,4,75.0
Cadence of Hyrule: Crypt of the NecroDancer Featuring The Legend of Zelda,advantage,Graphics,6,100.0
Cadence of Hyrule: Crypt of the NecroDancer Featuring The Legend of Zelda,advantage,Difficulty,7,100.0
Cadence of Hyrule: Crypt of the NecroDancer Featuring The Legend of Zelda,advantage,Gameplay,21,95.24
Cadence of Hyrule: Crypt of the NecroDancer Featuring The Legend of Zelda,advantage,Music & Sound,19,94.74
Cadence of Hyrule: Crypt of the NecroDancer Featuring The Legend of Zelda,advantage,Replayability,3,66.67
Cafe Enchante,advantage,Difficulty,3,100.0
Cafe Enchante,advantage,Story,5,60.0
Cairn,advantage,Story,24,100.0
Cairn,advantage,Level Design,7,100.0
Cairn,advantage,Music & Sound,7,100.0
Cairn,advantage,Graphics,12,91.67
Cairn,advantage,Characters,9,88.89
Cairn,advantage,Gameplay,36,88.89
Cairn,advantage,Difficulty,27,88.89
Cairn,advantage,Performance,9,66.67
Call of Duty 4: Modern Warfare Remastered,advantage,Gameplay,5,100.0
Call of Duty 4: Modern Warfare Remastered,advantage,Graphics,5,60.0
Call of Duty: Advanced Warfare,advantage,Performance,3,100.0
Call of Duty: Advanced Warfare,advantage,Story,19,84.21
Call of Duty: Advanced Warfare,advantage,Gameplay,18,72.22
Call of Duty: Advanced Warfare,advantage,Characters,3,66.67
Call of Duty: Advanced Warfare,advantage,Difficulty,6,66.67
Call of Duty: Advanced Warfare,advantage,Level Design,3,66.67
Call of Duty: Advanced Warfare,advantage,Replayability,3,66.67
Call of Duty: Advanced Warfare,advantage,Graphics,5,60.0
Call of Duty: Black Ops 4,advantage,Gameplay,9,100.0
Call of Duty: Black Ops 4,advantage,Level Design,3,100.0
Call of Duty: Black Ops 4,advantage,Replayability,15,86.67
Call of Duty: Black Ops 4,advantage,Difficulty,6,83.33
Call of Duty: Black Ops 4,advantage,Story,7,71.43
Call of Duty: Black Ops 6,advantage,Graphics,7,100.0
Call of Duty: Black Ops 6,advantage,Difficulty,5,100.0
Call of Duty: Black Ops 6,advantage,Gameplay,47,91.49
Call of Duty: Black Ops 6,advantage,Characters,10,90.0
Call of Duty: Black Ops 6,advantage,Level Design,10,90.0
Call of Duty: Black Ops 6,advantage,Story,24,87.5
Call of Duty: Black Ops 6,advantage,Performance,11,81.82
Call of Duty: Black Ops 6,advantage,Replayability,10,80.0
Call of Duty: Modern Warfare,advantage,Replayability,9,77.78
Call of Duty: Modern Warfare,advantage,Performance,11,72.73
Call of Duty: Modern Warfare,advantage,Graphics,10,70.0
Call of Duty: Modern Warfare,advantage,Gameplay,19,68.42
Call of Duty: Modern Warfare,advantage,Story,28,64.29
Call of Duty: Modern Warfare,advantage,Level Design,5,60.0
Call of Duty: Modern Warfare,advantage,Difficulty,10,60.0
Call of Duty: Modern Warfare,advantage,Music & Sound,5,60.0
Call of Duty: Warzone,advantage,Gameplay,4,100.0
Call of Duty: Warzone 2.0,advantage,Level Design,5,60.0
Capcom Fighting Collection 2,advantage,Gameplay,5,100.0
Capcom Fighting Collection 2,advantage,Graphics,4,100.0
Capcom Fighting Collection 2,advantage,Performance,3,100.0
Capcom Fighting Collection 2,advantage,Replayability,7,100.0
Capcom Fighting Collection 2,advantage,Difficulty,4,75.0
Captain Toad: Treasure Tracker,advantage,Characters,6,100.0
Captain Toad: Treasure Tracker,advantage,Music & Sound,4,100.0
Captain Toad: Treasure Tracker,advantage,Gameplay,22,86.36
Captain Toad: Treasure Tracker,advantage,Level Design,42,80.95
Captain Toad: Treasure Tracker,advantage,Graphics,5,80.0
Captain Toad: Treasure Tracker,advantage,Replayability,17,76.47
Captain Toad: Treasure Tracker,advantage,Difficulty,12,75.0
Captain Toad: Treasure Tracker Special Episode,advantage,Level Design,4,75.0
Captain Velvet Meteor: The Jump+ Dimensions,advantage,Characters,6,66.67
Captain Velvet Meteor: The Jump+ Dimensions,advantage,Story,5,60.0
Card Shark,advantage,Characters,4,75.0
Card Shark,advantage,Performance,4,75.0
Card Shark,advantage,Gameplay,28,71.43
Card Shark,advantage,Music & Sound,7,71.43
Card Shark,advantage,Graphics,13,69.23
Card Shark,advantage,Story,21,66.67
Card Shark,advantage,Difficulty,10,60.0
Cardpocalypse,advantage,Gameplay,4,100.0
Cardpocalypse,advantage,Story,3,100.0
Cassette Beasts,advantage,Gameplay,13,100.0
Cassette Beasts,advantage,Story,11,100.0
Cassette Beasts,advantage,Characters,4,100.0
Cassette Beasts,advantage,Music & Sound,7,100.0
Cassette Beasts,advantage,Performance,5,60.0
Castlevania Dominus Collection,advantage,Gameplay,8,100.0
Castlevania Dominus Collection,advantage,Difficulty,5,100.0
Cat Quest III,advantage,Replayability,3,100.0
Cat Quest III,advantage,Difficulty,6,100.0
Cat Quest III,advantage,Story,18,94.44
Cat Quest III,advantage,Gameplay,31,83.87
Cat Quest III,advantage,Characters,6,83.33
Cat Quest III,advantage,Level Design,5,80.0
Cat Quest III,advantage,Graphics,11,72.73
Catherine: Full Body,advantage,Level Design,3,100.0
Catherine: Full Body,advantage,Replayability,12,100.0
Catherine: Full Body,advantage,Gameplay,24,87.5
Catherine: Full Body,advantage,Graphics,15,80.0
Catherine: Full Body,advantage,Story,42,78.57
Catherine: Full Body,advantage,Difficulty,15,73.33
Catherine: Full Body,advantage,Characters,15,66.67
Cave Story+,advantage,Gameplay,3,100.0
Cave Story+,advantage,Story,15,93.33
Caves of Qud,advantage,Difficulty,3,100.0
Caves of Qud,advantage,Gameplay,3,66.67
Celeste,advantage,Gameplay,24,100.0
Celeste,advantage,Story,28,100.0
Celeste,advantage,Graphics,6,100.0
Celeste,advantage,Characters,7,100.0
Celeste,advantage,Level Design,11,100.0
Celeste,advantage,Music & Sound,5,100.0
Celeste,advantage,Difficulty,22,100.0
ChainStaff,advantage,Difficulty,8,75.0
ChainStaff,advantage,Level Design,3,66.67
Chained Echoes,advantage,Music & Sound,6,100.0
Chained Echoes,advantage,Replayability,3,100.0
Chained Echoes,advantage,Story,19,94.74
Chained Echoes,advantage,Characters,13,92.31
Chained Echoes,advantage,Gameplay,23,91.3
Chained Echoes,advantage,Difficulty,8,87.5
Chained Echoes,advantage,Graphics,4,75.0
Chants of Sennaar,advantage,Difficulty,8,87.5
Chants of Sennaar,advantage,Graphics,7,85.71
Chants of Sennaar,advantage,Music & Sound,4,75.0
Chants of Sennaar,advantage,Story,3,66.67
Chants of Sennaar,advantage,Gameplay,11,63.64
Chess Ultra,advantage,Difficulty,3,100.0
Chicken Police,advantage,Graphics,10,100.0
Chicken Police,advantage,Characters,8,100.0
Chicken Police,advantage,Story,15,86.67
Chicken Police,advantage,Difficulty,5,80.0
Chicken Police,advantage,Gameplay,3,66.67
Chicken Police: Into the HIVE!,advantage,Story,6,66.67
Chicken Police: Into the HIVE!,advantage,Characters,3,66.67
Chicory: A Colorful Tale,advantage,Graphics,3,100.0
Chicory: A Colorful Tale,advantage,Level Design,4,100.0
Chicory: A Colorful Tale,advantage,Characters,12,100.0
Chicory: A Colorful Tale,advantage,Difficulty,4,100.0
Chicory: A Colorful Tale,advantage,Gameplay,18,94.44
Chicory: A Colorful Tale,advantage,Story,19,89.47
Chicory: A Colorful Tale,advantage,Music & Sound,8,87.5
Child of Light,advantage,Music & Sound,9,100.0
Child of Light,advantage,Graphics,8,100.0
Child of Light,advantage,Difficulty,5,100.0
Child of Light,advantage,Story,27,85.19
Child of Light,advantage,Characters,6,83.33
Child of Light,advantage,Gameplay,28,82.14
Child of Light: Ultimate Edition,advantage,Difficulty,3,100.0
Child of Light: Ultimate Edition,advantage,Gameplay,3,66.67
Children of Morta,advantage,Music & Sound,3,100.0
Children of Morta,advantage,Gameplay,46,89.13
Children of Morta,advantage,Level Design,9,88.89
Children of Morta,advantage,Story,44,88.64
Children of Morta,advantage,Graphics,17,88.24
Children of Morta,advantage,Characters,21,76.19
Children of Morta,advantage,Difficulty,13,69.23
Children of Morta,advantage,Performance,3,66.67
Children of Morta,advantage,Replayability,8,62.5
Children of the Sun,advantage,Difficulty,9,100.0
Children of the Sun,advantage,Gameplay,20,85.0
Children of the Sun,advantage,Level Design,13,84.62
Children of the Sun,advantage,Story,12,83.33
Children of the Sun,advantage,Graphics,5,80.0
Children of the Sun,advantage,Music & Sound,5,60.0
Chivalry 2,advantage,Replayability,9,88.89
Chivalry 2,advantage,Gameplay,30,86.67
Chivalry 2,advantage,Difficulty,6,83.33
Chivalry 2,advantage,Performance,12,75.0
Chivalry 2,advantage,Characters,3,66.67
Chivalry 2,advantage,Level Design,6,66.67
Chroma Quaternion,advantage,Difficulty,3,100.0
Cities: Skylines,advantage,Level Design,3,100.0
Cities: Skylines,advantage,Performance,3,100.0
Cities: Skylines,advantage,Difficulty,7,85.71
Cities: Skylines,advantage,Replayability,6,83.33
Cities: Skylines,advantage,Gameplay,10,70.0
Citizen Sleeper,advantage,Music & Sound,3,100.0
Citizen Sleeper,advantage,Characters,10,90.0
Citizen Sleeper,advantage,Story,25,84.0
Citizen Sleeper,advantage,Gameplay,16,81.25
Citizen Sleeper,advantage,Replayability,4,75.0
Citizen Sleeper,advantage,Graphics,6,66.67
Citizen Sleeper,advantage,Difficulty,3,66.67
Citizen Sleeper 2: Starward Vector,advantage,Music & Sound,6,100.0
Citizen Sleeper 2: Starward Vector,advantage,Difficulty,5,100.0
Citizen Sleeper 2: Starward Vector,advantage,Gameplay,28,96.43
Citizen Sleeper 2: Starward Vector,advantage,Story,45,91.11
Citizen Sleeper 2: Starward Vector,advantage,Characters,21,90.48
Citizen Sleeper 2: Starward Vector,advantage,Graphics,5,80.0
Clair Obscur: Expedition 33,advantage,Graphics,28,100.0
Clair Obscur: Expedition 33,advantage,Performance,9,100.0
Clair Obscur: Expedition 33,advantage,Characters,36,100.0
Clair Obscur: Expedition 33,advantage,Level Design,9,100.0
Clair Obscur: Expedition 33,advantage,Difficulty,20,100.0
Clair Obscur: Expedition 33,advantage,Gameplay,100,99.0
Clair Obscur: Expedition 33,advantage,Story,96,97.92
Clair Obscur: Expedition 33,advantage,Music & Sound,31,96.77
Clair Obscur: Expedition 33,advantage,Replayability,4,75.0
Clannad,advantage,Story,4,75.0
Clannad,advantage,Graphics,3,66.67
Closer the Distance,advantage,Gameplay,6,100.0
Closer the Distance,advantage,Graphics,3,100.0
Closer the Distance,advantage,Difficulty,5,100.0
Closer the Distance,advantage,Music & Sound,3,100.0
Closer the Distance,advantage,Story,11,90.91
Closer the Distance,advantage,Characters,4,75.0
CloverPit,advantage,Difficulty,4,100.0
CloverPit,advantage,Gameplay,9,66.67
Clubhouse Games: 51 Worldwide Classics,advantage,Replayability,4,75.0
Cobalt Core,advantage,Gameplay,3,100.0
Cobalt Core,advantage,Characters,3,100.0
Cocoon,advantage,Story,4,100.0
Cocoon,advantage,Level Design,10,100.0
Cocoon,advantage,Graphics,5,100.0
Cocoon,advantage,Difficulty,10,100.0
Cocoon,advantage,Gameplay,23,86.96
Code 7,advantage,Gameplay,3,66.67
Code 7,advantage,Story,3,66.67
Code: Realize ~Guardian of Rebirth~,advantage,Graphics,5,100.0
Coffee Talk Episode 2: Hibiscus & Butterfly,advantage,Characters,14,92.86
Coffee Talk Episode 2: Hibiscus & Butterfly,advantage,Gameplay,10,80.0
Coffee Talk Episode 2: Hibiscus & Butterfly,advantage,Music & Sound,5,80.0
Coffee Talk Episode 2: Hibiscus & Butterfly,advantage,Difficulty,4,75.0
Coffee Talk Episode 2: Hibiscus & Butterfly,advantage,Story,10,70.0
Coffee Talk Episode 2: Hibiscus & Butterfly,advantage,Graphics,14,64.29
Coffee Talk Tokyo,advantage,Music & Sound,4,100.0
Coffee Talk Tokyo,advantage,Story,15,80.0
Coffee Talk Tokyo,advantage,Gameplay,8,75.0
Coffee Talk Tokyo,advantage,Characters,19,73.68
Coffee Talk Tokyo,advantage,Graphics,8,62.5
Collar X Malice,advantage,Characters,4,100.0
Collar X Malice,advantage,Graphics,13,92.31
Collar X Malice,advantage,Story,12,66.67
Collar X Malice,advantage,Level Design,3,66.67
Collar X Malice,advantage,Difficulty,3,66.67
Command & Conquer Remastered Collection,advantage,Replayability,7,100.0
Command & Conquer Remastered Collection,advantage,Gameplay,7,85.71
Command & Conquer Remastered Collection,advantage,Difficulty,4,75.0
Constance,advantage,Graphics,9,100.0
Constance,advantage,Difficulty,11,100.0
Constance,advantage,Characters,5,100.0
Constance,advantage,Gameplay,31,87.1
Constance,advantage,Story,19,84.21
Constance,advantage,Level Design,6,83.33
Constance,advantage,Replayability,4,75.0
Consume Me,advantage,Difficulty,5,100.0
Consume Me,advantage,Gameplay,6,66.67
Consume Me,advantage,Story,6,66.67
Control,advantage,Difficulty,9,88.89
Control,advantage,Gameplay,74,78.38
Control,advantage,Story,70,77.14
Control,advantage,Characters,14,64.29
Control,advantage,Graphics,11,63.64
Control,advantage,Performance,19,63.16
Control,advantage,Level Design,20,60.0
Control: Ultimate Edition,advantage,Performance,13,100.0
Control: Ultimate Edition,advantage,Replayability,4,100.0
Control: Ultimate Edition,advantage,Gameplay,13,92.31
Control: Ultimate Edition,advantage,Story,8,87.5
Control: Ultimate Edition,advantage,Graphics,9,77.78
Control: Ultimate Edition,advantage,Music & Sound,3,66.67
Coral Island,advantage,Performance,3,66.67
Core Keeper,advantage,Gameplay,6,100.0
Cosmonious High,advantage,Gameplay,4,75.0
Cotton Fantasy,advantage,Characters,17,100.0
Cotton Fantasy,advantage,Level Design,4,100.0
Cotton Fantasy,advantage,Replayability,6,83.33
Cotton Fantasy,advantage,Difficulty,5,80.0
Cotton Fantasy,advantage,Gameplay,9,77.78
Crash Bandicoot 4: It's About Time,advantage,Graphics,16,100.0
Crash Bandicoot 4: It's About Time,advantage,Music & Sound,3,100.0
Crash Bandicoot 4: It's About Time,advantage,Gameplay,55,90.91
Crash Bandicoot 4: It's About Time,advantage,Characters,21,90.48
Crash Bandicoot 4: It's About Time,advantage,Story,9,88.89
Crash Bandicoot 4: It's About Time,advantage,Difficulty,44,88.64
Crash Bandicoot 4: It's About Time,advantage,Replayability,23,86.96
Crash Bandicoot 4: It's About Time,advantage,Level Design,36,86.11
Crash Bandicoot 4: It's About Time,advantage,Performance,6,83.33
Crash Team Racing: Nitro-Fueled,advantage,Gameplay,16,100.0
Crash Team Racing: Nitro-Fueled,advantage,Characters,5,100.0
Crash Team Racing: Nitro-Fueled,advantage,Performance,5,100.0
Crash Team Racing: Nitro-Fueled,advantage,Replayability,34,91.18
Crash Team Racing: Nitro-Fueled,advantage,Graphics,11,90.91
Crash Team Racing: Nitro-Fueled,advantage,Difficulty,22,86.36
Crash Team Racing: Nitro-Fueled,advantage,Level Design,4,75.0
Crashlands 2,advantage,Story,4,100.0
Crashlands 2,advantage,Gameplay,7,85.71
Creaks,advantage,Story,4,100.0
Creaks,advantage,Music & Sound,5,100.0
Creaks,advantage,Graphics,8,87.5
Cross Blitz,advantage,Gameplay,4,100.0
CrossCode,advantage,Graphics,6,100.0
CrossCode,advantage,Music & Sound,6,83.33
CrossCode,advantage,Gameplay,35,82.86
CrossCode,advantage,Characters,9,77.78
CrossCode,advantage,Story,16,75.0
CrossCode,advantage,Replayability,4,75.0
Crow Country,advantage,Difficulty,10,100.0
Crow Country,advantage,Characters,3,100.0
Crow Country,advantage,Level Design,7,85.71
Crow Country,advantage,Graphics,8,75.0
Crow Country,advantage,Gameplay,17,70.59
Crow Country,advantage,Story,14,64.29
Crown Trick,advantage,Difficulty,7,85.71
Crown Trick,advantage,Gameplay,18,77.78
Crown Trick,advantage,Story,4,75.0
Crown Trick,advantage,Graphics,9,66.67
Crusader Kings III,advantage,Gameplay,11,100.0
Crusader Kings III,advantage,Story,7,100.0
Crusader Kings III,advantage,Characters,8,100.0
Crusader Kings III,advantage,Level Design,3,100.0
Crusader Kings III,advantage,Difficulty,6,100.0
Crusader Kings III,advantage,Replayability,6,100.0
Crypt Custodian,advantage,Story,9,100.0
Crypt Custodian,advantage,Graphics,7,85.71
Crypt Custodian,advantage,Level Design,6,83.33
Crypt Custodian,advantage,Gameplay,16,81.25
Crypt Custodian,advantage,Difficulty,5,80.0
Crypt Custodian,advantage,Music & Sound,4,75.0
Crypt Custodian,advantage,Characters,7,71.43
Crypt of the NecroDancer,advantage,Music & Sound,16,87.5
Crypt of the NecroDancer,advantage,Gameplay,14,71.43
Cthulhu Saves Christmas,advantage,Gameplay,4,75.0
Cthulhu Saves Christmas,advantage,Story,3,66.67
Cthulhu Saves Christmas,advantage,Replayability,3,66.67
Cult of the Lamb,advantage,Level Design,4,100.0
Cult of the Lamb,advantage,Graphics,17,94.12
Cult of the Lamb,advantage,Story,13,92.31
Cult of the Lamb,advantage,Characters,13,92.31
Cult of the Lamb,advantage,Music & Sound,10,90.0
Cult of the Lamb,advantage,Gameplay,51,88.24
Cult of the Lamb,advantage,Difficulty,10,80.0
Cult of the Lamb,advantage,Performance,11,72.73
Cult of the Lamb,advantage,Replayability,6,66.67
Cult of the Lamb: Woolhaven,advantage,Gameplay,4,100.0
Cult of the Lamb: Woolhaven,advantage,Replayability,8,100.0
Cult of the Lamb: Woolhaven,advantage,Difficulty,4,75.0
Cuphead,advantage,Story,3,100.0
Cuphead,advantage,Replayability,3,100.0
Cuphead,advantage,Music & Sound,24,95.83
Cuphead,advantage,Gameplay,51,94.12
Cuphead,advantage,Characters,10,90.0
Cuphead,advantage,Level Design,20,90.0
Cuphead,advantage,Graphics,47,89.36
Cuphead,advantage,Difficulty,75,88.0
Cuphead,advantage,Performance,4,75.0
Cuphead: The Delicious Last Course,advantage,Characters,10,100.0
Cuphead: The Delicious Last Course,advantage,Graphics,11,100.0
Cuphead: The Delicious Last Course,advantage,Music & Sound,6,100.0
Cuphead: The Delicious Last Course,advantage,Replayability,17,88.24
Cuphead: The Delicious Last Course,advantage,Level Design,8,87.5
Cuphead: The Delicious Last Course,advantage,Gameplay,16,87.5
Cuphead: The Delicious Last Course,advantage,Difficulty,18,83.33
Cuphead: The Delicious Last Course,advantage,Story,4,75.0
Cupid Parasite,advantage,Story,6,100.0
Cupid Parasite,advantage,Music & Sound,3,100.0
Cupid Parasite,advantage,Difficulty,3,100.0
Cupid Parasite,advantage,Graphics,4,75.0
Curse of the Dead Gods,advantage,Story,7,100.0
Curse of the Dead Gods,advantage,Difficulty,12,83.33
Curse of the Dead Gods,advantage,Gameplay,29,79.31
Curse of the Dead Gods,advantage,Level Design,3,66.67
Curse of the Dead Gods,advantage,Replayability,5,60.0
Cyber Shadow,advantage,Difficulty,22,86.36
Cyber Shadow,advantage,Graphics,12,83.33
Cyber Shadow,advantage,Level Design,13,76.92
Cyber Shadow,advantage,Music & Sound,18,72.22
Cyber Shadow,advantage,Gameplay,27,66.67
Cyber Shadow,advantage,Story,5,60.0
Cyberpunk 2077: Phantom Liberty,advantage,Gameplay,24,100.0
Cyberpunk 2077: Phantom Liberty,advantage,Graphics,5,100.0
Cyberpunk 2077: Phantom Liberty,advantage,Difficulty,5,100.0
Cyberpunk 2077: Phantom Liberty,advantage,Level Design,10,100.0
Cyberpunk 2077: Phantom Liberty,advantage,Story,57,94.74
Cyberpunk 2077: Phantom Liberty,advantage,Replayability,18,94.44
Cyberpunk 2077: Phantom Liberty,advantage,Characters,25,92.0
Cyberpunk 2077: Phantom Liberty,advantage,Performance,10,80.0
DG2: Defense Grid 2,advantage,Level Design,4,100.0
DG2: Defense Grid 2,advantage,Story,9,88.89
DG2: Defense Grid 2,advantage,Gameplay,8,75.0
DG2: Defense Grid 2,advantage,Difficulty,4,75.0
DG2: Defense Grid 2,advantage,Replayability,7,71.43
DG2: Defense Grid 2,advantage,Characters,3,66.67
DJMAX RESPECT,advantage,Music & Sound,3,100.0
DJMAX RESPECT,advantage,Difficulty,7,100.0
DJMAX RESPECT,advantage,Replayability,5,100.0
DOOM Eternal (Switch),advantage,Graphics,5,100.0
DOOM Eternal (Switch),advantage,Performance,8,100.0
DOOM Eternal (Switch),advantage,Difficulty,4,100.0
DOOM Eternal (Switch),advantage,Gameplay,12,75.0
DOOM Eternal (Switch),advantage,Story,3,66.67
DUSK,advantage,Gameplay,9,100.0
DUSK,advantage,Story,4,100.0
DUSK,advantage,Level Design,7,100.0
DUSK,advantage,Music & Sound,3,100.0
DUSK,advantage,Performance,14,85.71
Dandara: Trials of Fear Edition,advantage,Replayability,3,66.67
Dandy Ace,advantage,Replayability,3,100.0
Dandy Ace,advantage,Difficulty,7,71.43
Dandy Ace,advantage,Characters,3,66.67
Danganronpa 1-2 Reload,advantage,Gameplay,3,100.0
Danganronpa 1-2 Reload,advantage,Characters,13,100.0
Danganronpa 1-2 Reload,advantage,Story,17,88.24
Danganronpa 1-2 Reload,advantage,Graphics,18,83.33
Danganronpa 1-2 Reload,advantage,Replayability,3,66.67
Danganronpa 2: Goodbye Despair (PC Edition),advantage,Story,5,80.0
Danganronpa Decadence,advantage,Characters,3,100.0
Danganronpa Decadence,advantage,Graphics,7,85.71
Danganronpa V3: Killing Harmony,advantage,Gameplay,6,100.0
Danganronpa V3: Killing Harmony,advantage,Graphics,13,84.62
Danganronpa V3: Killing Harmony,advantage,Story,24,83.33
Danganronpa V3: Killing Harmony,advantage,Characters,19,73.68
Danganronpa: Trigger Happy Havoc (PC Edition),advantage,Story,6,83.33
Danganronpa: Trigger Happy Havoc (PC Edition),advantage,Graphics,5,80.0
Danganronpa: Trigger Happy Havoc (PC Edition),advantage,Gameplay,4,75.0
Danganronpa: Trigger Happy Havoc (PC Edition),advantage,Characters,4,75.0
Danmaku Unlimited 3,advantage,Difficulty,5,100.0
Danmaku Unlimited 3,advantage,Gameplay,7,85.71
Dark Deity 2,advantage,Gameplay,3,100.0
Dark Deity 2,advantage,Story,3,100.0
Dark Souls II,advantage,Gameplay,5,100.0
Dark Souls II,advantage,Difficulty,14,78.57
Dark Souls II: Crown of the Ivory King,advantage,Difficulty,3,100.0
Dark Souls II: Crown of the Sunken King,advantage,Replayability,4,75.0
Dark Souls II: Scholar of the First Sin,advantage,Graphics,6,100.0
Dark Souls II: Scholar of the First Sin,advantage,Difficulty,6,100.0
Dark Souls II: Scholar of the First Sin,advantage,Replayability,10,90.0
Dark Souls II: Scholar of the First Sin,advantage,Performance,3,66.67
Dark Souls III,advantage,Story,4,100.0
Dark Souls III,advantage,Graphics,7,100.0
Dark Souls III,advantage,Level Design,19,100.0
Dark Souls III,advantage,Music & Sound,3,100.0
Dark Souls III,advantage,Gameplay,34,97.06
Dark Souls III,advantage,Difficulty,23,95.65
Dark Souls III,advantage,Performance,10,90.0
Dark Souls III: The Ringed City,advantage,Gameplay,6,100.0
Dark Souls III: The Ringed City,advantage,Story,6,100.0
Dark Souls III: The Ringed City,advantage,Level Design,6,100.0
Dark Souls III: The Ringed City,advantage,Difficulty,9,88.89
Dark Souls III: The Ringed City,advantage,Replayability,9,88.89
Dark Souls Remastered,advantage,Difficulty,10,100.0
Dark Souls Remastered,advantage,Level Design,3,100.0
Dark Souls Remastered,advantage,Replayability,5,100.0
Dark Souls Remastered,advantage,Performance,16,93.75
Dark Souls Remastered,advantage,Gameplay,9,88.89
Dark Souls Remastered,advantage,Graphics,10,80.0
Dark Souls Remastered - Nintendo Switch Edition,advantage,Graphics,7,100.0
Dark Souls Remastered - Nintendo Switch Edition,advantage,Performance,7,100.0
Dark Souls Remastered - Nintendo Switch Edition,advantage,Music & Sound,4,75.0
Dark Souls Remastered - Nintendo Switch Edition,advantage,Difficulty,5,60.0
Darkest Dungeon,advantage,Graphics,6,100.0
Darkest Dungeon,advantage,Replayability,3,100.0
Darkest Dungeon,advantage,Music & Sound,5,100.0
Darkest Dungeon,advantage,Gameplay,17,94.12
Darkest Dungeon,advantage,Difficulty,25,84.0
Darkest Dungeon,advantage,Characters,6,83.33
Darkest Dungeon,advantage,Story,4,75.0
Darkest Dungeon II,advantage,Story,5,100.0
Darkest Dungeon II,advantage,Graphics,3,100.0
Darkest Dungeon II,advantage,Difficulty,26,88.46
Darkest Dungeon II,advantage,Gameplay,24,62.5
Darkest Dungeon II,advantage,Replayability,5,60.0
Darknet (VR),advantage,Difficulty,4,100.0
Dave the Diver,advantage,Graphics,9,100.0
Dave the Diver,advantage,Music & Sound,5,100.0
Dave the Diver,advantage,Characters,10,100.0
Dave the Diver,advantage,Difficulty,9,100.0
Dave the Diver,advantage,Gameplay,37,97.3
Dave the Diver,advantage,Story,13,92.31
Dave the Diver,advantage,Replayability,9,88.89
Day of the Tentacle Remastered,advantage,Gameplay,5,100.0
Day of the Tentacle Remastered,advantage,Story,5,100.0
Day of the Tentacle Remastered,advantage,Graphics,9,88.89
Day of the Tentacle Remastered,advantage,Difficulty,8,87.5
Day of the Tentacle Remastered,advantage,Characters,4,75.0
Day of the Tentacle Remastered,advantage,Music & Sound,3,66.67
Days Gone Remastered,advantage,Replayability,3,100.0
Days Gone Remastered,advantage,Story,11,90.91
Days Gone Remastered,advantage,Gameplay,10,80.0
Days Gone Remastered,advantage,Difficulty,5,80.0
Days Gone Remastered,advantage,Graphics,8,75.0
Days Gone Remastered,advantage,Performance,14,64.29
Dead Cells,advantage,Story,6,100.0
Dead Cells,advantage,Graphics,9,100.0
Dead Cells,advantage,Music & Sound,7,100.0
Dead Cells,advantage,Replayability,7,100.0
Dead Cells,advantage,Gameplay,53,94.34
Dead Cells,advantage,Level Design,12,91.67
Dead Cells,advantage,Difficulty,34,88.24
Dead Cells: Return to Castlevania,advantage,Gameplay,4,100.0
Dead Cells: Return to Castlevania,advantage,Difficulty,5,100.0
Dead Cells: Return to Castlevania,advantage,Replayability,14,100.0
Dead Cells: Return to Castlevania,advantage,Music & Sound,7,85.71
Dead Space (2023),advantage,Graphics,25,100.0
Dead Space (2023),advantage,Performance,9,100.0
Dead Space (2023),advantage,Characters,5,100.0
Dead Space (2023),advantage,Level Design,14,100.0
Dead Space (2023),advantage,Music & Sound,10,100.0
Dead Space (2023),advantage,Story,28,96.43
Dead Space (2023),advantage,Gameplay,34,94.12
Dead Space (2023),advantage,Difficulty,7,85.71
Dead Space (2023),advantage,Replayability,7,85.71
Deadlink,advantage,Gameplay,9,66.67
Death Howl,advantage,Story,14,100.0
Death Howl,advantage,Music & Sound,4,100.0
Death Howl,advantage,Gameplay,17,82.35
Death Howl,advantage,Difficulty,16,75.0
Death Stranding,advantage,Characters,11,90.91
Death Stranding,advantage,Graphics,11,90.91
Death Stranding,advantage,Difficulty,14,85.71
Death Stranding,advantage,Story,69,75.36
Death Stranding,advantage,Gameplay,62,64.52
Death Stranding,advantage,Performance,8,62.5
Death Stranding,disadvantage,Level Design,4,25.0
Death Stranding 2: On the Beach,advantage,Characters,9,100.0
Death Stranding 2: On the Beach,advantage,Graphics,17,94.12
Death Stranding 2: On the Beach,advantage,Story,69,92.75
Death Stranding 2: On the Beach,advantage,Music & Sound,12,91.67
Death Stranding 2: On the Beach,advantage,Gameplay,72,90.28
Death Stranding 2: On the Beach,advantage,Difficulty,11,81.82
Death Stranding 2: On the Beach,advantage,Performance,10,80.0
Death Stranding 2: On the Beach,advantage,Level Design,8,75.0
Death Stranding Director's Cut,advantage,Characters,3,100.0
Death Stranding Director's Cut,advantage,Graphics,7,100.0
Death Stranding Director's Cut,advantage,Music & Sound,3,100.0
Death Stranding Director's Cut,advantage,Difficulty,8,87.5
Death Stranding Director's Cut,advantage,Performance,7,85.71
Death Stranding Director's Cut,advantage,Replayability,21,85.71
Death Stranding Director's Cut,advantage,Gameplay,25,84.0
Death Stranding Director's Cut,advantage,Story,17,82.35
Death of the Reprobate,advantage,Characters,3,66.67
Death's Door,advantage,Story,22,100.0
Death's Door,advantage,Performance,4,100.0
Death's Door,advantage,Level Design,12,100.0
Death's Door,advantage,Music & Sound,16,100.0
Death's Door,advantage,Gameplay,63,95.24
Death's Door,advantage,Characters,20,95.0
Death's Door,advantage,Graphics,15,93.33
Death's Door,advantage,Difficulty,27,88.89
Death's Door,advantage,Replayability,6,66.67
Deathloop,advantage,Graphics,6,100.0
Deathloop,advantage,Replayability,7,100.0
Deathloop,advantage,Characters,15,100.0
Deathloop,advantage,Music & Sound,5,100.0
Deathloop,advantage,Story,51,82.35
Deathloop,advantage,Level Design,29,79.31
Deathloop,advantage,Gameplay,68,77.94
Deathloop,advantage,Difficulty,7,71.43
Deathloop,advantage,Performance,18,61.11
Deep Rock Galactic,advantage,Characters,4,100.0
Deep Rock Galactic,advantage,Difficulty,3,100.0
Deep Rock Galactic,advantage,Gameplay,13,84.62
Deep Rock Galactic,advantage,Performance,5,80.0
Deep Rock Galactic,advantage,Replayability,5,80.0
Deep Rock Galactic: Survivor,advantage,Gameplay,4,100.0
Deep Rock Galactic: Survivor,advantage,Difficulty,3,100.0
Deep Rock Galactic: Survivor,advantage,Replayability,3,100.0
Defender’s Quest: Valley of the Forgotten DX,advantage,Gameplay,4,75.0
Defender’s Quest: Valley of the Forgotten DX,advantage,Difficulty,3,66.67
Deltarune Chapters 3 & 4,advantage,Characters,3,100.0
Deltarune Chapters 3 & 4,advantage,Story,6,83.33
Deltarune Chapters 3 & 4,advantage,Gameplay,5,80.0
Deltarune Chapters 3 & 4,advantage,Music & Sound,5,80.0
Deltarune: Chapter 1 & 2,advantage,Story,5,100.0
Demeo,advantage,Gameplay,6,100.0
Demeo,advantage,Graphics,4,100.0
Demeo,advantage,Difficulty,8,75.0
Demeo,advantage,Level Design,3,66.67
Demon Tides,advantage,Story,6,100.0
Demon Tides,advantage,Characters,7,100.0
Demon Tides,advantage,Difficulty,8,100.0
Demon Tides,advantage,Music & Sound,3,100.0
Demon Tides,advantage,Replayability,3,100.0
Demon Tides,advantage,Gameplay,28,96.43
Demon Tides,advantage,Level Design,7,85.71
Demon Tides,advantage,Performance,7,85.71
Demon's Mirror,disadvantage,Gameplay,5,20.0
Demon's Souls (2020),advantage,Graphics,14,100.0
Demon's Souls (2020),advantage,Difficulty,19,100.0
Demon's Souls (2020),advantage,Level Design,6,100.0
Demon's Souls (2020),advantage,Performance,7,100.0
Demon's Souls (2020),advantage,Gameplay,25,96.0
Despelote,advantage,Graphics,3,100.0
Despelote,advantage,Story,18,83.33
Despelote,advantage,Gameplay,11,72.73
Desperados III,advantage,Story,17,100.0
Desperados III,advantage,Graphics,5,100.0
Desperados III,advantage,Characters,19,100.0
Desperados III,advantage,Level Design,13,100.0
Desperados III,advantage,Replayability,7,100.0
Desperados III,advantage,Performance,3,100.0
Desperados III,advantage,Gameplay,30,93.33
Desperados III,advantage,Difficulty,20,90.0
Destination Primus Vita – Episode 1,advantage,Story,4,75.0
Destiny 2,advantage,Graphics,8,100.0
Destiny 2,advantage,Music & Sound,3,100.0
Destiny 2,advantage,Characters,6,100.0
Destiny 2,advantage,Performance,13,92.31
Destiny 2,advantage,Difficulty,12,91.67
Destiny 2,advantage,Level Design,11,90.91
Destiny 2,advantage,Replayability,27,88.89
Destiny 2,advantage,Gameplay,32,87.5
Destiny 2,advantage,Story,45,86.67
Destiny 2: Forsaken,advantage,Replayability,19,94.74
Destiny 2: Forsaken,advantage,Story,15,86.67
Destiny 2: Forsaken,advantage,Gameplay,6,83.33
Destiny 2: Forsaken,advantage,Difficulty,3,66.67
Destiny 2: The Final Shape,advantage,Performance,4,100.0
Destiny 2: The Final Shape,advantage,Gameplay,14,92.86
Destiny 2: The Final Shape,advantage,Story,32,87.5
Destiny 2: The Final Shape,advantage,Replayability,8,87.5
Destiny 2: The Final Shape,advantage,Characters,7,85.71
Destiny 2: The Final Shape,advantage,Difficulty,5,80.0
Destiny 2: The Final Shape,advantage,Level Design,5,80.0
Destiny 2: The Witch Queen,advantage,Gameplay,10,100.0
Destiny 2: The Witch Queen,advantage,Story,22,100.0
Destiny 2: The Witch Queen,advantage,Level Design,5,100.0
Destiny 2: The Witch Queen,advantage,Difficulty,11,100.0
Destiny 2: The Witch Queen,advantage,Replayability,16,93.75
Destiny: The Taken King,advantage,Gameplay,9,100.0
Destiny: The Taken King,advantage,Story,8,100.0
Destiny: The Taken King,advantage,Characters,3,100.0
Destiny: The Taken King,advantage,Replayability,10,100.0
Destiny: The Taken King,advantage,Difficulty,7,85.71
"Detective Instinct: Farewell, My Beloved",advantage,Story,3,100.0
"Detective Instinct: Farewell, My Beloved",advantage,Characters,3,66.67
"Detective Instinct: Farewell, My Beloved",advantage,Difficulty,3,66.67
Detention 返校,advantage,Story,17,88.24
Detention 返校,advantage,Graphics,5,80.0
Detention 返校,advantage,Music & Sound,5,80.0
Detention 返校,advantage,Gameplay,4,75.0
Deus Ex: Mankind Divided,advantage,Music & Sound,3,100.0
Deus Ex: Mankind Divided,advantage,Level Design,12,83.33
Deus Ex: Mankind Divided,advantage,Replayability,4,75.0
Deus Ex: Mankind Divided,advantage,Gameplay,35,71.43
Deus Ex: Mankind Divided,advantage,Graphics,7,71.43
Deus Ex: Mankind Divided,advantage,Story,58,67.24
Deus Ex: Mankind Divided,advantage,Performance,8,62.5
Deus Ex: Mankind Divided,advantage,Characters,5,60.0
Devil May Cry 3: Special Edition,advantage,Gameplay,7,100.0
Devil May Cry 3: Special Edition,advantage,Characters,3,100.0
Devil May Cry 3: Special Edition,advantage,Difficulty,3,100.0
Devil May Cry 5,advantage,Performance,4,100.0
Devil May Cry 5,advantage,Replayability,7,100.0
Devil May Cry 5,advantage,Graphics,18,94.44
Devil May Cry 5,advantage,Gameplay,71,94.37
Devil May Cry 5,advantage,Difficulty,15,93.33
Devil May Cry 5,advantage,Characters,36,91.67
Devil May Cry 5,advantage,Level Design,12,91.67
Devil May Cry 5,advantage,Music & Sound,12,91.67
Devil May Cry 5,advantage,Story,42,88.1
Devil May Cry 5: Special Edition,advantage,Gameplay,13,100.0
Devil May Cry 5: Special Edition,advantage,Level Design,3,100.0
Devil May Cry 5: Special Edition,advantage,Characters,13,100.0
Devil May Cry 5: Special Edition,advantage,Difficulty,5,100.0
Devil May Cry 5: Special Edition,advantage,Music & Sound,4,100.0
Devil May Cry 5: Special Edition,advantage,Performance,10,100.0
Devil May Cry 5: Special Edition,advantage,Graphics,11,90.91
Devil May Cry 5: Special Edition,advantage,Story,4,75.0
Devil May Cry 5: Special Edition,advantage,Replayability,7,71.43
Devil Survivor 2: Record Breaker,advantage,Gameplay,8,100.0
Devil Survivor 2: Record Breaker,advantage,Story,11,100.0
Devil Survivor 2: Record Breaker,advantage,Characters,7,100.0
Devil Survivor 2: Record Breaker,advantage,Difficulty,3,100.0
Devil Survivor 2: Record Breaker,advantage,Replayability,11,100.0
Devotion,advantage,Story,5,60.0
DiRT 4,advantage,Replayability,4,100.0
DiRT 4,advantage,Performance,3,100.0
DiRT 4,advantage,Difficulty,9,77.78
DiRT 4,advantage,Gameplay,9,77.78
DiRT 5,advantage,Level Design,4,100.0
DiRT 5,advantage,Graphics,25,92.0
DiRT 5,advantage,Gameplay,15,86.67
DiRT 5,advantage,Music & Sound,7,85.71
DiRT 5,advantage,Difficulty,11,81.82
DiRT 5,advantage,Performance,14,71.43
DiRT 5,advantage,Replayability,12,66.67
DiRT Rally,advantage,Difficulty,8,100.0
DiRT Rally,advantage,Gameplay,7,71.43
Diablo II: Resurrected,advantage,Replayability,3,100.0
Diablo II: Resurrected,advantage,Music & Sound,4,100.0
Diablo II: Resurrected,advantage,Difficulty,11,90.91
Diablo II: Resurrected,advantage,Graphics,29,68.97
Diablo II: Resurrected,advantage,Story,3,66.67
Diablo II: Resurrected,advantage,Gameplay,25,64.0
Diablo III: Eternal Collection,advantage,Gameplay,12,100.0
Diablo III: Eternal Collection,advantage,Story,3,100.0
Diablo III: Eternal Collection,advantage,Graphics,7,100.0
Diablo III: Eternal Collection,advantage,Characters,4,100.0
Diablo III: Eternal Collection,advantage,Performance,4,100.0
Diablo III: Eternal Collection,advantage,Replayability,10,100.0
Diablo III: Reaper of Souls,advantage,Gameplay,6,100.0
Diablo III: Reaper of Souls,advantage,Level Design,3,100.0
Diablo III: Reaper of Souls,advantage,Replayability,9,88.89
Diablo III: Reaper of Souls,advantage,Story,8,87.5
Diablo III: Reaper of Souls,advantage,Characters,5,80.0
Diablo III: Ultimate Evil Edition,advantage,Story,4,100.0
Diablo III: Ultimate Evil Edition,advantage,Graphics,3,100.0
Diablo III: Ultimate Evil Edition,advantage,Characters,5,100.0
Diablo III: Ultimate Evil Edition,advantage,Difficulty,4,100.0
Diablo III: Ultimate Evil Edition,advantage,Level Design,4,100.0
Diablo III: Ultimate Evil Edition,advantage,Replayability,12,100.0
Diablo III: Ultimate Evil Edition,advantage,Gameplay,7,85.71
Diablo IV,advantage,Level Design,12,100.0
Diablo IV,advantage,Performance,4,100.0
Diablo IV,advantage,Characters,20,95.0
Diablo IV,advantage,Story,39,94.87
Diablo IV,advantage,Gameplay,57,92.98
Diablo IV,advantage,Replayability,33,90.91
Diablo IV,advantage,Graphics,10,90.0
Diablo IV,advantage,Difficulty,11,81.82
Diablo IV,advantage,Music & Sound,4,75.0
Diablo IV: Lord of Hatred,advantage,Performance,3,100.0
Diablo IV: Lord of Hatred,advantage,Difficulty,3,100.0
Diablo IV: Lord of Hatred,advantage,Level Design,4,100.0
Diablo IV: Lord of Hatred,advantage,Story,29,93.1
Diablo IV: Lord of Hatred,advantage,Replayability,18,88.89
Diablo IV: Lord of Hatred,advantage,Characters,6,83.33
Diablo IV: Lord of Hatred,advantage,Gameplay,12,83.33
Diablo IV: Vessel of Hatred,advantage,Replayability,31,87.1
Diablo IV: Vessel of Hatred,advantage,Characters,7,85.71
Diablo IV: Vessel of Hatred,advantage,Gameplay,21,80.95
Diablo IV: Vessel of Hatred,advantage,Story,37,75.68
Diablo IV: Vessel of Hatred,advantage,Level Design,4,75.0
Dicey Dungeons,advantage,Difficulty,4,100.0
Dicey Dungeons,advantage,Gameplay,6,66.67
Dicey Dungeons,advantage,Music & Sound,3,66.67
Digimon Story: Time Stranger,advantage,Difficulty,11,90.91
Digimon Story: Time Stranger,advantage,Graphics,9,88.89
Digimon Story: Time Stranger,advantage,Story,102,81.37
Digimon Story: Time Stranger,advantage,Replayability,10,80.0
Digimon Story: Time Stranger,advantage,Gameplay,44,79.55
Digimon Story: Time Stranger,advantage,Characters,9,77.78
Digimon Story: Time Stranger,advantage,Performance,6,66.67
Dirt Rally 2.0,advantage,Gameplay,5,80.0
Dirt Rally 2.0,advantage,Graphics,4,75.0
Dirt Rally 2.0,advantage,Replayability,8,75.0
Dirt Rally 2.0,advantage,Music & Sound,3,66.67
Dirt Rally 2.0,advantage,Difficulty,15,66.67
Disc Room,advantage,Gameplay,9,100.0
Disc Room,advantage,Replayability,3,100.0
Disc Room,advantage,Difficulty,13,76.92
Disco Elysium,advantage,Story,26,96.15
Disco Elysium,advantage,Characters,15,93.33
Disco Elysium,advantage,Gameplay,8,87.5
Disco Elysium,advantage,Difficulty,3,66.67
Disco Elysium: The Final Cut,advantage,Graphics,3,100.0
Disco Elysium: The Final Cut,advantage,Replayability,4,100.0
Disco Elysium: The Final Cut,advantage,Difficulty,6,100.0
Disco Elysium: The Final Cut,advantage,Gameplay,14,92.86
Disco Elysium: The Final Cut,advantage,Story,28,85.71
Disco Elysium: The Final Cut,advantage,Performance,12,83.33
Disco Elysium: The Final Cut,advantage,Characters,16,81.25
Disgaea 4 Complete+,advantage,Gameplay,12,100.0
Disgaea 4 Complete+,advantage,Story,12,100.0
Disgaea 4 Complete+,advantage,Characters,9,100.0
Disgaea 4 Complete+,advantage,Difficulty,6,100.0
Disgaea 4 Complete+,advantage,Replayability,7,85.71
Disgaea 4: A Promise Revisited,advantage,Level Design,3,100.0
Disgaea 4: A Promise Revisited,advantage,Replayability,8,87.5
Disgaea 4: A Promise Revisited,advantage,Gameplay,7,71.43
Disgaea 4: A Promise Revisited,advantage,Story,5,60.0
Disgaea 5 Complete,advantage,Story,8,100.0
Disgaea 5 Complete,advantage,Replayability,11,100.0
Disgaea 5 Complete,advantage,Characters,11,100.0
Disgaea 5 Complete,advantage,Gameplay,15,93.33
Disgaea 5 Complete,advantage,Graphics,4,75.0
Disgaea 5: Alliance of Vengeance,advantage,Replayability,6,83.33
Disgaea 5: Alliance of Vengeance,advantage,Characters,10,80.0
Disgaea 5: Alliance of Vengeance,advantage,Story,10,80.0
Disgaea 5: Alliance of Vengeance,advantage,Gameplay,17,76.47
Disgaea 5: Alliance of Vengeance,advantage,Difficulty,4,75.0
Disgaea 7: Vows of the Virtueless,advantage,Graphics,4,100.0
Disgaea 7: Vows of the Virtueless,advantage,Difficulty,3,100.0
Disgaea 7: Vows of the Virtueless,advantage,Characters,8,100.0
Disgaea 7: Vows of the Virtueless,advantage,Gameplay,21,95.24
Disgaea 7: Vows of the Virtueless,advantage,Story,11,90.91
Dishonored 2,advantage,Difficulty,11,90.91
Dishonored 2,advantage,Level Design,29,86.21
Dishonored 2,advantage,Story,30,83.33
Dishonored 2,advantage,Replayability,11,81.82
Dishonored 2,advantage,Gameplay,43,81.4
Dishonored 2,advantage,Characters,15,80.0
Dishonored 2,advantage,Performance,9,66.67
Dishonored: Death of the Outsider,advantage,Replayability,4,100.0
Dishonored: Death of the Outsider,advantage,Characters,12,83.33
Dishonored: Death of the Outsider,advantage,Gameplay,19,78.95
Dishonored: Death of the Outsider,advantage,Level Design,7,71.43
Dishonored: Death of the Outsider,advantage,Story,27,66.67
Dishonored: Death of the Outsider,advantage,Difficulty,3,66.67
Disney Classic Games Collection,advantage,Replayability,3,100.0
Disney Infinity: 3.0 Edition,advantage,Replayability,7,85.71
Disney Infinity: 3.0 Edition,advantage,Gameplay,13,76.92
Disney Infinity: 3.0 Edition,advantage,Characters,8,75.0
Disney Infinity: 3.0 Edition,advantage,Story,3,66.67
Disney Infinity: 3.0 Edition,advantage,Level Design,3,66.67
Dispatch,advantage,Performance,4,100.0
Dispatch,advantage,Difficulty,9,100.0
Dispatch,advantage,Characters,40,95.0
Dispatch,advantage,Story,77,94.81
Dispatch,advantage,Graphics,12,91.67
Dispatch,advantage,Gameplay,24,87.5
Dispatch,advantage,Music & Sound,4,75.0
Divinity: Original Sin,advantage,Characters,6,83.33
Divinity: Original Sin,advantage,Gameplay,15,66.67
Divinity: Original Sin - Enhanced Edition,advantage,Difficulty,6,100.0
Divinity: Original Sin - Enhanced Edition,advantage,Level Design,3,100.0
Divinity: Original Sin - Enhanced Edition,advantage,Replayability,5,100.0
Divinity: Original Sin - Enhanced Edition,advantage,Gameplay,11,90.91
Divinity: Original Sin - Enhanced Edition,advantage,Characters,6,83.33
Divinity: Original Sin - Enhanced Edition,advantage,Story,7,71.43
Divinity: Original Sin 2,advantage,Gameplay,21,100.0
Divinity: Original Sin 2,advantage,Story,22,100.0
Divinity: Original Sin 2,advantage,Graphics,3,100.0
Divinity: Original Sin 2,advantage,Characters,16,100.0
Divinity: Original Sin 2,advantage,Level Design,3,100.0
Divinity: Original Sin 2,advantage,Difficulty,7,100.0
Divinity: Original Sin 2,advantage,Music & Sound,8,87.5
Divinity: Original Sin 2,advantage,Replayability,8,87.5
Divinity: Original Sin 2 - Definitive Edition,advantage,Gameplay,18,100.0
Divinity: Original Sin 2 - Definitive Edition,advantage,Story,13,100.0
Divinity: Original Sin 2 - Definitive Edition,advantage,Characters,7,100.0
Divinity: Original Sin 2 - Definitive Edition,advantage,Replayability,3,100.0
Divinity: Original Sin 2 - Definitive Edition,advantage,Difficulty,9,88.89
DmC: Devil May Cry Definitive Edition,advantage,Story,3,100.0
DmC: Devil May Cry Definitive Edition,advantage,Difficulty,6,100.0
DmC: Devil May Cry Definitive Edition,advantage,Gameplay,14,85.71
DmC: Devil May Cry Definitive Edition,advantage,Graphics,7,85.71
DmC: Devil May Cry Definitive Edition,advantage,Replayability,12,75.0
DmC: Devil May Cry Definitive Edition,advantage,Performance,3,66.67
Doki Doki Literature Club,advantage,Graphics,4,75.0
Doki Doki Literature Club,advantage,Story,3,66.67
Doki Doki Literature Club Plus!,advantage,Story,5,100.0
Doki Doki Literature Club Plus!,advantage,Characters,3,100.0
Doki Doki Literature Club Plus!,advantage,Replayability,11,72.73
Doki Doki Literature Club Plus!,advantage,Graphics,13,69.23
Doki Doki Literature Club Plus!,advantage,Difficulty,3,66.67
Donkey Kong Bananza,advantage,Graphics,10,100.0
Donkey Kong Bananza,advantage,Performance,16,100.0
Donkey Kong Bananza,advantage,Characters,16,100.0
Donkey Kong Bananza,advantage,Difficulty,11,100.0
Donkey Kong Bananza,advantage,Music & Sound,11,100.0
Donkey Kong Bananza,advantage,Replayability,6,100.0
Donkey Kong Bananza,advantage,Gameplay,60,98.33
Donkey Kong Bananza,advantage,Level Design,20,95.0
Donkey Kong Bananza,advantage,Story,12,91.67
Donkey Kong Country: Tropical Freeze,advantage,Replayability,4,100.0
Donkey Kong Country: Tropical Freeze,advantage,Gameplay,23,91.3
Donkey Kong Country: Tropical Freeze,advantage,Graphics,11,90.91
Donkey Kong Country: Tropical Freeze,advantage,Performance,7,85.71
Donkey Kong Country: Tropical Freeze,advantage,Level Design,27,85.19
Donkey Kong Country: Tropical Freeze,advantage,Characters,12,83.33
Donkey Kong Country: Tropical Freeze,advantage,Music & Sound,10,80.0
Donkey Kong Country: Tropical Freeze,advantage,Difficulty,34,76.47
Doom (2016),advantage,Graphics,10,100.0
Doom (2016),advantage,Difficulty,12,100.0
Doom (2016),advantage,Music & Sound,5,100.0
Doom (2016),advantage,Level Design,25,96.0
Doom (2016),advantage,Gameplay,22,95.45
Doom (2016),advantage,Replayability,9,88.89
Doom (2016),advantage,Performance,18,83.33
Doom (2016),advantage,Story,11,81.82
Doom (2016),advantage,Characters,3,66.67
Doom Eternal,advantage,Graphics,10,100.0
Doom Eternal,advantage,Difficulty,19,100.0
Doom Eternal,advantage,Characters,4,100.0
Doom Eternal,advantage,Level Design,13,100.0
Doom Eternal,advantage,Music & Sound,17,100.0
Doom Eternal,advantage,Performance,33,96.97
Doom Eternal,advantage,Gameplay,57,94.74
Doom Eternal,advantage,Story,14,92.86
Doom Eternal,advantage,Replayability,6,83.33
Doom: The Dark Ages,advantage,Level Design,25,100.0
Doom: The Dark Ages,advantage,Replayability,7,100.0
Doom: The Dark Ages,advantage,Story,41,97.56
Doom: The Dark Ages,advantage,Performance,29,93.1
Doom: The Dark Ages,advantage,Difficulty,23,91.3
Doom: The Dark Ages,advantage,Gameplay,110,90.91
Doom: The Dark Ages,advantage,Graphics,20,90.0
Doom: The Dark Ages,advantage,Music & Sound,26,84.62
Doomblade,advantage,Difficulty,3,100.0
Doomblade,advantage,Gameplay,8,75.0
Dorfromantik,advantage,Difficulty,6,100.0
Dorfromantik,advantage,Gameplay,5,80.0
Dorfromantik,advantage,Graphics,5,80.0
Dota 2,advantage,Difficulty,3,100.0
Downwell,advantage,Difficulty,15,80.0
Downwell,advantage,Gameplay,13,76.92
Downwell,advantage,Level Design,3,66.67
Dragon Age: Inquisition,advantage,Level Design,3,100.0
Dragon Age: Inquisition,advantage,Replayability,8,100.0
Dragon Age: Inquisition,advantage,Characters,24,95.83
Dragon Age: Inquisition,advantage,Story,22,86.36
Dragon Age: Inquisition,advantage,Gameplay,21,85.71
Dragon Age: Inquisition,advantage,Difficulty,7,85.71
Dragon Age: Inquisition,advantage,Graphics,6,83.33
Dragon Ball FighterZ,advantage,Story,20,100.0
Dragon Ball FighterZ,advantage,Performance,4,100.0
Dragon Ball FighterZ,advantage,Characters,12,100.0
Dragon Ball FighterZ,advantage,Level Design,6,100.0
Dragon Ball FighterZ,advantage,Music & Sound,3,100.0
Dragon Ball FighterZ,advantage,Difficulty,20,100.0
Dragon Ball FighterZ,advantage,Gameplay,37,94.59
Dragon Ball FighterZ,advantage,Graphics,27,92.59
Dragon Ball FighterZ,advantage,Replayability,7,85.71
Dragon Ball Gekishin Squadra,advantage,Gameplay,4,100.0
Dragon Ball Gekishin Squadra,advantage,Difficulty,3,100.0
Dragon Ball Sparking! Zero,advantage,Difficulty,7,100.0
Dragon Ball Sparking! Zero,advantage,Graphics,20,95.0
Dragon Ball Sparking! Zero,advantage,Replayability,19,94.74
Dragon Ball Sparking! Zero,advantage,Story,18,88.89
Dragon Ball Sparking! Zero,advantage,Gameplay,44,88.64
Dragon Ball Sparking! Zero,advantage,Characters,28,85.71
Dragon Ball Sparking! Zero,advantage,Level Design,5,80.0
Dragon Ball Sparking! Zero,advantage,Music & Sound,5,80.0
Dragon Ball Sparking! Zero,advantage,Performance,10,80.0
Dragon Quest Builders,advantage,Graphics,6,100.0
Dragon Quest Builders,advantage,Music & Sound,6,100.0
Dragon Quest Builders,advantage,Replayability,4,100.0
Dragon Quest Builders,advantage,Story,14,92.86
Dragon Quest Builders,advantage,Difficulty,13,92.31
Dragon Quest Builders,advantage,Gameplay,26,88.46
Dragon Quest Builders,advantage,Level Design,5,80.0
Dragon Quest Builders,advantage,Characters,9,77.78
Dragon Quest Builders 2,advantage,Graphics,3,100.0
Dragon Quest Builders 2,advantage,Level Design,3,100.0
Dragon Quest Builders 2,advantage,Characters,6,100.0
Dragon Quest Builders 2,advantage,Gameplay,31,83.87
Dragon Quest Builders 2,advantage,Story,33,81.82
Dragon Quest Builders 2,advantage,Difficulty,5,80.0
Dragon Quest Builders 2,advantage,Replayability,6,66.67
Dragon Quest I & II HD-2D Remake,advantage,Gameplay,25,100.0
Dragon Quest I & II HD-2D Remake,advantage,Story,21,100.0
Dragon Quest I & II HD-2D Remake,advantage,Graphics,20,100.0
Dragon Quest I & II HD-2D Remake,advantage,Characters,4,100.0
Dragon Quest I & II HD-2D Remake,advantage,Music & Sound,10,100.0
Dragon Quest I & II HD-2D Remake,advantage,Difficulty,5,100.0
Dragon Quest I & II HD-2D Remake,advantage,Replayability,6,100.0
Dragon Quest III HD-2D Remake,advantage,Level Design,6,100.0
Dragon Quest III HD-2D Remake,advantage,Music & Sound,14,100.0
Dragon Quest III HD-2D Remake,advantage,Difficulty,13,100.0
Dragon Quest III HD-2D Remake,advantage,Graphics,40,95.0
Dragon Quest III HD-2D Remake,advantage,Story,19,89.47
Dragon Quest III HD-2D Remake,advantage,Replayability,8,87.5
Dragon Quest III HD-2D Remake,advantage,Gameplay,30,83.33
Dragon Quest III HD-2D Remake,advantage,Performance,3,66.67
Dragon Quest VII Reimagined,advantage,Characters,6,100.0
Dragon Quest VII Reimagined,advantage,Music & Sound,7,100.0
Dragon Quest VII Reimagined,advantage,Graphics,35,91.43
Dragon Quest VII Reimagined,advantage,Story,33,90.91
Dragon Quest VII Reimagined,advantage,Gameplay,50,90.0
Dragon Quest VII Reimagined,advantage,Difficulty,21,71.43
Dragon Quest VII Reimagined,advantage,Replayability,7,71.43
Dragon Quest VII: Fragments of the Forgotten Past,advantage,Gameplay,8,100.0
Dragon Quest VII: Fragments of the Forgotten Past,advantage,Characters,4,100.0
Dragon Quest VII: Fragments of the Forgotten Past,advantage,Difficulty,3,100.0
Dragon Quest VII: Fragments of the Forgotten Past,advantage,Story,11,90.91
Dragon Quest VII: Fragments of the Forgotten Past,advantage,Graphics,6,83.33
Dragon Quest VII: Fragments of the Forgotten Past,advantage,Replayability,4,75.0
Dragon Quest VIII: Journey of the Cursed King,advantage,Difficulty,3,100.0
Dragon Quest VIII: Journey of the Cursed King,advantage,Characters,6,83.33
Dragon Quest VIII: Journey of the Cursed King,advantage,Story,6,83.33
Dragon Quest VIII: Journey of the Cursed King,advantage,Gameplay,9,77.78
Dragon Quest VIII: Journey of the Cursed King,advantage,Replayability,3,66.67
Dragon Quest XI S: Echoes of an Elusive Age - Definitive Edition,advantage,Gameplay,10,100.0
Dragon Quest XI S: Echoes of an Elusive Age - Definitive Edition,advantage,Story,6,100.0
Dragon Quest XI S: Echoes of an Elusive Age - Definitive Edition,advantage,Graphics,8,100.0
Dragon Quest XI S: Echoes of an Elusive Age - Definitive Edition,advantage,Characters,4,100.0
Dragon Quest XI S: Echoes of an Elusive Age - Definitive Edition,advantage,Music & Sound,5,100.0
Dragon Quest XI S: Echoes of an Elusive Age - Definitive Edition,advantage,Difficulty,6,100.0
Dragon Quest XI S: Echoes of an Elusive Age - Definitive Edition,advantage,Performance,5,100.0
Dragon Quest XI S: Echoes of an Elusive Age - Definitive Edition,advantage,Replayability,18,100.0
Dragon Quest XI: Echoes of an Elusive Age,advantage,Gameplay,22,95.45
Dragon Quest XI: Echoes of an Elusive Age,advantage,Story,28,92.86
Dragon Quest XI: Echoes of an Elusive Age,advantage,Characters,25,92.0
Dragon Quest XI: Echoes of an Elusive Age,advantage,Graphics,11,90.91
Dragon Quest XI: Echoes of an Elusive Age,advantage,Difficulty,9,88.89
Dragon Quest XI: Echoes of an Elusive Age,advantage,Music & Sound,7,85.71
Dragon Quest XI: Echoes of an Elusive Age,advantage,Replayability,5,80.0
Dragon Quest XI: Echoes of an Elusive Age,advantage,Level Design,3,66.67
Dragon's Crown Pro,advantage,Characters,3,100.0
Dragon's Crown Pro,advantage,Music & Sound,11,90.91
Dragon's Crown Pro,advantage,Difficulty,6,83.33
Dragon's Crown Pro,advantage,Graphics,10,80.0
Dragon's Crown Pro,advantage,Gameplay,9,77.78
Dragon's Crown Pro,advantage,Replayability,5,60.0
Dragon's Dogma 2,advantage,Characters,3,100.0
Dragon's Dogma 2,advantage,Difficulty,12,91.67
Dragon's Dogma 2,advantage,Level Design,11,90.91
Dragon's Dogma 2,advantage,Gameplay,60,86.67
Dragon's Dogma 2,advantage,Graphics,10,80.0
Dragon's Dogma 2,advantage,Story,17,76.47
Dragon's Dogma 2,advantage,Replayability,4,75.0
Dragon's Dogma 2,advantage,Performance,26,61.54
Dreams,advantage,Story,7,100.0
Dreams,advantage,Level Design,4,100.0
Dreams,advantage,Music & Sound,5,100.0
Dreams,advantage,Performance,3,100.0
Dreams,advantage,Difficulty,7,100.0
Dreams,advantage,Replayability,8,87.5
Dreams,advantage,Gameplay,7,85.71
Dreamscaper,advantage,Gameplay,26,88.46
Dreamscaper,advantage,Characters,8,87.5
Dreamscaper,advantage,Story,14,85.71
Dreamscaper,advantage,Difficulty,7,85.71
Dreamscaper,advantage,Graphics,4,75.0
Dreamscaper,advantage,Music & Sound,3,66.67
Dredge,advantage,Graphics,4,100.0
Dredge,advantage,Difficulty,7,100.0
Dredge,advantage,Music & Sound,7,100.0
Dredge,advantage,Story,30,93.33
Dredge,advantage,Gameplay,43,83.72
Dredge: The Pale Reach,advantage,Replayability,8,62.5
Dredge: The Pale Reach,advantage,Gameplay,5,60.0
Drop Duchy,advantage,Gameplay,11,81.82
Drop Duchy,advantage,Difficulty,5,80.0
Dropsy,advantage,Characters,4,75.0
Dropsy,advantage,Graphics,3,66.67
Dropsy,advantage,Difficulty,5,60.0
Duck Detective: The Ghost of Glamping,advantage,Characters,8,75.0
Duck Game,advantage,Difficulty,3,100.0
Duelyst,advantage,Gameplay,3,66.67
Dune: Awakening,advantage,Replayability,6,83.33
Dune: Awakening,advantage,Performance,7,71.43
Dune: Awakening,advantage,Gameplay,23,60.87
Dune: Awakening,advantage,Difficulty,5,60.0
Dungeons of Dreadrock,advantage,Gameplay,3,100.0
Dungeons of Dreadrock,advantage,Story,4,100.0
Dungeons of Dreadrock,advantage,Difficulty,3,100.0
Dungeons of Dreadrock 2 - The Dead King's Secret,advantage,Story,3,66.67
Dungeons of Hinterberg,advantage,Gameplay,25,80.0
Dungeons of Hinterberg,advantage,Graphics,5,80.0
Dungeons of Hinterberg,advantage,Characters,10,70.0
Dungeons of Hinterberg,advantage,Story,11,63.64
Dunjungle,advantage,Gameplay,3,100.0
Duskpunk,advantage,Story,5,60.0
Dying Light: The Beast,advantage,Graphics,7,85.71
Dying Light: The Beast,advantage,Story,43,69.77
Dying Light: The Beast,advantage,Performance,19,68.42
Dying Light: The Beast,advantage,Replayability,3,66.67
Dying Light: The Beast,advantage,Music & Sound,3,66.67
Dying Light: The Beast,advantage,Gameplay,54,64.81
Dying Light: The Beast,advantage,Characters,11,63.64
Dying Light: The Following,advantage,Characters,4,100.0
Dying Light: The Following,advantage,Replayability,12,91.67
Dying Light: The Following,advantage,Story,17,88.24
Dying Light: The Following,advantage,Level Design,13,84.62
Dying Light: The Following,advantage,Gameplay,11,81.82
Dying Light: The Following,advantage,Difficulty,5,80.0
Dying Light: The Following,advantage,Performance,4,75.0
Dynasty Warriors 8: Xtreme Legends Definitive Edition,advantage,Performance,3,100.0
Dynasty Warriors 8: Xtreme Legends Definitive Edition,advantage,Replayability,9,88.89
Dynasty Warriors 8: Xtreme Legends Definitive Edition,advantage,Gameplay,3,66.67
Dynasty Warriors: Origins,advantage,Story,52,100.0
Dynasty Warriors: Origins,advantage,Performance,11,100.0
Dynasty Warriors: Origins,advantage,Level Design,9,100.0
Dynasty Warriors: Origins,advantage,Replayability,7,100.0
Dynasty Warriors: Origins,advantage,Gameplay,83,92.77
Dynasty Warriors: Origins,advantage,Characters,37,89.19
Dynasty Warriors: Origins,advantage,Difficulty,11,81.82
Dynasty Warriors: Origins,advantage,Graphics,13,76.92
Dynasty Warriors: Origins,advantage,Music & Sound,4,75.0
EA Sports College Football 25,advantage,Level Design,3,100.0
EA Sports College Football 25,advantage,Performance,3,100.0
EA Sports College Football 25,advantage,Difficulty,4,75.0
EA Sports College Football 25,advantage,Gameplay,15,60.0
EA Sports College Football 26,advantage,Performance,7,100.0
EA Sports College Football 26,advantage,Level Design,3,100.0
EA Sports College Football 26,advantage,Replayability,3,100.0
EA Sports College Football 26,advantage,Gameplay,12,75.0
EA Sports College Football 26,advantage,Graphics,4,75.0
EA Sports College Football 26,advantage,Music & Sound,4,75.0
EA Sports UFC 6,advantage,Gameplay,4,75.0
ENDER LILIES: Quietus of the Knights,advantage,Story,15,93.33
ENDER LILIES: Quietus of the Knights,advantage,Music & Sound,11,90.91
ENDER LILIES: Quietus of the Knights,advantage,Gameplay,33,87.88
ENDER LILIES: Quietus of the Knights,advantage,Graphics,13,84.62
ENDER LILIES: Quietus of the Knights,advantage,Difficulty,17,76.47
EVERSPACE 2,advantage,Level Design,3,100.0
EVERSPACE 2,advantage,Gameplay,33,78.79
EVERSPACE 2,advantage,Story,18,77.78
EVERSPACE 2,advantage,Graphics,3,66.67
EVERSPACE 2,advantage,Replayability,6,66.67
Earthion,advantage,Gameplay,9,100.0
Earthion,advantage,Graphics,4,100.0
Earthion,advantage,Music & Sound,8,100.0
Eastshade,advantage,Characters,4,100.0
Eastshade,advantage,Gameplay,6,66.67
Eastward,advantage,Level Design,3,100.0
Eastward,advantage,Music & Sound,12,83.33
Eastward,advantage,Graphics,19,78.95
Eastward,advantage,Gameplay,19,73.68
Eastward,advantage,Characters,19,73.68
Edge,advantage,Level Design,5,80.0
"El Paso, Elsewhere",advantage,Difficulty,3,100.0
"El Paso, Elsewhere",advantage,Level Design,4,75.0
"El Paso, Elsewhere",advantage,Gameplay,14,64.29
"El Paso, Elsewhere",advantage,Story,20,60.0
"El Paso, Elsewhere",disadvantage,Level Design,4,25.0
Elden Ring,advantage,Story,11,100.0
Elden Ring,advantage,Difficulty,26,100.0
Elden Ring,advantage,Level Design,26,100.0
Elden Ring,advantage,Gameplay,56,94.64
Elden Ring,advantage,Performance,18,94.44
Elden Ring,advantage,Replayability,8,87.5
Elden Ring,advantage,Graphics,4,75.0
Elden Ring: Shadow of the Erdtree,advantage,Gameplay,19,100.0
Elden Ring: Shadow of the Erdtree,advantage,Story,11,100.0
Elden Ring: Shadow of the Erdtree,advantage,Characters,5,100.0
Elden Ring: Shadow of the Erdtree,advantage,Level Design,19,100.0
Elden Ring: Shadow of the Erdtree,advantage,Difficulty,33,100.0
Elden Ring: Shadow of the Erdtree,advantage,Performance,7,100.0
Elden Ring: Shadow of the Erdtree,advantage,Replayability,28,100.0
ElecHead,advantage,Replayability,3,100.0
Eliza,advantage,Graphics,3,66.67
Embracelet,advantage,Story,5,100.0
Ender Magnolia: Bloom in the Mist,advantage,Music & Sound,13,100.0
Ender Magnolia: Bloom in the Mist,advantage,Level Design,6,100.0
Ender Magnolia: Bloom in the Mist,advantage,Characters,6,100.0
Ender Magnolia: Bloom in the Mist,advantage,Difficulty,7,100.0
Ender Magnolia: Bloom in the Mist,advantage,Gameplay,29,93.1
Ender Magnolia: Bloom in the Mist,advantage,Graphics,14,92.86
Ender Magnolia: Bloom in the Mist,advantage,Story,12,91.67
Endless Legend,advantage,Gameplay,5,100.0
Endless Space 2,advantage,Gameplay,9,100.0
Endless Space 2,advantage,Performance,8,87.5
Endless Space 2,advantage,Story,6,83.33
Endless Space 2,advantage,Level Design,3,66.67
Endless Space 2,advantage,Difficulty,5,60.0
Endless Space 2,disadvantage,Difficulty,5,20.0
Enter the Gungeon,advantage,Graphics,6,100.0
Enter the Gungeon,advantage,Level Design,6,100.0
Enter the Gungeon,advantage,Characters,3,100.0
Enter the Gungeon,advantage,Difficulty,16,87.5
Enter the Gungeon,advantage,Gameplay,19,78.95
Eriksholm: The Stolen Dream,advantage,Music & Sound,3,100.0
Eriksholm: The Stolen Dream,advantage,Gameplay,30,90.0
Eriksholm: The Stolen Dream,advantage,Story,32,87.5
Eriksholm: The Stolen Dream,advantage,Characters,12,83.33
Eriksholm: The Stolen Dream,advantage,Graphics,7,71.43
Eriksholm: The Stolen Dream,advantage,Difficulty,7,71.43
Eriksholm: The Stolen Dream,advantage,Level Design,8,62.5
Escape Academy,advantage,Difficulty,5,100.0
Escape Academy,advantage,Story,6,83.33
Escape Simulator 2,advantage,Level Design,3,100.0
Escape Simulator 2,advantage,Difficulty,3,100.0
Escape Simulator 2,advantage,Performance,3,100.0
Escape Simulator 2,advantage,Replayability,3,100.0
Escape from Ever After,advantage,Difficulty,4,100.0
Escape from Ever After,advantage,Graphics,3,100.0
Escape from Ever After,advantage,Story,13,84.62
Escape from Ever After,advantage,Gameplay,17,82.35
Escape from Ever After,advantage,Characters,10,80.0
Escape from Ever After,advantage,Music & Sound,4,75.0
Esoteric Ebb,advantage,Graphics,3,100.0
Esoteric Ebb,advantage,Level Design,3,100.0
Esoteric Ebb,advantage,Characters,8,100.0
Esoteric Ebb,advantage,Music & Sound,3,100.0
Esoteric Ebb,advantage,Difficulty,4,100.0
Esoteric Ebb,advantage,Story,20,90.0
Esoteric Ebb,advantage,Gameplay,5,80.0
Etrian Odyssey 2 Untold: The Fafnir Knight,advantage,Level Design,4,100.0
Etrian Odyssey 2 Untold: The Fafnir Knight,advantage,Gameplay,10,80.0
Etrian Odyssey 2 Untold: The Fafnir Knight,advantage,Difficulty,5,80.0
Etrian Odyssey 2 Untold: The Fafnir Knight,advantage,Replayability,3,66.67
Etrian Odyssey 2 Untold: The Fafnir Knight,advantage,Story,11,63.64
Etrian Odyssey Nexus,advantage,Gameplay,3,100.0
Etrian Odyssey Nexus,advantage,Characters,4,100.0
Etrian Odyssey Nexus,advantage,Difficulty,3,100.0
Etrian Odyssey Nexus,advantage,Replayability,4,100.0
Etrian Odyssey V: Beyond the Myth,advantage,Level Design,3,100.0
Etrian Odyssey V: Beyond the Myth,advantage,Gameplay,13,92.31
Etrian Odyssey V: Beyond the Myth,advantage,Characters,4,75.0
Etrian Odyssey V: Beyond the Myth,advantage,Difficulty,4,75.0
Etrian Odyssey V: Beyond the Myth,advantage,Story,5,60.0
Europa Universalis V,advantage,Gameplay,4,100.0
Europa Universalis V,advantage,Level Design,4,75.0
Ever 17: The Out of Infinity,advantage,Graphics,10,80.0
Ever 17: The Out of Infinity,advantage,Story,8,75.0
Everhood,advantage,Gameplay,10,70.0
Everhood,advantage,Story,12,66.67
Everhood,advantage,Characters,6,66.67
Everspace,advantage,Story,6,100.0
Everspace,advantage,Graphics,5,100.0
Everspace,advantage,Replayability,3,100.0
Everspace,advantage,Difficulty,4,75.0
Everspace,advantage,Gameplay,15,73.33
Everspace,advantage,Level Design,3,66.67
Exo One,advantage,Music & Sound,3,100.0
Exo One,advantage,Gameplay,7,85.71
Exo One,advantage,Story,8,62.5
Expeditions: Rome,advantage,Story,9,100.0
Expeditions: Rome,advantage,Level Design,3,100.0
Expeditions: Rome,advantage,Characters,4,100.0
Expeditions: Rome,advantage,Gameplay,13,84.62
Expeditions: Rome,advantage,Difficulty,4,75.0
Expelled!,advantage,Replayability,3,100.0
Expelled!,advantage,Story,16,68.75
Expelled!,advantage,Gameplay,3,66.67
Expelled!,advantage,Characters,6,66.67
F-Zero 99,advantage,Replayability,4,100.0
F.I.S.T.: Forged In Shadow Torch,advantage,Graphics,8,87.5
F.I.S.T.: Forged In Shadow Torch,advantage,Story,15,80.0
F.I.S.T.: Forged In Shadow Torch,advantage,Characters,9,77.78
F.I.S.T.: Forged In Shadow Torch,advantage,Gameplay,47,74.47
F.I.S.T.: Forged In Shadow Torch,advantage,Level Design,12,66.67
F1 2016,advantage,Gameplay,4,100.0
F1 2016,advantage,Level Design,4,100.0
F1 2016,advantage,Difficulty,4,100.0
F1 2016,advantage,Replayability,4,75.0
F1 2016,advantage,Graphics,5,60.0
F1 2017,advantage,Performance,5,100.0
F1 2017,advantage,Difficulty,5,100.0
F1 2017,advantage,Gameplay,7,85.71
F1 2017,advantage,Level Design,5,80.0
F1 2017,advantage,Story,3,66.67
F1 2017,advantage,Replayability,8,62.5
F1 2018,advantage,Gameplay,8,100.0
F1 2018,advantage,Difficulty,5,100.0
F1 2018,advantage,Performance,4,100.0
F1 2018,advantage,Replayability,4,100.0
F1 2019,advantage,Story,4,100.0
F1 2019,advantage,Replayability,4,100.0
F1 2019,advantage,Level Design,4,100.0
F1 2019,advantage,Gameplay,6,83.33
F1 2019,advantage,Graphics,6,66.67
F1 2020,advantage,Gameplay,9,100.0
F1 2020,advantage,Level Design,7,100.0
F1 2020,advantage,Difficulty,9,100.0
F1 2020,advantage,Replayability,9,100.0
F1 2020,advantage,Graphics,6,83.33
F1 2021,advantage,Level Design,4,100.0
F1 2021,advantage,Performance,6,100.0
F1 2021,advantage,Difficulty,6,100.0
F1 2021,advantage,Music & Sound,3,100.0
F1 2021,advantage,Gameplay,10,90.0
F1 2021,advantage,Story,28,82.14
F1 2021,advantage,Replayability,10,80.0
F1 2021,advantage,Graphics,7,71.43
F1 22,advantage,Level Design,4,100.0
F1 22,advantage,Difficulty,7,85.71
F1 22,advantage,Performance,7,85.71
F1 22,advantage,Graphics,6,83.33
F1 22,advantage,Gameplay,13,69.23
F1 22,advantage,Story,8,62.5
F1 23,advantage,Level Design,3,100.0
F1 23,advantage,Graphics,3,100.0
F1 23,advantage,Difficulty,4,100.0
F1 23,advantage,Replayability,3,100.0
F1 23,advantage,Story,18,88.89
F1 23,advantage,Gameplay,6,83.33
F1 25,advantage,Graphics,11,90.91
F1 25,advantage,Gameplay,6,83.33
F1 25,advantage,Performance,4,75.0
F1 25,advantage,Replayability,9,66.67
FAITH: The Unholy Trinity,advantage,Story,3,100.0
FAITH: The Unholy Trinity,advantage,Graphics,3,100.0
FANTASIAN Neo Dimension,advantage,Replayability,3,100.0
FANTASIAN Neo Dimension,advantage,Story,32,90.62
FANTASIAN Neo Dimension,advantage,Music & Sound,18,88.89
FANTASIAN Neo Dimension,advantage,Gameplay,34,85.29
FANTASIAN Neo Dimension,advantage,Graphics,12,83.33
FANTASIAN Neo Dimension,advantage,Difficulty,21,80.95
FANTASIAN Neo Dimension,advantage,Characters,23,78.26
FANTASIAN Neo Dimension,advantage,Level Design,3,66.67
FAST Racing Neo,advantage,Gameplay,4,100.0
FAST Racing Neo,advantage,Graphics,4,100.0
FAST Racing Neo,advantage,Level Design,3,100.0
FAST Racing Neo,advantage,Difficulty,6,100.0
FIFA 14,advantage,Graphics,4,100.0
FIFA 14,advantage,Gameplay,8,87.5
FIFA 15,advantage,Gameplay,12,83.33
FIFA 15,advantage,Graphics,6,66.67
FIFA 16,advantage,Difficulty,4,100.0
FIFA 16,advantage,Gameplay,14,85.71
FIFA 17,advantage,Difficulty,3,100.0
FIFA 17,advantage,Graphics,11,81.82
FIFA 17,advantage,Gameplay,33,75.76
FIFA 17,advantage,Replayability,4,75.0
FIFA 17,advantage,Story,15,73.33
FIFA 18,advantage,Graphics,10,100.0
FIFA 18,advantage,Story,12,91.67
FIFA 18,advantage,Gameplay,30,86.67
FIFA 18,advantage,Music & Sound,3,66.67
FIFA 18,advantage,Performance,3,66.67
FIFA 19,advantage,Performance,3,100.0
FIFA 19,advantage,Graphics,3,100.0
FIFA 19,advantage,Level Design,4,75.0
FIFA 19,advantage,Story,4,75.0
FIFA 19,advantage,Gameplay,32,71.88
FIFA 19,advantage,Replayability,5,60.0
FRU,advantage,Gameplay,5,100.0
Factorio,advantage,Gameplay,5,80.0
Fading Afternoon,advantage,Story,4,75.0
Fading Afternoon,advantage,Gameplay,5,60.0
Fall Guys: Ultimate Knockout,advantage,Difficulty,18,83.33
Fall Guys: Ultimate Knockout,advantage,Level Design,5,80.0
Fall Guys: Ultimate Knockout,advantage,Gameplay,11,72.73
Fall Guys: Ultimate Knockout,advantage,Replayability,5,60.0
Fallout 4,advantage,Replayability,15,93.33
Fallout 4,advantage,Characters,11,90.91
Fallout 4,advantage,Gameplay,28,89.29
Fallout 4,advantage,Graphics,8,87.5
Fallout 4,advantage,Story,27,85.19
Fallout 4,advantage,Performance,27,85.19
Fallout 4,advantage,Difficulty,11,81.82
Fallout 4,advantage,Level Design,9,77.78
Fallout 4 VR,advantage,Gameplay,4,100.0
Fantasia: Music Evolved,advantage,Music & Sound,34,76.47
Fantasia: Music Evolved,advantage,Gameplay,13,69.23
Fantasy Life i: The Girl Who Steals Time,advantage,Gameplay,14,100.0
Fantasy Life i: The Girl Who Steals Time,advantage,Graphics,4,100.0
Fantasy Life i: The Girl Who Steals Time,advantage,Replayability,10,100.0
Fantasy Life i: The Girl Who Steals Time,advantage,Difficulty,5,100.0
Fantasy Life i: The Girl Who Steals Time,advantage,Level Design,16,93.75
Fantasy Life i: The Girl Who Steals Time,advantage,Story,8,75.0
Far Cry 4,advantage,Characters,7,100.0
Far Cry 4,advantage,Story,21,76.19
Far Cry 4,advantage,Gameplay,24,75.0
Far Cry 4,advantage,Difficulty,4,75.0
Far Cry 4,advantage,Level Design,4,75.0
Far Cry 4,advantage,Replayability,4,75.0
Far Cry 4,advantage,Graphics,3,66.67
Far Cry 5,advantage,Level Design,12,91.67
Far Cry 5,advantage,Characters,26,84.62
Far Cry 5,advantage,Gameplay,48,83.33
Far Cry 5,advantage,Performance,4,75.0
Far Cry 5,advantage,Story,53,71.7
Far Cry 5,advantage,Difficulty,6,66.67
Far Cry 5,advantage,Replayability,13,61.54
Far From Noise,advantage,Story,7,71.43
Far From Noise,disadvantage,Graphics,3,33.33
Farewell North,advantage,Gameplay,3,100.0
Farewell North,advantage,Story,6,100.0
Farewell North,advantage,Difficulty,3,100.0
Farthest Frontier,advantage,Difficulty,3,100.0
Farthest Frontier,advantage,Gameplay,4,75.0
Fast Fusion,advantage,Replayability,4,100.0
Fast Fusion,advantage,Performance,3,100.0
Fast Fusion,advantage,Gameplay,8,87.5
Fast Fusion,advantage,Graphics,7,85.71
Fast Fusion,advantage,Music & Sound,3,66.67
Fatal Fury: City of the Wolves,advantage,Performance,6,100.0
Fatal Fury: City of the Wolves,advantage,Story,10,90.0
Fatal Fury: City of the Wolves,advantage,Music & Sound,7,85.71
Fatal Fury: City of the Wolves,advantage,Graphics,14,85.71
Fatal Fury: City of the Wolves,advantage,Gameplay,41,85.37
Fatal Fury: City of the Wolves,advantage,Characters,16,81.25
Fatal Fury: City of the Wolves,advantage,Replayability,21,76.19
Fatal Fury: City of the Wolves,advantage,Difficulty,8,75.0
Fate/Samurai Remnant,advantage,Graphics,5,100.0
Fate/Samurai Remnant,advantage,Music & Sound,3,100.0
Fate/Samurai Remnant,advantage,Replayability,3,100.0
Fate/Samurai Remnant,advantage,Characters,17,94.12
Fate/Samurai Remnant,advantage,Story,39,87.18
Fate/Samurai Remnant,advantage,Difficulty,7,85.71
Fate/Samurai Remnant,advantage,Gameplay,36,83.33
Fate/Samurai Remnant,advantage,Performance,6,66.67
Fate/Stay Night Remastered,advantage,Story,7,100.0
Fate/Stay Night Remastered,advantage,Graphics,10,100.0
Fear The Spotlight,advantage,Difficulty,8,100.0
Fear The Spotlight,advantage,Story,23,86.96
Fear The Spotlight,advantage,Graphics,6,83.33
Fear The Spotlight,advantage,Characters,4,75.0
Fear The Spotlight,advantage,Gameplay,15,73.33
Fear The Spotlight,advantage,Music & Sound,3,66.67
Fell Seal: Arbiter's Mark,advantage,Graphics,3,100.0
Fell Seal: Arbiter's Mark,advantage,Music & Sound,4,100.0
Fell Seal: Arbiter's Mark,advantage,Characters,7,100.0
Fell Seal: Arbiter's Mark,advantage,Difficulty,7,85.71
Fell Seal: Arbiter's Mark,advantage,Gameplay,10,80.0
Fell Seal: Arbiter's Mark,advantage,Story,14,71.43
Fell Seal: Arbiter's Mark,advantage,Level Design,3,66.67
Fez,advantage,Graphics,8,100.0
Fez,advantage,Music & Sound,4,100.0
Fez,advantage,Gameplay,12,91.67
Fez,advantage,Level Design,5,80.0
Fez,advantage,Difficulty,5,80.0
Fight'N Rage,advantage,Characters,3,100.0
Fight'N Rage,advantage,Level Design,3,100.0
Fight'N Rage,advantage,Difficulty,4,100.0
Fight'N Rage,advantage,Replayability,6,83.33
Fight'N Rage,advantage,Gameplay,10,70.0
Fight'N Rage,advantage,Music & Sound,6,66.67
Fights in Tight Spaces,advantage,Gameplay,8,100.0
Fights in Tight Spaces,advantage,Graphics,3,100.0
Fights in Tight Spaces,advantage,Difficulty,5,100.0
Filament,advantage,Difficulty,8,62.5
Final Fantasy II Pixel Remaster,advantage,Graphics,4,75.0
Final Fantasy II Pixel Remaster,advantage,Difficulty,4,75.0
Final Fantasy II Pixel Remaster,advantage,Replayability,7,71.43
Final Fantasy II Pixel Remaster,advantage,Music & Sound,3,66.67
Final Fantasy II Pixel Remaster,advantage,Gameplay,5,60.0
Final Fantasy III Pixel Remaster,advantage,Replayability,6,83.33
Final Fantasy III Pixel Remaster,advantage,Gameplay,4,75.0
Final Fantasy III Pixel Remaster,advantage,Graphics,4,75.0
Final Fantasy III Pixel Remaster,advantage,Music & Sound,4,75.0
Final Fantasy III Pixel Remaster,advantage,Difficulty,3,66.67
Final Fantasy IV Pixel Remaster,advantage,Gameplay,6,100.0
Final Fantasy IV Pixel Remaster,advantage,Story,5,100.0
Final Fantasy IV Pixel Remaster,advantage,Graphics,4,100.0
Final Fantasy IV Pixel Remaster,advantage,Music & Sound,5,100.0
Final Fantasy IV Pixel Remaster,advantage,Difficulty,4,100.0
Final Fantasy IV Pixel Remaster,advantage,Replayability,6,100.0
Final Fantasy IX,advantage,Gameplay,3,100.0
Final Fantasy IX,advantage,Characters,5,100.0
Final Fantasy IX,advantage,Story,7,85.71
Final Fantasy IX,advantage,Difficulty,3,66.67
Final Fantasy IX (Steam),advantage,Story,3,100.0
Final Fantasy Pixel Remaster,advantage,Gameplay,9,100.0
Final Fantasy Pixel Remaster,advantage,Story,4,100.0
Final Fantasy Pixel Remaster,advantage,Level Design,3,100.0
Final Fantasy Pixel Remaster,advantage,Replayability,9,77.78
Final Fantasy Pixel Remaster,advantage,Music & Sound,11,72.73
Final Fantasy Pixel Remaster,advantage,Graphics,7,71.43
Final Fantasy Tactics - The Ivalice Chronicles,advantage,Replayability,13,100.0
Final Fantasy Tactics - The Ivalice Chronicles,advantage,Difficulty,12,100.0
Final Fantasy Tactics - The Ivalice Chronicles,advantage,Level Design,4,100.0
Final Fantasy Tactics - The Ivalice Chronicles,advantage,Story,40,95.0
Final Fantasy Tactics - The Ivalice Chronicles,advantage,Graphics,20,95.0
Final Fantasy Tactics - The Ivalice Chronicles,advantage,Gameplay,24,91.67
Final Fantasy Tactics - The Ivalice Chronicles,advantage,Characters,9,88.89
Final Fantasy V Pixel Remaster,advantage,Graphics,5,100.0
Final Fantasy V Pixel Remaster,advantage,Replayability,6,100.0
Final Fantasy V Pixel Remaster,advantage,Music & Sound,6,100.0
Final Fantasy V Pixel Remaster,advantage,Gameplay,6,66.67
Final Fantasy V Pixel Remaster,advantage,Story,5,60.0
Final Fantasy VI Pixel Remaster,advantage,Gameplay,5,100.0
Final Fantasy VI Pixel Remaster,advantage,Story,3,100.0
Final Fantasy VI Pixel Remaster,advantage,Graphics,5,100.0
Final Fantasy VI Pixel Remaster,advantage,Music & Sound,5,100.0
Final Fantasy VI Pixel Remaster,advantage,Difficulty,3,100.0
Final Fantasy VI Pixel Remaster,advantage,Replayability,4,100.0
Final Fantasy VII,advantage,Story,3,100.0
Final Fantasy VII,advantage,Characters,3,66.67
Final Fantasy VII,advantage,Music & Sound,3,66.67
Final Fantasy VII Rebirth,advantage,Level Design,8,100.0
Final Fantasy VII Rebirth,advantage,Performance,29,96.55
Final Fantasy VII Rebirth,advantage,Replayability,32,93.75
Final Fantasy VII Rebirth,advantage,Graphics,25,92.0
Final Fantasy VII Rebirth,advantage,Gameplay,66,90.91
Final Fantasy VII Rebirth,advantage,Story,84,90.48
Final Fantasy VII Rebirth,advantage,Characters,36,88.89
Final Fantasy VII Rebirth,advantage,Music & Sound,11,81.82
Final Fantasy VII Rebirth,advantage,Difficulty,17,76.47
Final Fantasy VII Remake,advantage,Replayability,4,100.0
Final Fantasy VII Remake,advantage,Characters,31,93.55
Final Fantasy VII Remake,advantage,Gameplay,37,91.89
Final Fantasy VII Remake,advantage,Graphics,17,88.24
Final Fantasy VII Remake,advantage,Level Design,7,85.71
Final Fantasy VII Remake,advantage,Story,52,82.69
Final Fantasy VII Remake,advantage,Difficulty,12,75.0
Final Fantasy VII Remake,advantage,Music & Sound,11,72.73
Final Fantasy VII Remake,advantage,Performance,3,66.67
Final Fantasy VII Remake Intergrade,advantage,Music & Sound,8,100.0
Final Fantasy VII Remake Intergrade,advantage,Graphics,28,96.43
Final Fantasy VII Remake Intergrade,advantage,Gameplay,37,91.89
Final Fantasy VII Remake Intergrade,advantage,Characters,32,90.62
Final Fantasy VII Remake Intergrade,advantage,Story,46,89.13
Final Fantasy VII Remake Intergrade,advantage,Performance,38,86.84
Final Fantasy VII Remake Intergrade,advantage,Replayability,24,83.33
Final Fantasy VII Remake Intergrade,advantage,Difficulty,10,70.0
Final Fantasy VIII Remastered,advantage,Replayability,3,100.0
Final Fantasy VIII Remastered,advantage,Music & Sound,3,100.0
Final Fantasy VIII Remastered,advantage,Story,15,80.0
Final Fantasy VIII Remastered,advantage,Characters,12,75.0
Final Fantasy VIII Remastered,advantage,Gameplay,14,71.43
Final Fantasy X / X-2 HD Remaster,advantage,Difficulty,9,88.89
Final Fantasy X / X-2 HD Remaster,advantage,Graphics,9,88.89
Final Fantasy X / X-2 HD Remaster,advantage,Replayability,9,88.89
Final Fantasy X / X-2 HD Remaster,advantage,Music & Sound,5,80.0
Final Fantasy X / X-2 HD Remaster,advantage,Story,6,66.67
Final Fantasy X / X-2 HD Remaster,advantage,Gameplay,6,66.67
Final Fantasy XII: The Zodiac Age,advantage,Graphics,15,93.33
Final Fantasy XII: The Zodiac Age,advantage,Music & Sound,8,87.5
Final Fantasy XII: The Zodiac Age,advantage,Gameplay,32,84.38
Final Fantasy XII: The Zodiac Age,advantage,Story,18,83.33
Final Fantasy XII: The Zodiac Age,advantage,Characters,5,80.0
Final Fantasy XIV Online: A Realm Reborn,advantage,Story,3,100.0
Final Fantasy XIV Online: A Realm Reborn,advantage,Graphics,5,100.0
Final Fantasy XIV Online: A Realm Reborn,advantage,Replayability,6,100.0
Final Fantasy XIV: Dawntrail,advantage,Characters,7,100.0
Final Fantasy XIV: Dawntrail,advantage,Difficulty,3,100.0
Final Fantasy XIV: Dawntrail,advantage,Music & Sound,5,100.0
Final Fantasy XIV: Dawntrail,advantage,Story,29,86.21
Final Fantasy XIV: Dawntrail,advantage,Replayability,7,71.43
Final Fantasy XIV: Endwalker,advantage,Gameplay,3,100.0
Final Fantasy XIV: Endwalker,advantage,Characters,3,100.0
Final Fantasy XIV: Endwalker,advantage,Difficulty,4,100.0
Final Fantasy XIV: Endwalker,advantage,Story,29,89.66
Final Fantasy XIV: Endwalker,advantage,Replayability,4,75.0
Final Fantasy XIV: Heavensward,advantage,Replayability,8,100.0
Final Fantasy XIV: Heavensward,advantage,Level Design,3,100.0
Final Fantasy XIV: Heavensward,advantage,Story,8,87.5
Final Fantasy XIV: Heavensward,advantage,Gameplay,3,66.67
Final Fantasy XIV: Shadowbringers,advantage,Gameplay,8,100.0
Final Fantasy XIV: Shadowbringers,advantage,Story,25,100.0
Final Fantasy XIV: Shadowbringers,advantage,Characters,3,100.0
Final Fantasy XIV: Shadowbringers,advantage,Level Design,5,100.0
Final Fantasy XIV: Shadowbringers,advantage,Music & Sound,8,100.0
Final Fantasy XIV: Shadowbringers,advantage,Replayability,8,100.0
Final Fantasy XIV: Stormblood,advantage,Gameplay,6,100.0
Final Fantasy XIV: Stormblood,advantage,Story,13,100.0
Final Fantasy XIV: Stormblood,advantage,Replayability,5,100.0
Final Fantasy XIV: Stormblood,advantage,Characters,6,66.67
Final Fantasy XV,advantage,Replayability,5,80.0
Final Fantasy XV,advantage,Characters,28,71.43
Final Fantasy XV,advantage,Gameplay,43,67.44
Final Fantasy XV,advantage,Graphics,6,66.67
Final Fantasy XV,advantage,Difficulty,9,66.67
Final Fantasy XV,advantage,Story,41,63.41
Final Fantasy XV: Windows Edition,advantage,Story,4,100.0
Final Fantasy XV: Windows Edition,advantage,Replayability,3,100.0
Final Fantasy XVI,advantage,Music & Sound,20,100.0
Final Fantasy XVI,advantage,Graphics,27,88.89
Final Fantasy XVI,advantage,Story,108,85.19
Final Fantasy XVI,advantage,Characters,44,84.09
Final Fantasy XVI,advantage,Level Design,12,83.33
Final Fantasy XVI,advantage,Gameplay,95,82.11
Final Fantasy XVI,advantage,Performance,9,77.78
Final Fantasy XVI,advantage,Replayability,4,75.0
Final Fantasy XVI,advantage,Difficulty,19,73.68
Finding Paradise,advantage,Music & Sound,3,100.0
Finding Paradise,advantage,Story,11,90.91
Fire Emblem Echoes: Shadows of Valentia,advantage,Gameplay,24,79.17
Fire Emblem Echoes: Shadows of Valentia,advantage,Difficulty,7,71.43
Fire Emblem Echoes: Shadows of Valentia,advantage,Story,16,68.75
Fire Emblem Echoes: Shadows of Valentia,advantage,Level Design,3,66.67
Fire Emblem Echoes: Shadows of Valentia,advantage,Replayability,3,66.67
Fire Emblem Echoes: Shadows of Valentia,advantage,Characters,8,62.5
Fire Emblem Echoes: Shadows of Valentia,disadvantage,Level Design,3,33.33
Fire Emblem Engage,advantage,Level Design,6,83.33
Fire Emblem Engage,advantage,Music & Sound,5,80.0
Fire Emblem Engage,advantage,Gameplay,75,70.67
Fire Emblem Engage,advantage,Performance,3,66.67
Fire Emblem Engage,advantage,Difficulty,12,66.67
Fire Emblem Engage,advantage,Story,52,65.38
Fire Emblem Engage,advantage,Replayability,5,60.0
Fire Emblem Fates: Birthright,advantage,Characters,8,87.5
Fire Emblem Fates: Birthright,advantage,Replayability,7,85.71
Fire Emblem Fates: Birthright,advantage,Gameplay,17,76.47
Fire Emblem Fates: Birthright,advantage,Story,21,71.43
Fire Emblem Fates: Birthright,disadvantage,Difficulty,3,33.33
Fire Emblem Fates: Conquest,advantage,Replayability,6,100.0
Fire Emblem Fates: Conquest,advantage,Difficulty,10,100.0
Fire Emblem Fates: Conquest,advantage,Characters,8,87.5
Fire Emblem Fates: Conquest,advantage,Story,20,85.0
Fire Emblem Fates: Conquest,advantage,Gameplay,18,77.78
Fire Emblem Fates: Revelation,advantage,Gameplay,6,100.0
Fire Emblem Fates: Revelation,advantage,Story,8,75.0
Fire Emblem Fates: Revelation,advantage,Characters,4,75.0
Fire Emblem Warriors: Three Hopes,advantage,Level Design,5,100.0
Fire Emblem Warriors: Three Hopes,advantage,Characters,29,89.66
Fire Emblem Warriors: Three Hopes,advantage,Difficulty,7,85.71
Fire Emblem Warriors: Three Hopes,advantage,Replayability,7,85.71
Fire Emblem Warriors: Three Hopes,advantage,Story,36,80.56
Fire Emblem Warriors: Three Hopes,advantage,Gameplay,39,74.36
Fire Emblem: Three Houses,advantage,Graphics,5,100.0
Fire Emblem: Three Houses,advantage,Music & Sound,4,100.0
Fire Emblem: Three Houses,advantage,Level Design,5,100.0
Fire Emblem: Three Houses,advantage,Story,37,94.59
Fire Emblem: Three Houses,advantage,Difficulty,11,90.91
Fire Emblem: Three Houses,advantage,Characters,32,90.62
Fire Emblem: Three Houses,advantage,Replayability,8,87.5
Fire Emblem: Three Houses,advantage,Gameplay,38,86.84
Fire Emblem: Three Houses,advantage,Performance,5,60.0
Fire Pro Wrestling World,advantage,Gameplay,10,80.0
Fire Pro Wrestling World,advantage,Characters,3,66.67
Firewatch,advantage,Graphics,7,100.0
Firewatch,advantage,Difficulty,6,100.0
Firewatch,advantage,Level Design,4,100.0
Firewatch,advantage,Gameplay,12,83.33
Firewatch,advantage,Replayability,5,80.0
Firewatch,advantage,Story,59,79.66
Firewatch,advantage,Characters,25,64.0
Five Nights at Freddy's: Into the Pit,advantage,Graphics,3,66.67
Five Nights at Freddy's: Into the Pit,advantage,Gameplay,11,63.64
Five Nights at Freddy's: Into the Pit,advantage,Story,10,60.0
Floppy Knights,advantage,Characters,3,100.0
Florence,advantage,Gameplay,3,100.0
Florence,advantage,Story,10,90.0
Football Manager 2019,advantage,Difficulty,3,100.0
Football Manager 2019,advantage,Performance,3,66.67
Football Manager 2021,advantage,Difficulty,4,100.0
Football Manager 2021,advantage,Performance,3,100.0
Football Manager 2022,advantage,Gameplay,3,100.0
Football Manager 2022,advantage,Graphics,3,100.0
Football Manager 2024,advantage,Level Design,3,100.0
Football Manager 2024,advantage,Gameplay,6,83.33
Football Manager 2024,disadvantage,Difficulty,3,33.33
ForeVR Bowl,advantage,Difficulty,3,66.67
Fortnite: Battle Royale,advantage,Gameplay,3,100.0
Forza Horizon 2,advantage,Music & Sound,3,100.0
Forza Horizon 2,advantage,Level Design,6,100.0
Forza Horizon 2,advantage,Difficulty,4,100.0
Forza Horizon 2,advantage,Replayability,5,100.0
Forza Horizon 2,advantage,Graphics,7,85.71
Forza Horizon 2,advantage,Gameplay,6,83.33
Forza Horizon 2: Storm Island,advantage,Replayability,5,80.0
Forza Horizon 3,advantage,Music & Sound,5,100.0
Forza Horizon 3,advantage,Replayability,7,100.0
Forza Horizon 3,advantage,Graphics,11,90.91
Forza Horizon 3,advantage,Gameplay,10,90.0
Forza Horizon 3,advantage,Level Design,9,88.89
Forza Horizon 3,advantage,Difficulty,7,85.71
Forza Horizon 3,advantage,Performance,6,83.33
Forza Horizon 3 - Blizzard Mountain,advantage,Level Design,3,100.0
Forza Horizon 3 - Hot Wheels Expansion,advantage,Replayability,3,100.0
Forza Horizon 4,advantage,Gameplay,16,100.0
Forza Horizon 4,advantage,Graphics,16,100.0
Forza Horizon 4,advantage,Level Design,8,100.0
Forza Horizon 4,advantage,Music & Sound,5,100.0
Forza Horizon 4,advantage,Difficulty,7,100.0
Forza Horizon 4,advantage,Performance,4,100.0
Forza Horizon 4,advantage,Replayability,16,100.0
Forza Horizon 5,advantage,Gameplay,23,100.0
Forza Horizon 5,advantage,Story,8,100.0
Forza Horizon 5,advantage,Graphics,21,100.0
Forza Horizon 5,advantage,Music & Sound,6,100.0
Forza Horizon 5,advantage,Replayability,23,100.0
Forza Horizon 5,advantage,Difficulty,10,100.0
Forza Horizon 5,advantage,Level Design,18,94.44
Forza Horizon 5,advantage,Performance,15,93.33
Forza Horizon 5: Hot Wheels,advantage,Gameplay,3,66.67
Forza Horizon 5: Hot Wheels,advantage,Level Design,3,66.67
Forza Horizon 5: Hot Wheels,advantage,Replayability,6,66.67
Forza Horizon 6,advantage,Graphics,10,100.0
Forza Horizon 6,advantage,Level Design,16,100.0
Forza Horizon 6,advantage,Music & Sound,12,100.0
Forza Horizon 6,advantage,Performance,9,100.0
Forza Horizon 6,advantage,Difficulty,11,100.0
Forza Horizon 6,advantage,Replayability,18,100.0
Forza Horizon 6,advantage,Gameplay,18,88.89
Forza Motorsport,advantage,Music & Sound,4,100.0
Forza Motorsport,advantage,Graphics,22,95.45
Forza Motorsport,advantage,Gameplay,23,91.3
Forza Motorsport,advantage,Level Design,7,85.71
Forza Motorsport,advantage,Performance,12,83.33
Forza Motorsport,advantage,Difficulty,9,66.67
Forza Motorsport,advantage,Replayability,17,64.71
Forza Motorsport 6,advantage,Gameplay,5,100.0
Forza Motorsport 6,advantage,Difficulty,5,100.0
Forza Motorsport 6,advantage,Music & Sound,4,100.0
Forza Motorsport 6,advantage,Replayability,13,100.0
Forza Motorsport 6,advantage,Graphics,14,92.86
Forza Motorsport 6,advantage,Level Design,5,80.0
Forza Motorsport 6,advantage,Performance,4,75.0
Forza Motorsport 7,advantage,Graphics,16,100.0
Forza Motorsport 7,advantage,Level Design,4,100.0
Forza Motorsport 7,advantage,Difficulty,5,100.0
Forza Motorsport 7,advantage,Replayability,10,90.0
Forza Motorsport 7,advantage,Gameplay,18,88.89
Forza Motorsport 7,advantage,Performance,13,69.23
Freedom Planet,advantage,Graphics,3,100.0
Freedom Planet,advantage,Difficulty,5,80.0
Freedom Planet,advantage,Replayability,8,75.0
Freedom Planet,advantage,Level Design,7,71.43
Freedom Planet,advantage,Characters,10,70.0
Freedom Planet,advantage,Gameplay,10,60.0
Freedom Planet 2,advantage,Difficulty,4,100.0
Freedom Planet 2,advantage,Replayability,3,100.0
Freedom Planet 2,advantage,Characters,5,80.0
Freedom Planet 2,advantage,Graphics,4,75.0
Freedom Planet 2,advantage,Level Design,7,71.43
Freedom Planet 2,advantage,Gameplay,13,69.23
Freedom Planet 2,advantage,Music & Sound,3,66.67
Freedom Planet 2,advantage,Story,8,62.5
Fresh Tracks,advantage,Story,3,100.0
Fresh Tracks,advantage,Replayability,3,100.0
Fresh Tracks,advantage,Gameplay,5,80.0
Fresh Tracks,advantage,Music & Sound,10,70.0
Fresh Tracks,advantage,Difficulty,3,66.67
Freshly Frosted,advantage,Gameplay,4,100.0
Freshly Frosted,advantage,Difficulty,7,100.0
Fretless - The Wrath of Riffson,advantage,Gameplay,8,75.0
Fretless - The Wrath of Riffson,advantage,Music & Sound,7,71.43
Fretless - The Wrath of Riffson,advantage,Story,3,66.67
Fretless - The Wrath of Riffson,advantage,Difficulty,3,66.67
Frostpunk,advantage,Story,7,100.0
Frostpunk,advantage,Replayability,7,100.0
Frostpunk,advantage,Performance,3,100.0
Frostpunk,advantage,Difficulty,28,85.71
Frostpunk,advantage,Gameplay,18,83.33
Frostpunk 2,advantage,Level Design,5,100.0
Frostpunk 2,advantage,Music & Sound,3,100.0
Frostpunk 2,advantage,Difficulty,26,80.77
Frostpunk 2,advantage,Gameplay,29,75.86
Frostpunk 2,advantage,Performance,4,75.0
Frostpunk 2,advantage,Graphics,8,75.0
Frostpunk 2,advantage,Story,11,72.73
Frostpunk 2,advantage,Replayability,3,66.67
Frostpunk 2: Console Edition,advantage,Gameplay,4,75.0
Frostpunk: The Last Autumn,advantage,Gameplay,5,100.0
Frostpunk: The Last Autumn,advantage,Story,5,100.0
Fuga: Melodies of Steel,advantage,Music & Sound,5,100.0
Fuga: Melodies of Steel,advantage,Characters,7,85.71
Fuga: Melodies of Steel,advantage,Story,14,78.57
Fuga: Melodies of Steel,advantage,Gameplay,14,71.43
Fuga: Melodies of Steel 2,advantage,Gameplay,11,100.0
Fuga: Melodies of Steel 2,advantage,Characters,4,100.0
Fuga: Melodies of Steel 2,advantage,Difficulty,5,100.0
Fuga: Melodies of Steel 2,advantage,Story,9,88.89
Fuga: Melodies of Steel 3,advantage,Story,8,87.5
Fuga: Melodies of Steel 3,advantage,Gameplay,13,84.62
Full Metal Furies,advantage,Gameplay,9,88.89
Full Metal Furies,advantage,Story,5,80.0
Fuser,advantage,Level Design,4,100.0
Fuser,advantage,Music & Sound,28,71.43
GRIME,advantage,Characters,3,100.0
GRIME,advantage,Music & Sound,3,100.0
GRIME,advantage,Level Design,4,100.0
GRIME,advantage,Gameplay,25,72.0
GRIME,advantage,Replayability,3,66.67
GRIME,advantage,Difficulty,13,61.54
GRIME,advantage,Graphics,5,60.0
GRIS,advantage,Characters,5,100.0
GRIS,advantage,Replayability,4,100.0
GRIS,advantage,Difficulty,5,100.0
GRIS,advantage,Music & Sound,31,96.77
GRIS,advantage,Story,21,95.24
GRIS,advantage,Graphics,35,88.57
GRIS,advantage,Level Design,8,87.5
GRIS,advantage,Gameplay,37,81.08
Gal Guardians: Servants of the Dark,advantage,Characters,5,60.0
Gears 5,advantage,Characters,14,92.86
Gears 5,advantage,Replayability,11,90.91
Gears 5,advantage,Story,34,88.24
Gears 5,advantage,Graphics,10,80.0
Gears 5,advantage,Gameplay,30,76.67
Gears 5,advantage,Difficulty,8,75.0
Gears 5,advantage,Level Design,8,62.5
Gears 5: Hivebusters,advantage,Difficulty,3,100.0
Gears 5: Hivebusters,advantage,Characters,5,100.0
Gears 5: Hivebusters,advantage,Story,5,80.0
Gears 5: Hivebusters,advantage,Gameplay,8,75.0
Gears Tactics,advantage,Characters,8,87.5
Gears Tactics,advantage,Gameplay,32,84.38
Gears Tactics,advantage,Story,12,66.67
Gears Tactics,advantage,Graphics,3,66.67
Gears Tactics,advantage,Difficulty,9,66.67
Gears of War 4,advantage,Graphics,7,100.0
Gears of War 4,advantage,Level Design,5,100.0
Gears of War 4,advantage,Replayability,8,100.0
Gears of War 4,advantage,Gameplay,26,84.62
Gears of War 4,advantage,Characters,13,84.62
Gears of War 4,advantage,Difficulty,6,83.33
Gears of War 4,advantage,Story,28,75.0
Gears of War 4,advantage,Music & Sound,4,75.0
Gears of War: Reloaded,advantage,Replayability,6,100.0
Gears of War: Reloaded,advantage,Performance,18,88.89
Gears of War: Reloaded,advantage,Story,9,77.78
Gears of War: Reloaded,advantage,Difficulty,9,77.78
Gears of War: Reloaded,advantage,Gameplay,25,72.0
Gears of War: Reloaded,advantage,Level Design,3,66.67
Gears of War: Reloaded,advantage,Graphics,21,61.9
Gears of War: Reloaded,advantage,Music & Sound,5,60.0
Gears of War: Reloaded,disadvantage,Music & Sound,5,20.0
Gears of War: Ultimate Edition,advantage,Story,3,100.0
Gears of War: Ultimate Edition,advantage,Graphics,12,100.0
Gears of War: Ultimate Edition,advantage,Level Design,4,100.0
Gears of War: Ultimate Edition,advantage,Performance,8,100.0
Gears of War: Ultimate Edition,advantage,Difficulty,3,100.0
Gears of War: Ultimate Edition,advantage,Replayability,8,100.0
Gears of War: Ultimate Edition,advantage,Gameplay,14,85.71
Genshin Impact,advantage,Story,6,100.0
Genshin Impact,advantage,Characters,10,90.0
Genshin Impact,advantage,Gameplay,19,89.47
Genshin Impact,advantage,Replayability,6,83.33
Genshin Impact,advantage,Difficulty,3,66.67
Geometry Wars 3: Dimensions,advantage,Gameplay,8,100.0
Geometry Wars 3: Dimensions,advantage,Level Design,3,66.67
Geometry Wars 3: Dimensions,advantage,Replayability,6,66.67
Geometry Wars 3: Dimensions,advantage,Difficulty,8,62.5
Gerda: A Flame in Winter,advantage,Characters,3,100.0
Gerda: A Flame in Winter,advantage,Difficulty,4,100.0
Gerda: A Flame in Winter,advantage,Story,13,76.92
Gerda: A Flame in Winter,advantage,Level Design,3,66.67
Ghost Giant,advantage,Gameplay,6,100.0
Ghost Giant,advantage,Characters,6,100.0
Ghost Giant,advantage,Level Design,3,100.0
Ghost Giant,advantage,Story,13,84.62
Ghost Trick: Phantom Detective,advantage,Replayability,4,100.0
Ghost Trick: Phantom Detective,advantage,Difficulty,7,100.0
Ghost Trick: Phantom Detective,advantage,Music & Sound,6,100.0
Ghost Trick: Phantom Detective,advantage,Story,37,97.3
Ghost Trick: Phantom Detective,advantage,Gameplay,17,94.12
Ghost Trick: Phantom Detective,advantage,Graphics,15,93.33
Ghost Trick: Phantom Detective,advantage,Characters,12,91.67
Ghost of Tsushima,advantage,Level Design,9,100.0
Ghost of Tsushima,advantage,Performance,4,100.0
Ghost of Tsushima,advantage,Replayability,7,100.0
Ghost of Tsushima,advantage,Music & Sound,3,100.0
Ghost of Tsushima,advantage,Graphics,19,94.74
Ghost of Tsushima,advantage,Characters,18,94.44
Ghost of Tsushima,advantage,Difficulty,9,88.89
Ghost of Tsushima,advantage,Story,40,82.5
Ghost of Tsushima,advantage,Gameplay,67,82.09
Ghost of Tsushima Director's Cut,advantage,Replayability,20,100.0
Ghost of Tsushima Director's Cut,advantage,Performance,16,100.0
Ghost of Tsushima Director's Cut,advantage,Music & Sound,3,100.0
Ghost of Tsushima Director's Cut,advantage,Gameplay,23,95.65
Ghost of Tsushima Director's Cut,advantage,Story,25,92.0
Ghost of Tsushima Director's Cut,advantage,Graphics,12,91.67
Ghost of Tsushima Director's Cut,advantage,Characters,6,83.33
Ghost of Yotei,advantage,Difficulty,8,100.0
Ghost of Yotei,advantage,Story,64,89.06
Ghost of Yotei,advantage,Gameplay,83,87.95
Ghost of Yotei,advantage,Level Design,15,86.67
Ghost of Yotei,advantage,Performance,7,85.71
Ghost of Yotei,advantage,Characters,24,83.33
Ghost of Yotei,advantage,Graphics,16,75.0
Ghost of Yotei,advantage,Music & Sound,8,75.0
Ghost of Yotei,advantage,Replayability,7,71.43
Ghostrunner,advantage,Story,11,90.91
Ghostrunner,advantage,Music & Sound,8,87.5
Ghostrunner,advantage,Difficulty,24,87.5
Ghostrunner,advantage,Gameplay,51,78.43
Ghostrunner,advantage,Performance,12,75.0
Ghostrunner,advantage,Level Design,15,73.33
Ghostrunner,advantage,Graphics,13,69.23
Ghostrunner,advantage,Replayability,3,66.67
Gleylancer,advantage,Graphics,3,100.0
Gleylancer,advantage,Difficulty,7,71.43
Gleylancer,advantage,Gameplay,5,60.0
Gnosia,advantage,Graphics,12,91.67
Gnosia,advantage,Gameplay,12,83.33
Gnosia,advantage,Characters,13,76.92
Gnosia,advantage,Story,19,73.68
God of War,advantage,Graphics,24,100.0
God of War,advantage,Replayability,8,100.0
God of War,advantage,Characters,22,100.0
God of War,advantage,Level Design,9,100.0
God of War,advantage,Music & Sound,12,100.0
God of War,advantage,Difficulty,7,100.0
God of War,advantage,Gameplay,63,98.41
God of War,advantage,Story,72,95.83
God of War,advantage,Performance,13,92.31
God of War III Remastered,advantage,Story,6,83.33
God of War III Remastered,advantage,Gameplay,5,80.0
God of War III Remastered,advantage,Graphics,5,80.0
God of War III Remastered,advantage,Difficulty,3,66.67
God of War III Remastered,advantage,Replayability,3,66.67
God of War III Remastered,disadvantage,Graphics,5,20.0
God of War Ragnarok: Valhalla,advantage,Story,10,100.0
God of War Ragnarok: Valhalla,advantage,Replayability,3,100.0
God of War Ragnarok: Valhalla,advantage,Gameplay,8,87.5
God of War Ragnarök,advantage,Graphics,21,100.0
God of War Ragnarök,advantage,Replayability,10,100.0
God of War Ragnarök,advantage,Level Design,11,100.0
God of War Ragnarök,advantage,Music & Sound,7,100.0
God of War Ragnarök,advantage,Gameplay,73,98.63
God of War Ragnarök,advantage,Difficulty,18,94.44
God of War Ragnarök,advantage,Characters,35,91.43
God of War Ragnarök,advantage,Story,80,91.25
God of War Ragnarök,advantage,Performance,19,84.21
Going Under,advantage,Difficulty,9,77.78
Going Under,advantage,Performance,3,66.67
Golf Story,advantage,Gameplay,9,77.78
Golf Story,advantage,Story,35,74.29
Golf Story,advantage,Difficulty,6,66.67
Golf Story,advantage,Replayability,3,66.67
Gone Home,advantage,Story,9,88.89
Goodnight Universe,advantage,Graphics,3,100.0
Goodnight Universe,advantage,Gameplay,10,90.0
Goodnight Universe,advantage,Story,20,85.0
Goodnight Universe,advantage,Characters,4,75.0
Gorogoa,advantage,Replayability,6,83.33
Gorogoa,advantage,Gameplay,5,80.0
Gorogoa,advantage,Story,9,77.78
Gorogoa,advantage,Characters,3,66.67
Gorogoa,advantage,Difficulty,3,66.67
Gotta Protectors: Cart of Darkness,advantage,Gameplay,3,100.0
Gradius Origins,advantage,Graphics,3,100.0
Gradius Origins,advantage,Replayability,4,100.0
Gradius Origins,advantage,Difficulty,8,87.5
Gradius Origins,advantage,Gameplay,3,66.67
Gran Turismo 7,advantage,Level Design,6,100.0
Gran Turismo 7,advantage,Performance,6,100.0
Gran Turismo 7,advantage,Replayability,14,92.86
Gran Turismo 7,advantage,Gameplay,12,91.67
Gran Turismo 7,advantage,Graphics,15,86.67
Gran Turismo 7,advantage,Difficulty,11,81.82
Gran Turismo 7,advantage,Story,4,75.0
Gran Turismo 7,advantage,Music & Sound,4,75.0
Gran Turismo 7,disadvantage,Story,4,25.0
Granblue Fantasy Versus: Rising,advantage,Difficulty,6,100.0
Granblue Fantasy Versus: Rising,advantage,Performance,3,100.0
Granblue Fantasy Versus: Rising,advantage,Level Design,7,100.0
Granblue Fantasy Versus: Rising,advantage,Characters,14,92.86
Granblue Fantasy Versus: Rising,advantage,Replayability,16,87.5
Granblue Fantasy Versus: Rising,advantage,Gameplay,26,84.62
Granblue Fantasy Versus: Rising,advantage,Story,11,72.73
Granblue Fantasy Versus: Rising,advantage,Graphics,3,66.67
Granblue Fantasy: Relink,advantage,Level Design,5,100.0
Granblue Fantasy: Relink,advantage,Graphics,12,83.33
Granblue Fantasy: Relink,advantage,Difficulty,6,83.33
Granblue Fantasy: Relink,advantage,Gameplay,57,75.44
Granblue Fantasy: Relink,advantage,Performance,4,75.0
Granblue Fantasy: Relink,advantage,Story,44,75.0
Granblue Fantasy: Relink,advantage,Replayability,12,75.0
Granblue Fantasy: Relink,advantage,Characters,43,69.77
Grand Theft Auto IV,advantage,Story,3,100.0
Grand Theft Auto V,advantage,Difficulty,5,100.0
Grand Theft Auto V,advantage,Level Design,6,100.0
Grand Theft Auto V,advantage,Gameplay,19,94.74
Grand Theft Auto V,advantage,Graphics,27,92.59
Grand Theft Auto V,advantage,Characters,10,90.0
Grand Theft Auto V,advantage,Story,16,87.5
Grand Theft Auto V,advantage,Replayability,16,87.5
Grand Theft Auto V,advantage,Performance,21,85.71
Grapple Dogs: Cosmic Canines,advantage,Gameplay,6,100.0
Grapple Dogs: Cosmic Canines,advantage,Level Design,4,100.0
Grapple Dogs: Cosmic Canines,advantage,Difficulty,5,100.0
Gravity Circuit,advantage,Gameplay,3,100.0
Gravity Circuit,advantage,Music & Sound,3,100.0
Gravity Circuit,advantage,Difficulty,6,100.0
Gravity Rush 2,advantage,Graphics,7,85.71
Gravity Rush 2,advantage,Music & Sound,6,83.33
Gravity Rush 2,advantage,Gameplay,34,76.47
Gravity Rush 2,advantage,Characters,15,73.33
Gravity Rush 2,advantage,Replayability,3,66.67
Gravity Rush 2,advantage,Story,20,65.0
Gravity Rush 2,advantage,Difficulty,8,62.5
Griftlands,advantage,Characters,3,100.0
Grim Dawn,advantage,Replayability,3,100.0
Grim Dawn,advantage,Gameplay,7,85.71
Grim Fandango Remastered,advantage,Music & Sound,5,100.0
Grim Fandango Remastered,advantage,Graphics,5,100.0
Grim Fandango Remastered,advantage,Characters,12,91.67
Grim Fandango Remastered,advantage,Story,20,85.0
Grim Fandango Remastered,advantage,Difficulty,10,80.0
Grim Fandango Remastered,advantage,Gameplay,6,66.67
Grime II,advantage,Story,7,85.71
Grime II,advantage,Graphics,5,80.0
Grime II,advantage,Gameplay,19,78.95
Grime II,advantage,Level Design,7,71.43
Grime II,advantage,Performance,3,66.67
Grindstone,advantage,Gameplay,6,100.0
Grindstone,advantage,Graphics,4,100.0
Grindstone,advantage,Difficulty,3,100.0
Grindstone,advantage,Replayability,3,100.0
Groove Coaster: Wai Wai Party!,advantage,Gameplay,3,100.0
Ground Zero,advantage,Replayability,3,100.0
Ground Zero,advantage,Gameplay,9,77.78
Grounded,advantage,Replayability,3,100.0
Grounded,advantage,Level Design,3,66.67
Grounded,advantage,Performance,10,60.0
Guacamelee! 2,advantage,Graphics,8,100.0
Guacamelee! 2,advantage,Level Design,12,100.0
Guacamelee! 2,advantage,Music & Sound,8,100.0
Guacamelee! 2,advantage,Difficulty,26,96.15
Guacamelee! 2,advantage,Story,11,90.91
Guacamelee! 2,advantage,Gameplay,45,84.44
Guacamelee! 2,advantage,Characters,4,75.0
Guacamelee! 2,advantage,Replayability,4,75.0
Guacamelee! Super Turbo Championship Edition,advantage,Gameplay,17,100.0
Guacamelee! Super Turbo Championship Edition,advantage,Story,3,100.0
Guacamelee! Super Turbo Championship Edition,advantage,Level Design,4,100.0
Guacamelee! Super Turbo Championship Edition,advantage,Difficulty,9,88.89
Guacamelee! Super Turbo Championship Edition,advantage,Replayability,8,87.5
Guacamelee! Super Turbo Championship Edition,advantage,Graphics,5,80.0
Guardians of the Galaxy,advantage,Replayability,5,100.0
Guardians of the Galaxy,advantage,Performance,18,88.89
Guardians of the Galaxy,advantage,Gameplay,58,86.21
Guardians of the Galaxy,advantage,Story,72,86.11
Guardians of the Galaxy,advantage,Difficulty,7,85.71
Guardians of the Galaxy,advantage,Music & Sound,20,85.0
Guardians of the Galaxy,advantage,Characters,50,80.0
Guardians of the Galaxy,advantage,Graphics,12,75.0
Guardians of the Galaxy,advantage,Level Design,6,66.67
Guild Wars 2: Heart of Thorns,advantage,Level Design,3,100.0
Guilty Gear -Strive-,advantage,Level Design,7,100.0
Guilty Gear -Strive-,advantage,Replayability,15,100.0
Guilty Gear -Strive-,advantage,Characters,22,100.0
Guilty Gear -Strive-,advantage,Music & Sound,12,100.0
Guilty Gear -Strive-,advantage,Gameplay,42,97.62
Guilty Gear -Strive-,advantage,Graphics,22,95.45
Guilty Gear -Strive-,advantage,Story,13,92.31
Guilty Gear -Strive-,advantage,Difficulty,8,87.5
Guilty Gear -Strive-,advantage,Performance,8,87.5
Guilty Gear Xrd -SIGN-,advantage,Gameplay,5,100.0
Guilty Gear Xrd -SIGN-,advantage,Graphics,3,100.0
Guilty Gear Xrd -SIGN-,advantage,Characters,3,100.0
Guilty Gear Xrd -SIGN-,advantage,Difficulty,3,100.0
Guilty Gear Xrd REV 2,advantage,Difficulty,4,100.0
Guilty Gear Xrd REV 2,advantage,Level Design,3,100.0
Guilty Gear Xrd REV 2,advantage,Characters,8,100.0
Guilty Gear Xrd REV 2,advantage,Gameplay,9,88.89
Guilty Gear Xrd REV 2,advantage,Replayability,9,77.78
Guilty Gear Xrd REV 2,advantage,Graphics,4,75.0
Guilty Gear Xrd REV 2,advantage,Story,8,75.0
Guilty Gear Xrd Revelator,advantage,Gameplay,7,100.0
Guilty Gear Xrd Revelator,advantage,Difficulty,6,83.33
Guilty Gear Xrd Revelator,advantage,Story,5,80.0
Guilty Gear Xrd Revelator,advantage,Characters,5,80.0
Guitar Hero Live,advantage,Gameplay,9,77.78
Guitar Hero Live,advantage,Music & Sound,26,69.23
Guitar Hero Live,advantage,Level Design,3,66.67
Gunman Clive 2,advantage,Gameplay,4,75.0
Gunman Clive HD,advantage,Replayability,3,66.67
HROT,advantage,Gameplay,3,66.67
Hacknet,advantage,Gameplay,3,100.0
Hacknet,advantage,Story,3,100.0
Hades,advantage,Graphics,18,100.0
Hades,advantage,Performance,5,100.0
Hades,advantage,Level Design,7,100.0
Hades,advantage,Difficulty,17,100.0
Hades,advantage,Music & Sound,21,100.0
Hades,advantage,Replayability,10,100.0
Hades,advantage,Gameplay,74,98.65
Hades,advantage,Story,68,98.53
Hades,advantage,Characters,29,96.55
Hades II,advantage,Characters,17,100.0
Hades II,advantage,Graphics,11,100.0
Hades II,advantage,Music & Sound,13,100.0
Hades II,advantage,Level Design,5,100.0
Hades II,advantage,Difficulty,10,100.0
Hades II,advantage,Replayability,17,100.0
Hades II,advantage,Gameplay,58,98.28
Hades II,advantage,Story,44,97.73
Hakuoki: Kyoto Winds,advantage,Story,9,88.89
Hakuoki: Kyoto Winds,advantage,Graphics,10,70.0
Half-Life: Alyx,advantage,Story,12,100.0
Half-Life: Alyx,advantage,Level Design,7,100.0
Half-Life: Alyx,advantage,Gameplay,10,90.0
Halls of Torment,advantage,Gameplay,4,100.0
Halls of Torment,advantage,Characters,3,100.0
Halls of Torment,advantage,Difficulty,3,100.0
Halls of Torment,advantage,Replayability,3,100.0
Halo 5: Guardians,advantage,Graphics,3,100.0
Halo 5: Guardians,advantage,Gameplay,28,85.71
Halo 5: Guardians,advantage,Characters,5,80.0
Halo 5: Guardians,advantage,Performance,10,80.0
Halo 5: Guardians,advantage,Difficulty,8,75.0
Halo 5: Guardians,advantage,Story,33,72.73
Halo 5: Guardians,advantage,Replayability,3,66.67
Halo Infinite,advantage,Performance,11,100.0
Halo Infinite,advantage,Gameplay,55,87.27
Halo Infinite,advantage,Story,36,86.11
Halo Infinite,advantage,Difficulty,7,85.71
Halo Infinite,advantage,Characters,6,83.33
Halo Infinite,advantage,Music & Sound,5,80.0
Halo Infinite,advantage,Level Design,15,80.0
Halo Infinite,advantage,Replayability,5,80.0
Halo Infinite,advantage,Graphics,7,71.43
Halo: The Master Chief Collection,advantage,Gameplay,9,100.0
Halo: The Master Chief Collection,advantage,Story,3,100.0
Halo: The Master Chief Collection,advantage,Graphics,5,100.0
Halo: The Master Chief Collection,advantage,Level Design,5,100.0
Halo: The Master Chief Collection,advantage,Music & Sound,3,100.0
Halo: The Master Chief Collection,advantage,Difficulty,8,100.0
Halo: The Master Chief Collection,advantage,Replayability,16,100.0
Halo: The Master Chief Collection,advantage,Performance,11,81.82
Hand of Fate 2,advantage,Level Design,3,100.0
Hand of Fate 2,advantage,Graphics,3,100.0
Hand of Fate 2,advantage,Gameplay,34,85.29
Hand of Fate 2,advantage,Story,12,66.67
Hardspace: Shipbreaker,advantage,Story,10,90.0
Hardspace: Shipbreaker,advantage,Gameplay,12,83.33
Hardspace: Shipbreaker,advantage,Difficulty,5,60.0
Haste,advantage,Gameplay,3,100.0
Hatsune Miku: Project Diva Future Tone,advantage,Graphics,5,100.0
Hatsune Miku: Project Diva Future Tone,advantage,Music & Sound,3,100.0
Hatsune Miku: Project Diva Future Tone,advantage,Gameplay,11,90.91
Hatsune Miku: Project Diva Future Tone,advantage,Replayability,10,90.0
Hatsune Miku: Project Diva Future Tone,advantage,Difficulty,5,80.0
Headquarters: World War II,advantage,Gameplay,3,66.67
Hearthstone: Heroes of Warcraft,advantage,Gameplay,3,100.0
Hearthstone: Heroes of Warcraft,advantage,Difficulty,3,100.0
Hearts of Iron IV,advantage,Replayability,4,100.0
Hell Clock,advantage,Story,11,81.82
Hell Clock,advantage,Gameplay,15,80.0
Hell Clock,advantage,Difficulty,8,75.0
Hell Clock,advantage,Replayability,3,66.67
Hellblade: Senua's Sacrifice,advantage,Difficulty,14,100.0
Hellblade: Senua's Sacrifice,advantage,Story,55,94.55
Hellblade: Senua's Sacrifice,advantage,Music & Sound,19,84.21
Hellblade: Senua's Sacrifice,advantage,Gameplay,61,80.33
Hellblade: Senua's Sacrifice,advantage,Level Design,5,80.0
Hellblade: Senua's Sacrifice,advantage,Graphics,22,77.27
Hellblade: Senua's Sacrifice,advantage,Characters,12,75.0
Hellblade: Senua's Sacrifice,advantage,Performance,11,72.73
Helldivers,advantage,Level Design,3,100.0
Helldivers,advantage,Difficulty,9,88.89
Helldivers,advantage,Gameplay,9,66.67
Helldivers II,advantage,Characters,3,100.0
Helldivers II,advantage,Gameplay,49,83.67
Helldivers II,advantage,Performance,26,80.77
Helldivers II,advantage,Replayability,19,78.95
Helldivers II,advantage,Difficulty,21,76.19
Helldivers II,advantage,Level Design,8,75.0
Helldivers II,advantage,Story,7,71.43
Helldivers II,advantage,Graphics,5,60.0
Helldivers II,advantage,Music & Sound,5,60.0
Hello Kitty Island Adventure,advantage,Difficulty,3,100.0
Hello Kitty Island Adventure,advantage,Characters,18,77.78
Hello Kitty Island Adventure,advantage,Graphics,4,75.0
Hello Kitty Island Adventure,advantage,Gameplay,15,66.67
Hello Kitty Island Adventure,advantage,Replayability,3,66.67
Henchman Story,advantage,Graphics,3,100.0
Henchman Story,advantage,Story,4,75.0
Her Story,advantage,Gameplay,3,100.0
Her Story,advantage,Story,40,90.0
Her Story,advantage,Difficulty,3,66.67
Her Story,advantage,Performance,3,66.67
Heretic + Hexen,advantage,Level Design,4,100.0
Heretic + Hexen,advantage,Gameplay,11,90.91
Heretic + Hexen,advantage,Replayability,10,90.0
Heretic + Hexen,advantage,Performance,14,85.71
Heretic + Hexen,advantage,Music & Sound,3,66.67
Hermit and Pig,advantage,Gameplay,3,100.0
Hermit and Pig,advantage,Characters,3,100.0
Hermit and Pig,advantage,Story,4,75.0
Heroes of Hammerwatch - Ultimate Edition,advantage,Replayability,3,100.0
Heroes of Hammerwatch - Ultimate Edition,advantage,Gameplay,7,85.71
Heroes of Hammerwatch - Ultimate Edition,advantage,Difficulty,3,66.67
Heroes of the Storm,advantage,Characters,3,100.0
Heroes of the Storm,advantage,Level Design,3,100.0
Heroes of the Storm,advantage,Difficulty,6,83.33
Heroes of the Storm,advantage,Gameplay,4,75.0
Hi-Fi Rush,advantage,Story,16,100.0
Hi-Fi Rush,advantage,Performance,5,100.0
Hi-Fi Rush,advantage,Graphics,20,100.0
Hi-Fi Rush,advantage,Characters,28,100.0
Hi-Fi Rush,advantage,Replayability,5,100.0
Hi-Fi Rush,advantage,Music & Sound,32,96.88
Hi-Fi Rush,advantage,Gameplay,53,96.23
Hi-Fi Rush,advantage,Difficulty,14,92.86
Hi-Fi Rush,advantage,Level Design,9,88.89
Hidden in my Paradise,advantage,Level Design,6,66.67
Hitman - Episode 2: Sapienza,advantage,Level Design,18,88.89
Hitman - Episode 2: Sapienza,advantage,Gameplay,7,85.71
Hitman - Episode 2: Sapienza,advantage,Replayability,7,85.71
Hitman - Episode 2: Sapienza,advantage,Story,5,80.0
Hitman - Episode 2: Sapienza,advantage,Performance,4,75.0
Hitman - Episode 2: Sapienza,advantage,Difficulty,7,71.43
Hitman - Episode 6: Hokkaido,advantage,Replayability,3,100.0
Hitman - Episode 6: Hokkaido,advantage,Level Design,10,80.0
Hitman - The Complete First Season,advantage,Level Design,17,100.0
Hitman - The Complete First Season,advantage,Replayability,11,100.0
Hitman - The Complete First Season,advantage,Difficulty,5,100.0
Hitman - The Complete First Season,advantage,Gameplay,12,91.67
Hitman - The Complete First Season,advantage,Story,8,75.0
Hitman 2,advantage,Difficulty,5,100.0
Hitman 2,advantage,Replayability,21,95.24
Hitman 2,advantage,Gameplay,28,92.86
Hitman 2,advantage,Story,18,88.89
Hitman 2,advantage,Level Design,30,86.67
Hitman 3,advantage,Graphics,7,100.0
Hitman 3,advantage,Music & Sound,3,100.0
Hitman 3,advantage,Level Design,41,92.68
Hitman 3,advantage,Replayability,25,92.0
Hitman 3,advantage,Difficulty,10,90.0
Hitman 3,advantage,Story,34,85.29
Hitman 3,advantage,Gameplay,46,82.61
Hitman 3,advantage,Performance,7,71.43
Hogwarts Legacy,advantage,Graphics,4,100.0
Hogwarts Legacy,advantage,Performance,10,100.0
Hogwarts Legacy,advantage,Music & Sound,3,100.0
Hogwarts Legacy,advantage,Characters,16,87.5
Hogwarts Legacy,advantage,Story,39,87.18
Hogwarts Legacy,advantage,Gameplay,54,87.04
Hogwarts Legacy,advantage,Level Design,6,83.33
Hogwarts Legacy,advantage,Difficulty,17,82.35
Hogwarts Legacy,advantage,Replayability,16,81.25
Hollow Knight,advantage,Story,5,100.0
Hollow Knight,advantage,Graphics,7,100.0
Hollow Knight,advantage,Characters,3,100.0
Hollow Knight,advantage,Level Design,6,100.0
Hollow Knight,advantage,Difficulty,21,100.0
Hollow Knight,advantage,Music & Sound,6,100.0
Hollow Knight,advantage,Replayability,7,100.0
Hollow Knight,advantage,Gameplay,19,94.74
Hollow Knight: Silksong,advantage,Graphics,11,100.0
Hollow Knight: Silksong,advantage,Replayability,6,100.0
Hollow Knight: Silksong,advantage,Gameplay,42,95.24
Hollow Knight: Silksong,advantage,Level Design,14,92.86
Hollow Knight: Silksong,advantage,Story,14,92.86
Hollow Knight: Silksong,advantage,Difficulty,40,90.0
Hollow Knight: Silksong,advantage,Characters,8,87.5
Hollow Knight: Silksong,advantage,Music & Sound,16,87.5
Hollow Knight: Silksong,advantage,Performance,4,75.0
Hollow Knight: Voidheart Edition,advantage,Gameplay,7,100.0
Hollow Knight: Voidheart Edition,advantage,Music & Sound,3,100.0
Hollow Knight: Voidheart Edition,advantage,Difficulty,4,100.0
Hollow Knight: Voidheart Edition,advantage,Replayability,4,100.0
Homeworld Remastered Collection,advantage,Graphics,9,100.0
Homeworld Remastered Collection,advantage,Gameplay,11,90.91
Homeworld Remastered Collection,advantage,Difficulty,4,75.0
Homeworld Remastered Collection,advantage,Music & Sound,5,60.0
Honkai: Star Rail,advantage,Story,11,100.0
Honkai: Star Rail,advantage,Characters,9,100.0
Honkai: Star Rail,advantage,Graphics,5,100.0
Honkai: Star Rail,advantage,Gameplay,14,85.71
Honkai: Star Rail,advantage,Replayability,7,85.71
Horace,advantage,Characters,5,100.0
Horace,advantage,Gameplay,10,80.0
Horace,advantage,Difficulty,8,75.0
Horace,advantage,Story,9,66.67
Horace,advantage,Music & Sound,3,66.67
Horizon Call of the Mountain,advantage,Graphics,8,100.0
Horizon Call of the Mountain,advantage,Characters,5,80.0
Horizon Call of the Mountain,advantage,Performance,10,80.0
Horizon Call of the Mountain,advantage,Gameplay,31,77.42
Horizon Call of the Mountain,advantage,Difficulty,3,66.67
Horizon Call of the Mountain,advantage,Story,8,62.5
Horizon Forbidden West,advantage,Level Design,14,100.0
Horizon Forbidden West,advantage,Music & Sound,4,100.0
Horizon Forbidden West,advantage,Graphics,21,95.24
Horizon Forbidden West,advantage,Characters,18,94.44
Horizon Forbidden West,advantage,Story,61,91.8
Horizon Forbidden West,advantage,Gameplay,59,91.53
Horizon Forbidden West,advantage,Difficulty,11,90.91
Horizon Forbidden West,advantage,Replayability,12,83.33
Horizon Forbidden West,advantage,Performance,18,77.78
Horizon Forbidden West Complete Edition,advantage,Graphics,5,100.0
Horizon Forbidden West Complete Edition,advantage,Replayability,3,100.0
Horizon Forbidden West Complete Edition,advantage,Performance,9,100.0
Horizon Forbidden West Complete Edition,advantage,Gameplay,4,75.0
Horizon Forbidden West Complete Edition,advantage,Story,4,75.0
Horizon Forbidden West: Burning Shores,advantage,Graphics,10,100.0
Horizon Forbidden West: Burning Shores,advantage,Difficulty,3,100.0
Horizon Forbidden West: Burning Shores,advantage,Replayability,17,82.35
Horizon Forbidden West: Burning Shores,advantage,Level Design,5,80.0
Horizon Forbidden West: Burning Shores,advantage,Performance,5,80.0
Horizon Forbidden West: Burning Shores,advantage,Gameplay,22,77.27
Horizon Forbidden West: Burning Shores,advantage,Story,35,77.14
Horizon Forbidden West: Burning Shores,advantage,Characters,20,75.0
Horizon Zero Dawn,advantage,Graphics,20,100.0
Horizon Zero Dawn,advantage,Difficulty,11,100.0
Horizon Zero Dawn,advantage,Performance,6,100.0
Horizon Zero Dawn,advantage,Gameplay,51,98.04
Horizon Zero Dawn,advantage,Characters,20,95.0
Horizon Zero Dawn,advantage,Story,44,90.91
Horizon Zero Dawn,advantage,Replayability,4,75.0
Horizon Zero Dawn,advantage,Level Design,3,66.67
Horizon Zero Dawn Complete Edition,advantage,Performance,9,77.78
Horizon Zero Dawn Complete Edition,advantage,Story,4,75.0
Horizon Zero Dawn Complete Edition,advantage,Gameplay,5,60.0
Horizon Zero Dawn Remastered,advantage,Level Design,7,100.0
Horizon Zero Dawn Remastered,advantage,Graphics,24,87.5
Horizon Zero Dawn Remastered,advantage,Characters,7,85.71
Horizon Zero Dawn Remastered,advantage,Gameplay,17,82.35
Horizon Zero Dawn Remastered,advantage,Story,12,75.0
Horizon Zero Dawn Remastered,advantage,Replayability,6,66.67
Horizon Zero Dawn Remastered,advantage,Performance,8,62.5
Horizon Zero Dawn: The Frozen Wilds,advantage,Graphics,3,100.0
Horizon Zero Dawn: The Frozen Wilds,advantage,Difficulty,5,100.0
Horizon Zero Dawn: The Frozen Wilds,advantage,Replayability,16,87.5
Horizon Zero Dawn: The Frozen Wilds,advantage,Characters,7,85.71
Horizon Zero Dawn: The Frozen Wilds,advantage,Story,20,80.0
Horizon Zero Dawn: The Frozen Wilds,advantage,Gameplay,13,76.92
Horizon Zero Dawn: The Frozen Wilds,advantage,Level Design,4,75.0
Hotline Miami Collection,advantage,Gameplay,4,100.0
Hotline Miami Collection,advantage,Music & Sound,3,100.0
House Flipper 2,advantage,Gameplay,13,84.62
House Flipper 2,advantage,Story,3,66.67
House Flipper 2,advantage,Graphics,12,66.67
Humanity,advantage,Music & Sound,6,100.0
Humanity,advantage,Level Design,16,93.75
Humanity,advantage,Difficulty,8,87.5
Humanity,advantage,Gameplay,14,85.71
Humanity,advantage,Graphics,7,85.71
Humanity,advantage,Story,10,70.0
Humanity,advantage,Replayability,3,66.67
Huntdown,advantage,Gameplay,7,100.0
Huntdown,advantage,Level Design,4,100.0
Huntdown,advantage,Difficulty,6,100.0
Huntdown,advantage,Characters,3,66.67
Hyper Light Drifter,advantage,Graphics,8,100.0
Hyper Light Drifter,advantage,Music & Sound,7,100.0
Hyper Light Drifter,advantage,Difficulty,15,86.67
Hyper Light Drifter,advantage,Gameplay,27,81.48
Hyper Light Drifter,advantage,Story,8,62.5
Hyper Light Drifter - Special Edition,advantage,Gameplay,7,100.0
Hyper Light Drifter - Special Edition,advantage,Difficulty,5,100.0
Hyper Light Drifter - Special Edition,advantage,Performance,3,100.0
Hypnospace Outlaw,advantage,Music & Sound,3,66.67
I Expect You To Die 2,advantage,Gameplay,5,80.0
I Expect You To Die 3: Cog in the Machine,advantage,Difficulty,3,66.67
"I Have No Mouth, and I Must Scream",advantage,Story,5,80.0
I Was a Teenage Exocolonist,advantage,Replayability,3,100.0
I Was a Teenage Exocolonist,advantage,Characters,6,100.0
I Was a Teenage Exocolonist,advantage,Story,12,83.33
I Was a Teenage Exocolonist,advantage,Gameplay,5,80.0
"I, Robot",advantage,Gameplay,3,100.0
Ib,advantage,Gameplay,3,100.0
Ib,advantage,Characters,4,100.0
Ib,advantage,Story,3,66.67
Ib,advantage,Music & Sound,3,66.67
Iconoclasts,advantage,Graphics,6,100.0
Iconoclasts,advantage,Story,24,83.33
Iconoclasts,advantage,Gameplay,18,77.78
Iconoclasts,advantage,Characters,8,75.0
Iconoclasts,advantage,Level Design,8,75.0
If Found...,advantage,Characters,3,100.0
If Found...,advantage,Graphics,3,100.0
If Found...,advantage,Story,13,84.62
If Found...,advantage,Gameplay,3,66.67
Ikaruga,advantage,Replayability,4,100.0
Ikaruga,advantage,Difficulty,9,88.89
Ikaruga,advantage,Gameplay,5,80.0
Immortality,advantage,Characters,6,100.0
Immortality,advantage,Music & Sound,3,100.0
Immortality,advantage,Story,35,91.43
Immortality,advantage,Gameplay,9,88.89
Immortality,advantage,Difficulty,5,80.0
Impostor Factory,advantage,Story,11,81.82
In Stars and Time,advantage,Gameplay,3,100.0
In Stars and Time,advantage,Graphics,3,100.0
In Stars and Time,advantage,Characters,8,87.5
In Stars and Time,advantage,Story,12,66.67
Inazuma Eleven: Victory Road,advantage,Replayability,7,85.71
Inazuma Eleven: Victory Road,advantage,Story,6,83.33
Inazuma Eleven: Victory Road,advantage,Level Design,6,83.33
Inazuma Eleven: Victory Road,advantage,Gameplay,11,81.82
Indiana Jones and the Great Circle,advantage,Music & Sound,3,100.0
Indiana Jones and the Great Circle,advantage,Characters,26,96.15
Indiana Jones and the Great Circle,advantage,Difficulty,21,95.24
Indiana Jones and the Great Circle,advantage,Performance,34,91.18
Indiana Jones and the Great Circle,advantage,Graphics,19,89.47
Indiana Jones and the Great Circle,advantage,Gameplay,88,88.64
Indiana Jones and the Great Circle,advantage,Level Design,16,87.5
Indiana Jones and the Great Circle,advantage,Story,63,84.13
Inertial Drift,advantage,Level Design,5,80.0
Inertial Drift,advantage,Difficulty,9,66.67
Inertial Drift,advantage,Gameplay,8,62.5
Inertial Drift,advantage,Graphics,5,60.0
Infernax,advantage,Difficulty,16,87.5
Infernax,advantage,Music & Sound,5,80.0
Infernax,advantage,Gameplay,26,76.92
Infernax,advantage,Level Design,4,75.0
Infernax,advantage,Graphics,4,75.0
Infernax,advantage,Replayability,4,75.0
Infernax,advantage,Story,3,66.67
Infinity Nikki,advantage,Story,11,81.82
Infinity Nikki,advantage,Graphics,5,80.0
Infinity Nikki,advantage,Characters,3,66.67
Infinity Nikki,advantage,Gameplay,14,64.29
Injustice 2,advantage,Graphics,11,100.0
Injustice 2,advantage,Performance,5,100.0
Injustice 2,advantage,Characters,21,100.0
Injustice 2,advantage,Level Design,6,100.0
Injustice 2,advantage,Music & Sound,3,100.0
Injustice 2,advantage,Difficulty,12,100.0
Injustice 2,advantage,Replayability,32,96.88
Injustice 2,advantage,Story,46,95.65
Injustice 2,advantage,Gameplay,38,89.47
Injustice: Gods Among Us - Ultimate Edition,advantage,Gameplay,3,66.67
Injustice: Gods Among Us - Ultimate Edition,advantage,Characters,3,66.67
Inmost,advantage,Gameplay,7,100.0
Inmost,advantage,Characters,4,100.0
Inmost,advantage,Story,11,90.91
Inmost,advantage,Graphics,5,80.0
Inmost,advantage,Music & Sound,7,71.43
Inmost,advantage,Difficulty,3,66.67
Inscryption,advantage,Gameplay,19,100.0
Inscryption,advantage,Music & Sound,3,100.0
Inscryption,advantage,Difficulty,8,100.0
Inscryption,advantage,Story,29,96.55
Inside,advantage,Characters,4,100.0
Inside,advantage,Graphics,10,100.0
Inside,advantage,Level Design,5,100.0
Inside,advantage,Story,24,95.83
Inside,advantage,Gameplay,22,90.91
Inside,advantage,Music & Sound,6,83.33
Inside,advantage,Replayability,5,80.0
Inside,advantage,Difficulty,9,77.78
Into The Breach,advantage,Replayability,4,100.0
Into The Breach,advantage,Performance,3,100.0
Into The Breach,advantage,Music & Sound,3,100.0
Into The Breach,advantage,Difficulty,15,93.33
Into The Breach,advantage,Gameplay,21,90.48
Into The Breach,advantage,Graphics,6,83.33
Into The Breach,advantage,Level Design,3,66.67
Inversus,advantage,Replayability,3,100.0
Inversus,advantage,Gameplay,4,75.0
Inversus,advantage,Difficulty,4,75.0
Invincible Presents: Atom Eve,advantage,Graphics,3,100.0
Invincible Presents: Atom Eve,advantage,Story,6,66.67
Invisible Inc.,advantage,Replayability,3,100.0
Invisible Inc.,advantage,Gameplay,9,66.67
Invisible Inc.,advantage,Level Design,5,60.0
Is This Seat Taken?,advantage,Gameplay,5,100.0
Is This Seat Taken?,advantage,Graphics,3,100.0
Is This Seat Taken?,advantage,Music & Sound,5,100.0
Is This Seat Taken?,advantage,Level Design,3,100.0
Is This Seat Taken?,advantage,Difficulty,9,88.89
Is This Seat Taken?,advantage,Story,10,80.0
Islanders: New Shores,advantage,Graphics,4,100.0
Islanders: New Shores,advantage,Gameplay,6,83.33
It Takes Two,advantage,Graphics,7,100.0
It Takes Two,advantage,Difficulty,15,86.67
It Takes Two,advantage,Gameplay,59,86.44
It Takes Two,advantage,Story,48,83.33
It Takes Two,advantage,Level Design,18,83.33
It Takes Two,advantage,Characters,7,71.43
Iwakura Aria,advantage,Graphics,9,66.67
Jack Jeanne,advantage,Characters,4,100.0
Jack Jeanne,advantage,Story,6,83.33
Jack Jeanne,advantage,Graphics,5,80.0
Jack Jeanne,advantage,Music & Sound,3,66.67
Jack Move,advantage,Gameplay,6,83.33
Jack Move,advantage,Characters,6,83.33
Jack Move,advantage,Story,11,81.82
Jack Move,advantage,Music & Sound,3,66.67
Jack Move,advantage,Graphics,5,60.0
Jack Move,disadvantage,Music & Sound,3,33.33
Jack Move,disadvantage,Graphics,5,20.0
Jagged Alliance 3,advantage,Graphics,3,100.0
Jagged Alliance 3,advantage,Level Design,4,100.0
Jagged Alliance 3,advantage,Characters,6,100.0
Jagged Alliance 3,advantage,Replayability,4,100.0
Jagged Alliance 3,advantage,Difficulty,10,90.0
Jagged Alliance 3,advantage,Gameplay,17,88.24
Jagged Alliance 3,advantage,Story,5,60.0
Jet Lancer,advantage,Gameplay,3,100.0
Jimmy and the Pulsating Mass,advantage,Gameplay,4,100.0
Jimmy and the Pulsating Mass,advantage,Story,6,66.67
Journey,advantage,Gameplay,4,100.0
Journey,advantage,Story,4,100.0
Journey,advantage,Graphics,4,100.0
Journey,advantage,Music & Sound,4,100.0
Journey,advantage,Performance,3,100.0
Judgment,advantage,Level Design,5,100.0
Judgment,advantage,Replayability,16,93.75
Judgment,advantage,Story,70,92.86
Judgment,advantage,Characters,35,91.43
Judgment,advantage,Graphics,10,90.0
Judgment,advantage,Gameplay,58,86.21
Judgment,advantage,Difficulty,13,84.62
Judgment,advantage,Performance,11,81.82
Jurassic World Evolution 3,advantage,Level Design,3,100.0
Jurassic World Evolution 3,advantage,Gameplay,6,83.33
Jurassic World Evolution 3,advantage,Graphics,3,66.67
Jusant,advantage,Characters,3,100.0
Jusant,advantage,Difficulty,8,100.0
Jusant,advantage,Story,28,89.29
Jusant,advantage,Graphics,9,88.89
Jusant,advantage,Level Design,9,77.78
Jusant,advantage,Music & Sound,13,76.92
Jusant,advantage,Gameplay,43,74.42
Just Shapes & Beats,advantage,Level Design,7,85.71
Just Shapes & Beats,advantage,Difficulty,6,83.33
Just Shapes & Beats,advantage,Music & Sound,10,80.0
Just Shapes & Beats,advantage,Story,4,75.0
Just Shapes & Beats,advantage,Graphics,4,75.0
Just Shapes & Beats,advantage,Replayability,4,75.0
Just Shapes & Beats,advantage,Gameplay,3,66.67
Just a To the Moon Series Beach Episode,advantage,Story,3,100.0
KILL KNIGHT,advantage,Graphics,5,100.0
KILL KNIGHT,advantage,Music & Sound,3,100.0
KILL KNIGHT,advantage,Gameplay,12,91.67
KILL KNIGHT,advantage,Difficulty,9,77.78
KILL KNIGHT,advantage,Level Design,3,66.67
Kaizen: A Factory Story,advantage,Story,3,100.0
Kalimba,advantage,Story,3,100.0
Kalimba,advantage,Level Design,4,100.0
Kalimba,advantage,Difficulty,9,77.78
Kalimba,advantage,Gameplay,7,71.43
Kalimba,advantage,Characters,3,66.67
Kalimba,advantage,Graphics,3,66.67
Katamari Damacy Reroll,advantage,Replayability,5,100.0
Katamari Damacy Reroll,advantage,Difficulty,7,100.0
Katamari Damacy Reroll,advantage,Gameplay,15,86.67
Katamari Damacy Reroll,advantage,Graphics,11,72.73
Katamari Damacy Reroll,advantage,Music & Sound,7,71.43
Katamari Damacy Reroll,disadvantage,Level Design,4,25.0
Katana Zero,advantage,Graphics,10,90.0
Katana Zero,advantage,Music & Sound,13,84.62
Katana Zero,advantage,Story,42,78.57
Katana Zero,advantage,Difficulty,7,71.43
Katana Zero,advantage,Gameplay,24,66.67
Katana Zero,advantage,Characters,6,66.67
Katana Zero,advantage,Replayability,6,66.67
Kathy Rain,advantage,Characters,4,75.0
Kathy Rain,advantage,Story,11,72.73
Kathy Rain 2: Soothsayer,advantage,Story,7,100.0
Kathy Rain 2: Soothsayer,advantage,Characters,3,100.0
Kathy Rain 2: Soothsayer,advantage,Difficulty,5,100.0
Kaze and the Wild Masks,advantage,Gameplay,19,94.74
Kaze and the Wild Masks,advantage,Level Design,10,90.0
Kaze and the Wild Masks,advantage,Graphics,6,83.33
Kaze and the Wild Masks,advantage,Difficulty,15,80.0
Kaze and the Wild Masks,advantage,Story,3,66.67
Kaze and the Wild Masks,advantage,Music & Sound,5,60.0
Keep Driving,advantage,Gameplay,4,100.0
Keep Driving,advantage,Music & Sound,5,100.0
Keep Driving,advantage,Difficulty,4,100.0
Keep Talking and Nobody Explodes,advantage,Replayability,3,100.0
Keeper,advantage,Level Design,5,100.0
Keeper,advantage,Graphics,19,84.21
Keeper,advantage,Replayability,4,75.0
Keeper,advantage,Music & Sound,10,70.0
Keeper,advantage,Story,32,68.75
Keeper,advantage,Characters,3,66.67
Kena: Bridge of Spirits,advantage,Story,36,80.56
Kena: Bridge of Spirits,advantage,Characters,14,78.57
Kena: Bridge of Spirits,advantage,Performance,11,72.73
Kena: Bridge of Spirits,advantage,Difficulty,29,68.97
Kena: Bridge of Spirits,advantage,Gameplay,77,68.83
Kena: Bridge of Spirits,advantage,Graphics,35,68.57
Kena: Bridge of Spirits,advantage,Music & Sound,10,60.0
Kentucky Route Zero: The Complete Season,advantage,Music & Sound,4,100.0
Kentucky Route Zero: The Complete Season,advantage,Story,14,85.71
Kentucky Route Zero: The Complete Season,advantage,Characters,7,71.43
Kentucky Route Zero: The Complete Season,advantage,Difficulty,3,66.67
Kerbal Space Program,advantage,Level Design,3,100.0
Kerbal Space Program,advantage,Gameplay,11,81.82
Kerbal Space Program,advantage,Difficulty,4,75.0
Keylocker | Turn Based Cyberpunk Action,advantage,Music & Sound,5,100.0
Keylocker | Turn Based Cyberpunk Action,advantage,Gameplay,7,85.71
Keylocker | Turn Based Cyberpunk Action,advantage,Difficulty,5,80.0
Keylocker | Turn Based Cyberpunk Action,advantage,Characters,4,75.0
Keylocker | Turn Based Cyberpunk Action,advantage,Story,7,71.43
Killer Instinct: Season 3,advantage,Characters,3,100.0
Killer Instinct: Season 3,advantage,Replayability,7,71.43
Killer Queen Black,advantage,Gameplay,5,80.0
King's Quest - Chapter 1: A Knight to Remember,advantage,Difficulty,3,100.0
King's Quest - Chapter 1: A Knight to Remember,advantage,Gameplay,8,75.0
King's Quest - Chapter 1: A Knight to Remember,advantage,Graphics,8,75.0
King's Quest - Chapter 1: A Knight to Remember,advantage,Story,12,66.67
King's Quest - Chapter 1: A Knight to Remember,advantage,Characters,6,66.67
King's Quest - Chapter 3: Once Upon a Climb,advantage,Story,6,100.0
King's Quest - Chapter 3: Once Upon a Climb,advantage,Characters,3,100.0
Kingdom Come: Deliverance II,advantage,Graphics,6,100.0
Kingdom Come: Deliverance II,advantage,Replayability,5,100.0
Kingdom Come: Deliverance II,advantage,Music & Sound,5,100.0
Kingdom Come: Deliverance II,advantage,Difficulty,21,95.24
Kingdom Come: Deliverance II,advantage,Gameplay,54,88.89
Kingdom Come: Deliverance II,advantage,Level Design,9,88.89
Kingdom Come: Deliverance II,advantage,Story,50,86.0
Kingdom Come: Deliverance II,advantage,Characters,21,85.71
Kingdom Come: Deliverance II,advantage,Performance,19,73.68
Kingdom Eighties,advantage,Story,4,100.0
Kingdom Eighties,advantage,Gameplay,4,75.0
Kingdom Eighties,advantage,Music & Sound,3,66.67
Kingdom Hearts HD 1.5 + 2.5 ReMIX,advantage,Characters,4,100.0
Kingdom Hearts HD 1.5 + 2.5 ReMIX,advantage,Gameplay,8,87.5
Kingdom Hearts HD 1.5 + 2.5 ReMIX,advantage,Performance,10,80.0
Kingdom Hearts HD 1.5 + 2.5 ReMIX,advantage,Story,9,77.78
Kingdom Hearts HD 1.5 + 2.5 ReMIX,advantage,Replayability,3,66.67
Kingdom Hearts III,advantage,Replayability,4,100.0
Kingdom Hearts III,advantage,Music & Sound,4,100.0
Kingdom Hearts III,advantage,Difficulty,17,88.24
Kingdom Hearts III,advantage,Story,55,76.36
Kingdom Hearts III,advantage,Gameplay,49,75.51
Kingdom Hearts III,advantage,Level Design,4,75.0
Kingdom Hearts III,advantage,Characters,11,72.73
Kingdom Hearts III,advantage,Graphics,10,70.0
Kirby Air Riders,advantage,Story,4,100.0
Kirby Air Riders,advantage,Graphics,8,100.0
Kirby Air Riders,advantage,Performance,3,100.0
Kirby Air Riders,advantage,Gameplay,30,83.33
Kirby Air Riders,advantage,Difficulty,12,83.33
Kirby Air Riders,advantage,Replayability,27,81.48
Kirby Air Riders,advantage,Music & Sound,5,80.0
Kirby Air Riders,advantage,Level Design,4,75.0
Kirby Triple Deluxe,advantage,Gameplay,12,75.0
Kirby Triple Deluxe,advantage,Replayability,4,75.0
Kirby Triple Deluxe,advantage,Difficulty,7,71.43
Kirby Triple Deluxe,advantage,Level Design,10,70.0
Kirby and the Forgotten Land,advantage,Characters,4,100.0
Kirby and the Forgotten Land,advantage,Music & Sound,5,100.0
Kirby and the Forgotten Land,advantage,Performance,4,100.0
Kirby and the Forgotten Land,advantage,Replayability,14,92.86
Kirby and the Forgotten Land,advantage,Level Design,25,92.0
Kirby and the Forgotten Land,advantage,Gameplay,48,87.5
Kirby and the Forgotten Land,advantage,Graphics,10,80.0
Kirby and the Forgotten Land,advantage,Difficulty,22,72.73
Kirby and the Forgotten Land - Nintendo Switch 2 Edition + Star-Crossed World,advantage,Story,7,100.0
Kirby and the Forgotten Land - Nintendo Switch 2 Edition + Star-Crossed World,advantage,Music & Sound,5,100.0
Kirby and the Forgotten Land - Nintendo Switch 2 Edition + Star-Crossed World,advantage,Performance,19,100.0
Kirby and the Forgotten Land - Nintendo Switch 2 Edition + Star-Crossed World,advantage,Difficulty,10,90.0
Kirby and the Forgotten Land - Nintendo Switch 2 Edition + Star-Crossed World,advantage,Graphics,9,88.89
Kirby and the Forgotten Land - Nintendo Switch 2 Edition + Star-Crossed World,advantage,Level Design,23,86.96
Kirby and the Forgotten Land - Nintendo Switch 2 Edition + Star-Crossed World,advantage,Replayability,28,85.71
Kirby and the Forgotten Land - Nintendo Switch 2 Edition + Star-Crossed World,advantage,Gameplay,12,83.33
Kirby's Return to Dream Land Deluxe,advantage,Characters,4,100.0
Kirby's Return to Dream Land Deluxe,advantage,Level Design,5,80.0
Kirby's Return to Dream Land Deluxe,advantage,Graphics,18,77.78
Kirby's Return to Dream Land Deluxe,advantage,Replayability,34,76.47
Kirby's Return to Dream Land Deluxe,advantage,Gameplay,22,68.18
Kirby's Return to Dream Land Deluxe,advantage,Story,8,62.5
Kirby: Planet Robobot,advantage,Graphics,6,100.0
Kirby: Planet Robobot,advantage,Level Design,10,100.0
Kirby: Planet Robobot,advantage,Gameplay,17,94.12
Kirby: Planet Robobot,advantage,Difficulty,7,85.71
Kirby: Planet Robobot,advantage,Story,8,75.0
Kirby: Planet Robobot,advantage,Characters,3,66.67
Kirby: Planet Robobot,advantage,Replayability,3,66.67
Knockout City,advantage,Difficulty,13,92.31
Knockout City,advantage,Graphics,6,83.33
Knockout City,advantage,Gameplay,23,78.26
Knockout League,advantage,Characters,3,100.0
Koira,advantage,Story,17,88.24
Koira,advantage,Performance,5,80.0
Koira,advantage,Music & Sound,11,72.73
Koira,advantage,Gameplay,15,66.67
Koira,advantage,Graphics,9,66.67
Kombinera,advantage,Difficulty,8,62.5
KuloNiku: Bowl Up!,advantage,Story,4,100.0
KuloNiku: Bowl Up!,advantage,Gameplay,7,85.71
KuloNiku: Bowl Up!,advantage,Characters,6,83.33
KuloNiku: Bowl Up!,advantage,Difficulty,4,75.0
Kunitsu-Gami: Path of the Goddess,advantage,Graphics,7,100.0
Kunitsu-Gami: Path of the Goddess,advantage,Music & Sound,6,100.0
Kunitsu-Gami: Path of the Goddess,advantage,Replayability,3,100.0
Kunitsu-Gami: Path of the Goddess,advantage,Gameplay,51,78.43
Kunitsu-Gami: Path of the Goddess,advantage,Level Design,8,75.0
Kunitsu-Gami: Path of the Goddess,advantage,Difficulty,11,72.73
Kunitsu-Gami: Path of the Goddess,advantage,Performance,3,66.67
Kunitsu-Gami: Path of the Goddess,advantage,Story,11,63.64
LEGO Batman: Legacy of the Dark Knight,advantage,Graphics,4,100.0
LEGO Batman: Legacy of the Dark Knight,advantage,Level Design,4,100.0
LEGO Batman: Legacy of the Dark Knight,advantage,Replayability,7,100.0
LEGO Batman: Legacy of the Dark Knight,advantage,Characters,23,95.65
LEGO Batman: Legacy of the Dark Knight,advantage,Story,18,94.44
LEGO Batman: Legacy of the Dark Knight,advantage,Difficulty,13,92.31
LEGO Batman: Legacy of the Dark Knight,advantage,Gameplay,51,90.2
LEGO Batman: Legacy of the Dark Knight,advantage,Performance,5,80.0
LEGO Marvel Super Heroes,advantage,Gameplay,4,100.0
LEGO Marvel Super Heroes,advantage,Story,4,100.0
LEGO Marvel Super Heroes,advantage,Characters,7,100.0
LEGO Marvel Super Heroes,advantage,Level Design,3,100.0
LEGO Marvel Super Heroes,advantage,Replayability,8,87.5
LEGO Marvel Super Heroes,advantage,Difficulty,5,80.0
LEGO Marvel Super Heroes,advantage,Performance,3,66.67
La-Mulana 2,advantage,Level Design,4,75.0
La-Mulana 2,advantage,Difficulty,8,75.0
La-Mulana 2,advantage,Gameplay,6,66.67
Labyrinth of Galleria: The Moon Society,advantage,Difficulty,4,100.0
Labyrinth of Galleria: The Moon Society,advantage,Gameplay,11,90.91
Labyrinth of Galleria: The Moon Society,advantage,Story,11,63.64
Lacuna - A Sci-Fi Noir Adventure,advantage,Story,11,72.73
Lacuna - A Sci-Fi Noir Adventure,advantage,Music & Sound,3,66.67
Lara Croft Go,advantage,Difficulty,3,100.0
Laser League,advantage,Level Design,3,100.0
Laser League,advantage,Gameplay,9,88.89
Laser League,advantage,Difficulty,13,84.62
Last Epoch,advantage,Characters,5,80.0
Last Epoch,advantage,Story,7,71.43
Last Epoch,advantage,Difficulty,3,66.67
Last Epoch,advantage,Gameplay,5,60.0
Legend of Grimrock II,advantage,Gameplay,3,66.67
Legend of Grimrock II,advantage,Difficulty,3,66.67
Legends of Runeterra,advantage,Gameplay,3,100.0
Lego Dimensions: Ghostbusters Story Pack,advantage,Story,5,80.0
Lego Star Wars: The Skywalker Saga,advantage,Characters,15,100.0
Lego Star Wars: The Skywalker Saga,advantage,Gameplay,56,87.5
Lego Star Wars: The Skywalker Saga,advantage,Difficulty,16,87.5
Lego Star Wars: The Skywalker Saga,advantage,Replayability,32,84.38
Lego Star Wars: The Skywalker Saga,advantage,Level Design,10,80.0
Lego Star Wars: The Skywalker Saga,advantage,Performance,9,77.78
Lego Star Wars: The Skywalker Saga,advantage,Graphics,8,75.0
Lego Star Wars: The Skywalker Saga,advantage,Story,14,71.43
Let's Build a Zoo,advantage,Gameplay,8,87.5
Let's! Revolution!,advantage,Difficulty,3,100.0
Let's! Revolution!,advantage,Graphics,3,66.67
Let's! Revolution!,advantage,Characters,5,60.0
Lethal League Blaze,advantage,Gameplay,4,75.0
Lethal League Blaze,advantage,Music & Sound,3,66.67
Lethal League Blaze,advantage,Difficulty,3,66.67
Levelhead,advantage,Gameplay,3,66.67
Levelhead,advantage,Level Design,6,66.67
Lies of P,advantage,Characters,13,100.0
Lies of P,advantage,Replayability,6,100.0
Lies of P,advantage,Music & Sound,9,100.0
Lies of P,advantage,Level Design,19,94.74
Lies of P,advantage,Story,42,90.48
Lies of P,advantage,Gameplay,73,90.41
Lies of P,advantage,Graphics,9,88.89
Lies of P,advantage,Difficulty,36,83.33
Lies of P,advantage,Performance,4,75.0
Lies of P: Overture,advantage,Gameplay,11,100.0
Lies of P: Overture,advantage,Characters,4,100.0
Lies of P: Overture,advantage,Level Design,10,100.0
Lies of P: Overture,advantage,Replayability,7,100.0
Lies of P: Overture,advantage,Performance,4,100.0
Lies of P: Overture,advantage,Story,19,89.47
Lies of P: Overture,advantage,Difficulty,8,87.5
Life is Strange - Season One,advantage,Story,11,72.73
Life is Strange - Season One,advantage,Level Design,3,66.67
Life is Strange - Season One,advantage,Characters,5,60.0
Life is Strange: Episode 4 - Dark Room,advantage,Story,16,75.0
Life is Strange: Episode 4 - Dark Room,advantage,Gameplay,6,66.67
Life is Strange: Episode 5 - Polarized,advantage,Characters,4,100.0
Life is Strange: True Colors,advantage,Music & Sound,12,83.33
Life is Strange: True Colors,advantage,Difficulty,10,80.0
Life is Strange: True Colors,advantage,Story,81,77.78
Life is Strange: True Colors,advantage,Graphics,9,77.78
Life is Strange: True Colors,advantage,Characters,58,75.86
Life is Strange: True Colors,advantage,Replayability,3,66.67
Life is Strange: True Colors,advantage,Level Design,5,60.0
Life is Strange: True Colors,advantage,Performance,10,60.0
Life is Strange: True Colors - Wavelengths,advantage,Story,8,62.5
Like A Dragon: Infinite Wealth,advantage,Level Design,5,100.0
Like A Dragon: Infinite Wealth,advantage,Replayability,34,97.06
Like A Dragon: Infinite Wealth,advantage,Gameplay,65,93.85
Like A Dragon: Infinite Wealth,advantage,Story,73,93.15
Like A Dragon: Infinite Wealth,advantage,Difficulty,12,91.67
Like A Dragon: Infinite Wealth,advantage,Characters,34,91.18
Like a Dragon: Ishin!,advantage,Replayability,12,83.33
Like a Dragon: Ishin!,advantage,Gameplay,49,71.43
Like a Dragon: Ishin!,advantage,Characters,19,68.42
Like a Dragon: Ishin!,advantage,Story,49,67.35
Like a Dragon: Ishin!,advantage,Performance,9,66.67
Like a Dragon: Ishin!,advantage,Difficulty,5,60.0
Like a Dragon: Ishin!,advantage,Level Design,5,60.0
Like a Dragon: Pirate Yakuza in Hawaii,advantage,Graphics,4,100.0
Like a Dragon: Pirate Yakuza in Hawaii,advantage,Level Design,4,100.0
Like a Dragon: Pirate Yakuza in Hawaii,advantage,Characters,35,85.71
Like a Dragon: Pirate Yakuza in Hawaii,advantage,Replayability,19,78.95
Like a Dragon: Pirate Yakuza in Hawaii,advantage,Gameplay,54,77.78
Like a Dragon: Pirate Yakuza in Hawaii,advantage,Story,54,77.78
Like a Dragon: Pirate Yakuza in Hawaii,advantage,Music & Sound,3,66.67
Like a Dragon: Pirate Yakuza in Hawaii,advantage,Difficulty,6,66.67
Lil Gator Game,advantage,Difficulty,6,100.0
Lil Gator Game,advantage,Characters,5,100.0
Lil Gator Game,advantage,Story,11,90.91
Lil Gator Game,advantage,Gameplay,6,83.33
Lil Guardsman,advantage,Gameplay,7,100.0
Lil Guardsman,advantage,Story,11,100.0
Lil Guardsman,advantage,Graphics,3,100.0
Lil Guardsman,advantage,Characters,9,100.0
Lil Guardsman,advantage,Replayability,3,66.67
Linelight,advantage,Gameplay,4,100.0
Linelight,advantage,Music & Sound,3,100.0
Linelight,advantage,Difficulty,3,100.0
Little Goody Two Shoes,advantage,Graphics,4,100.0
Little Goody Two Shoes,advantage,Gameplay,6,83.33
Little Goody Two Shoes,advantage,Story,10,80.0
Little Goody Two Shoes,advantage,Difficulty,3,66.67
Little Nightmares II,advantage,Performance,4,100.0
Little Nightmares II,advantage,Graphics,10,90.0
Little Nightmares II,advantage,Difficulty,9,88.89
Little Nightmares II,advantage,Level Design,10,80.0
Little Nightmares II,advantage,Story,42,78.57
Little Nightmares II,advantage,Gameplay,59,77.97
Little Nightmares II,advantage,Characters,13,76.92
Little Nightmares II,advantage,Replayability,9,66.67
Little Nightmares II,advantage,Music & Sound,14,64.29
Little Rocket Lab,advantage,Difficulty,3,100.0
Littlewood,advantage,Gameplay,6,83.33
Littlewood,advantage,Story,3,66.67
Live A Live,advantage,Level Design,5,100.0
Live A Live,advantage,Graphics,19,89.47
Live A Live,advantage,Music & Sound,15,86.67
Live A Live,advantage,Difficulty,7,85.71
Live A Live,advantage,Gameplay,33,81.82
Live A Live,advantage,Story,25,80.0
Live A Live,advantage,Characters,12,75.0
Live A Live,advantage,Replayability,4,75.0
Llamasoft: The Jeff Minter Story,advantage,Story,21,71.43
Loddlenaut,advantage,Gameplay,8,87.5
Lone Echo,advantage,Gameplay,7,100.0
Lone Echo,advantage,Story,4,100.0
Lone Echo II,advantage,Graphics,3,100.0
Lone Survivor,advantage,Story,6,83.33
Lone Survivor,advantage,Characters,3,66.67
Lone Survivor,advantage,Level Design,3,66.67
Lonely Mountains: Downhill,advantage,Performance,4,100.0
Lonely Mountains: Downhill,advantage,Difficulty,7,85.71
Lonely Mountains: Downhill,advantage,Gameplay,9,77.78
Lonely Mountains: Downhill,advantage,Level Design,3,66.67
Lonely Mountains: Snow Riders,advantage,Gameplay,7,100.0
Lonely Mountains: Snow Riders,advantage,Difficulty,4,75.0
Lonely Mountains: Snow Riders,advantage,Replayability,3,66.67
Long Live The Queen,advantage,Story,3,66.67
Long Live The Queen,advantage,Graphics,3,66.67
Long Live The Queen,advantage,Difficulty,3,66.67
Look Outside,advantage,Gameplay,7,85.71
Look Outside,advantage,Difficulty,4,75.0
Loop Hero,advantage,Level Design,3,100.0
Loop Hero,advantage,Difficulty,9,88.89
Loop Hero,advantage,Graphics,6,83.33
Loop Hero,advantage,Music & Sound,5,80.0
Loop Hero,advantage,Gameplay,28,78.57
Loop Hero,advantage,Story,3,66.67
Lorelei and the Laser Eyes,advantage,Story,22,81.82
Lorelei and the Laser Eyes,advantage,Graphics,5,80.0
Lorelei and the Laser Eyes,advantage,Difficulty,10,80.0
Lost Ark,advantage,Level Design,3,100.0
Lost Ark,advantage,Characters,3,100.0
Lost Ark,advantage,Story,11,90.91
Lost Ark,advantage,Difficulty,7,85.71
Lost Ark,advantage,Replayability,17,76.47
Lost Ark,advantage,Gameplay,22,72.73
Lost Judgment,advantage,Replayability,19,94.74
Lost Judgment,advantage,Gameplay,51,82.35
Lost Judgment,advantage,Story,73,80.82
Lost Judgment,advantage,Music & Sound,4,75.0
Lost Judgment,advantage,Performance,4,75.0
Lost Judgment,advantage,Characters,15,66.67
Lost and Found Co.,advantage,Story,8,100.0
Lost and Found Co.,advantage,Graphics,3,100.0
Lost and Found Co.,advantage,Level Design,4,100.0
Lost and Found Co.,advantage,Gameplay,3,66.67
Lost in Play,advantage,Music & Sound,5,100.0
Lost in Play,advantage,Graphics,9,88.89
Lost in Play,advantage,Characters,7,85.71
Lost in Play,advantage,Story,7,85.71
Lost in Play,advantage,Difficulty,6,83.33
Lost in Play,advantage,Gameplay,4,75.0
Lost in Random: The Eternal Die,advantage,Characters,5,80.0
Lost in Random: The Eternal Die,advantage,Gameplay,28,75.0
Lost in Random: The Eternal Die,advantage,Replayability,4,75.0
Lost in Random: The Eternal Die,advantage,Difficulty,12,75.0
Lost in Random: The Eternal Die,advantage,Story,16,68.75
Lost in Random: The Eternal Die,advantage,Graphics,6,66.67
"Love, Ghostie",advantage,Characters,4,75.0
Lovers in a Dangerous Spacetime,advantage,Graphics,3,100.0
Lovers in a Dangerous Spacetime,advantage,Difficulty,8,100.0
Lovers in a Dangerous Spacetime,advantage,Gameplay,8,87.5
Lovish,advantage,Difficulty,4,75.0
Lovish,advantage,Gameplay,5,60.0
Lucy Dreaming,advantage,Story,5,100.0
Lucy Dreaming,advantage,Characters,4,100.0
Luftrausers,advantage,Performance,3,100.0
Luftrausers,advantage,Gameplay,11,72.73
Luftrausers,advantage,Difficulty,10,70.0
Luftrausers,advantage,Music & Sound,6,66.67
Luigi's Mansion 3,advantage,Story,9,100.0
Luigi's Mansion 3,advantage,Characters,3,100.0
Luigi's Mansion 3,advantage,Music & Sound,3,100.0
Luigi's Mansion 3,advantage,Level Design,16,100.0
Luigi's Mansion 3,advantage,Replayability,5,100.0
Luigi's Mansion 3,advantage,Graphics,10,90.0
Luigi's Mansion 3,advantage,Difficulty,8,87.5
Luigi's Mansion 3,advantage,Gameplay,27,85.19
Lumines Arise,advantage,Graphics,24,100.0
Lumines Arise,advantage,Level Design,5,100.0
Lumines Arise,advantage,Difficulty,10,100.0
Lumines Arise,advantage,Music & Sound,25,100.0
Lumines Arise,advantage,Replayability,3,100.0
Lumines Arise,advantage,Gameplay,23,95.65
Lumines Remastered,advantage,Graphics,6,100.0
Lumines Remastered,advantage,Difficulty,3,100.0
Lumines Remastered,advantage,Music & Sound,10,100.0
Lumines Remastered,advantage,Replayability,5,100.0
Lumines Remastered,advantage,Gameplay,10,80.0
Luna Abyss,advantage,Performance,9,100.0
Luna Abyss,advantage,Level Design,5,80.0
Luna Abyss,advantage,Difficulty,4,75.0
Luna Abyss,advantage,Gameplay,24,75.0
Luna Abyss,advantage,Story,11,72.73
Luna Abyss,advantage,Music & Sound,3,66.67
Lunar Remastered Collection,advantage,Gameplay,15,93.33
Lunar Remastered Collection,advantage,Story,15,93.33
Lunar Remastered Collection,advantage,Graphics,13,76.92
Lunar Remastered Collection,advantage,Characters,17,70.59
Lunar Remastered Collection,advantage,Music & Sound,6,66.67
Luto,advantage,Difficulty,7,85.71
Luto,advantage,Level Design,5,80.0
Luto,advantage,Music & Sound,5,80.0
Luto,advantage,Story,14,71.43
Luto,advantage,Gameplay,10,70.0
Luto,advantage,Graphics,5,60.0
MARVEL Cosmic Invasion,advantage,Performance,4,100.0
MARVEL Cosmic Invasion,advantage,Graphics,11,90.91
MARVEL Cosmic Invasion,advantage,Story,8,87.5
MARVEL Cosmic Invasion,advantage,Difficulty,21,80.95
MARVEL Cosmic Invasion,advantage,Gameplay,43,79.07
MARVEL Cosmic Invasion,advantage,Characters,39,71.79
MARVEL Cosmic Invasion,advantage,Replayability,19,63.16
MARVEL Cosmic Invasion,advantage,Level Design,8,62.5
MARVEL Cosmic Invasion,advantage,Music & Sound,10,60.0
MIO: Memories in Orbit,advantage,Replayability,4,100.0
MIO: Memories in Orbit,advantage,Level Design,9,100.0
MIO: Memories in Orbit,advantage,Music & Sound,13,92.31
MIO: Memories in Orbit,advantage,Story,23,91.3
MIO: Memories in Orbit,advantage,Gameplay,62,85.48
MIO: Memories in Orbit,advantage,Difficulty,21,80.95
MIO: Memories in Orbit,advantage,Graphics,22,77.27
MIO: Memories in Orbit,advantage,Characters,5,60.0
MLB 15: The Show,advantage,Gameplay,5,100.0
MLB 15: The Show,advantage,Graphics,5,80.0
MLB 16: The Show,advantage,Gameplay,5,100.0
MLB 17: The Show,advantage,Graphics,4,100.0
MLB 17: The Show,advantage,Gameplay,5,80.0
MLB 17: The Show,advantage,Difficulty,4,75.0
MLB 17: The Show,advantage,Replayability,6,66.67
MLB 18: The Show,advantage,Difficulty,3,100.0
MLB 18: The Show,advantage,Gameplay,11,90.91
MLB 19: The Show,advantage,Gameplay,7,85.71
MLB The Show 20,advantage,Difficulty,5,100.0
MLB The Show 20,advantage,Replayability,5,100.0
MLB The Show 20,advantage,Gameplay,12,91.67
MLB The Show 23,advantage,Story,4,100.0
MLB The Show 23,advantage,Gameplay,14,78.57
MLB The Show 25,advantage,Graphics,7,100.0
MLB The Show 25,advantage,Difficulty,7,100.0
MLB The Show 25,advantage,Replayability,3,100.0
MLB The Show 25,advantage,Gameplay,17,94.12
MOUSE: P.I. For Hire,advantage,Characters,13,100.0
MOUSE: P.I. For Hire,advantage,Story,43,86.05
MOUSE: P.I. For Hire,advantage,Graphics,58,82.76
MOUSE: P.I. For Hire,advantage,Music & Sound,22,81.82
MOUSE: P.I. For Hire,advantage,Level Design,17,76.47
MOUSE: P.I. For Hire,advantage,Gameplay,67,74.63
MOUSE: P.I. For Hire,advantage,Performance,25,68.0
MOUSE: P.I. For Hire,advantage,Replayability,5,60.0
MULLET MADJACK,advantage,Gameplay,19,100.0
MULLET MADJACK,advantage,Story,6,100.0
MULLET MADJACK,advantage,Graphics,8,100.0
MULLET MADJACK,advantage,Difficulty,8,87.5
MULLET MADJACK,advantage,Level Design,5,80.0
MULLET MADJACK,advantage,Music & Sound,4,75.0
MULLET MADJACK,advantage,Performance,8,75.0
Madden NFL 15,advantage,Graphics,4,100.0
Madden NFL 15,advantage,Gameplay,9,88.89
Madden NFL 16,advantage,Gameplay,17,100.0
Madden NFL 16,advantage,Level Design,4,100.0
Madden NFL 16,advantage,Difficulty,3,100.0
Madden NFL 17,advantage,Graphics,4,100.0
Madden NFL 17,advantage,Difficulty,8,100.0
Madden NFL 17,advantage,Gameplay,18,88.89
Madden NFL 18,advantage,Level Design,3,100.0
Madden NFL 18,advantage,Graphics,6,100.0
Madden NFL 18,advantage,Gameplay,17,82.35
Madden NFL 18,advantage,Story,14,64.29
Magic: The Gathering Arena,advantage,Gameplay,10,70.0
Maldita Castilla EX - Cursed Castile,advantage,Gameplay,7,100.0
Maldita Castilla EX - Cursed Castile,advantage,Level Design,5,100.0
Maldita Castilla EX - Cursed Castile,advantage,Music & Sound,3,100.0
Maldita Castilla EX - Cursed Castile,advantage,Difficulty,3,100.0
Manifold Garden,advantage,Graphics,11,90.91
Manifold Garden,advantage,Difficulty,7,85.71
Manifold Garden,advantage,Music & Sound,5,80.0
Manifold Garden,advantage,Level Design,4,75.0
Manifold Garden,advantage,Gameplay,10,70.0
Many Nights a Whisper,advantage,Story,3,100.0
Marathon,advantage,Story,7,85.71
Marathon,advantage,Music & Sound,7,71.43
Marathon,advantage,Performance,14,64.29
Mario & Luigi: Bowser's Inside Story + Bowser Jr.'s Journey,advantage,Gameplay,11,100.0
Mario & Luigi: Bowser's Inside Story + Bowser Jr.'s Journey,advantage,Story,18,100.0
Mario & Luigi: Bowser's Inside Story + Bowser Jr.'s Journey,advantage,Graphics,7,100.0
Mario & Luigi: Bowser's Inside Story + Bowser Jr.'s Journey,advantage,Characters,3,100.0
Mario & Luigi: Bowser's Inside Story + Bowser Jr.'s Journey,advantage,Music & Sound,3,100.0
Mario & Luigi: Bowser's Inside Story + Bowser Jr.'s Journey,advantage,Replayability,3,100.0
Mario & Luigi: Superstar Saga + Bowser's Minions,advantage,Story,11,100.0
Mario & Luigi: Superstar Saga + Bowser's Minions,advantage,Characters,3,100.0
Mario & Luigi: Superstar Saga + Bowser's Minions,advantage,Graphics,8,100.0
Mario & Luigi: Superstar Saga + Bowser's Minions,advantage,Replayability,4,100.0
Mario & Luigi: Superstar Saga + Bowser's Minions,advantage,Gameplay,10,90.0
Mario + Rabbids: Kingdom Battle,advantage,Story,3,100.0
Mario + Rabbids: Kingdom Battle,advantage,Music & Sound,3,100.0
Mario + Rabbids: Kingdom Battle,advantage,Difficulty,17,82.35
Mario + Rabbids: Kingdom Battle,advantage,Characters,16,81.25
Mario + Rabbids: Kingdom Battle,advantage,Gameplay,37,81.08
Mario + Rabbids: Kingdom Battle,advantage,Graphics,4,75.0
Mario + Rabbids: Kingdom Battle,advantage,Level Design,5,60.0
Mario + Rabbids: Kingdom Battle,advantage,Replayability,5,60.0
Mario + Rabbids: Kingdom Battle - Donkey Kong Adventure,advantage,Gameplay,3,100.0
Mario + Rabbids: Kingdom Battle - Donkey Kong Adventure,advantage,Characters,6,100.0
Mario + Rabbids: Kingdom Battle - Donkey Kong Adventure,advantage,Replayability,3,100.0
Mario + Rabbids: Sparks of Hope,advantage,Graphics,5,100.0
Mario + Rabbids: Sparks of Hope,advantage,Performance,4,100.0
Mario + Rabbids: Sparks of Hope,advantage,Music & Sound,6,100.0
Mario + Rabbids: Sparks of Hope,advantage,Gameplay,47,91.49
Mario + Rabbids: Sparks of Hope,advantage,Story,13,84.62
Mario + Rabbids: Sparks of Hope,advantage,Characters,17,82.35
Mario + Rabbids: Sparks of Hope,advantage,Level Design,10,80.0
Mario + Rabbids: Sparks of Hope,advantage,Replayability,5,80.0
Mario + Rabbids: Sparks of Hope,advantage,Difficulty,16,68.75
Mario Kart 8,advantage,Difficulty,6,100.0
Mario Kart 8,advantage,Music & Sound,3,100.0
Mario Kart 8,advantage,Replayability,3,100.0
Mario Kart 8,advantage,Gameplay,14,92.86
Mario Kart 8,advantage,Graphics,12,91.67
Mario Kart 8,advantage,Characters,4,75.0
Mario Kart 8 DLC Pack 2,advantage,Replayability,4,100.0
Mario Kart 8 Deluxe,advantage,Gameplay,13,100.0
Mario Kart 8 Deluxe,advantage,Graphics,8,100.0
Mario Kart 8 Deluxe,advantage,Level Design,4,100.0
Mario Kart 8 Deluxe,advantage,Performance,3,100.0
Mario Kart 8 Deluxe,advantage,Difficulty,6,100.0
Mario Kart 8 Deluxe,advantage,Replayability,28,100.0
Mario Kart 8 Deluxe,advantage,Characters,22,95.45
Mario Kart World,advantage,Performance,7,100.0
Mario Kart World,advantage,Music & Sound,11,100.0
Mario Kart World,advantage,Gameplay,32,93.75
Mario Kart World,advantage,Difficulty,13,92.31
Mario Kart World,advantage,Replayability,24,91.67
Mario Kart World,advantage,Graphics,11,90.91
Mario Kart World,advantage,Level Design,11,90.91
Mario Kart World,advantage,Characters,17,82.35
Mark of the Ninja: Remastered,advantage,Gameplay,5,100.0
Marvel Heroes 2015,advantage,Characters,3,100.0
Marvel Snap,advantage,Gameplay,6,83.33
Marvel vs. Capcom Fighting Collection: Arcade Classics,advantage,Replayability,4,100.0
Marvel vs. Capcom Fighting Collection: Arcade Classics,advantage,Performance,3,100.0
Marvel vs. Capcom Fighting Collection: Arcade Classics,advantage,Gameplay,9,88.89
Marvel vs. Capcom Fighting Collection: Arcade Classics,advantage,Music & Sound,3,66.67
Marvel's Midnight Suns,advantage,Graphics,4,100.0
Marvel's Midnight Suns,advantage,Level Design,4,100.0
Marvel's Midnight Suns,advantage,Gameplay,61,88.52
Marvel's Midnight Suns,advantage,Replayability,7,85.71
Marvel's Midnight Suns,advantage,Difficulty,12,83.33
Marvel's Midnight Suns,advantage,Characters,30,83.33
Marvel's Midnight Suns,advantage,Performance,9,77.78
Marvel's Midnight Suns,advantage,Story,44,77.27
Marvel's Spider-Man,advantage,Difficulty,7,100.0
Marvel's Spider-Man,advantage,Replayability,10,100.0
Marvel's Spider-Man,advantage,Level Design,9,100.0
Marvel's Spider-Man,advantage,Gameplay,47,97.87
Marvel's Spider-Man,advantage,Story,51,96.08
Marvel's Spider-Man,advantage,Characters,22,95.45
Marvel's Spider-Man,advantage,Graphics,17,94.12
Marvel's Spider-Man,advantage,Performance,4,75.0
Marvel's Spider-Man 2,advantage,Music & Sound,3,100.0
Marvel's Spider-Man 2,advantage,Characters,29,96.55
Marvel's Spider-Man 2,advantage,Gameplay,77,92.21
Marvel's Spider-Man 2,advantage,Level Design,11,90.91
Marvel's Spider-Man 2,advantage,Difficulty,10,90.0
Marvel's Spider-Man 2,advantage,Story,86,89.53
Marvel's Spider-Man 2,advantage,Graphics,17,88.24
Marvel's Spider-Man 2,advantage,Replayability,8,75.0
Marvel's Spider-Man 2,advantage,Performance,32,68.75
Marvel's Spider-Man: Miles Morales,advantage,Graphics,19,100.0
Marvel's Spider-Man: Miles Morales,advantage,Music & Sound,5,100.0
Marvel's Spider-Man: Miles Morales,advantage,Difficulty,4,100.0
Marvel's Spider-Man: Miles Morales,advantage,Performance,27,96.3
Marvel's Spider-Man: Miles Morales,advantage,Replayability,15,93.33
Marvel's Spider-Man: Miles Morales,advantage,Gameplay,41,92.68
Marvel's Spider-Man: Miles Morales,advantage,Story,73,90.41
Marvel's Spider-Man: Miles Morales,advantage,Characters,26,84.62
Marvel's Spider-Man: Remastered,advantage,Replayability,3,100.0
Marvel's Spider-Man: Remastered,advantage,Level Design,4,100.0
Marvel's Spider-Man: Remastered,advantage,Gameplay,18,94.44
Marvel's Spider-Man: Remastered,advantage,Graphics,16,93.75
Marvel's Spider-Man: Remastered,advantage,Performance,15,93.33
Marvel's Spider-Man: Remastered,advantage,Story,13,76.92
Marvel's Spider-Man: Remastered,advantage,Characters,3,66.67
Marvel's Spider-Man: Remastered,advantage,Difficulty,3,66.67
Mass Effect Legendary Edition,advantage,Level Design,4,100.0
Mass Effect Legendary Edition,advantage,Story,21,95.24
Mass Effect Legendary Edition,advantage,Characters,14,92.86
Mass Effect Legendary Edition,advantage,Performance,10,90.0
Mass Effect Legendary Edition,advantage,Replayability,9,88.89
Mass Effect Legendary Edition,advantage,Gameplay,15,86.67
Mass Effect Legendary Edition,advantage,Difficulty,7,85.71
Mass Effect Legendary Edition,advantage,Graphics,11,72.73
Max Mustard,advantage,Gameplay,5,80.0
Max Mustard,advantage,Difficulty,3,66.67
Max Payne 3,advantage,Gameplay,3,100.0
Max Payne 3,advantage,Story,3,66.67
Max Payne 3,advantage,Graphics,3,66.67
Max Payne 3,disadvantage,Story,3,33.33
Max Payne 3,disadvantage,Graphics,3,33.33
Mega Man 11,advantage,Characters,4,100.0
Mega Man 11,advantage,Difficulty,25,88.0
Mega Man 11,advantage,Music & Sound,6,83.33
Mega Man 11,advantage,Graphics,9,77.78
Mega Man 11,advantage,Gameplay,30,76.67
Mega Man 11,advantage,Story,4,75.0
Mega Man 11,advantage,Replayability,4,75.0
Mega Man 11,advantage,Level Design,7,71.43
Mega Man X Legacy Collection,advantage,Difficulty,4,100.0
Mega Man X Legacy Collection,advantage,Gameplay,6,83.33
Mega Man X Legacy Collection,advantage,Replayability,5,60.0
Mega Man X Legacy Collection 1+2,advantage,Gameplay,3,100.0
Mega Man Zero/ZX Legacy Collection,advantage,Level Design,4,100.0
Mega Man Zero/ZX Legacy Collection,advantage,Difficulty,11,90.91
Mega Man Zero/ZX Legacy Collection,advantage,Graphics,5,80.0
Mega Man Zero/ZX Legacy Collection,advantage,Replayability,3,66.67
Metal Gear Rising: Revengeance,advantage,Gameplay,7,71.43
Metal Gear Solid Delta: Snake Eater,advantage,Characters,4,100.0
Metal Gear Solid Delta: Snake Eater,advantage,Music & Sound,5,100.0
Metal Gear Solid Delta: Snake Eater,advantage,Story,27,96.3
Metal Gear Solid Delta: Snake Eater,advantage,Replayability,8,87.5
Metal Gear Solid Delta: Snake Eater,advantage,Gameplay,55,87.27
Metal Gear Solid Delta: Snake Eater,advantage,Graphics,46,80.43
Metal Gear Solid Delta: Snake Eater,advantage,Level Design,5,80.0
Metal Gear Solid Delta: Snake Eater,advantage,Difficulty,14,78.57
Metal Gear Solid Delta: Snake Eater,advantage,Performance,15,73.33
Metal Gear Solid Delta: Snake Eater,disadvantage,Level Design,5,20.0
Metal Gear Solid V: The Phantom Pain,advantage,Characters,3,100.0
Metal Gear Solid V: The Phantom Pain,advantage,Level Design,4,100.0
Metal Gear Solid V: The Phantom Pain,advantage,Gameplay,33,81.82
Metal Gear Solid V: The Phantom Pain,advantage,Music & Sound,4,75.0
Metal Gear Solid V: The Phantom Pain,advantage,Performance,4,75.0
Metal Gear Solid V: The Phantom Pain,advantage,Story,28,67.86
Metal Gear Solid V: The Phantom Pain,advantage,Graphics,3,66.67
Metaphor: ReFantazio,advantage,Characters,38,100.0
Metaphor: ReFantazio,advantage,Graphics,13,100.0
Metaphor: ReFantazio,advantage,Music & Sound,18,100.0
Metaphor: ReFantazio,advantage,Level Design,10,100.0
Metaphor: ReFantazio,advantage,Story,65,96.92
Metaphor: ReFantazio,advantage,Gameplay,75,94.67
Metaphor: ReFantazio,advantage,Difficulty,11,90.91
Metaphor: ReFantazio,advantage,Performance,6,83.33
Metro Exodus,advantage,Difficulty,13,92.31
Metro Exodus,advantage,Graphics,11,90.91
Metro Exodus,advantage,Music & Sound,7,85.71
Metro Exodus,advantage,Level Design,18,83.33
Metro Exodus,advantage,Gameplay,39,82.05
Metro Exodus,advantage,Story,43,79.07
Metro Exodus,advantage,Characters,12,66.67
Metro Exodus,advantage,Performance,29,62.07
Metro Exodus Enhanced Edition,advantage,Graphics,6,100.0
Metro Exodus Enhanced Edition,advantage,Performance,5,80.0
Metro Redux,advantage,Story,6,100.0
Metro Redux,advantage,Gameplay,14,92.86
Metro Redux,advantage,Replayability,7,85.71
Metro Redux,advantage,Graphics,13,84.62
Metro Redux,advantage,Performance,11,72.73
Metro: 2033 Redux,advantage,Graphics,3,66.67
Metroid Dread,advantage,Level Design,18,100.0
Metroid Dread,advantage,Characters,3,100.0
Metroid Dread,advantage,Difficulty,26,96.15
Metroid Dread,advantage,Story,19,94.74
Metroid Dread,advantage,Graphics,7,85.71
Metroid Dread,advantage,Gameplay,48,85.42
Metroid Prime 4: Beyond,advantage,Characters,7,100.0
Metroid Prime 4: Beyond,advantage,Performance,10,80.0
Metroid Prime 4: Beyond,advantage,Story,20,80.0
Metroid Prime 4: Beyond,advantage,Level Design,17,76.47
Metroid Prime 4: Beyond,advantage,Gameplay,54,75.93
Metroid Prime 4: Beyond,advantage,Graphics,14,71.43
Metroid Prime 4: Beyond,advantage,Difficulty,8,62.5
Metroid Prime Remastered,advantage,Gameplay,31,100.0
Metroid Prime Remastered,advantage,Level Design,8,100.0
Metroid Prime Remastered,advantage,Difficulty,3,100.0
Metroid Prime Remastered,advantage,Music & Sound,3,100.0
Metroid Prime Remastered,advantage,Performance,11,100.0
Metroid Prime Remastered,advantage,Graphics,29,96.55
Metroid: Samus Returns,advantage,Music & Sound,3,100.0
Metroid: Samus Returns,advantage,Level Design,3,100.0
Metroid: Samus Returns,advantage,Difficulty,6,100.0
Metroid: Samus Returns,advantage,Gameplay,25,88.0
Metroid: Samus Returns,advantage,Graphics,8,75.0
Metroid: Samus Returns,advantage,Story,3,66.67
Mewgenics,advantage,Replayability,7,100.0
Mewgenics,advantage,Difficulty,10,100.0
Mewgenics,advantage,Gameplay,17,88.24
Mewgenics,advantage,Graphics,5,80.0
Mewgenics,advantage,Music & Sound,4,75.0
Microsoft Flight Simulator,advantage,Graphics,9,100.0
Microsoft Flight Simulator,advantage,Level Design,5,100.0
Microsoft Flight Simulator,advantage,Replayability,6,100.0
Microsoft Flight Simulator,advantage,Gameplay,15,93.33
Microsoft Flight Simulator,advantage,Performance,20,85.0
Microsoft Flight Simulator,advantage,Difficulty,7,71.43
Middle-earth: Shadow of Mordor,advantage,Level Design,4,100.0
Middle-earth: Shadow of Mordor,advantage,Characters,4,100.0
Middle-earth: Shadow of Mordor,advantage,Difficulty,8,100.0
Middle-earth: Shadow of Mordor,advantage,Replayability,4,100.0
Middle-earth: Shadow of Mordor,advantage,Gameplay,40,90.0
Middle-earth: Shadow of Mordor,advantage,Story,19,89.47
Middle-earth: Shadow of War,advantage,Performance,5,100.0
Middle-earth: Shadow of War,advantage,Difficulty,8,87.5
Middle-earth: Shadow of War,advantage,Characters,5,80.0
Middle-earth: Shadow of War,advantage,Story,41,68.29
Middle-earth: Shadow of War,advantage,Music & Sound,3,66.67
Middle-earth: Shadow of War,advantage,Graphics,3,66.67
Middle-earth: Shadow of War,advantage,Gameplay,41,63.41
Middle-earth: Shadow of War,advantage,Replayability,8,62.5
Mighty Switch Force! Collection,advantage,Gameplay,4,100.0
Mighty Switch Force! Collection,advantage,Level Design,3,66.67
Mighty Switch Force! Collection,advantage,Replayability,6,66.67
Mina the Hollower,advantage,Story,8,100.0
Mina the Hollower,advantage,Characters,6,100.0
Mina the Hollower,advantage,Replayability,6,100.0
Mina the Hollower,advantage,Difficulty,29,93.1
Mina the Hollower,advantage,Gameplay,51,92.16
Mina the Hollower,advantage,Music & Sound,7,85.71
Mina the Hollower,advantage,Graphics,5,80.0
Mina the Hollower,advantage,Level Design,14,78.57
Mindcop,advantage,Difficulty,5,100.0
Mindcop,advantage,Characters,5,80.0
Mindcop,advantage,Graphics,5,80.0
Mindcop,advantage,Story,8,75.0
Mindcop,advantage,Gameplay,10,70.0
Minds Beneath Us,advantage,Characters,7,85.71
Minds Beneath Us,advantage,Story,13,84.62
Minds Beneath Us,advantage,Graphics,3,66.67
Minecraft,advantage,Gameplay,8,100.0
Minecraft,advantage,Level Design,3,100.0
Minecraft,advantage,Difficulty,3,100.0
Minecraft,advantage,Performance,4,100.0
Minecraft,advantage,Replayability,3,100.0
Minecraft: Nintendo Switch Edition,advantage,Gameplay,5,100.0
Mini Metro,advantage,Gameplay,4,100.0
Mini Motorways,advantage,Level Design,6,100.0
Mini Motorways,advantage,Difficulty,7,85.71
Mini Motorways,advantage,Gameplay,9,77.78
Minishoot' Adventures,advantage,Story,4,100.0
Minishoot' Adventures,advantage,Graphics,4,100.0
Minishoot' Adventures,advantage,Difficulty,10,100.0
Minishoot' Adventures,advantage,Music & Sound,3,100.0
Minishoot' Adventures,advantage,Gameplay,17,94.12
Minishoot' Adventures,advantage,Level Design,7,85.71
Minit,advantage,Music & Sound,3,100.0
Minit,advantage,Gameplay,13,84.62
Minit,advantage,Replayability,6,66.67
Minos,advantage,Gameplay,6,83.33
Mixtape,advantage,Characters,13,100.0
Mixtape,advantage,Music & Sound,52,90.38
Mixtape,advantage,Story,47,89.36
Mixtape,advantage,Graphics,15,80.0
Mixtape,advantage,Difficulty,7,71.43
Mixtape,advantage,Gameplay,21,66.67
Momodora: Moonlit Farewell,advantage,Characters,3,100.0
Momodora: Moonlit Farewell,advantage,Level Design,3,100.0
Momodora: Moonlit Farewell,advantage,Music & Sound,7,100.0
Momodora: Moonlit Farewell,advantage,Story,7,85.71
Momodora: Moonlit Farewell,advantage,Difficulty,7,85.71
Momodora: Moonlit Farewell,advantage,Gameplay,13,69.23
Momodora: Moonlit Farewell,advantage,Graphics,9,66.67
Momodora: Moonlit Farewell,advantage,Replayability,3,66.67
Moncage,advantage,Story,5,60.0
Monomals,advantage,Gameplay,5,80.0
Monomals,advantage,Music & Sound,4,75.0
Monster Boy and the Cursed Kingdom,advantage,Gameplay,13,100.0
Monster Boy and the Cursed Kingdom,advantage,Story,4,100.0
Monster Boy and the Cursed Kingdom,advantage,Graphics,9,100.0
Monster Boy and the Cursed Kingdom,advantage,Level Design,3,100.0
Monster Boy and the Cursed Kingdom,advantage,Music & Sound,5,100.0
Monster Boy and the Cursed Kingdom,advantage,Difficulty,9,88.89
Monster Boy and the Cursed Kingdom,advantage,Characters,4,75.0
Monster Hunter 4 Ultimate,advantage,Story,3,100.0
Monster Hunter 4 Ultimate,advantage,Replayability,5,100.0
Monster Hunter 4 Ultimate,advantage,Gameplay,11,90.91
Monster Hunter 4 Ultimate,advantage,Difficulty,11,90.91
Monster Hunter Generations,advantage,Story,4,100.0
Monster Hunter Generations,advantage,Replayability,7,100.0
Monster Hunter Generations,advantage,Graphics,3,100.0
Monster Hunter Generations,advantage,Gameplay,18,88.89
Monster Hunter Generations,advantage,Difficulty,3,66.67
Monster Hunter Rise,advantage,Level Design,11,100.0
Monster Hunter Rise,advantage,Music & Sound,3,100.0
Monster Hunter Rise,advantage,Performance,16,100.0
Monster Hunter Rise,advantage,Gameplay,62,98.39
Monster Hunter Rise,advantage,Difficulty,24,95.83
Monster Hunter Rise,advantage,Replayability,16,93.75
Monster Hunter Rise,advantage,Story,11,90.91
Monster Hunter Rise,advantage,Graphics,18,88.89
Monster Hunter Rise: Sunbreak,advantage,Difficulty,15,100.0
Monster Hunter Rise: Sunbreak,advantage,Replayability,24,95.83
Monster Hunter Rise: Sunbreak,advantage,Gameplay,30,80.0
Monster Hunter Rise: Sunbreak,advantage,Story,3,66.67
Monster Hunter Stories 2: Wings of Ruin,advantage,Replayability,10,100.0
Monster Hunter Stories 2: Wings of Ruin,advantage,Graphics,14,85.71
Monster Hunter Stories 2: Wings of Ruin,advantage,Story,42,83.33
Monster Hunter Stories 2: Wings of Ruin,advantage,Gameplay,47,82.98
Monster Hunter Stories 2: Wings of Ruin,advantage,Characters,9,77.78
Monster Hunter Stories 2: Wings of Ruin,advantage,Performance,9,77.78
Monster Hunter Stories 2: Wings of Ruin,advantage,Difficulty,10,70.0
Monster Hunter Stories 2: Wings of Ruin,advantage,Level Design,5,60.0
Monster Hunter Stories 3: Twisted Reflection,advantage,Music & Sound,3,100.0
Monster Hunter Stories 3: Twisted Reflection,advantage,Level Design,11,90.91
Monster Hunter Stories 3: Twisted Reflection,advantage,Graphics,18,88.89
Monster Hunter Stories 3: Twisted Reflection,advantage,Gameplay,71,88.73
Monster Hunter Stories 3: Twisted Reflection,advantage,Difficulty,16,87.5
Monster Hunter Stories 3: Twisted Reflection,advantage,Performance,8,87.5
Monster Hunter Stories 3: Twisted Reflection,advantage,Story,65,86.15
Monster Hunter Stories 3: Twisted Reflection,advantage,Characters,14,85.71
Monster Hunter Stories 3: Twisted Reflection,advantage,Replayability,5,80.0
Monster Hunter Wilds,advantage,Level Design,12,100.0
Monster Hunter Wilds,advantage,Music & Sound,6,100.0
Monster Hunter Wilds,advantage,Characters,6,100.0
Monster Hunter Wilds,advantage,Gameplay,86,94.19
Monster Hunter Wilds,advantage,Story,48,91.67
Monster Hunter Wilds,advantage,Performance,24,91.67
Monster Hunter Wilds,advantage,Difficulty,17,88.24
Monster Hunter Wilds,advantage,Replayability,8,87.5
Monster Hunter Wilds,advantage,Graphics,13,84.62
Monster Hunter World,advantage,Story,11,100.0
Monster Hunter World,advantage,Graphics,7,100.0
Monster Hunter World,advantage,Level Design,4,100.0
Monster Hunter World,advantage,Replayability,17,100.0
Monster Hunter World,advantage,Performance,7,100.0
Monster Hunter World,advantage,Gameplay,46,97.83
Monster Hunter World,advantage,Difficulty,24,95.83
Monster Hunter World: Iceborne,advantage,Story,3,100.0
Monster Hunter World: Iceborne,advantage,Graphics,4,100.0
Monster Hunter World: Iceborne,advantage,Difficulty,14,100.0
Monster Hunter World: Iceborne,advantage,Level Design,4,100.0
Monster Hunter World: Iceborne,advantage,Replayability,25,100.0
Monster Hunter World: Iceborne,advantage,Gameplay,21,95.24
Monster Prom 2: Monster Camp,advantage,Characters,4,100.0
Monster Prom 2: Monster Camp,advantage,Story,5,80.0
Monster Sanctuary,advantage,Replayability,3,100.0
Monster Sanctuary,advantage,Difficulty,4,100.0
Monster Sanctuary,advantage,Gameplay,11,90.91
Monster Sanctuary,advantage,Level Design,4,75.0
Monster Train,advantage,Difficulty,7,100.0
Monster Train,advantage,Replayability,5,80.0
Monster Train,advantage,Gameplay,8,75.0
Monster Train 2,advantage,Story,6,100.0
Monster Train 2,advantage,Difficulty,8,100.0
Monster Train 2,advantage,Replayability,9,100.0
Monster Train 2,advantage,Gameplay,14,92.86
Moomintroll: Winter's Warmth,advantage,Story,9,88.89
Moomintroll: Winter's Warmth,advantage,Characters,6,83.33
Moomintroll: Winter's Warmth,advantage,Gameplay,11,63.64
Moon,advantage,Gameplay,3,100.0
Moon,advantage,Story,4,75.0
Moonlighter,advantage,Music & Sound,7,85.71
Moonlighter,advantage,Story,6,83.33
Moonlighter,advantage,Level Design,4,75.0
Moonlighter,advantage,Gameplay,41,73.17
Moonlighter,advantage,Difficulty,14,71.43
Moonlighter,advantage,Replayability,3,66.67
Moonlighter,advantage,Graphics,11,63.64
Moonstone Island,advantage,Graphics,5,100.0
Moonstone Island,advantage,Gameplay,11,72.73
Moonstone Island,advantage,Difficulty,3,66.67
Mordhau,advantage,Gameplay,15,86.67
Mordhau,advantage,Performance,3,66.67
Mortal Kombat 1,advantage,Level Design,4,100.0
Mortal Kombat 1,advantage,Music & Sound,3,100.0
Mortal Kombat 1,advantage,Characters,27,92.59
Mortal Kombat 1,advantage,Gameplay,69,89.86
Mortal Kombat 1,advantage,Difficulty,8,87.5
Mortal Kombat 1,advantage,Performance,7,85.71
Mortal Kombat 1,advantage,Story,61,85.25
Mortal Kombat 1,advantage,Graphics,17,82.35
Mortal Kombat 1,advantage,Replayability,20,65.0
Mortal Kombat 11,advantage,Level Design,7,100.0
Mortal Kombat 11,advantage,Music & Sound,3,100.0
Mortal Kombat 11,advantage,Characters,17,100.0
Mortal Kombat 11,advantage,Replayability,25,92.0
Mortal Kombat 11,advantage,Story,53,84.91
Mortal Kombat 11,advantage,Difficulty,12,83.33
Mortal Kombat 11,advantage,Gameplay,40,77.5
Mortal Kombat 11,advantage,Performance,4,75.0
Mortal Kombat 11,advantage,Graphics,15,73.33
Mortal Kombat 11 Ultimate,advantage,Story,8,100.0
Mortal Kombat 11 Ultimate,advantage,Graphics,5,100.0
Mortal Kombat 11 Ultimate,advantage,Performance,3,100.0
Mortal Kombat 11 Ultimate,advantage,Characters,11,100.0
Mortal Kombat 11 Ultimate,advantage,Replayability,22,95.45
Mortal Kombat 11 Ultimate,advantage,Gameplay,8,87.5
Mortal Kombat X,advantage,Replayability,17,94.12
Mortal Kombat X,advantage,Characters,22,90.91
Mortal Kombat X,advantage,Story,30,83.33
Mortal Kombat X,advantage,Difficulty,6,83.33
Mortal Kombat X,advantage,Gameplay,21,80.95
Mortal Kombat X,advantage,Graphics,4,75.0
Mortal Kombat X,advantage,Performance,5,60.0
Mortal Kombat XL,advantage,Characters,3,100.0
Mortal Kombat XL,advantage,Replayability,7,85.71
Mortal Kombat: Legacy Kollection,advantage,Replayability,4,75.0
Mortal Kombat: Legacy Kollection,advantage,Gameplay,5,60.0
Moss,advantage,Story,18,100.0
Moss,advantage,Level Design,7,100.0
Moss,advantage,Characters,21,100.0
Moss,advantage,Music & Sound,4,100.0
Moss,advantage,Difficulty,3,100.0
Moss,advantage,Gameplay,21,95.24
Moss,advantage,Graphics,6,83.33
Moss: Book II,advantage,Story,12,100.0
Moss: Book II,advantage,Graphics,3,100.0
Moss: Book II,advantage,Difficulty,7,100.0
Moss: Book II,advantage,Characters,6,100.0
Moss: Book II,advantage,Gameplay,15,93.33
Moss: Book II,advantage,Level Design,7,85.71
MotoGP 25,advantage,Level Design,4,100.0
MotoGP 25,advantage,Difficulty,7,100.0
MotoGP 25,advantage,Gameplay,9,88.89
MotoGP 25,advantage,Graphics,12,83.33
MotoGP 25,advantage,Performance,5,80.0
Mouthwashing,advantage,Graphics,4,100.0
Mouthwashing,advantage,Replayability,3,100.0
Mouthwashing,advantage,Characters,6,100.0
Mouthwashing,advantage,Gameplay,5,80.0
Mouthwashing,advantage,Story,14,78.57
Moving Out 2,advantage,Gameplay,17,82.35
Moving Out 2,advantage,Story,3,66.67
Moving Out 2,advantage,Characters,3,66.67
Moving Out 2,advantage,Level Design,21,66.67
Moving Out 2,advantage,Replayability,5,60.0
Moving Out: Movers in Paradise,advantage,Level Design,3,100.0
Moving Out: Movers in Paradise,advantage,Gameplay,4,75.0
Murder by Numbers,advantage,Music & Sound,3,100.0
Murder by Numbers,advantage,Graphics,12,91.67
Murder by Numbers,advantage,Characters,15,66.67
Murder by Numbers,advantage,Story,13,61.54
Mushihimesama,advantage,Gameplay,3,100.0
Mushihimesama,advantage,Difficulty,8,75.0
Mushihimesama,advantage,Performance,3,66.67
Mushihimesama,advantage,Replayability,3,66.67
Mutant Mudds Collection,advantage,Gameplay,3,100.0
Muv-Luv Alternative,advantage,Story,4,75.0
My Friend Pedro,advantage,Difficulty,13,76.92
My Friend Pedro,advantage,Level Design,14,71.43
My Friend Pedro,advantage,Replayability,7,71.43
My Friend Pedro,advantage,Story,14,64.29
Mystic Pillars,advantage,Story,3,66.67
N++,advantage,Difficulty,14,100.0
N++,advantage,Music & Sound,4,100.0
N++,advantage,Replayability,6,100.0
N++,advantage,Level Design,19,94.74
N++,advantage,Gameplay,24,91.67
N++,advantage,Graphics,3,66.67
NBA 2K14,advantage,Gameplay,3,100.0
NBA 2K14,advantage,Graphics,6,100.0
NBA 2K14,advantage,Story,3,66.67
NBA 2K15,advantage,Graphics,10,80.0
NBA 2K15,advantage,Performance,4,75.0
NBA 2K16,advantage,Gameplay,8,100.0
NBA 2K16,advantage,Graphics,9,77.78
NBA 2K17,advantage,Gameplay,9,100.0
NBA 2K17,advantage,Story,6,100.0
NBA 2K17,advantage,Replayability,3,100.0
NBA 2K17,advantage,Difficulty,6,100.0
NBA 2K17,advantage,Graphics,9,88.89
NBA 2K17,advantage,Level Design,4,75.0
NBA 2K19,advantage,Graphics,9,100.0
NBA 2K19,advantage,Gameplay,24,75.0
NBA 2K19,advantage,Story,8,75.0
NBA 2K21 Next-Gen,advantage,Graphics,10,80.0
NBA 2K21 Next-Gen,advantage,Gameplay,8,75.0
NBA 2K26,advantage,Replayability,8,87.5
NBA 2K26,advantage,Story,7,85.71
NBA 2K26,advantage,Gameplay,28,82.14
NBA 2K26,advantage,Graphics,11,81.82
NBA 2K26,advantage,Difficulty,5,60.0
NEO: The World Ends with You,advantage,Difficulty,13,84.62
NEO: The World Ends with You,advantage,Music & Sound,19,78.95
NEO: The World Ends with You,advantage,Gameplay,48,77.08
NEO: The World Ends with You,advantage,Replayability,8,75.0
NEO: The World Ends with You,advantage,Story,41,73.17
NEO: The World Ends with You,advantage,Characters,30,70.0
NEO: The World Ends with You,advantage,Performance,3,66.67
NHL 16,advantage,Gameplay,15,73.33
NHL 16,advantage,Graphics,3,66.67
NHL 16,advantage,Replayability,3,66.67
NINJA GAIDEN: Ragebound,advantage,Characters,5,100.0
NINJA GAIDEN: Ragebound,advantage,Gameplay,59,94.92
NINJA GAIDEN: Ragebound,advantage,Level Design,26,92.31
NINJA GAIDEN: Ragebound,advantage,Music & Sound,13,92.31
NINJA GAIDEN: Ragebound,advantage,Graphics,20,90.0
NINJA GAIDEN: Ragebound,advantage,Replayability,9,88.89
NINJA GAIDEN: Ragebound,advantage,Difficulty,31,87.1
NINJA GAIDEN: Ragebound,advantage,Story,12,83.33
NINJA GAIDEN: Ragebound,advantage,Performance,5,80.0
NORCO,advantage,Story,17,88.24
NORCO,advantage,Gameplay,4,75.0
NORCO,disadvantage,Gameplay,4,25.0
NanoApostle,advantage,Gameplay,3,66.67
Need for Speed: Rivals,advantage,Difficulty,4,100.0
Need for Speed: Rivals,advantage,Graphics,5,60.0
Nelly Cootalot - The Fowl Fleet,advantage,Story,3,66.67
Neon White,advantage,Story,25,100.0
Neon White,advantage,Level Design,21,100.0
Neon White,advantage,Music & Sound,7,100.0
Neon White,advantage,Gameplay,35,94.29
Neon White,advantage,Graphics,12,91.67
Neon White,advantage,Difficulty,11,90.91
Neon White,advantage,Characters,8,87.5
Neon White,advantage,Performance,7,85.71
Neva,advantage,Characters,10,100.0
Neva,advantage,Music & Sound,19,100.0
Neva,advantage,Replayability,3,100.0
Neva,advantage,Story,49,97.96
Neva,advantage,Gameplay,47,97.87
Neva,advantage,Graphics,32,96.88
Neva,advantage,Difficulty,8,87.5
Neva,advantage,Level Design,10,80.0
Neva: Prologue,advantage,Replayability,4,75.0
Neva: Prologue,advantage,Gameplay,5,60.0
NeverAwake,advantage,Gameplay,11,100.0
NeverAwake,advantage,Graphics,6,100.0
NeverAwake,advantage,Story,8,75.0
NeverAwake,advantage,Replayability,3,66.67
NeverAwake,advantage,Level Design,5,60.0
News Tower,advantage,Gameplay,3,100.0
News Tower,advantage,Story,3,100.0
News Tower,advantage,Difficulty,3,100.0
Nex Machina,advantage,Difficulty,23,100.0
Nex Machina,advantage,Level Design,7,100.0
Nex Machina,advantage,Gameplay,24,95.83
Nex Machina,advantage,Music & Sound,8,87.5
Nex Machina,advantage,Graphics,7,85.71
Nex Machina,advantage,Replayability,4,75.0
Ni no Kuni 2: Revenant Kingdom,advantage,Characters,16,93.75
Ni no Kuni 2: Revenant Kingdom,advantage,Graphics,15,86.67
Ni no Kuni 2: Revenant Kingdom,advantage,Level Design,29,86.21
Ni no Kuni 2: Revenant Kingdom,advantage,Difficulty,12,83.33
Ni no Kuni 2: Revenant Kingdom,advantage,Music & Sound,11,81.82
Ni no Kuni 2: Revenant Kingdom,advantage,Gameplay,43,79.07
Ni no Kuni 2: Revenant Kingdom,advantage,Story,30,76.67
Ni no Kuni II: Revenant Kingdom - Prince's Edition,advantage,Gameplay,13,84.62
Ni no Kuni II: Revenant Kingdom - Prince's Edition,advantage,Characters,5,80.0
Ni no Kuni II: Revenant Kingdom - Prince's Edition,advantage,Story,8,75.0
Ni no Kuni II: Revenant Kingdom - Prince's Edition,advantage,Performance,9,66.67
Ni no Kuni II: Revenant Kingdom - Prince's Edition,advantage,Difficulty,5,60.0
Ni no Kuni: Wrath of the White Witch Remastered,advantage,Difficulty,3,100.0
Ni no Kuni: Wrath of the White Witch Remastered,advantage,Replayability,4,100.0
Ni no Kuni: Wrath of the White Witch Remastered,advantage,Story,17,94.12
Ni no Kuni: Wrath of the White Witch Remastered,advantage,Gameplay,13,92.31
Ni no Kuni: Wrath of the White Witch Remastered,advantage,Music & Sound,8,87.5
Ni no Kuni: Wrath of the White Witch Remastered,advantage,Level Design,6,83.33
Ni no Kuni: Wrath of the White Witch Remastered,advantage,Characters,11,81.82
Ni no Kuni: Wrath of the White Witch Remastered,advantage,Graphics,11,72.73
Nidhogg,advantage,Graphics,3,100.0
Nidhogg,advantage,Music & Sound,3,100.0
Nidhogg,advantage,Gameplay,9,77.78
Nidhogg,advantage,Difficulty,3,66.67
NieR Replicant ver.1.22474487139,advantage,Music & Sound,16,87.5
NieR Replicant ver.1.22474487139,advantage,Story,42,83.33
NieR Replicant ver.1.22474487139,advantage,Characters,18,83.33
NieR Replicant ver.1.22474487139,advantage,Gameplay,43,81.4
NieR Replicant ver.1.22474487139,advantage,Difficulty,10,80.0
NieR Replicant ver.1.22474487139,advantage,Graphics,18,77.78
NieR Replicant ver.1.22474487139,advantage,Replayability,16,75.0
NieR Replicant ver.1.22474487139,advantage,Performance,7,71.43
NieR: Automata Become as Gods Edition,advantage,Gameplay,7,85.71
NieR: Automata Become as Gods Edition,advantage,Story,7,85.71
NieR: Automata Become as Gods Edition,advantage,Characters,4,75.0
NieR: Automata Become as Gods Edition,advantage,Replayability,3,66.67
NieR: Automata Become as Gods Edition,disadvantage,Characters,4,25.0
NieR: Automata Game of the YoRHa Edition,advantage,Replayability,5,100.0
Nier: Automata,advantage,Level Design,8,100.0
Nier: Automata,advantage,Replayability,4,100.0
Nier: Automata,advantage,Characters,14,100.0
Nier: Automata,advantage,Performance,7,100.0
Nier: Automata,advantage,Music & Sound,22,100.0
Nier: Automata,advantage,Story,66,96.97
Nier: Automata,advantage,Gameplay,63,96.83
Nier: Automata,advantage,Difficulty,13,92.31
Nier: Automata,advantage,Graphics,9,88.89
Nier: Automata - The End of YoRHa Edition,advantage,Gameplay,6,100.0
Nier: Automata - The End of YoRHa Edition,advantage,Characters,4,100.0
Nier: Automata - The End of YoRHa Edition,advantage,Performance,4,100.0
Nier: Automata - The End of YoRHa Edition,advantage,Story,10,90.0
Nier: Automata - The End of YoRHa Edition,advantage,Graphics,5,80.0
Nier: Automata - The End of YoRHa Edition,advantage,Music & Sound,3,66.67
Night in the Woods,advantage,Characters,17,94.12
Night in the Woods,advantage,Gameplay,15,86.67
Night in the Woods,advantage,Graphics,7,85.71
Night in the Woods,advantage,Story,38,81.58
Night in the Woods,advantage,Difficulty,5,80.0
Night in the Woods,advantage,Music & Sound,10,70.0
Nine Sols,advantage,Characters,7,100.0
Nine Sols,advantage,Graphics,7,100.0
Nine Sols,advantage,Level Design,3,100.0
Nine Sols,advantage,Difficulty,15,100.0
Nine Sols,advantage,Story,21,95.24
Nine Sols,advantage,Gameplay,31,90.32
Ninja Gaiden 2 Black,advantage,Story,6,100.0
Ninja Gaiden 2 Black,advantage,Characters,4,100.0
Ninja Gaiden 2 Black,advantage,Performance,9,88.89
Ninja Gaiden 2 Black,advantage,Difficulty,22,81.82
Ninja Gaiden 2 Black,advantage,Replayability,8,75.0
Ninja Gaiden 2 Black,advantage,Graphics,21,71.43
Ninja Gaiden 2 Black,advantage,Gameplay,30,66.67
Ninja Gaiden 4,advantage,Music & Sound,6,100.0
Ninja Gaiden 4,advantage,Graphics,13,92.31
Ninja Gaiden 4,advantage,Difficulty,21,90.48
Ninja Gaiden 4,advantage,Characters,17,88.24
Ninja Gaiden 4,advantage,Replayability,16,87.5
Ninja Gaiden 4,advantage,Performance,13,84.62
Ninja Gaiden 4,advantage,Gameplay,83,78.31
Ninja Gaiden 4,advantage,Level Design,24,75.0
Ninja Gaiden 4,advantage,Story,34,70.59
Nioh,advantage,Graphics,3,100.0
Nioh,advantage,Replayability,5,100.0
Nioh,advantage,Difficulty,29,96.55
Nioh,advantage,Level Design,12,91.67
Nioh,advantage,Gameplay,51,90.2
Nioh,advantage,Characters,5,80.0
Nioh,advantage,Story,12,66.67
Nioh 2,advantage,Graphics,3,100.0
Nioh 2,advantage,Difficulty,22,100.0
Nioh 2,advantage,Level Design,8,100.0
Nioh 2,advantage,Replayability,4,100.0
Nioh 2,advantage,Gameplay,45,93.33
Nioh 2,advantage,Characters,11,90.91
Nioh 2,advantage,Story,9,88.89
Nioh 2 - The Complete Edition,advantage,Story,5,100.0
Nioh 2 - The Complete Edition,advantage,Replayability,9,100.0
Nioh 2 - The Complete Edition,advantage,Difficulty,12,100.0
Nioh 2 - The Complete Edition,advantage,Gameplay,15,93.33
Nioh 2 - The Complete Edition,advantage,Performance,10,80.0
Nioh 2: Darkness in the Capital,advantage,Gameplay,3,100.0
Nioh 2: Darkness in the Capital,advantage,Replayability,5,80.0
Nioh 2: Darkness in the Capital,advantage,Story,3,66.67
Nioh 3,advantage,Graphics,10,100.0
Nioh 3,advantage,Replayability,13,100.0
Nioh 3,advantage,Music & Sound,3,100.0
Nioh 3,advantage,Difficulty,21,95.24
Nioh 3,advantage,Gameplay,89,94.38
Nioh 3,advantage,Characters,9,88.89
Nioh 3,advantage,Level Design,21,85.71
Nioh 3,advantage,Performance,10,80.0
Nioh 3,advantage,Story,24,79.17
Nioh: Complete Edition,advantage,Difficulty,7,100.0
Nioh: Complete Edition,advantage,Gameplay,10,90.0
Nioh: Complete Edition,advantage,Replayability,3,66.67
No More Heroes,advantage,Replayability,3,100.0
No More Heroes,advantage,Story,5,80.0
No More Heroes,advantage,Gameplay,14,78.57
Nobody Saves the World,advantage,Difficulty,9,88.89
Nobody Saves the World,advantage,Music & Sound,5,80.0
Nobody Saves the World,advantage,Graphics,9,77.78
Nobody Saves the World,advantage,Level Design,9,77.78
Nobody Saves the World,advantage,Replayability,4,75.0
Nobody Saves the World,advantage,Story,10,70.0
Nobody Saves the World,advantage,Gameplay,35,62.86
Nobody Saves the World,advantage,Characters,10,60.0
Not For Broadcast,advantage,Story,6,100.0
Not For Broadcast,advantage,Gameplay,6,66.67
Not For Broadcast,advantage,Replayability,3,66.67
Not for Broadcast VR,advantage,Story,3,66.67
Nowhere Prophet,advantage,Story,3,100.0
Nuclear Throne,advantage,Characters,3,100.0
Nuclear Throne,advantage,Difficulty,5,100.0
Octahedron,advantage,Level Design,6,100.0
Octahedron,advantage,Music & Sound,6,100.0
Octahedron,advantage,Difficulty,9,77.78
Octahedron,advantage,Graphics,5,60.0
Octopath Traveler,advantage,Music & Sound,14,100.0
Octopath Traveler,advantage,Difficulty,7,85.71
Octopath Traveler,advantage,Gameplay,45,82.22
Octopath Traveler,advantage,Level Design,5,80.0
Octopath Traveler,advantage,Graphics,18,77.78
Octopath Traveler,advantage,Story,34,76.47
Octopath Traveler,advantage,Replayability,4,75.0
Octopath Traveler,advantage,Characters,23,73.91
Octopath Traveler 0,advantage,Replayability,10,100.0
Octopath Traveler 0,advantage,Characters,28,85.71
Octopath Traveler 0,advantage,Gameplay,64,81.25
Octopath Traveler 0,advantage,Graphics,20,80.0
Octopath Traveler 0,advantage,Story,62,75.81
Octopath Traveler 0,advantage,Performance,4,75.0
Octopath Traveler 0,advantage,Music & Sound,19,73.68
Octopath Traveler II,advantage,Replayability,6,100.0
Octopath Traveler II,advantage,Level Design,3,100.0
Octopath Traveler II,advantage,Music & Sound,20,95.0
Octopath Traveler II,advantage,Graphics,13,92.31
Octopath Traveler II,advantage,Story,22,90.91
Octopath Traveler II,advantage,Gameplay,47,89.36
Octopath Traveler II,advantage,Difficulty,9,88.89
Octopath Traveler II,advantage,Characters,37,86.49
Oddworld: Abe's Oddysee - New 'n' Tasty,advantage,Story,4,100.0
Oddworld: Abe's Oddysee - New 'n' Tasty,advantage,Gameplay,17,76.47
Oddworld: Abe's Oddysee - New 'n' Tasty,advantage,Characters,3,66.67
Oddworld: Abe's Oddysee - New 'n' Tasty,advantage,Level Design,3,66.67
Oddworld: Abe's Oddysee - New 'n' Tasty,advantage,Replayability,3,66.67
Oddworld: Abe's Oddysee - New 'n' Tasty,disadvantage,Replayability,3,33.33
Ode,advantage,Gameplay,5,100.0
Ode,advantage,Music & Sound,8,87.5
Odin Sphere Leifthrasir,advantage,Story,8,100.0
Odin Sphere Leifthrasir,advantage,Graphics,11,100.0
Odin Sphere Leifthrasir,advantage,Difficulty,5,100.0
Odin Sphere Leifthrasir,advantage,Characters,4,100.0
Odin Sphere Leifthrasir,advantage,Replayability,5,100.0
Odin Sphere Leifthrasir,advantage,Gameplay,17,94.12
Offworld Trading Company,advantage,Difficulty,4,75.0
Okami HD,advantage,Level Design,3,100.0
Okami HD,advantage,Performance,8,100.0
Okami HD,advantage,Difficulty,7,100.0
Okami HD,advantage,Gameplay,27,92.59
Okami HD,advantage,Story,13,92.31
Okami HD,advantage,Graphics,19,89.47
Okami HD,advantage,Characters,6,83.33
Okami HD,advantage,Replayability,5,80.0
Okami HD,advantage,Music & Sound,4,75.0
Okunoka Madness,advantage,Gameplay,5,80.0
Okunoka Madness,advantage,Graphics,4,75.0
Okunoka Madness,advantage,Level Design,4,75.0
Okunoka Madness,advantage,Difficulty,3,66.67
Old Skies,advantage,Graphics,4,100.0
Old Skies,advantage,Characters,8,87.5
Old Skies,advantage,Story,15,73.33
Old Skies,advantage,Difficulty,3,66.67
OlliOlli World,advantage,Story,10,100.0
OlliOlli World,advantage,Characters,12,100.0
OlliOlli World,advantage,Replayability,13,100.0
OlliOlli World,advantage,Level Design,33,96.97
OlliOlli World,advantage,Graphics,25,96.0
OlliOlli World,advantage,Gameplay,50,96.0
OlliOlli World,advantage,Difficulty,35,88.57
OlliOlli World,advantage,Music & Sound,8,87.5
OlliOlli World: VOID Riders,advantage,Gameplay,3,100.0
OlliOlli World: VOID Riders,advantage,Level Design,8,100.0
OlliOlli2: Welcome to Olliwood,advantage,Gameplay,7,100.0
OlliOlli2: Welcome to Olliwood,advantage,Replayability,3,100.0
OlliOlli2: Welcome to Olliwood,advantage,Difficulty,9,88.89
OlliOlli2: Welcome to Olliwood,advantage,Level Design,5,60.0
Omori,advantage,Gameplay,4,100.0
Omori,advantage,Story,5,100.0
Omori,advantage,Difficulty,4,100.0
Omori,advantage,Characters,4,75.0
Once Upon a Jester...,advantage,Story,7,100.0
Once Upon a Jester...,advantage,Music & Sound,5,100.0
Once Upon a Jester...,advantage,Characters,3,100.0
Once Upon a Jester...,advantage,Replayability,3,100.0
Once Upon a Jester...,advantage,Gameplay,4,75.0
Once Upon a Katamari,advantage,Story,4,100.0
Once Upon a Katamari,advantage,Replayability,7,100.0
Once Upon a Katamari,advantage,Characters,3,100.0
Once Upon a Katamari,advantage,Gameplay,24,83.33
Once Upon a Katamari,advantage,Performance,6,83.33
Once Upon a Katamari,advantage,Difficulty,16,81.25
Once Upon a Katamari,advantage,Music & Sound,16,81.25
Once Upon a Katamari,advantage,Graphics,5,80.0
Once Upon a Katamari,advantage,Level Design,8,75.0
One Finger Death Punch 2,advantage,Gameplay,5,100.0
One Finger Death Punch 2,advantage,Level Design,4,100.0
OneShot,advantage,Characters,3,100.0
OneShot,advantage,Story,4,75.0
Opus: Prism Peak,advantage,Graphics,9,100.0
Opus: Prism Peak,advantage,Characters,11,100.0
Opus: Prism Peak,advantage,Story,28,96.43
Opus: Prism Peak,advantage,Gameplay,16,93.75
Opus: Prism Peak,advantage,Difficulty,5,80.0
Orcs Must Die: Unchained,advantage,Gameplay,4,100.0
Ori and the Blind Forest,advantage,Level Design,6,100.0
Ori and the Blind Forest,advantage,Gameplay,31,90.32
Ori and the Blind Forest,advantage,Graphics,10,90.0
Ori and the Blind Forest,advantage,Story,19,89.47
Ori and the Blind Forest,advantage,Music & Sound,9,88.89
Ori and the Blind Forest,advantage,Difficulty,26,84.62
Ori and the Blind Forest: Definitive Edition,advantage,Story,5,100.0
Ori and the Blind Forest: Definitive Edition,advantage,Graphics,6,100.0
Ori and the Blind Forest: Definitive Edition,advantage,Level Design,4,100.0
Ori and the Blind Forest: Definitive Edition,advantage,Difficulty,7,100.0
Ori and the Blind Forest: Definitive Edition,advantage,Music & Sound,3,100.0
Ori and the Blind Forest: Definitive Edition,advantage,Gameplay,10,90.0
Ori and the Blind Forest: Definitive Edition,advantage,Replayability,6,83.33
Ori and the Will of the Wisps,advantage,Story,24,100.0
Ori and the Will of the Wisps,advantage,Characters,8,100.0
Ori and the Will of the Wisps,advantage,Music & Sound,19,100.0
Ori and the Will of the Wisps,advantage,Level Design,10,100.0
Ori and the Will of the Wisps,advantage,Difficulty,18,100.0
Ori and the Will of the Wisps,advantage,Graphics,18,94.44
Ori and the Will of the Wisps,advantage,Gameplay,53,92.45
Ori and the Will of the Wisps,advantage,Performance,22,90.91
Orwell - Keeping an Eye on You,advantage,Story,4,75.0
Outer Wilds,advantage,Performance,3,100.0
Outer Wilds,advantage,Music & Sound,3,100.0
Outer Wilds,advantage,Gameplay,20,85.0
Outer Wilds,advantage,Story,8,75.0
Overboard!,advantage,Gameplay,3,100.0
Overboard!,advantage,Music & Sound,3,100.0
Overboard!,advantage,Characters,4,100.0
Overboard!,advantage,Story,9,88.89
Overboard!,advantage,Graphics,5,80.0
Overcooked 2,advantage,Story,5,100.0
Overcooked 2,advantage,Music & Sound,3,100.0
Overcooked 2,advantage,Gameplay,20,95.0
Overcooked 2,advantage,Level Design,22,90.91
Overcooked 2,advantage,Difficulty,14,71.43
Overcooked 2,advantage,Graphics,6,66.67
Overcooked 2,advantage,Replayability,5,60.0
Overcooked 2 - Surf 'n' Turf,advantage,Difficulty,6,66.67
Overcooked! All You Can Eat,advantage,Level Design,3,100.0
Overcooked! All You Can Eat,advantage,Performance,4,100.0
Overcooked! All You Can Eat,advantage,Replayability,17,94.12
Overcooked! All You Can Eat,advantage,Graphics,5,80.0
Overcooked! All You Can Eat,disadvantage,Graphics,5,20.0
Overfall,advantage,Gameplay,3,66.67
Overwatch,advantage,Story,4,100.0
Overwatch,advantage,Music & Sound,3,100.0
Overwatch,advantage,Graphics,7,100.0
Overwatch,advantage,Characters,20,100.0
Overwatch,advantage,Level Design,7,100.0
Overwatch,advantage,Performance,16,100.0
Overwatch,advantage,Gameplay,23,91.3
Overwatch,advantage,Replayability,10,90.0
Overwatch,advantage,Difficulty,7,85.71
Owlboy,advantage,Difficulty,7,100.0
Owlboy,advantage,Level Design,6,100.0
Owlboy,advantage,Characters,27,100.0
Owlboy,advantage,Story,34,97.06
Owlboy,advantage,Graphics,25,96.0
Owlboy,advantage,Music & Sound,20,95.0
Owlboy,advantage,Gameplay,35,94.29
Oxenfree,advantage,Music & Sound,7,100.0
Oxenfree,advantage,Story,49,81.63
Oxenfree,advantage,Difficulty,4,75.0
Oxenfree,advantage,Characters,27,74.07
Oxenfree,advantage,Level Design,3,66.67
Oxenfree,advantage,Gameplay,15,60.0
PARANORMASIGHT: The Mermaid's Curse,advantage,Music & Sound,4,100.0
PARANORMASIGHT: The Mermaid's Curse,advantage,Difficulty,3,100.0
PARANORMASIGHT: The Mermaid's Curse,advantage,Characters,8,87.5
PARANORMASIGHT: The Mermaid's Curse,advantage,Story,14,85.71
PARANORMASIGHT: The Mermaid's Curse,advantage,Graphics,13,84.62
PARANORMASIGHT: The Mermaid's Curse,advantage,Gameplay,6,83.33
PARANORMASIGHT: The Seven Mysteries of Honjo,advantage,Characters,7,100.0
PARANORMASIGHT: The Seven Mysteries of Honjo,advantage,Graphics,20,95.0
PARANORMASIGHT: The Seven Mysteries of Honjo,advantage,Story,18,94.44
PARANORMASIGHT: The Seven Mysteries of Honjo,advantage,Difficulty,8,87.5
PARANORMASIGHT: The Seven Mysteries of Honjo,advantage,Gameplay,8,62.5
PGA TOUR 2K25,advantage,Level Design,4,100.0
PGA TOUR 2K25,advantage,Graphics,12,83.33
PGA TOUR 2K25,advantage,Gameplay,15,80.0
PGA TOUR 2K25,advantage,Music & Sound,4,75.0
PGA TOUR 2K25,advantage,Difficulty,3,66.67
POPUCOM,advantage,Gameplay,6,100.0
POPUCOM,advantage,Difficulty,4,100.0
Pacific Drive: Whispers in the Woods,advantage,Replayability,3,100.0
Panzer Paladin,advantage,Replayability,3,100.0
Panzer Paladin,advantage,Gameplay,12,75.0
Panzer Paladin,advantage,Level Design,7,71.43
Panzer Paladin,advantage,Graphics,3,66.67
Panzer Paladin,advantage,Difficulty,5,60.0
Panzer Paladin,disadvantage,Graphics,3,33.33
Panzer Paladin,disadvantage,Difficulty,5,20.0
Paper Beast,advantage,Story,5,60.0
Paper Mario: The Thousand-Year Door,advantage,Characters,13,100.0
Paper Mario: The Thousand-Year Door,advantage,Music & Sound,11,100.0
Paper Mario: The Thousand-Year Door,advantage,Performance,4,100.0
Paper Mario: The Thousand-Year Door,advantage,Gameplay,28,96.43
Paper Mario: The Thousand-Year Door,advantage,Graphics,24,95.83
Paper Mario: The Thousand-Year Door,advantage,Story,22,90.91
Paper Mario: The Thousand-Year Door,advantage,Difficulty,8,87.5
Paper Mario: The Thousand-Year Door,advantage,Replayability,8,87.5
Paradise Killer,advantage,Music & Sound,6,83.33
Paradise Killer,advantage,Gameplay,11,81.82
Paradise Killer,advantage,Characters,15,80.0
Paradise Killer,advantage,Graphics,4,75.0
Paradise Killer,advantage,Difficulty,3,66.67
Paradise Killer,advantage,Story,13,61.54
Patch Quest,advantage,Gameplay,3,66.67
Path of Exile 2,advantage,Level Design,3,100.0
Path of Exile 2,advantage,Difficulty,3,100.0
Path of Exile: The Fall of Oriath,advantage,Characters,3,100.0
Path of the Midnight Sun,advantage,Gameplay,3,100.0
Pathfinder: Wrath of the Righteous,advantage,Difficulty,4,100.0
Pathfinder: Wrath of the Righteous,advantage,Replayability,9,88.89
Pathfinder: Wrath of the Righteous,advantage,Characters,7,85.71
Pathfinder: Wrath of the Righteous,advantage,Story,17,82.35
Pathfinder: Wrath of the Righteous,advantage,Performance,9,77.78
Pathfinder: Wrath of the Righteous,advantage,Gameplay,20,70.0
Patrick's Parabox,advantage,Difficulty,3,100.0
Pentiment,advantage,Difficulty,5,100.0
Pentiment,advantage,Story,78,88.46
Pentiment,advantage,Characters,25,88.0
Pentiment,advantage,Graphics,14,85.71
Pentiment,advantage,Gameplay,17,82.35
Pentiment,advantage,Music & Sound,4,75.0
Pentiment,advantage,Replayability,4,75.0
Perfect Tides: Station to Station,advantage,Gameplay,4,100.0
Perfect Tides: Station to Station,advantage,Story,10,100.0
Perfect Tides: Station to Station,advantage,Difficulty,3,100.0
Persona 3 Portable,advantage,Graphics,6,83.33
Persona 3 Portable,advantage,Characters,16,81.25
Persona 3 Portable,advantage,Replayability,9,77.78
Persona 3 Portable,advantage,Gameplay,17,76.47
Persona 3 Portable,advantage,Difficulty,4,75.0
Persona 3 Portable,advantage,Music & Sound,7,71.43
Persona 3 Portable,advantage,Story,13,69.23
Persona 3 Reload,advantage,Characters,29,93.1
Persona 3 Reload,advantage,Gameplay,57,92.98
Persona 3 Reload,advantage,Music & Sound,12,91.67
Persona 3 Reload,advantage,Graphics,32,90.62
Persona 3 Reload,advantage,Story,52,90.38
Persona 3 Reload,advantage,Replayability,21,80.95
Persona 3 Reload,advantage,Performance,9,77.78
Persona 3 Reload,advantage,Difficulty,10,60.0
Persona 4 Golden,advantage,Gameplay,21,100.0
Persona 4 Golden,advantage,Story,28,100.0
Persona 4 Golden,advantage,Graphics,13,100.0
Persona 4 Golden,advantage,Characters,18,100.0
Persona 4 Golden,advantage,Music & Sound,13,92.31
Persona 4 Golden,advantage,Difficulty,10,90.0
Persona 4 Golden,advantage,Replayability,6,83.33
Persona 4 Golden,advantage,Performance,5,80.0
Persona 5,advantage,Gameplay,39,100.0
Persona 5,advantage,Story,42,100.0
Persona 5,advantage,Graphics,18,100.0
Persona 5,advantage,Characters,18,100.0
Persona 5,advantage,Level Design,7,100.0
Persona 5,advantage,Music & Sound,16,100.0
Persona 5,advantage,Difficulty,4,100.0
Persona 5,advantage,Replayability,7,100.0
Persona 5 Royal,advantage,Level Design,5,100.0
Persona 5 Royal,advantage,Performance,6,100.0
Persona 5 Royal,advantage,Replayability,29,100.0
Persona 5 Royal,advantage,Gameplay,31,96.77
Persona 5 Royal,advantage,Story,37,94.59
Persona 5 Royal,advantage,Characters,27,92.59
Persona 5 Royal,advantage,Music & Sound,11,90.91
Persona 5 Royal,advantage,Graphics,10,90.0
Persona 5 Royal,advantage,Difficulty,10,80.0
Persona 5 Strikers,advantage,Graphics,6,100.0
Persona 5 Strikers,advantage,Level Design,5,100.0
Persona 5 Strikers,advantage,Characters,27,92.59
Persona 5 Strikers,advantage,Music & Sound,9,88.89
Persona 5 Strikers,advantage,Gameplay,56,87.5
Persona 5 Strikers,advantage,Story,44,86.36
Persona 5 Strikers,advantage,Replayability,7,71.43
Persona 5 Strikers,advantage,Difficulty,9,66.67
Persona Q2: New Cinema Labyrinth,advantage,Gameplay,8,100.0
Persona Q2: New Cinema Labyrinth,advantage,Characters,7,100.0
Persona Q2: New Cinema Labyrinth,advantage,Story,6,83.33
Persona Q2: New Cinema Labyrinth,advantage,Difficulty,4,75.0
Persona Q2: New Cinema Labyrinth,advantage,Level Design,3,66.67
Persona Q: Shadow of the Labyrinth,advantage,Gameplay,8,87.5
Persona Q: Shadow of the Labyrinth,advantage,Story,6,83.33
Persona Q: Shadow of the Labyrinth,advantage,Characters,8,75.0
Persona Q: Shadow of the Labyrinth,advantage,Difficulty,6,66.67
Phoenix Wright: Ace Attorney - Spirit of Justice,advantage,Music & Sound,6,100.0
Phoenix Wright: Ace Attorney - Spirit of Justice,advantage,Gameplay,11,90.91
Phoenix Wright: Ace Attorney - Spirit of Justice,advantage,Characters,19,89.47
Phoenix Wright: Ace Attorney - Spirit of Justice,advantage,Story,20,70.0
Phoenix Wright: Ace Attorney - Spirit of Justice,advantage,Graphics,6,66.67
Phoenix Wright: Ace Attorney - Spirit of Justice,advantage,Difficulty,5,60.0
Phoenix Wright: Ace Attorney Trilogy,advantage,Gameplay,5,100.0
Phoenix Wright: Ace Attorney Trilogy,advantage,Replayability,4,100.0
Phoenix Wright: Ace Attorney Trilogy,advantage,Graphics,18,94.44
Phoenix Wright: Ace Attorney Trilogy,advantage,Characters,13,92.31
Phoenix Wright: Ace Attorney Trilogy,advantage,Story,13,84.62
Phoenix Wright: Ace Attorney Trilogy,advantage,Music & Sound,3,66.67
Picross 3D Round 2,advantage,Difficulty,3,100.0
Pikmin 3 Deluxe,advantage,Story,5,100.0
Pikmin 3 Deluxe,advantage,Graphics,5,100.0
Pikmin 3 Deluxe,advantage,Difficulty,7,100.0
Pikmin 3 Deluxe,advantage,Level Design,4,100.0
Pikmin 3 Deluxe,advantage,Replayability,14,92.86
Pikmin 3 Deluxe,advantage,Gameplay,13,92.31
Pikmin 4,advantage,Graphics,4,100.0
Pikmin 4,advantage,Difficulty,21,100.0
Pikmin 4,advantage,Characters,4,100.0
Pikmin 4,advantage,Gameplay,37,97.3
Pikmin 4,advantage,Story,8,87.5
Pikmin 4,advantage,Level Design,8,87.5
Pikmin 4,advantage,Replayability,7,85.71
Pillars of Eternity,advantage,Difficulty,6,100.0
Pillars of Eternity,advantage,Characters,4,100.0
Pillars of Eternity,advantage,Performance,5,100.0
Pillars of Eternity,advantage,Replayability,4,100.0
Pillars of Eternity,advantage,Story,19,94.74
Pillars of Eternity,advantage,Gameplay,15,93.33
Pillars of Eternity II: Deadfire,advantage,Replayability,5,100.0
Pillars of Eternity II: Deadfire,advantage,Characters,13,100.0
Pillars of Eternity II: Deadfire,advantage,Story,23,91.3
Pillars of Eternity II: Deadfire,advantage,Gameplay,30,90.0
Pillars of Eternity II: Deadfire,advantage,Graphics,5,80.0
Pillars of Eternity II: Deadfire,advantage,Difficulty,9,77.78
Pillars of Eternity II: Deadfire - Ultimate Edition,advantage,Replayability,5,100.0
Pillars of Eternity II: Deadfire - Ultimate Edition,advantage,Performance,12,83.33
Pillars of Eternity II: Deadfire - Ultimate Edition,advantage,Story,11,81.82
Pillars of Eternity II: Deadfire - Ultimate Edition,advantage,Gameplay,9,66.67
Pillars of Eternity: Complete Edition,advantage,Replayability,3,100.0
Pillars of Eternity: Complete Edition,advantage,Difficulty,5,100.0
Pillars of Eternity: Complete Edition,advantage,Story,14,85.71
Pillars of Eternity: Complete Edition,advantage,Gameplay,10,80.0
Pillars of Eternity: Complete Edition,advantage,Characters,4,75.0
Pillars of Eternity: Complete Edition,advantage,Performance,7,71.43
Pinball FX3,advantage,Graphics,3,100.0
Pinball FX3,advantage,Gameplay,4,75.0
Pinball FX3,advantage,Difficulty,3,66.67
Pinball FX3 - Universal Monsters Pinball Pack,advantage,Difficulty,3,66.67
Pine Hearts,advantage,Story,5,100.0
Pioneers of Pagonia,advantage,Gameplay,3,66.67
Pipistrello and the Cursed Yoyo,advantage,Story,10,100.0
Pipistrello and the Cursed Yoyo,advantage,Graphics,6,100.0
Pipistrello and the Cursed Yoyo,advantage,Characters,8,100.0
Pipistrello and the Cursed Yoyo,advantage,Music & Sound,5,100.0
Pipistrello and the Cursed Yoyo,advantage,Difficulty,11,90.91
Pipistrello and the Cursed Yoyo,advantage,Gameplay,26,88.46
Pipistrello and the Cursed Yoyo,advantage,Level Design,6,83.33
Pistol Whip,advantage,Graphics,3,100.0
Pistol Whip,advantage,Difficulty,5,100.0
Pistol Whip,advantage,Music & Sound,9,100.0
Pistol Whip,advantage,Performance,3,100.0
Pistol Whip,advantage,Replayability,7,100.0
Pistol Whip,advantage,Gameplay,9,77.78
Pistol Whip,advantage,Level Design,5,60.0
Pixel Ripped 1995,advantage,Gameplay,6,100.0
Pixel Ripped 1995,advantage,Replayability,3,66.67
Planet Coaster,advantage,Gameplay,4,100.0
Planet Coaster,advantage,Graphics,4,100.0
Planet Coaster,advantage,Replayability,3,100.0
Planet Coaster,advantage,Difficulty,6,83.33
Planet Coaster: Console Edition,advantage,Gameplay,7,85.71
Planet Coaster: Console Edition,advantage,Difficulty,6,83.33
Planet Zoo,advantage,Gameplay,5,100.0
Planet Zoo,advantage,Graphics,4,100.0
Planet Zoo,advantage,Replayability,4,100.0
Planet Zoo,advantage,Level Design,6,83.33
Planet Zoo,advantage,Difficulty,3,66.67
Planet Zoo,advantage,Performance,6,66.67
Planet of Lana,advantage,Story,25,92.0
Planet of Lana,advantage,Level Design,7,85.71
Planet of Lana,advantage,Characters,6,83.33
Planet of Lana,advantage,Music & Sound,19,78.95
Planet of Lana,advantage,Gameplay,36,77.78
Planet of Lana,advantage,Graphics,27,66.67
Planet of Lana II: Children of the Leaf,advantage,Level Design,8,100.0
Planet of Lana II: Children of the Leaf,advantage,Graphics,17,94.12
Planet of Lana II: Children of the Leaf,advantage,Music & Sound,13,92.31
Planet of Lana II: Children of the Leaf,advantage,Story,40,90.0
Planet of Lana II: Children of the Leaf,advantage,Gameplay,46,86.96
Planet of Lana II: Children of the Leaf,advantage,Characters,15,86.67
Planet of Lana II: Children of the Leaf,advantage,Performance,5,80.0
Planet of Lana II: Children of the Leaf,advantage,Difficulty,6,66.67
Planet of Lana II: Children of the Leaf,advantage,Replayability,3,66.67
Plants vs. Zombies: Garden Warfare 2,advantage,Level Design,5,100.0
Plants vs. Zombies: Garden Warfare 2,advantage,Replayability,13,84.62
Plants vs. Zombies: Garden Warfare 2,advantage,Characters,15,80.0
Platypus Reclayed,advantage,Gameplay,4,100.0
Platypus Reclayed,advantage,Difficulty,5,60.0
"Please, Touch the Artwork",advantage,Gameplay,3,100.0
Pocket Card Jockey,advantage,Story,3,100.0
Pocket Card Jockey,advantage,Difficulty,4,75.0
Pokemon Omega Ruby & Alpha Sapphire,advantage,Story,3,100.0
Pokemon Omega Ruby & Alpha Sapphire,advantage,Replayability,5,100.0
Pokemon Omega Ruby & Alpha Sapphire,advantage,Gameplay,7,85.71
Pokemon Omega Ruby & Alpha Sapphire,advantage,Difficulty,6,66.67
Pokemon Ultra Sun and Moon,advantage,Gameplay,3,100.0
Pokemon Ultra Sun and Moon,advantage,Story,20,90.0
Pokemon Ultra Sun and Moon,advantage,Replayability,15,80.0
Pokemon Ultra Sun and Moon,advantage,Difficulty,3,66.67
Pokemon X and Y,advantage,Gameplay,3,100.0
Pokemon X and Y,advantage,Graphics,6,83.33
Pokken Tournament DX,advantage,Gameplay,13,100.0
Pokken Tournament DX,advantage,Characters,12,100.0
Pokken Tournament DX,advantage,Replayability,11,81.82
Pokémon Legends: Arceus,advantage,Difficulty,7,100.0
Pokémon Legends: Arceus,advantage,Story,11,90.91
Pokémon Legends: Arceus,advantage,Performance,15,86.67
Pokémon Legends: Arceus,advantage,Graphics,27,85.19
Pokémon Legends: Arceus,advantage,Gameplay,34,82.35
Pokémon Legends: Arceus,advantage,Level Design,11,81.82
Pokémon Legends: Arceus,advantage,Replayability,4,75.0
Pokémon Legends: Arceus,advantage,Characters,5,60.0
Pokémon Legends: Arceus,disadvantage,Characters,5,20.0
Pokémon Pokopia,advantage,Gameplay,28,100.0
Pokémon Pokopia,advantage,Story,12,100.0
Pokémon Pokopia,advantage,Characters,5,100.0
Pokémon Pokopia,advantage,Level Design,5,100.0
Pokémon Pokopia,advantage,Music & Sound,4,100.0
Pokémon Pokopia,advantage,Difficulty,4,100.0
Pokémon Pokopia,advantage,Performance,5,100.0
Pokémon Pokopia,advantage,Replayability,7,100.0
Pokémon Sun and Moon,advantage,Replayability,5,100.0
Pokémon Sun and Moon,advantage,Gameplay,11,90.91
Pokémon Sun and Moon,advantage,Performance,6,83.33
Pokémon Sun and Moon,advantage,Difficulty,8,75.0
Pokémon Sun and Moon,advantage,Story,12,75.0
Pokémon Sun and Moon,advantage,Level Design,4,75.0
Pokémon Sun and Moon,advantage,Graphics,3,66.67
Pokémon: Let's Go,advantage,Graphics,4,100.0
Pokémon: Let's Go,advantage,Level Design,4,100.0
Pony Island,advantage,Story,3,66.67
Portal: Companion Collection,advantage,Replayability,3,100.0
Post Void,advantage,Gameplay,8,75.0
Post Void,advantage,Performance,8,62.5
Potion Craft,advantage,Gameplay,5,100.0
PowerSlave Exhumed,advantage,Performance,3,100.0
PowerSlave Exhumed,advantage,Difficulty,3,66.67
PowerSlave Exhumed,advantage,Gameplay,5,60.0
PowerWash Simulator 2,advantage,Gameplay,11,100.0
PowerWash Simulator 2,advantage,Graphics,3,100.0
PowerWash Simulator 2,advantage,Difficulty,7,100.0
PowerWash Simulator 2,advantage,Level Design,6,100.0
PowerWash Simulator 2,advantage,Replayability,3,100.0
PowerWash Simulator 2,advantage,Story,3,66.67
Pragmata,advantage,Characters,33,100.0
Pragmata,advantage,Level Design,11,100.0
Pragmata,advantage,Difficulty,15,93.33
Pragmata,advantage,Gameplay,108,92.59
Pragmata,advantage,Graphics,13,92.31
Pragmata,advantage,Story,64,89.06
Pragmata,advantage,Performance,9,88.89
Pragmata,advantage,Replayability,7,71.43
Prey,advantage,Replayability,8,87.5
Prey,advantage,Difficulty,15,80.0
Prey,advantage,Graphics,4,75.0
Prey,advantage,Story,50,74.0
Prey,advantage,Gameplay,49,73.47
Prey,advantage,Performance,17,70.59
Prey,advantage,Level Design,22,68.18
Prey,advantage,Music & Sound,3,66.67
Prey,disadvantage,Graphics,4,25.0
Prey: Mooncrash,advantage,Replayability,4,100.0
Prey: Mooncrash,advantage,Story,8,87.5
Prey: Mooncrash,advantage,Gameplay,7,85.71
Prey: Mooncrash,advantage,Difficulty,5,60.0
Prince of Persia: The Lost Crown,advantage,Graphics,16,100.0
Prince of Persia: The Lost Crown,advantage,Music & Sound,8,100.0
Prince of Persia: The Lost Crown,advantage,Replayability,7,100.0
Prince of Persia: The Lost Crown,advantage,Level Design,22,95.45
Prince of Persia: The Lost Crown,advantage,Gameplay,104,94.23
Prince of Persia: The Lost Crown,advantage,Characters,12,91.67
Prince of Persia: The Lost Crown,advantage,Difficulty,39,89.74
Prince of Persia: The Lost Crown,advantage,Story,35,85.71
Prinny Presents NIS Classics Vol. 2,advantage,Gameplay,4,75.0
Prinny Presents NIS Classics Vol. 2,advantage,Story,4,75.0
Pro Evolution Soccer 2015,advantage,Gameplay,6,83.33
Pro Evolution Soccer 2016,advantage,Difficulty,6,100.0
Pro Evolution Soccer 2016,advantage,Gameplay,13,84.62
Pro Evolution Soccer 2016,advantage,Level Design,3,66.67
Pro Evolution Soccer 2016,disadvantage,Level Design,3,33.33
Pro Evolution Soccer 2017,advantage,Gameplay,19,89.47
Pro Evolution Soccer 2017,advantage,Graphics,4,75.0
Pro Evolution Soccer 2018,advantage,Difficulty,3,100.0
Pro Evolution Soccer 2018,advantage,Level Design,4,75.0
Pro Evolution Soccer 2018,advantage,Graphics,8,75.0
Pro Evolution Soccer 2018,advantage,Performance,7,71.43
Pro Evolution Soccer 2018,advantage,Gameplay,31,67.74
Prodeus,advantage,Music & Sound,5,100.0
Prodeus,advantage,Performance,12,83.33
Prodeus,advantage,Level Design,9,66.67
Prodeus,advantage,Graphics,6,66.67
Professor Layton and the Azran Legacy,advantage,Characters,4,100.0
Professor Layton and the Azran Legacy,advantage,Story,11,63.64
Professor Layton and the Azran Legacy,advantage,Level Design,5,60.0
Project CARS,advantage,Graphics,4,100.0
Project CARS,advantage,Level Design,3,100.0
Project CARS,advantage,Gameplay,6,83.33
Project CARS,advantage,Difficulty,8,75.0
Project CARS 2,advantage,Replayability,9,100.0
Project CARS 2,advantage,Gameplay,9,88.89
Project CARS 2,advantage,Graphics,9,88.89
Project CARS 2,advantage,Music & Sound,8,87.5
Project CARS 2,advantage,Difficulty,9,77.78
Project CARS 2,advantage,Performance,12,66.67
Promenade,advantage,Gameplay,13,100.0
Promenade,advantage,Story,3,100.0
Promenade,advantage,Graphics,3,100.0
Promenade,advantage,Level Design,3,100.0
Promenade,advantage,Music & Sound,3,100.0
Promenade,advantage,Difficulty,3,100.0
Promise Mascot Agency,advantage,Characters,12,83.33
Promise Mascot Agency,advantage,Gameplay,12,75.0
Promise Mascot Agency,advantage,Story,12,75.0
Psychonauts 2,advantage,Characters,22,100.0
Psychonauts 2,advantage,Graphics,13,100.0
Psychonauts 2,advantage,Difficulty,9,100.0
Psychonauts 2,advantage,Level Design,18,100.0
Psychonauts 2,advantage,Performance,4,100.0
Psychonauts 2,advantage,Gameplay,45,97.78
Psychonauts 2,advantage,Story,41,97.56
Psychonauts 2,advantage,Replayability,4,75.0
Psyvariar 3,advantage,Replayability,3,100.0
Psyvariar 3,advantage,Difficulty,3,100.0
Psyvariar 3,advantage,Gameplay,5,80.0
Psyvariar 3,advantage,Characters,3,66.67
Pushmo World,advantage,Gameplay,3,66.67
Puyo Puyo Tetris,advantage,Gameplay,6,100.0
Puyo Puyo Tetris,advantage,Story,3,100.0
Puyo Puyo Tetris,advantage,Difficulty,4,100.0
Puyo Puyo Tetris,advantage,Replayability,9,100.0
Pyre,advantage,Level Design,3,100.0
Pyre,advantage,Characters,21,95.24
Pyre,advantage,Story,27,85.19
Pyre,advantage,Music & Sound,16,81.25
Pyre,advantage,Gameplay,34,79.41
Pyre,advantage,Graphics,13,76.92
Pyre,advantage,Difficulty,4,75.0
Q.U.B.E. 10th Anniversary,advantage,Graphics,3,100.0
Q.U.B.E. 10th Anniversary,advantage,Replayability,3,66.67
QQQbeats!!!,advantage,Gameplay,4,75.0
Quadrilateral Cowboy,advantage,Story,3,66.67
Quake,advantage,Gameplay,8,100.0
Quake,advantage,Graphics,6,100.0
Quake,advantage,Level Design,4,100.0
Quake,advantage,Difficulty,3,100.0
Quake,advantage,Replayability,8,100.0
Quake,advantage,Performance,10,90.0
Quake II,advantage,Gameplay,4,100.0
Quake II,advantage,Graphics,4,100.0
Quake II,advantage,Performance,4,100.0
Quake II,advantage,Replayability,7,100.0
Quarantine Circular,advantage,Characters,5,60.0
Quartet,advantage,Music & Sound,3,100.0
Quartet,advantage,Characters,7,100.0
Quartet,advantage,Story,8,87.5
Quartet,advantage,Gameplay,6,83.33
R-Type Dimensions EX,advantage,Difficulty,3,100.0
Rabi-Ribi,advantage,Difficulty,7,100.0
Rabi-Ribi,advantage,Replayability,3,100.0
Rabi-Ribi,advantage,Characters,3,66.67
Raccoin: Coin Pusher Roguelike,advantage,Graphics,4,100.0
Raccoin: Coin Pusher Roguelike,advantage,Difficulty,4,100.0
Raccoin: Coin Pusher Roguelike,advantage,Gameplay,6,83.33
Radiant Historia: Perfect Chronology,advantage,Gameplay,8,100.0
Radiant Historia: Perfect Chronology,advantage,Story,11,100.0
Radiant Historia: Perfect Chronology,advantage,Characters,4,100.0
Radiant Historia: Perfect Chronology,advantage,Replayability,6,83.33
Radiant Historia: Perfect Chronology,advantage,Difficulty,3,66.67
Radiant Silvergun,advantage,Difficulty,4,100.0
Radiant Tale,advantage,Story,4,100.0
Radiant Tale,advantage,Characters,5,100.0
Ragnarock,advantage,Gameplay,4,100.0
Ragnarock,advantage,Music & Sound,7,85.71
Railbound,advantage,Difficulty,7,85.71
Rainbow Billy: The Curse of Leviathan,advantage,Characters,5,100.0
Rainbow Billy: The Curse of Leviathan,advantage,Gameplay,13,92.31
Rainbow Billy: The Curse of Leviathan,advantage,Story,7,85.71
Rainbow Billy: The Curse of Leviathan,advantage,Difficulty,5,80.0
Rainbow Billy: The Curse of Leviathan,advantage,Performance,4,75.0
Rainbow Billy: The Curse of Leviathan,advantage,Graphics,3,66.67
Rakuen Deluxe Edition,advantage,Story,3,100.0
Rare Replay,advantage,Gameplay,5,100.0
Rare Replay,advantage,Difficulty,8,100.0
Rare Replay,advantage,Replayability,49,95.92
Rare Replay,advantage,Performance,4,75.0
Ratchet & Clank,advantage,Graphics,10,100.0
Ratchet & Clank,advantage,Music & Sound,3,100.0
Ratchet & Clank,advantage,Characters,5,100.0
Ratchet & Clank,advantage,Replayability,3,100.0
Ratchet & Clank,advantage,Gameplay,22,95.45
Ratchet & Clank,advantage,Story,15,86.67
Ratchet & Clank,advantage,Difficulty,7,71.43
Ratchet & Clank: Rift Apart,advantage,Level Design,14,100.0
Ratchet & Clank: Rift Apart,advantage,Performance,23,95.65
Ratchet & Clank: Rift Apart,advantage,Story,34,94.12
Ratchet & Clank: Rift Apart,advantage,Characters,24,91.67
Ratchet & Clank: Rift Apart,advantage,Graphics,32,87.5
Ratchet & Clank: Rift Apart,advantage,Gameplay,57,85.96
Ratchet & Clank: Rift Apart,advantage,Music & Sound,6,83.33
Ratchet & Clank: Rift Apart,advantage,Difficulty,14,78.57
Raw Data,advantage,Gameplay,5,60.0
Rayman Legends,advantage,Graphics,6,100.0
Rayman Legends,advantage,Characters,5,100.0
Rayman Legends,advantage,Level Design,18,100.0
Rayman Legends,advantage,Music & Sound,6,100.0
Rayman Legends,advantage,Replayability,7,100.0
Rayman Legends,advantage,Performance,3,100.0
Rayman Legends,advantage,Gameplay,21,95.24
Rayman Legends,advantage,Difficulty,10,90.0
Rayman Legends: Definitive Edition,advantage,Gameplay,6,100.0
Rayman Legends: Definitive Edition,advantage,Graphics,3,100.0
Rayman Legends: Definitive Edition,advantage,Level Design,4,100.0
Rayman Legends: Definitive Edition,advantage,Music & Sound,4,100.0
Rayman Legends: Definitive Edition,advantage,Replayability,4,100.0
Ready or Not,advantage,Level Design,7,85.71
Ready or Not,advantage,Replayability,4,75.0
Ready or Not,advantage,Story,3,66.67
Ready or Not,advantage,Difficulty,9,66.67
Ready or Not,advantage,Gameplay,14,64.29
Realm of Ink,advantage,Graphics,5,80.0
Realm of Ink,advantage,Gameplay,6,66.67
Reanimal,advantage,Performance,11,90.91
Reanimal,advantage,Gameplay,48,83.33
Reanimal,advantage,Story,24,83.33
Reanimal,advantage,Music & Sound,11,81.82
Reanimal,advantage,Difficulty,13,76.92
Reanimal,advantage,Level Design,13,69.23
Reanimal,advantage,Graphics,16,62.5
Reanimal,advantage,Replayability,8,62.5
Red Dead Redemption 2,advantage,Level Design,15,100.0
Red Dead Redemption 2,advantage,Difficulty,13,100.0
Red Dead Redemption 2,advantage,Characters,23,100.0
Red Dead Redemption 2,advantage,Music & Sound,5,100.0
Red Dead Redemption 2,advantage,Performance,23,95.65
Red Dead Redemption 2,advantage,Graphics,22,95.45
Red Dead Redemption 2,advantage,Story,55,92.73
Red Dead Redemption 2,advantage,Gameplay,26,88.46
Red Dead Redemption 2,advantage,Replayability,14,85.71
Red Matter 2,advantage,Story,3,100.0
Red Matter 2,advantage,Graphics,6,100.0
Red Matter 2,advantage,Performance,3,100.0
Reigns: Her Majesty,advantage,Gameplay,3,100.0
Reigns: Her Majesty,advantage,Story,3,66.67
Remnant II,advantage,Replayability,12,91.67
Remnant II,advantage,Level Design,12,91.67
Remnant II,advantage,Gameplay,34,88.24
Remnant II,advantage,Difficulty,17,88.24
Remnant II,advantage,Characters,8,87.5
Remnant II,advantage,Story,16,81.25
Remnant II,advantage,Performance,12,75.0
Remnant II,advantage,Graphics,3,66.67
Resident Evil 2,advantage,Gameplay,31,100.0
Resident Evil 2,advantage,Story,12,100.0
Resident Evil 2,advantage,Graphics,19,100.0
Resident Evil 2,advantage,Characters,5,100.0
Resident Evil 2,advantage,Level Design,6,100.0
Resident Evil 2,advantage,Music & Sound,8,100.0
Resident Evil 2,advantage,Difficulty,10,100.0
Resident Evil 2,advantage,Performance,3,100.0
Resident Evil 2,advantage,Replayability,10,100.0
Resident Evil 4,advantage,Graphics,4,100.0
Resident Evil 4,advantage,Gameplay,10,90.0
Resident Evil 4,advantage,Story,4,75.0
Resident Evil 4,advantage,Characters,4,75.0
Resident Evil 4,advantage,Difficulty,4,75.0
Resident Evil 4 (2023),advantage,Story,25,100.0
Resident Evil 4 (2023),advantage,Graphics,23,100.0
Resident Evil 4 (2023),advantage,Characters,9,100.0
Resident Evil 4 (2023),advantage,Level Design,6,100.0
Resident Evil 4 (2023),advantage,Difficulty,15,100.0
Resident Evil 4 (2023),advantage,Music & Sound,3,100.0
Resident Evil 4 (2023),advantage,Replayability,16,100.0
Resident Evil 4 (2023),advantage,Gameplay,52,98.08
Resident Evil 4 VR,advantage,Gameplay,5,100.0
Resident Evil 4: Separate Ways,advantage,Characters,5,100.0
Resident Evil 4: Separate Ways,advantage,Replayability,14,100.0
Resident Evil 4: Separate Ways,advantage,Story,26,96.15
Resident Evil 4: Separate Ways,advantage,Gameplay,21,95.24
Resident Evil 4: Separate Ways,advantage,Difficulty,4,75.0
Resident Evil 4: Ultimate HD Edition,advantage,Performance,4,100.0
Resident Evil 4: Ultimate HD Edition,advantage,Gameplay,6,66.67
Resident Evil 4: Ultimate HD Edition,advantage,Graphics,3,66.67
Resident Evil 4: Ultimate HD Edition,advantage,Replayability,3,66.67
Resident Evil 7 Biohazard,advantage,Gameplay,19,100.0
Resident Evil 7 Biohazard,advantage,Characters,7,100.0
Resident Evil 7 Biohazard,advantage,Replayability,3,100.0
Resident Evil 7 Biohazard,advantage,Level Design,9,100.0
Resident Evil 7 Biohazard,advantage,Story,25,88.0
Resident Evil 7 Biohazard,advantage,Difficulty,11,72.73
Resident Evil HD Remaster,advantage,Graphics,7,100.0
Resident Evil HD Remaster,advantage,Performance,3,100.0
Resident Evil HD Remaster,advantage,Music & Sound,3,100.0
Resident Evil HD Remaster,advantage,Replayability,4,100.0
Resident Evil HD Remaster,advantage,Gameplay,15,93.33
Resident Evil HD Remaster,advantage,Difficulty,11,90.91
Resident Evil HD Remaster,advantage,Story,6,83.33
Resident Evil Requiem,advantage,Level Design,13,100.0
Resident Evil Requiem,advantage,Replayability,9,100.0
Resident Evil Requiem,advantage,Performance,8,100.0
Resident Evil Requiem,advantage,Difficulty,14,100.0
Resident Evil Requiem,advantage,Music & Sound,9,100.0
Resident Evil Requiem,advantage,Story,57,98.25
Resident Evil Requiem,advantage,Gameplay,57,96.49
Resident Evil Requiem,advantage,Graphics,18,94.44
Resident Evil Requiem,advantage,Characters,25,88.0
Resident Evil Village,advantage,Performance,6,100.0
Resident Evil Village,advantage,Music & Sound,6,100.0
Resident Evil Village,advantage,Story,37,94.59
Resident Evil Village,advantage,Difficulty,14,92.86
Resident Evil Village,advantage,Characters,13,92.31
Resident Evil Village,advantage,Graphics,12,91.67
Resident Evil Village,advantage,Gameplay,53,90.57
Resident Evil Village,advantage,Level Design,9,88.89
Resident Evil Village,advantage,Replayability,9,77.78
Resident Evil Village Gold Edition,advantage,Performance,4,100.0
Resident Evil Village Gold Edition,advantage,Replayability,5,100.0
Resogun,advantage,Gameplay,8,100.0
Resogun,advantage,Graphics,6,100.0
Resogun,advantage,Level Design,6,100.0
Resogun,advantage,Difficulty,8,100.0
Resogun,advantage,Replayability,4,75.0
Retro City Rampage DX,advantage,Gameplay,4,75.0
Return of the Obra Dinn,advantage,Graphics,6,100.0
Return of the Obra Dinn,advantage,Gameplay,12,91.67
Return of the Obra Dinn,advantage,Story,10,90.0
Return of the Obra Dinn,advantage,Difficulty,5,80.0
Return to Monkey Island,advantage,Music & Sound,3,100.0
Return to Monkey Island,advantage,Characters,11,100.0
Return to Monkey Island,advantage,Difficulty,5,100.0
Return to Monkey Island,advantage,Story,25,92.0
Return to Monkey Island,advantage,Gameplay,7,85.71
Return to Monkey Island,advantage,Graphics,10,80.0
Returnal,advantage,Replayability,3,100.0
Returnal,advantage,Gameplay,72,90.28
Returnal,advantage,Story,45,88.89
Returnal,advantage,Graphics,17,82.35
Returnal,advantage,Level Design,15,80.0
Returnal,advantage,Music & Sound,5,80.0
Returnal,advantage,Performance,13,76.92
Returnal,advantage,Difficulty,46,76.09
Reventure,advantage,Gameplay,5,60.0
Rez Infinite,advantage,Graphics,10,100.0
Rez Infinite,advantage,Music & Sound,8,100.0
Rez Infinite,advantage,Difficulty,4,100.0
Rez Infinite,advantage,Gameplay,10,90.0
Rez Infinite,advantage,Level Design,4,75.0
Rez Infinite,advantage,Replayability,4,75.0
Rhythm Heaven Megamix,advantage,Gameplay,4,100.0
Rhythm Heaven Megamix,advantage,Story,3,100.0
Rhythm Heaven Megamix,advantage,Music & Sound,5,100.0
Rhythm Heaven Megamix,advantage,Replayability,6,83.33
Rhythm Sprout,advantage,Music & Sound,7,71.43
Rhythm Sprout,advantage,Gameplay,6,66.67
Ring Fit Adventure,advantage,Gameplay,5,100.0
Ring Fit Adventure,advantage,Difficulty,6,83.33
Ring Fit Adventure,advantage,Level Design,3,66.67
Rise of the Tomb Raider,advantage,Level Design,5,100.0
Rise of the Tomb Raider,advantage,Difficulty,4,100.0
Rise of the Tomb Raider,advantage,Story,30,93.33
Rise of the Tomb Raider,advantage,Gameplay,30,86.67
Rise of the Tomb Raider,advantage,Replayability,7,85.71
Rise of the Tomb Raider,advantage,Characters,12,83.33
Rise of the Tomb Raider,advantage,Graphics,3,66.67
Rise of the Tomb Raider (PC),advantage,Performance,3,66.67
Rise of the Tomb Raider: 20 Year Celebration,advantage,Graphics,3,100.0
Rise of the Tomb Raider: 20 Year Celebration,advantage,Replayability,11,90.91
Rise of the Tomb Raider: 20 Year Celebration,advantage,Gameplay,10,80.0
Rise of the Tomb Raider: 20 Year Celebration,advantage,Characters,4,75.0
Rise of the Tomb Raider: 20 Year Celebration,advantage,Story,15,73.33
Risk of Rain 2,advantage,Gameplay,10,90.0
Risk of Rain 2,advantage,Difficulty,6,83.33
Risk of Rain 2,advantage,Replayability,4,75.0
Risk of Rain 2,advantage,Characters,3,66.67
Risk of Rain Returns,advantage,Graphics,4,100.0
Risk of Rain Returns,advantage,Replayability,4,100.0
Rive: Ultimate Edition,advantage,Gameplay,4,100.0
Rive: Ultimate Edition,advantage,Difficulty,5,100.0
Rive: Ultimate Edition,advantage,Replayability,3,100.0
Riven,advantage,Difficulty,10,100.0
Riven,advantage,Characters,3,100.0
Riven,advantage,Graphics,5,80.0
Riven,advantage,Gameplay,4,75.0
Riven,advantage,Story,4,75.0
RoadCraft,advantage,Level Design,4,100.0
RoadCraft,advantage,Graphics,5,80.0
RoadCraft,advantage,Replayability,9,77.78
RoadCraft,advantage,Gameplay,27,70.37
RoadCraft,advantage,Performance,10,70.0
Roadwarden,advantage,Gameplay,3,100.0
Roadwarden,advantage,Story,7,100.0
Roadwarden,advantage,Difficulty,3,100.0
Roboquest,advantage,Gameplay,4,100.0
Robotics;Notes Elite,advantage,Graphics,5,100.0
Robotics;Notes Elite,advantage,Characters,4,100.0
Robotics;Notes Elite,advantage,Story,6,83.33
Rocket League,advantage,Difficulty,15,100.0
Rocket League,advantage,Replayability,4,100.0
Rocket League,advantage,Performance,5,100.0
Rocket League,advantage,Gameplay,18,94.44
Rocket League,advantage,Graphics,8,87.5
Rocksmith 2014 Edition,advantage,Music & Sound,3,100.0
Rogue Flight,advantage,Difficulty,7,71.43
Rogue Flight,advantage,Music & Sound,3,66.67
Rogue Flight,advantage,Replayability,3,66.67
Rogue Flight,advantage,Gameplay,8,62.5
Rogue Heroes: Ruins of Tasos,advantage,Gameplay,6,83.33
Rogue Legacy,advantage,Characters,4,100.0
Rogue Legacy,advantage,Gameplay,12,91.67
Rogue Legacy,advantage,Difficulty,7,85.71
Rogue Legacy,advantage,Music & Sound,3,66.67
Rogue Legacy 2,advantage,Level Design,4,100.0
Rogue Legacy 2,advantage,Characters,4,100.0
Rogue Legacy 2,advantage,Difficulty,7,100.0
Rogue Legacy 2,advantage,Replayability,14,100.0
Rogue Legacy 2,advantage,Gameplay,28,96.43
Rogue Legacy 2,advantage,Story,5,80.0
Roguebook,advantage,Story,5,100.0
Roguebook,advantage,Graphics,3,100.0
Roguebook,advantage,Characters,5,100.0
Roguebook,advantage,Replayability,3,100.0
Roguebook,advantage,Level Design,8,87.5
Roguebook,advantage,Gameplay,15,80.0
Roguebook,advantage,Difficulty,9,77.78
Roguebook,advantage,Performance,3,66.67
Roguebook,disadvantage,Performance,3,33.33
Rolling Gunner,advantage,Gameplay,5,100.0
Rolling Gunner,advantage,Difficulty,5,100.0
Romancing SaGa 2: Revenge of the Seven,advantage,Graphics,9,100.0
Romancing SaGa 2: Revenge of the Seven,advantage,Music & Sound,3,100.0
Romancing SaGa 2: Revenge of the Seven,advantage,Story,16,87.5
Romancing SaGa 2: Revenge of the Seven,advantage,Characters,7,85.71
Romancing SaGa 2: Revenge of the Seven,advantage,Difficulty,6,83.33
Romancing SaGa 2: Revenge of the Seven,advantage,Gameplay,33,81.82
Romancing SaGa 2: Revenge of the Seven,advantage,Level Design,3,66.67
Roots of Pacha,advantage,Gameplay,6,83.33
Rosewater,advantage,Story,6,66.67
Rosewater,advantage,Characters,6,66.67
Ruined King: A League of Legends Story,advantage,Music & Sound,3,100.0
Ruined King: A League of Legends Story,advantage,Characters,16,81.25
Ruined King: A League of Legends Story,advantage,Difficulty,5,80.0
Ruined King: A League of Legends Story,advantage,Story,30,76.67
Ruined King: A League of Legends Story,advantage,Gameplay,20,75.0
Ruined King: A League of Legends Story,advantage,Level Design,3,66.67
Rumu,advantage,Story,3,100.0
RunGunJumpGun,advantage,Level Design,3,66.67
Runbow,advantage,Replayability,6,100.0
Runbow,advantage,Difficulty,6,83.33
Runbow,advantage,Gameplay,17,82.35
Runbow,advantage,Music & Sound,3,66.67
Rune Factory 4 Special,advantage,Graphics,3,100.0
Rune Factory 4 Special,advantage,Difficulty,9,77.78
Rune Factory 4 Special,advantage,Gameplay,16,75.0
Rune Factory 4 Special,advantage,Story,8,75.0
Rune Factory 4 Special,advantage,Replayability,10,70.0
Rune Factory: Guardians of Azuma,advantage,Replayability,7,85.71
Rune Factory: Guardians of Azuma,advantage,Story,20,80.0
Rune Factory: Guardians of Azuma,advantage,Gameplay,31,77.42
Rune Factory: Guardians of Azuma,advantage,Characters,12,75.0
Rune Factory: Guardians of Azuma,advantage,Performance,8,75.0
Rune Factory: Guardians of Azuma,advantage,Difficulty,6,66.67
Russian Subway Dogs,advantage,Difficulty,4,75.0
Rytmos,advantage,Music & Sound,4,75.0
SEGA AGES Fantasy Zone,advantage,Difficulty,5,60.0
SEGA AGES Sonic the Hedgehog 2,advantage,Gameplay,3,100.0
SMITE,advantage,Gameplay,7,100.0
SMITE,advantage,Characters,5,100.0
SMITE,advantage,Difficulty,3,100.0
SNK vs. Capcom: The Match of the Millennium,advantage,Replayability,3,100.0
SNK vs. Capcom: The Match of the Millennium,advantage,Characters,6,83.33
SNK vs. Capcom: The Match of the Millennium,advantage,Difficulty,5,80.0
SNK vs. Capcom: The Match of the Millennium,advantage,Gameplay,4,75.0
SOMA,advantage,Graphics,4,100.0
SOMA,advantage,Characters,3,100.0
SOMA,advantage,Music & Sound,8,87.5
SOMA,advantage,Story,42,83.33
SOMA,advantage,Gameplay,10,80.0
SUPERHOT,advantage,Level Design,8,100.0
SUPERHOT,advantage,Difficulty,3,100.0
SUPERHOT,advantage,Story,19,73.68
SUPERHOT,advantage,Performance,11,72.73
SUPERHOT,advantage,Graphics,7,71.43
SUPERHOT,advantage,Gameplay,22,68.18
SUPERHOT,advantage,Music & Sound,3,66.67
SUPERHOT (VR),advantage,Performance,5,100.0
SUPERHOT (VR),advantage,Gameplay,11,90.91
SUPERHOT (VR),advantage,Replayability,6,83.33
SUPERHOT (VR),advantage,Difficulty,6,66.67
SUPERHOT: MIND CONTROL DELETE,advantage,Gameplay,21,80.95
SUPERHOT: MIND CONTROL DELETE,advantage,Level Design,12,66.67
SUPERHOT: MIND CONTROL DELETE,advantage,Performance,5,60.0
SUPERHOT: MIND CONTROL DELETE,disadvantage,Difficulty,5,20.0
SUPERHOT: MIND CONTROL DELETE,disadvantage,Performance,5,20.0
Sairento VR,advantage,Level Design,3,100.0
Sairento VR,advantage,Performance,6,83.33
Sairento VR,advantage,Gameplay,12,75.0
Sairento VR,advantage,Graphics,3,66.67
Sakuna: Of Rice and Ruin,advantage,Level Design,6,66.67
Sakuna: Of Rice and Ruin,advantage,Difficulty,8,62.5
Salt and Sanctuary,advantage,Level Design,6,83.33
Salt and Sanctuary,advantage,Difficulty,24,79.17
Salt and Sanctuary,advantage,Gameplay,18,72.22
Salt and Sanctuary,advantage,Graphics,3,66.67
Salt and Sanctuary,advantage,Music & Sound,3,66.67
Saltsea Chronicles,advantage,Story,5,80.0
Saltsea Chronicles,advantage,Gameplay,3,66.67
Saltsea Chronicles,advantage,Characters,6,66.67
Sam & Max Save The World Remastered,advantage,Music & Sound,6,100.0
Sam & Max Save The World Remastered,advantage,Graphics,8,87.5
Sam & Max Save The World Remastered,advantage,Gameplay,3,66.67
Sam & Max Save The World Remastered,advantage,Story,15,66.67
Sam & Max Save The World Remastered,advantage,Difficulty,8,62.5
Sam & Max: The Devil's Playhouse,advantage,Gameplay,7,100.0
Sam & Max: The Devil's Playhouse,advantage,Story,6,100.0
Sam & Max: The Devil's Playhouse,advantage,Characters,4,100.0
Saros,advantage,Level Design,14,92.86
Saros,advantage,Music & Sound,10,90.0
Saros,advantage,Difficulty,32,87.5
Saros,advantage,Gameplay,57,85.96
Saros,advantage,Graphics,13,84.62
Saros,advantage,Characters,12,83.33
Saros,advantage,Performance,10,80.0
Saros,advantage,Story,41,70.73
Satisfactory,advantage,Gameplay,7,100.0
Satisfactory,advantage,Graphics,5,100.0
Savant - Ascent REMIX,advantage,Music & Sound,4,75.0
Saviors of Sapphire Wings & Stranger of Sword City Revisited,advantage,Difficulty,7,71.43
Saviors of Sapphire Wings & Stranger of Sword City Revisited,advantage,Story,3,66.67
Sayonara Wild Hearts,advantage,Story,3,100.0
Sayonara Wild Hearts,advantage,Graphics,8,100.0
Sayonara Wild Hearts,advantage,Music & Sound,26,88.46
Sayonara Wild Hearts,advantage,Replayability,6,83.33
Sayonara Wild Hearts,advantage,Difficulty,8,75.0
Sayonara Wild Hearts,advantage,Gameplay,12,66.67
Scarlet Hollow,advantage,Graphics,3,100.0
Schrödinger's Call,advantage,Story,14,100.0
Schrödinger's Call,advantage,Music & Sound,5,100.0
Schrödinger's Call,advantage,Difficulty,3,100.0
Schrödinger's Call,advantage,Graphics,15,93.33
ScourgeBringer,advantage,Music & Sound,7,85.71
ScourgeBringer,advantage,Gameplay,18,72.22
ScourgeBringer,advantage,Difficulty,10,70.0
ScourgeBringer,advantage,Graphics,6,66.67
Sea of Stars,advantage,Performance,4,100.0
Sea of Stars,advantage,Music & Sound,18,100.0
Sea of Stars,advantage,Graphics,16,93.75
Sea of Stars,advantage,Story,53,92.45
Sea of Stars,advantage,Gameplay,63,92.06
Sea of Stars,advantage,Characters,32,90.62
Sea of Stars,advantage,Level Design,7,85.71
Sea of Stars,advantage,Difficulty,13,84.62
Sea of Stars: Throes of the Watchmaker,advantage,Story,6,100.0
Sea of Stars: Throes of the Watchmaker,advantage,Replayability,4,100.0
Sea of Stars: Throes of the Watchmaker,advantage,Gameplay,11,90.91
Sea of Stars: Throes of the Watchmaker,advantage,Characters,7,71.43
Sekiro: Shadows Die Twice,advantage,Story,18,100.0
Sekiro: Shadows Die Twice,advantage,Music & Sound,4,100.0
Sekiro: Shadows Die Twice,advantage,Graphics,5,100.0
Sekiro: Shadows Die Twice,advantage,Characters,4,100.0
Sekiro: Shadows Die Twice,advantage,Level Design,16,100.0
Sekiro: Shadows Die Twice,advantage,Replayability,3,100.0
Sekiro: Shadows Die Twice,advantage,Gameplay,67,98.51
Sekiro: Shadows Die Twice,advantage,Difficulty,51,94.12
Sekiro: Shadows Die Twice,advantage,Performance,7,85.71
Sektori,advantage,Gameplay,10,100.0
Sektori,advantage,Story,3,100.0
Sektori,advantage,Graphics,4,100.0
Sektori,advantage,Music & Sound,6,100.0
Sektori,advantage,Difficulty,8,100.0
Senua's Saga: Hellblade II,advantage,Music & Sound,36,86.11
Senua's Saga: Hellblade II,advantage,Level Design,13,84.62
Senua's Saga: Hellblade II,advantage,Story,63,80.95
Senua's Saga: Hellblade II,advantage,Difficulty,13,76.92
Senua's Saga: Hellblade II,advantage,Replayability,4,75.0
Senua's Saga: Hellblade II,advantage,Characters,16,75.0
Senua's Saga: Hellblade II,advantage,Graphics,54,74.07
Senua's Saga: Hellblade II,advantage,Gameplay,67,65.67
Senua's Saga: Hellblade II,advantage,Performance,18,61.11
Severed,advantage,Music & Sound,4,100.0
Severed,advantage,Graphics,12,91.67
Severed,advantage,Gameplay,38,78.95
Severed,advantage,Story,11,72.73
Shadow Gambit: The Cursed Crew,advantage,Story,9,100.0
Shadow Gambit: The Cursed Crew,advantage,Gameplay,18,94.44
Shadow Gambit: The Cursed Crew,advantage,Characters,16,87.5
Shadow Gambit: The Cursed Crew,advantage,Level Design,8,87.5
Shadow Gambit: The Cursed Crew,advantage,Graphics,4,75.0
Shadow Tactics: Blades of the Shogun,advantage,Performance,4,100.0
Shadow Tactics: Blades of the Shogun,advantage,Difficulty,14,92.86
Shadow Tactics: Blades of the Shogun,advantage,Level Design,10,90.0
Shadow Tactics: Blades of the Shogun,advantage,Story,8,87.5
Shadow Tactics: Blades of the Shogun,advantage,Gameplay,23,86.96
Shadow Tactics: Blades of the Shogun,advantage,Characters,13,84.62
Shadow Tactics: Blades of the Shogun,advantage,Replayability,6,83.33
Shadow Tactics: Blades of the Shogun - Aiko's Choice,advantage,Replayability,4,100.0
Shadow Tactics: Blades of the Shogun - Aiko's Choice,advantage,Gameplay,8,87.5
Shadow Tactics: Blades of the Shogun - Aiko's Choice,advantage,Level Design,6,83.33
Shadow Tactics: Blades of the Shogun - Aiko's Choice,advantage,Story,5,80.0
Shadow Tactics: Blades of the Shogun - Aiko's Choice,advantage,Difficulty,4,75.0
Shadow Tactics: Blades of the Shogun - Aiko's Choice,advantage,Characters,5,60.0
Shadow of the Colossus,advantage,Replayability,5,100.0
Shadow of the Colossus,advantage,Music & Sound,4,100.0
Shadow of the Colossus,advantage,Level Design,4,100.0
Shadow of the Colossus,advantage,Graphics,19,94.74
Shadow of the Colossus,advantage,Story,11,90.91
Shadow of the Colossus,advantage,Gameplay,18,88.89
Shadow of the Colossus,advantage,Performance,8,87.5
Shadowrun: Dragonfall - Director's Cut,advantage,Story,7,85.71
Shadowrun: Dragonfall - Director's Cut,advantage,Characters,5,80.0
Shadowrun: Hong Kong,advantage,Story,6,83.33
Shadows Over Loathing,advantage,Gameplay,4,75.0
Shadowverse: Champion's Battle,advantage,Gameplay,5,100.0
Shadowverse: Champion's Battle,advantage,Replayability,4,100.0
Shadowverse: Champion's Battle,advantage,Difficulty,5,100.0
Shadowverse: Champion's Battle,advantage,Characters,4,75.0
Shadowverse: Champion's Battle,advantage,Story,8,75.0
Shantae and the Pirate's Curse,advantage,Music & Sound,4,100.0
Shantae and the Pirate's Curse,advantage,Level Design,3,100.0
Shantae and the Pirate's Curse,advantage,Difficulty,6,100.0
Shantae and the Pirate's Curse,advantage,Replayability,3,100.0
Shantae and the Pirate's Curse,advantage,Gameplay,11,72.73
Shantae and the Pirate's Curse,advantage,Graphics,7,71.43
Shantae: Half-Genie Hero,advantage,Story,9,88.89
Shantae: Half-Genie Hero,advantage,Replayability,8,87.5
Shantae: Half-Genie Hero,advantage,Graphics,13,84.62
Shantae: Half-Genie Hero,advantage,Level Design,11,81.82
Shantae: Half-Genie Hero,advantage,Music & Sound,12,75.0
Shantae: Half-Genie Hero,advantage,Difficulty,8,75.0
Shantae: Half-Genie Hero,advantage,Characters,15,73.33
Shantae: Half-Genie Hero,advantage,Gameplay,30,70.0
Shantae: Half-Genie Hero - Ultimate Edition,advantage,Gameplay,7,100.0
Shantae: Half-Genie Hero - Ultimate Edition,advantage,Story,5,100.0
Shantae: Half-Genie Hero - Ultimate Edition,advantage,Graphics,3,100.0
Shantae: Half-Genie Hero - Ultimate Edition,advantage,Replayability,8,100.0
Shantae: Half-Genie Hero - Ultimate Edition,advantage,Characters,3,66.67
Shantae: Half-Genie Hero - Ultimate Edition,advantage,Difficulty,3,66.67
Shatter Remastered Deluxe,advantage,Gameplay,5,100.0
Shatter Remastered Deluxe,advantage,Graphics,4,100.0
Shatter Remastered Deluxe,advantage,Music & Sound,5,100.0
Shin Megami Tensei IV: Apocalypse,advantage,Characters,6,83.33
Shin Megami Tensei IV: Apocalypse,advantage,Story,16,81.25
Shin Megami Tensei IV: Apocalypse,advantage,Gameplay,11,72.73
Shin Megami Tensei IV: Apocalypse,advantage,Replayability,3,66.67
Shin Megami Tensei V,advantage,Characters,10,90.0
Shin Megami Tensei V,advantage,Graphics,6,83.33
Shin Megami Tensei V,advantage,Gameplay,50,82.0
Shin Megami Tensei V,advantage,Replayability,5,80.0
Shin Megami Tensei V,advantage,Difficulty,19,78.95
Shin Megami Tensei V,advantage,Level Design,8,75.0
Shin Megami Tensei V,advantage,Performance,8,75.0
Shin Megami Tensei V,advantage,Story,29,72.41
Shin Megami Tensei V: Vengeance,advantage,Characters,5,100.0
Shin Megami Tensei V: Vengeance,advantage,Graphics,6,100.0
Shin Megami Tensei V: Vengeance,advantage,Performance,6,100.0
Shin Megami Tensei V: Vengeance,advantage,Replayability,15,100.0
Shin Megami Tensei V: Vengeance,advantage,Gameplay,21,95.24
Shin Megami Tensei V: Vengeance,advantage,Difficulty,12,91.67
Shin Megami Tensei V: Vengeance,advantage,Story,25,88.0
Shin Megami Tensei V: Vengeance,advantage,Level Design,7,85.71
Shin Megami Tensei: Strange Journey Redux,advantage,Replayability,5,100.0
Shin Megami Tensei: Strange Journey Redux,advantage,Gameplay,10,80.0
Shin Megami Tensei: Strange Journey Redux,advantage,Difficulty,5,80.0
Shinobi: Art of Vengeance,advantage,Story,26,100.0
Shinobi: Art of Vengeance,advantage,Performance,3,100.0
Shinobi: Art of Vengeance,advantage,Graphics,36,100.0
Shinobi: Art of Vengeance,advantage,Difficulty,31,100.0
Shinobi: Art of Vengeance,advantage,Music & Sound,14,100.0
Shinobi: Art of Vengeance,advantage,Replayability,7,100.0
Shinobi: Art of Vengeance,advantage,Gameplay,88,97.73
Shinobi: Art of Vengeance,advantage,Level Design,21,95.24
Shinobi: Art of Vengeance,advantage,Characters,4,75.0
Shiren the Wanderer: The Mystery Dungeon of Serpentcoil Island,advantage,Story,4,100.0
Shiren the Wanderer: The Mystery Dungeon of Serpentcoil Island,advantage,Replayability,3,100.0
Shiren the Wanderer: The Mystery Dungeon of Serpentcoil Island,advantage,Gameplay,9,88.89
Shiren the Wanderer: The Mystery Dungeon of Serpentcoil Island,advantage,Difficulty,11,81.82
Shogun Showdown,advantage,Difficulty,7,100.0
Shogun Showdown,advantage,Gameplay,12,91.67
Shotgun Cop Man,advantage,Difficulty,6,66.67
Shovel Knight,advantage,Gameplay,24,100.0
Shovel Knight,advantage,Graphics,7,100.0
Shovel Knight,advantage,Level Design,16,100.0
Shovel Knight,advantage,Music & Sound,12,100.0
Shovel Knight,advantage,Difficulty,19,100.0
Shovel Knight,advantage,Replayability,8,100.0
Shovel Knight Dig,advantage,Characters,3,100.0
Shovel Knight Dig,advantage,Difficulty,9,88.89
Shovel Knight Dig,advantage,Replayability,7,85.71
Shovel Knight Dig,advantage,Music & Sound,5,80.0
Shovel Knight Dig,advantage,Gameplay,25,76.0
Shovel Knight Dig,advantage,Graphics,8,75.0
Shovel Knight Dig,advantage,Level Design,8,75.0
Shovel Knight Dig,advantage,Story,3,66.67
Shovel Knight Pocket Dungeon,advantage,Characters,3,100.0
Shovel Knight Pocket Dungeon,advantage,Difficulty,9,100.0
Shovel Knight Pocket Dungeon,advantage,Music & Sound,3,100.0
Shovel Knight Pocket Dungeon,advantage,Replayability,7,100.0
Shovel Knight Pocket Dungeon,advantage,Gameplay,16,93.75
Shovel Knight: King of Cards,advantage,Gameplay,7,100.0
Shovel Knight: King of Cards,advantage,Characters,4,100.0
Shovel Knight: King of Cards,advantage,Level Design,4,100.0
Shovel Knight: King of Cards,advantage,Difficulty,5,100.0
Shovel Knight: Specter of Torment,advantage,Story,5,100.0
Shovel Knight: Specter of Torment,advantage,Characters,3,100.0
Shovel Knight: Specter of Torment,advantage,Music & Sound,3,100.0
Shovel Knight: Specter of Torment,advantage,Level Design,3,100.0
Shovel Knight: Specter of Torment,advantage,Difficulty,6,100.0
Shovel Knight: Specter of Torment,advantage,Gameplay,13,92.31
Shovel Knight: Treasure Trove,advantage,Gameplay,6,100.0
Shovel Knight: Treasure Trove,advantage,Story,4,100.0
Shovel Knight: Treasure Trove,advantage,Music & Sound,3,100.0
Shovel Knight: Treasure Trove,advantage,Difficulty,3,100.0
Shovel Knight: Treasure Trove,advantage,Level Design,5,80.0
Shujinkou,advantage,Music & Sound,4,75.0
Shujinkou,advantage,Difficulty,3,66.67
Sid Meier's Civilization VI,advantage,Gameplay,15,100.0
Sid Meier's Civilization VI,advantage,Graphics,6,100.0
Sid Meier's Civilization VI,advantage,Level Design,5,100.0
Sid Meier's Civilization VI,advantage,Music & Sound,4,100.0
Sid Meier's Civilization VI,advantage,Difficulty,9,88.89
Sid Meier's Civilization VI,advantage,Replayability,6,83.33
Sid Meier's Civilization VI - Console Edition,advantage,Gameplay,17,94.12
Sid Meier's Civilization VI: Gathering Storm,advantage,Difficulty,6,100.0
Sid Meier's Civilization VI: Gathering Storm,advantage,Gameplay,4,75.0
Sid Meier's Civilization VI: Rise and Fall,advantage,Difficulty,4,75.0
Sid Meier's Civilization VI: Rise and Fall,advantage,Gameplay,14,71.43
Sid Meier's Civilization: Beyond Earth,advantage,Gameplay,7,71.43
Sid Meier's Civilization: Beyond Earth,advantage,Difficulty,7,71.43
Sifu,advantage,Graphics,20,85.0
Sifu,advantage,Replayability,6,83.33
Sifu,advantage,Music & Sound,11,81.82
Sifu,advantage,Gameplay,81,77.78
Sifu,advantage,Difficulty,59,74.58
Sifu,advantage,Characters,10,70.0
Sifu,advantage,Level Design,25,68.0
Sifu,advantage,Performance,6,66.67
Sifu,advantage,Story,17,64.71
Signalis,advantage,Characters,4,100.0
Signalis,advantage,Difficulty,6,100.0
Signalis,advantage,Story,26,80.77
Signalis,advantage,Gameplay,18,77.78
Signalis,advantage,Music & Sound,6,66.67
Silent Hill 2,advantage,Level Design,8,100.0
Silent Hill 2,advantage,Difficulty,12,100.0
Silent Hill 2,advantage,Music & Sound,22,95.45
Silent Hill 2,advantage,Graphics,22,95.45
Silent Hill 2,advantage,Story,33,93.94
Silent Hill 2,advantage,Gameplay,37,91.89
Silent Hill 2,advantage,Replayability,7,85.71
Silent Hill 2,advantage,Performance,12,83.33
Silent Hill 2,advantage,Characters,9,77.78
Silent Hill f,advantage,Replayability,5,100.0
Silent Hill f,advantage,Graphics,16,93.75
Silent Hill f,advantage,Gameplay,92,79.35
Silent Hill f,advantage,Story,76,78.95
Silent Hill f,advantage,Difficulty,14,78.57
Silent Hill f,advantage,Characters,16,75.0
Silent Hill f,advantage,Performance,10,70.0
Silent Hill f,advantage,Music & Sound,22,68.18
Silicon Dreams,advantage,Story,3,100.0
Skate Story,advantage,Music & Sound,24,87.5
Skate Story,advantage,Difficulty,5,80.0
Skate Story,advantage,Story,64,79.69
Skate Story,advantage,Gameplay,29,75.86
Skate Story,advantage,Performance,4,75.0
Skate Story,advantage,Replayability,4,75.0
Skate Story,advantage,Graphics,20,70.0
Skul: The Hero Slayer,advantage,Story,6,100.0
Skul: The Hero Slayer,advantage,Difficulty,10,90.0
Skul: The Hero Slayer,advantage,Level Design,4,75.0
Skul: The Hero Slayer,advantage,Gameplay,14,71.43
Skul: The Hero Slayer,advantage,Characters,3,66.67
Skullgirls: 2nd Encore,advantage,Difficulty,4,100.0
Skullgirls: 2nd Encore,advantage,Gameplay,4,75.0
Skullgirls: 2nd Encore,advantage,Characters,7,71.43
Skullgirls: 2nd Encore,advantage,Music & Sound,3,66.67
Skullgirls: 2nd Encore,advantage,Replayability,3,66.67
Sky: Children of the Light,advantage,Gameplay,3,100.0
Sky: Children of the Light,advantage,Graphics,3,100.0
Skylanders SuperChargers,advantage,Replayability,11,100.0
Skylanders SuperChargers,advantage,Gameplay,11,72.73
Skylanders SuperChargers,advantage,Story,6,66.67
Skylanders Swap Force,advantage,Graphics,4,100.0
Skylanders Swap Force,advantage,Gameplay,4,75.0
Skylanders Swap Force,advantage,Characters,3,66.67
Slay The Spire,advantage,Difficulty,9,100.0
Slay The Spire,advantage,Gameplay,17,94.12
Slay the Princess,advantage,Story,16,100.0
Slay the Princess,advantage,Characters,4,100.0
Slay the Princess,advantage,Graphics,14,92.86
Slay the Princess,advantage,Music & Sound,3,66.67
Slay the Princess - The Pristine Cut,advantage,Graphics,8,100.0
Slay the Princess - The Pristine Cut,advantage,Story,11,81.82
Slayaway Camp,advantage,Difficulty,3,100.0
Slayaway Camp,advantage,Graphics,3,66.67
Slime-San: Superslime Edition,advantage,Level Design,3,100.0
Slime-San: Superslime Edition,advantage,Replayability,5,80.0
Slime-San: Superslime Edition,advantage,Gameplay,4,75.0
Slots & Daggers,advantage,Gameplay,5,100.0
Smushi Come Home,advantage,Gameplay,3,66.67
"Snipperclips Plus: Cut it Out, Together!",advantage,Replayability,3,66.67
Snufkin: Melody of Moominvalley,advantage,Story,4,100.0
Snufkin: Melody of Moominvalley,advantage,Graphics,3,100.0
Snufkin: Melody of Moominvalley,advantage,Performance,3,100.0
Solium Infernum,advantage,Gameplay,5,100.0
Sonic Mania,advantage,Gameplay,13,100.0
Sonic Mania,advantage,Graphics,6,100.0
Sonic Mania,advantage,Characters,6,100.0
Sonic Mania,advantage,Level Design,21,100.0
Sonic Mania,advantage,Music & Sound,8,100.0
Sonic Mania,advantage,Difficulty,7,100.0
Sonic Mania,advantage,Replayability,5,80.0
Sonic Mania Plus,advantage,Gameplay,3,100.0
Sonic Mania Plus,advantage,Characters,21,100.0
Sonic Mania Plus,advantage,Level Design,5,100.0
Sonic Mania Plus,advantage,Difficulty,4,100.0
Sonic Mania Plus,advantage,Replayability,9,100.0
Sonic Racing: CrossWorlds,advantage,Graphics,9,100.0
Sonic Racing: CrossWorlds,advantage,Gameplay,36,91.67
Sonic Racing: CrossWorlds,advantage,Music & Sound,10,90.0
Sonic Racing: CrossWorlds,advantage,Replayability,26,84.62
Sonic Racing: CrossWorlds,advantage,Performance,6,83.33
Sonic Racing: CrossWorlds,advantage,Difficulty,8,75.0
Sonic Racing: CrossWorlds,advantage,Characters,22,68.18
Sonic Racing: CrossWorlds,advantage,Story,3,66.67
Sorry We're Closed,advantage,Characters,11,90.91
Sorry We're Closed,advantage,Graphics,8,87.5
Sorry We're Closed,advantage,Gameplay,21,85.71
Sorry We're Closed,advantage,Difficulty,7,85.71
Sorry We're Closed,advantage,Story,20,85.0
SoulCalibur VI,advantage,Difficulty,8,100.0
SoulCalibur VI,advantage,Replayability,16,87.5
SoulCalibur VI,advantage,Gameplay,45,86.67
SoulCalibur VI,advantage,Characters,31,80.65
SoulCalibur VI,advantage,Graphics,8,75.0
SoulCalibur VI,advantage,Level Design,4,75.0
SoulCalibur VI,advantage,Story,20,70.0
South Park: The Fractured But Whole,advantage,Level Design,6,100.0
South Park: The Fractured But Whole,advantage,Replayability,8,87.5
South Park: The Fractured But Whole,advantage,Gameplay,56,85.71
South Park: The Fractured But Whole,advantage,Difficulty,14,85.71
South Park: The Fractured But Whole,advantage,Characters,11,81.82
South Park: The Fractured But Whole,advantage,Story,30,80.0
South Park: The Fractured But Whole,advantage,Performance,20,65.0
South Park: The Stick of Truth,advantage,Difficulty,3,100.0
South Park: The Stick of Truth,advantage,Characters,3,100.0
South Park: The Stick of Truth,advantage,Replayability,4,100.0
South Park: The Stick of Truth,advantage,Gameplay,14,85.71
South Park: The Stick of Truth,advantage,Story,9,77.78
South Park: The Stick of Truth,advantage,Performance,5,60.0
Spelunky,advantage,Difficulty,6,100.0
Spelunky,advantage,Gameplay,7,85.71
Spelunky 2,advantage,Level Design,9,100.0
Spelunky 2,advantage,Replayability,6,100.0
Spelunky 2,advantage,Gameplay,11,90.91
Spelunky 2,advantage,Difficulty,20,85.0
Spin Rhythm XD,advantage,Music & Sound,5,100.0
Spin Rhythm XD,advantage,Difficulty,4,100.0
Spin Rhythm XD,advantage,Gameplay,8,75.0
Spindle,advantage,Story,5,80.0
Spindle,advantage,Gameplay,4,75.0
Spirit Hunter: NG,advantage,Graphics,4,100.0
Spirit Hunter: NG,advantage,Music & Sound,3,100.0
Spirit Hunter: NG,advantage,Story,4,75.0
Spiritfarer,advantage,Music & Sound,10,100.0
Spiritfarer,advantage,Difficulty,4,100.0
Spiritfarer,advantage,Graphics,7,85.71
Spiritfarer,advantage,Gameplay,14,85.71
Spiritfarer,advantage,Characters,10,80.0
Spiritfarer,advantage,Story,19,78.95
Splasher,advantage,Replayability,3,100.0
Splasher,advantage,Level Design,10,90.0
Splasher,advantage,Difficulty,9,88.89
Splasher,advantage,Gameplay,14,78.57
Splatoon,advantage,Gameplay,13,92.31
Splatoon,advantage,Difficulty,4,75.0
Splatoon,advantage,Replayability,18,72.22
Splatoon,advantage,Level Design,5,60.0
Splatoon 2,advantage,Level Design,5,100.0
Splatoon 2,advantage,Gameplay,15,93.33
Splatoon 2,advantage,Replayability,11,90.91
Splatoon 2,advantage,Difficulty,10,90.0
Splatoon 2: Octo Expansion,advantage,Gameplay,5,100.0
Splatoon 2: Octo Expansion,advantage,Replayability,5,100.0
Splatoon 2: Octo Expansion,advantage,Level Design,9,88.89
Splatoon 2: Octo Expansion,advantage,Story,7,85.71
Splatoon 2: Octo Expansion,advantage,Difficulty,6,83.33
Splatoon 3,advantage,Characters,3,100.0
Splatoon 3,advantage,Performance,3,100.0
Splatoon 3,advantage,Difficulty,8,100.0
Splatoon 3,advantage,Music & Sound,4,100.0
Splatoon 3,advantage,Replayability,23,91.3
Splatoon 3,advantage,Gameplay,20,90.0
Splatoon 3,advantage,Level Design,5,80.0
Splatoon 3,advantage,Story,6,66.67
Split Fiction,advantage,Graphics,15,100.0
Split Fiction,advantage,Difficulty,20,100.0
Split Fiction,advantage,Level Design,28,100.0
Split Fiction,advantage,Performance,9,100.0
Split Fiction,advantage,Gameplay,81,93.83
Split Fiction,advantage,Characters,16,93.75
Split Fiction,advantage,Story,65,90.77
Spyro Reignited Trilogy,advantage,Graphics,20,95.0
Spyro Reignited Trilogy,advantage,Characters,9,88.89
Spyro Reignited Trilogy,advantage,Difficulty,8,87.5
Spyro Reignited Trilogy,advantage,Level Design,5,80.0
Spyro Reignited Trilogy,advantage,Replayability,5,80.0
Spyro Reignited Trilogy,advantage,Gameplay,37,78.38
Spyro Reignited Trilogy,advantage,Performance,10,70.0
Spyro Reignited Trilogy,advantage,Music & Sound,9,66.67
Star Ocean: The Second Story R,advantage,Replayability,5,100.0
Star Ocean: The Second Story R,advantage,Music & Sound,6,100.0
Star Ocean: The Second Story R,advantage,Characters,10,100.0
Star Ocean: The Second Story R,advantage,Story,59,96.61
Star Ocean: The Second Story R,advantage,Graphics,25,96.0
Star Ocean: The Second Story R,advantage,Gameplay,22,95.45
Star Ocean: The Second Story R,advantage,Difficulty,8,87.5
Star Wars Jedi: Fallen Order,advantage,Characters,15,93.33
Star Wars Jedi: Fallen Order,advantage,Graphics,8,87.5
Star Wars Jedi: Fallen Order,advantage,Gameplay,62,85.48
Star Wars Jedi: Fallen Order,advantage,Story,53,83.02
Star Wars Jedi: Fallen Order,advantage,Level Design,10,80.0
Star Wars Jedi: Fallen Order,advantage,Difficulty,15,80.0
Star Wars Jedi: Fallen Order,advantage,Performance,26,69.23
Star Wars Jedi: Survivor,advantage,Replayability,12,91.67
Star Wars Jedi: Survivor,advantage,Characters,20,90.0
Star Wars Jedi: Survivor,advantage,Graphics,9,88.89
Star Wars Jedi: Survivor,advantage,Gameplay,72,81.94
Star Wars Jedi: Survivor,advantage,Story,69,79.71
Star Wars Jedi: Survivor,advantage,Performance,61,77.05
Star Wars Jedi: Survivor,advantage,Music & Sound,4,75.0
Star Wars Jedi: Survivor,advantage,Difficulty,15,73.33
Star Wars Jedi: Survivor,advantage,Level Design,7,71.43
Star Wars Jedi: Survivor,disadvantage,Music & Sound,4,25.0
Star Wars Pinball,advantage,Level Design,3,100.0
Star Wars Pinball,advantage,Replayability,4,100.0
Star Wars: Dark Forces Remaster,advantage,Performance,8,75.0
Star Wars: Dark Forces Remaster,advantage,Gameplay,13,69.23
Star Wars: Dark Forces Remaster,advantage,Story,3,66.67
Star Wars: Dark Forces Remaster,advantage,Graphics,9,66.67
Star Wars: Dark Forces Remaster,advantage,Difficulty,3,66.67
Star Wars: Dark Forces Remaster,advantage,Level Design,5,60.0
Star Wars: Knights of the Old Republic,advantage,Story,9,77.78
Star Wars: Knights of the Old Republic,advantage,Difficulty,4,75.0
Star Wars: Knights of the Old Republic,advantage,Gameplay,8,62.5
Star Wars: Knights of the Old Republic,advantage,Characters,8,62.5
StarCraft II: Legacy of the Void,advantage,Gameplay,4,100.0
StarCraft II: Legacy of the Void,advantage,Level Design,6,100.0
StarCraft II: Legacy of the Void,advantage,Difficulty,5,100.0
StarCraft II: Legacy of the Void,advantage,Story,19,89.47
StarCraft II: Legacy of the Void,advantage,Replayability,4,75.0
StarCraft II: Legacy of the Void,advantage,Characters,3,66.67
StarCraft Remastered,advantage,Gameplay,4,100.0
StarCraft Remastered,advantage,Difficulty,3,66.67
StarVaders,advantage,Replayability,6,100.0
StarVaders,advantage,Gameplay,14,85.71
StarVaders,advantage,Difficulty,6,66.67
Starbound,advantage,Gameplay,5,80.0
Stardew Valley,advantage,Gameplay,10,100.0
Stardew Valley,advantage,Difficulty,8,100.0
Stardew Valley,advantage,Replayability,4,100.0
Stardew Valley,advantage,Performance,4,75.0
Stardust Galaxy Warriors,advantage,Gameplay,3,66.67
Starfield,advantage,Graphics,6,83.33
Starfield,advantage,Level Design,6,83.33
Starfield,advantage,Replayability,19,78.95
Starfield,advantage,Characters,21,76.19
Starfield,advantage,Performance,16,75.0
Starfield,advantage,Story,46,73.91
Starfield,advantage,Difficulty,15,66.67
Starfield,advantage,Gameplay,76,65.79
Station to Station,advantage,Graphics,3,100.0
Station to Station,advantage,Difficulty,3,100.0
Stealth Inc 2: A Game of Clones,advantage,Story,4,100.0
Stealth Inc 2: A Game of Clones,advantage,Difficulty,7,71.43
Stealth Inc 2: A Game of Clones,advantage,Gameplay,8,62.5
SteamWorld Dig,advantage,Difficulty,6,100.0
SteamWorld Dig,advantage,Gameplay,15,86.67
SteamWorld Dig,advantage,Level Design,3,66.67
SteamWorld Dig 2,advantage,Story,8,100.0
SteamWorld Dig 2,advantage,Graphics,5,100.0
SteamWorld Dig 2,advantage,Level Design,9,100.0
SteamWorld Dig 2,advantage,Characters,3,100.0
SteamWorld Dig 2,advantage,Gameplay,28,92.86
SteamWorld Dig 2,advantage,Difficulty,6,83.33
SteamWorld Heist,advantage,Story,6,100.0
SteamWorld Heist,advantage,Graphics,3,100.0
SteamWorld Heist,advantage,Characters,4,100.0
SteamWorld Heist,advantage,Replayability,3,100.0
SteamWorld Heist,advantage,Gameplay,18,94.44
SteamWorld Heist,advantage,Difficulty,14,92.86
SteamWorld Heist,advantage,Level Design,11,90.91
SteamWorld Heist II,advantage,Gameplay,30,100.0
SteamWorld Heist II,advantage,Graphics,3,100.0
SteamWorld Heist II,advantage,Difficulty,7,100.0
SteamWorld Heist II,advantage,Music & Sound,8,100.0
SteamWorld Heist II,advantage,Story,11,90.91
SteamWorld Heist II,advantage,Characters,10,90.0
SteamWorld Heist II,advantage,Level Design,5,80.0
SteamWorld Heist: Ultimate Edition,advantage,Gameplay,4,100.0
SteamWorld Heist: Ultimate Edition,advantage,Level Design,3,66.67
SteamWorld Quest: Hand of Gilgamech,advantage,Graphics,4,100.0
SteamWorld Quest: Hand of Gilgamech,advantage,Gameplay,23,82.61
SteamWorld Quest: Hand of Gilgamech,advantage,Story,10,80.0
SteamWorld Quest: Hand of Gilgamech,advantage,Difficulty,15,80.0
SteamWorld Quest: Hand of Gilgamech,advantage,Characters,14,78.57
Steel Division: Normandy 44,advantage,Gameplay,5,60.0
Steins;Gate,advantage,Characters,7,100.0
Steins;Gate,advantage,Story,8,87.5
Steins;Gate,advantage,Graphics,8,87.5
Steins;Gate 0,advantage,Graphics,17,88.24
Steins;Gate 0,advantage,Story,22,81.82
Steins;Gate 0,advantage,Characters,13,69.23
Steins;Gate Elite,advantage,Story,12,100.0
Steins;Gate Elite,advantage,Characters,3,100.0
Steins;Gate Elite,advantage,Graphics,23,91.3
Stellar Blade,advantage,Performance,11,100.0
Stellar Blade,advantage,Difficulty,24,91.67
Stellar Blade,advantage,Music & Sound,21,85.71
Stellar Blade,advantage,Replayability,12,83.33
Stellar Blade,advantage,Graphics,27,81.48
Stellar Blade,advantage,Characters,37,75.68
Stellar Blade,advantage,Gameplay,99,73.74
Stellar Blade,advantage,Level Design,18,72.22
Stellar Blade,advantage,Story,61,67.21
Stellaris,advantage,Gameplay,7,100.0
Stellaris,advantage,Story,3,100.0
Stellaris,advantage,Difficulty,5,80.0
Stellaris: Utopia,advantage,Gameplay,3,66.67
Stellaris: Utopia,advantage,Replayability,3,66.67
Steredenn: Binary Stars,advantage,Gameplay,3,100.0
Steredenn: Binary Stars,advantage,Difficulty,3,66.67
Steve Jackson's Sorcery! - The Complete Collection,advantage,Story,6,83.33
Story of Seasons: Grand Bazaar,advantage,Gameplay,21,90.48
Story of Seasons: Grand Bazaar,advantage,Graphics,9,88.89
Story of Seasons: Grand Bazaar,advantage,Story,65,84.62
Story of Seasons: Grand Bazaar,advantage,Performance,6,83.33
Story of Seasons: Grand Bazaar,advantage,Characters,9,77.78
Story of Seasons: Grand Bazaar,advantage,Music & Sound,4,75.0
Story of Seasons: Grand Bazaar,advantage,Replayability,4,75.0
Story of Seasons: Grand Bazaar,advantage,Difficulty,5,60.0
Strange Antiquities,advantage,Gameplay,8,75.0
Strange Antiquities,advantage,Difficulty,6,66.67
Strange Horticulture,advantage,Story,4,100.0
Strange Horticulture,advantage,Music & Sound,3,100.0
Strange Horticulture,advantage,Difficulty,3,100.0
Strange Horticulture,advantage,Gameplay,6,83.33
Stray,advantage,Replayability,4,100.0
Stray,advantage,Graphics,14,92.86
Stray,advantage,Characters,30,90.0
Stray,advantage,Story,56,85.71
Stray,advantage,Music & Sound,6,83.33
Stray,advantage,Level Design,9,77.78
Stray,advantage,Performance,4,75.0
Stray,advantage,Gameplay,52,71.15
Street Fighter 30th Anniversary Collection,advantage,Difficulty,5,100.0
Street Fighter 30th Anniversary Collection,advantage,Gameplay,5,80.0
Street Fighter 30th Anniversary Collection,advantage,Replayability,10,60.0
Street Fighter 6,advantage,Graphics,13,100.0
Street Fighter 6,advantage,Music & Sound,5,100.0
Street Fighter 6,advantage,Gameplay,58,96.55
Street Fighter 6,advantage,Replayability,28,96.43
Street Fighter 6,advantage,Story,16,93.75
Street Fighter 6,advantage,Characters,26,92.31
Street Fighter 6,advantage,Level Design,11,90.91
Street Fighter 6,advantage,Difficulty,15,86.67
Street Fighter 6,advantage,Performance,6,83.33
Street Fighter 6: Years 1-2 Fighters Edition,advantage,Characters,3,100.0
Street Fighter 6: Years 1-2 Fighters Edition,advantage,Performance,7,100.0
Street Fighter V: Arcade Edition,advantage,Replayability,10,100.0
Street Fighter V: Arcade Edition,advantage,Gameplay,7,85.71
Street Fighter V: Arcade Edition,advantage,Characters,6,83.33
Streets of Rage 4,advantage,Graphics,16,100.0
Streets of Rage 4,advantage,Difficulty,15,100.0
Streets of Rage 4,advantage,Music & Sound,22,95.45
Streets of Rage 4,advantage,Gameplay,39,92.31
Streets of Rage 4,advantage,Characters,13,84.62
Streets of Rage 4,advantage,Replayability,11,81.82
Streets of Rage 4,advantage,Level Design,4,75.0
Streets of Rage 4,advantage,Story,7,71.43
Streets of Rage 4: Mr. X Nightmare,advantage,Characters,19,94.74
Streets of Rage 4: Mr. X Nightmare,advantage,Replayability,10,90.0
Streets of Rogue,advantage,Gameplay,4,100.0
Streets of Rogue,advantage,Replayability,3,100.0
Streets of Rogue,advantage,Characters,5,60.0
Subnautica,advantage,Music & Sound,3,100.0
Subnautica,advantage,Gameplay,13,92.31
Subnautica,advantage,Story,12,83.33
Subnautica,advantage,Level Design,5,80.0
Subnautica,advantage,Performance,10,70.0
Subnautica,advantage,Graphics,3,66.67
Subnautica: Below Zero,advantage,Graphics,3,100.0
Subnautica: Below Zero,advantage,Level Design,4,100.0
Subnautica: Below Zero,advantage,Gameplay,19,94.74
Subnautica: Below Zero,advantage,Story,19,89.47
Subnautica: Below Zero,advantage,Difficulty,9,88.89
Subnautica: Below Zero,advantage,Performance,6,83.33
Subnautica: Below Zero,advantage,Characters,3,66.67
Suikoden I & II HD Remaster: Gate Rune and Dunan Unification Wars,advantage,Story,9,100.0
Suikoden I & II HD Remaster: Gate Rune and Dunan Unification Wars,advantage,Difficulty,6,100.0
Suikoden I & II HD Remaster: Gate Rune and Dunan Unification Wars,advantage,Characters,7,100.0
Suikoden I & II HD Remaster: Gate Rune and Dunan Unification Wars,advantage,Gameplay,17,94.12
Suikoden I & II HD Remaster: Gate Rune and Dunan Unification Wars,advantage,Graphics,13,92.31
Sumire,advantage,Gameplay,3,100.0
Sumire,advantage,Music & Sound,3,100.0
Sumire,advantage,Replayability,5,100.0
Sumire,advantage,Difficulty,3,100.0
Sumire,advantage,Story,16,93.75
Sumire,advantage,Graphics,5,80.0
Sundered: Eldritch Edition,advantage,Gameplay,6,100.0
Sundered: Eldritch Edition,advantage,Level Design,3,100.0
Sundered: Eldritch Edition,advantage,Difficulty,3,66.67
Sunderfolk,advantage,Story,3,100.0
Sunderfolk,advantage,Gameplay,5,80.0
Sunless Sea,advantage,Difficulty,3,100.0
Sunless Sea,advantage,Gameplay,7,85.71
Sunless Sea,advantage,Story,10,80.0
Sunless Skies,advantage,Gameplay,5,60.0
Sunset Overdrive,advantage,Graphics,4,100.0
Sunset Overdrive,advantage,Level Design,3,100.0
Sunset Overdrive,advantage,Story,10,90.0
Sunset Overdrive,advantage,Gameplay,17,88.24
Sunset Overdrive,advantage,Replayability,3,66.67
Sunshine Manor,advantage,Gameplay,5,60.0
Super Bomberman Collection,advantage,Gameplay,6,100.0
Super Bomberman Collection,advantage,Replayability,5,100.0
Super Mario 3D All-Stars,advantage,Graphics,7,100.0
Super Mario 3D All-Stars,advantage,Gameplay,16,87.5
Super Mario 3D All-Stars,advantage,Difficulty,6,83.33
Super Mario 3D All-Stars,advantage,Performance,4,75.0
Super Mario 3D All-Stars,advantage,Level Design,3,66.67
Super Mario 3D All-Stars,advantage,Replayability,6,66.67
Super Mario 3D World,advantage,Gameplay,13,100.0
Super Mario 3D World,advantage,Level Design,13,100.0
Super Mario 3D World,advantage,Difficulty,4,100.0
Super Mario 3D World + Bowser's Fury,advantage,Gameplay,29,100.0
Super Mario 3D World + Bowser's Fury,advantage,Level Design,12,100.0
Super Mario 3D World + Bowser's Fury,advantage,Music & Sound,3,100.0
Super Mario 3D World + Bowser's Fury,advantage,Difficulty,7,100.0
Super Mario 3D World + Bowser's Fury,advantage,Replayability,14,100.0
Super Mario Bros. Wonder,advantage,Gameplay,47,100.0
Super Mario Bros. Wonder,advantage,Story,5,100.0
Super Mario Bros. Wonder,advantage,Graphics,10,100.0
Super Mario Bros. Wonder,advantage,Characters,8,100.0
Super Mario Bros. Wonder,advantage,Music & Sound,4,100.0
Super Mario Bros. Wonder,advantage,Replayability,6,100.0
Super Mario Bros. Wonder,advantage,Performance,3,100.0
Super Mario Bros. Wonder,advantage,Level Design,34,97.06
Super Mario Bros. Wonder,advantage,Difficulty,18,94.44
Super Mario Bros. Wonder - Nintendo Switch 2 Edition + Meetup in Bellabel Park,advantage,Gameplay,4,100.0
Super Mario Bros. Wonder - Nintendo Switch 2 Edition + Meetup in Bellabel Park,advantage,Characters,4,100.0
Super Mario Bros. Wonder - Nintendo Switch 2 Edition + Meetup in Bellabel Park,advantage,Graphics,6,83.33
Super Mario Bros. Wonder - Nintendo Switch 2 Edition + Meetup in Bellabel Park,advantage,Performance,6,83.33
Super Mario Bros. Wonder - Nintendo Switch 2 Edition + Meetup in Bellabel Park,advantage,Difficulty,10,80.0
Super Mario Bros. Wonder - Nintendo Switch 2 Edition + Meetup in Bellabel Park,advantage,Replayability,23,69.57
Super Mario Bros. Wonder - Nintendo Switch 2 Edition + Meetup in Bellabel Park,advantage,Level Design,6,66.67
Super Mario Galaxy + Super Mario Galaxy 2,advantage,Performance,9,100.0
Super Mario Galaxy + Super Mario Galaxy 2,advantage,Level Design,10,90.0
Super Mario Galaxy + Super Mario Galaxy 2,advantage,Graphics,17,88.24
Super Mario Galaxy + Super Mario Galaxy 2,advantage,Gameplay,32,87.5
Super Mario Galaxy + Super Mario Galaxy 2,advantage,Replayability,8,87.5
Super Mario Galaxy + Super Mario Galaxy 2,advantage,Music & Sound,7,85.71
Super Mario Galaxy + Super Mario Galaxy 2,advantage,Difficulty,8,62.5
Super Mario Maker,advantage,Gameplay,7,100.0
Super Mario Maker,advantage,Replayability,6,100.0
Super Mario Maker,advantage,Level Design,37,94.59
Super Mario Maker,advantage,Difficulty,10,90.0
Super Mario Maker 2,advantage,Gameplay,8,100.0
Super Mario Maker 2,advantage,Difficulty,7,100.0
Super Mario Maker 2,advantage,Story,23,95.65
Super Mario Maker 2,advantage,Level Design,40,95.0
Super Mario Maker 2,advantage,Replayability,19,94.74
Super Mario Odyssey,advantage,Story,6,100.0
Super Mario Odyssey,advantage,Graphics,6,100.0
Super Mario Odyssey,advantage,Characters,4,100.0
Super Mario Odyssey,advantage,Level Design,11,100.0
Super Mario Odyssey,advantage,Difficulty,8,100.0
Super Mario Odyssey,advantage,Music & Sound,4,100.0
Super Mario Odyssey,advantage,Replayability,6,100.0
Super Mario Odyssey,advantage,Gameplay,39,97.44
Super Mario Party Jamboree,advantage,Story,3,100.0
Super Mario Party Jamboree,advantage,Characters,10,100.0
Super Mario Party Jamboree,advantage,Replayability,22,90.91
Super Mario Party Jamboree,advantage,Level Design,6,83.33
Super Mario Party Jamboree,advantage,Gameplay,13,69.23
Super Mario RPG,advantage,Characters,10,100.0
Super Mario RPG,advantage,Replayability,4,100.0
Super Mario RPG,advantage,Graphics,21,95.24
Super Mario RPG,advantage,Difficulty,20,95.0
Super Mario RPG,advantage,Story,16,93.75
Super Mario RPG,advantage,Music & Sound,17,88.24
Super Mario RPG,advantage,Gameplay,31,87.1
Super Mario RPG,advantage,Level Design,5,80.0
Super Meat Boy,advantage,Difficulty,10,90.0
Super Meat Boy,advantage,Gameplay,8,87.5
Super Meat Boy,advantage,Level Design,8,87.5
Super Meat Boy,advantage,Music & Sound,3,66.67
Super Mega Baseball,advantage,Gameplay,3,66.67
Super Mega Baseball,advantage,Difficulty,3,66.67
Super Mega Baseball 2,advantage,Graphics,4,100.0
Super Mega Baseball 2,advantage,Difficulty,7,71.43
Super Mega Baseball 2,advantage,Gameplay,9,66.67
Super Mega Baseball 3,advantage,Difficulty,4,100.0
Super Mega Baseball 3,advantage,Gameplay,9,88.89
Super Mega Baseball 4,advantage,Gameplay,10,80.0
Super Mega Baseball 4,advantage,Difficulty,5,80.0
Super One More Jump,advantage,Music & Sound,3,100.0
Super One More Jump,advantage,Level Design,3,66.67
Super Smash Bros. Ultimate,advantage,Gameplay,18,100.0
Super Smash Bros. Ultimate,advantage,Story,6,100.0
Super Smash Bros. Ultimate,advantage,Graphics,3,100.0
Super Smash Bros. Ultimate,advantage,Characters,36,100.0
Super Smash Bros. Ultimate,advantage,Level Design,5,100.0
Super Smash Bros. Ultimate,advantage,Music & Sound,7,100.0
Super Smash Bros. Ultimate,advantage,Difficulty,15,100.0
Super Smash Bros. Ultimate,advantage,Replayability,32,100.0
Super Smash Bros. for Nintendo 3DS,advantage,Characters,11,100.0
Super Smash Bros. for Nintendo 3DS,advantage,Gameplay,11,90.91
Super Smash Bros. for Nintendo 3DS,advantage,Replayability,10,90.0
Super Smash Bros. for Nintendo 3DS,advantage,Difficulty,6,83.33
Super Smash Bros. for Wii U,advantage,Gameplay,10,100.0
Super Smash Bros. for Wii U,advantage,Graphics,4,100.0
Super Smash Bros. for Wii U,advantage,Characters,11,100.0
Super Smash Bros. for Wii U,advantage,Music & Sound,4,100.0
Super Smash Bros. for Wii U,advantage,Difficulty,5,100.0
Super Smash Bros. for Wii U,advantage,Performance,4,100.0
Super Smash Bros. for Wii U,advantage,Replayability,11,100.0
Super TIME Force Ultra,advantage,Gameplay,4,75.0
Super Time Force,advantage,Gameplay,8,87.5
Super Time Force,advantage,Story,6,66.67
Super Time Force,advantage,Difficulty,3,66.67
Super Time Force,advantage,Replayability,3,66.67
Sword of the Sea,advantage,Music & Sound,14,92.86
Sword of the Sea,advantage,Gameplay,18,88.89
Sword of the Sea,advantage,Graphics,9,88.89
Sword of the Sea,advantage,Story,12,66.67
Swords and Soldiers 2 Shawarmageddon,advantage,Gameplay,4,100.0
Swords and Soldiers 2 Shawarmageddon,advantage,Story,3,66.67
Syberia: The World Before,advantage,Music & Sound,6,100.0
Syberia: The World Before,advantage,Graphics,6,83.33
Syberia: The World Before,advantage,Performance,4,75.0
Syberia: The World Before,advantage,Story,21,66.67
Syberia: The World Before,advantage,Difficulty,3,66.67
Syberia: The World Before,advantage,Gameplay,5,60.0
Synth Riders,advantage,Difficulty,3,100.0
Synth Riders,advantage,Music & Sound,9,88.89
Synth Riders,advantage,Gameplay,6,83.33
Synth Riders,advantage,Graphics,3,66.67
System Shock 2: 25th Anniversary Remaster,advantage,Story,3,100.0
System Shock 2: 25th Anniversary Remaster,advantage,Performance,5,80.0
System Shock 2: 25th Anniversary Remaster,advantage,Gameplay,17,70.59
TEVI,advantage,Music & Sound,3,100.0
TEVI,advantage,Characters,5,100.0
TEVI,advantage,Difficulty,5,100.0
TEVI,advantage,Level Design,5,80.0
TEVI,advantage,Graphics,3,66.67
TEVI,advantage,Gameplay,10,60.0
TOEM,advantage,Difficulty,3,100.0
TOEM,advantage,Music & Sound,5,80.0
TOEM,advantage,Characters,7,71.43
TR-49,advantage,Story,9,77.78
TR-49,advantage,Music & Sound,4,75.0
Tactical Breach Wizards,advantage,Gameplay,7,100.0
Tactical Breach Wizards,advantage,Story,8,100.0
Tactical Breach Wizards,advantage,Characters,7,100.0
Tactical Breach Wizards,advantage,Difficulty,4,100.0
Tactics Ogre: Reborn,advantage,Graphics,4,100.0
Tactics Ogre: Reborn,advantage,Replayability,4,100.0
Tactics Ogre: Reborn,advantage,Story,17,88.24
Tactics Ogre: Reborn,advantage,Music & Sound,7,85.71
Tactics Ogre: Reborn,advantage,Level Design,8,75.0
Tactics Ogre: Reborn,advantage,Gameplay,24,70.83
Tactics Ogre: Reborn,advantage,Difficulty,10,60.0
Tadpole Treble,advantage,Gameplay,5,100.0
Tadpole Treble,advantage,Music & Sound,6,83.33
Tadpole Treble Encore,advantage,Replayability,6,83.33
Tadpole Treble Encore,advantage,Level Design,3,66.67
Tails of Iron,advantage,Music & Sound,3,100.0
Tails of Iron,advantage,Difficulty,24,87.5
Tails of Iron,advantage,Story,12,75.0
Tails of Iron,advantage,Graphics,11,72.73
Tails of Iron,advantage,Gameplay,36,69.44
Tails of Iron 2: Whiskers of Winter,advantage,Characters,6,100.0
Tails of Iron 2: Whiskers of Winter,advantage,Replayability,6,100.0
Tails of Iron 2: Whiskers of Winter,advantage,Performance,12,83.33
Tails of Iron 2: Whiskers of Winter,advantage,Gameplay,38,68.42
Tails of Iron 2: Whiskers of Winter,advantage,Story,19,68.42
Tails of Iron 2: Whiskers of Winter,advantage,Difficulty,19,68.42
Tails of Iron 2: Whiskers of Winter,advantage,Graphics,13,61.54
Tales From The Borderlands: Episode Four - Escape Plan Bravo,advantage,Story,9,77.78
Tales From The Borderlands: Episode One - Zer0 Sum,advantage,Performance,3,100.0
Tales From The Borderlands: Episode One - Zer0 Sum,advantage,Characters,10,90.0
Tales From The Borderlands: Episode One - Zer0 Sum,advantage,Story,18,83.33
Tales From The Borderlands: Episode One - Zer0 Sum,advantage,Gameplay,7,71.43
Tales From The Borderlands: Episode Two - Atlas Mugged,advantage,Story,14,78.57
Tales From The Borderlands: Episode Two - Atlas Mugged,advantage,Gameplay,3,66.67
Tales From The Borderlands: Episode Two - Atlas Mugged,advantage,Characters,10,60.0
Tales from the Borderlands - Season One,advantage,Characters,15,86.67
Tales from the Borderlands - Season One,advantage,Story,21,85.71
Tales from the Borderlands - Season One,advantage,Gameplay,3,66.67
Tales from the Borderlands: Episode Five - The Vault of the Traveler,advantage,Story,9,77.78
Tales of Arise,advantage,Characters,45,91.11
Tales of Arise,advantage,Performance,10,90.0
Tales of Arise,advantage,Gameplay,58,89.66
Tales of Arise,advantage,Story,67,88.06
Tales of Arise,advantage,Graphics,21,85.71
Tales of Arise,advantage,Music & Sound,7,85.71
Tales of Arise,advantage,Difficulty,10,80.0
Tales of Arise,advantage,Replayability,5,80.0
Tales of Arise,advantage,Level Design,10,60.0
Tales of Graces f Remastered,advantage,Replayability,6,100.0
Tales of Graces f Remastered,advantage,Performance,6,100.0
Tales of Graces f Remastered,advantage,Graphics,19,89.47
Tales of Graces f Remastered,advantage,Characters,28,89.29
Tales of Graces f Remastered,advantage,Gameplay,38,84.21
Tales of Graces f Remastered,advantage,Difficulty,5,80.0
Tales of Graces f Remastered,advantage,Story,37,78.38
Tales of Vesperia: Definitive Edition,advantage,Difficulty,5,100.0
Tales of Vesperia: Definitive Edition,advantage,Replayability,15,93.33
Tales of Vesperia: Definitive Edition,advantage,Characters,23,91.3
Tales of Vesperia: Definitive Edition,advantage,Graphics,6,83.33
Tales of Vesperia: Definitive Edition,advantage,Gameplay,23,82.61
Tales of Vesperia: Definitive Edition,advantage,Story,23,78.26
Tearaway,advantage,Gameplay,7,85.71
Tearaway,advantage,Graphics,4,75.0
Tearaway,advantage,Story,7,71.43
Tearaway Unfolded,advantage,Gameplay,14,78.57
Tearaway Unfolded,advantage,Level Design,3,66.67
Tearaway Unfolded,advantage,Graphics,5,60.0
Tearaway Unfolded,advantage,Music & Sound,5,60.0
Technobabylon,advantage,Story,5,100.0
Technobabylon,advantage,Characters,4,100.0
Teenage Mutant Ninja Turtles: Shredder's Revenge,advantage,Characters,15,100.0
Teenage Mutant Ninja Turtles: Shredder's Revenge,advantage,Music & Sound,14,100.0
Teenage Mutant Ninja Turtles: Shredder's Revenge,advantage,Replayability,11,100.0
Teenage Mutant Ninja Turtles: Shredder's Revenge,advantage,Graphics,16,93.75
Teenage Mutant Ninja Turtles: Shredder's Revenge,advantage,Gameplay,46,89.13
Teenage Mutant Ninja Turtles: Shredder's Revenge,advantage,Level Design,8,87.5
Teenage Mutant Ninja Turtles: Shredder's Revenge,advantage,Difficulty,13,84.62
Teenage Mutant Ninja Turtles: Shredder's Revenge,advantage,Story,6,83.33
Teenage Mutant Ninja Turtles: Shredder's Revenge - Dimension Shellshock,advantage,Replayability,6,83.33
Teenage Mutant Ninja Turtles: Shredder's Revenge - Dimension Shellshock,advantage,Characters,15,66.67
Teenage Mutant Ninja Turtles: The Cowabunga Collection,advantage,Characters,3,100.0
Teenage Mutant Ninja Turtles: The Cowabunga Collection,advantage,Replayability,17,100.0
Teenage Mutant Ninja Turtles: The Cowabunga Collection,advantage,Level Design,5,100.0
Teenage Mutant Ninja Turtles: The Cowabunga Collection,advantage,Gameplay,4,75.0
Teenage Mutant Ninja Turtles: The Cowabunga Collection,advantage,Difficulty,8,75.0
Tekken 7,advantage,Level Design,4,100.0
Tekken 7,advantage,Music & Sound,5,100.0
Tekken 7,advantage,Gameplay,47,89.36
Tekken 7,advantage,Graphics,9,88.89
Tekken 7,advantage,Story,34,82.35
Tekken 7,advantage,Characters,28,82.14
Tekken 7,advantage,Performance,11,81.82
Tekken 7,advantage,Difficulty,8,75.0
Tekken 7,advantage,Replayability,14,71.43
Tekken 8,advantage,Level Design,12,100.0
Tekken 8,advantage,Replayability,31,100.0
Tekken 8,advantage,Characters,28,100.0
Tekken 8,advantage,Performance,7,100.0
Tekken 8,advantage,Difficulty,8,100.0
Tekken 8,advantage,Gameplay,62,98.39
Tekken 8,advantage,Story,40,97.5
Tekken 8,advantage,Graphics,27,96.3
Tekken 8,advantage,Music & Sound,9,88.89
Tell Me Why,advantage,Characters,31,87.1
Tell Me Why,advantage,Difficulty,6,83.33
Tell Me Why,advantage,Story,59,72.88
Tell Me Why,advantage,Gameplay,11,72.73
Temirana: The Lucky Princess and the Tragic Knights,advantage,Characters,3,66.67
Temirana: The Lucky Princess and the Tragic Knights,advantage,Graphics,5,60.0
Terra Nil,advantage,Difficulty,11,90.91
Terra Nil,advantage,Level Design,17,88.24
Terra Nil,advantage,Gameplay,12,83.33
Terra Nil,advantage,Graphics,3,66.67
TerraTech Legion,advantage,Gameplay,4,75.0
TetherGeist,advantage,Gameplay,4,100.0
TetherGeist,advantage,Level Design,3,100.0
TetherGeist,advantage,Story,4,75.0
TetherGeist,advantage,Difficulty,5,60.0
Tetris 99,advantage,Gameplay,3,100.0
Tetris Effect,advantage,Graphics,26,96.15
Tetris Effect,advantage,Music & Sound,28,92.86
Tetris Effect,advantage,Gameplay,21,90.48
Tetris Effect,advantage,Difficulty,15,80.0
Tetris Effect,advantage,Level Design,6,66.67
Tetris Effect: Connected,advantage,Difficulty,5,100.0
Tetris Effect: Connected,advantage,Level Design,4,100.0
Tetris Effect: Connected,advantage,Replayability,3,100.0
Tetris Effect: Connected,advantage,Graphics,10,90.0
Tetris Effect: Connected,advantage,Music & Sound,7,85.71
Tetris Effect: Connected,advantage,Gameplay,4,75.0
Tetris Forever,advantage,Gameplay,4,100.0
Tetris Forever,advantage,Replayability,4,100.0
Tetris Forever,advantage,Story,8,87.5
Tetris Forever,advantage,Difficulty,4,75.0
Thank Goodness You're Here,advantage,Story,5,100.0
Thank Goodness You're Here,advantage,Graphics,9,100.0
Thank Goodness You're Here,advantage,Gameplay,11,90.91
Thank Goodness You're Here,advantage,Characters,5,80.0
Thank Goodness You're Here,advantage,Replayability,5,80.0
Thank Goodness You're Here,advantage,Level Design,3,66.67
"That Dragon, Cancer",advantage,Story,11,90.91
"That Dragon, Cancer",advantage,Difficulty,5,60.0
The 7th Guest Remake,advantage,Difficulty,3,100.0
The 7th Guest Remake,advantage,Gameplay,3,66.67
The 7th Guest Remake,advantage,Story,3,66.67
The Alters,advantage,Graphics,6,100.0
The Alters,advantage,Music & Sound,4,100.0
The Alters,advantage,Replayability,6,100.0
The Alters,advantage,Difficulty,13,92.31
The Alters,advantage,Gameplay,56,87.5
The Alters,advantage,Performance,8,87.5
The Alters,advantage,Story,61,86.89
The Alters,advantage,Characters,16,81.25
The Banner Saga,advantage,Level Design,3,100.0
The Banner Saga,advantage,Music & Sound,8,100.0
The Banner Saga,advantage,Story,30,86.67
The Banner Saga,advantage,Characters,13,84.62
The Banner Saga,advantage,Gameplay,35,80.0
The Banner Saga,advantage,Difficulty,15,80.0
The Banner Saga,advantage,Graphics,15,73.33
The Banner Saga 2,advantage,Characters,6,100.0
The Banner Saga 2,advantage,Gameplay,20,90.0
The Banner Saga 2,advantage,Story,26,84.62
The Banner Saga 2,advantage,Graphics,10,80.0
The Banner Saga 2,advantage,Difficulty,5,80.0
The Banner Saga 3,advantage,Characters,9,100.0
The Banner Saga 3,advantage,Graphics,5,100.0
The Banner Saga 3,advantage,Music & Sound,4,100.0
The Banner Saga 3,advantage,Difficulty,4,100.0
The Banner Saga 3,advantage,Story,24,95.83
The Banner Saga 3,advantage,Gameplay,14,92.86
The Binding Of Isaac: Repentance,advantage,Replayability,3,100.0
The Binding of Isaac: Afterbirth,advantage,Replayability,4,100.0
The Binding of Isaac: Afterbirth+,advantage,Difficulty,4,75.0
The Binding of Isaac: Rebirth,advantage,Characters,4,100.0
The Binding of Isaac: Rebirth,advantage,Difficulty,4,75.0
The Binding of Isaac: Rebirth,advantage,Replayability,7,71.43
The Binding of Isaac: Rebirth,advantage,Level Design,3,66.67
The Binding of Isaac: Rebirth,advantage,Gameplay,5,60.0
The Blackwell Epiphany,advantage,Story,5,100.0
The Case of the Golden Idol,advantage,Difficulty,5,100.0
The Case of the Golden Idol,advantage,Gameplay,5,80.0
The Case of the Golden Idol,advantage,Story,9,77.78
The Cosmic Wheel Sisterhood,advantage,Gameplay,7,100.0
The Cosmic Wheel Sisterhood,advantage,Story,28,85.71
The Cosmic Wheel Sisterhood,advantage,Graphics,7,85.71
The Cosmic Wheel Sisterhood,advantage,Music & Sound,4,75.0
The Cosmic Wheel Sisterhood,advantage,Characters,7,71.43
The Cosmic Wheel Sisterhood,disadvantage,Music & Sound,4,25.0
The Crimson Diamond,advantage,Story,3,66.67
The Darkside Detective: A Fumble in the Dark,advantage,Gameplay,3,100.0
The Darkside Detective: A Fumble in the Dark,advantage,Story,3,100.0
The Drifter,advantage,Gameplay,8,100.0
The Drifter,advantage,Graphics,3,100.0
The Drifter,advantage,Difficulty,4,100.0
The Drifter,advantage,Music & Sound,6,100.0
The Drifter,advantage,Story,24,95.83
The Drifter,advantage,Characters,10,90.0
The Elder Scrolls IV: Oblivion Remastered,advantage,Story,10,100.0
The Elder Scrolls IV: Oblivion Remastered,advantage,Gameplay,26,92.31
The Elder Scrolls IV: Oblivion Remastered,advantage,Graphics,33,81.82
The Elder Scrolls IV: Oblivion Remastered,advantage,Level Design,5,80.0
The Elder Scrolls IV: Oblivion Remastered,advantage,Replayability,5,80.0
The Elder Scrolls IV: Oblivion Remastered,advantage,Characters,4,75.0
The Elder Scrolls IV: Oblivion Remastered,advantage,Performance,30,66.67
The Elder Scrolls Online: Dragonhold,advantage,Story,4,100.0
The Elder Scrolls Online: Necrom,advantage,Gameplay,3,100.0
The Elder Scrolls Online: Necrom,advantage,Replayability,6,100.0
The Elder Scrolls Online: Necrom,advantage,Difficulty,3,100.0
The Elder Scrolls Online: Necrom,advantage,Story,7,85.71
The Elder Scrolls Online: Necrom,advantage,Characters,3,66.67
The Elder Scrolls V: Skyrim - Nintendo Switch Edition,advantage,Gameplay,8,100.0
The Elder Scrolls V: Skyrim - Nintendo Switch Edition,advantage,Graphics,7,100.0
The Elder Scrolls V: Skyrim - Nintendo Switch Edition,advantage,Difficulty,4,100.0
The Elder Scrolls V: Skyrim - Nintendo Switch Edition,advantage,Performance,4,100.0
The Elder Scrolls V: Skyrim - Nintendo Switch Edition,advantage,Replayability,6,100.0
The Elder Scrolls V: Skyrim - Special Edition,advantage,Replayability,6,100.0
The Elder Scrolls V: Skyrim - Special Edition,advantage,Graphics,13,76.92
The Elder Scrolls V: Skyrim - Special Edition,advantage,Gameplay,5,60.0
The Elder Scrolls: Legends,advantage,Gameplay,5,80.0
The End Is Nigh,advantage,Gameplay,7,100.0
The End Is Nigh,advantage,Level Design,4,100.0
The End Is Nigh,advantage,Difficulty,12,83.33
The Entropy Centre,advantage,Gameplay,4,75.0
The Entropy Centre,advantage,Graphics,3,66.67
The Excavation Of Hob's Barrow,advantage,Difficulty,4,100.0
The Excavation Of Hob's Barrow,advantage,Story,12,91.67
The Fabulous Fear Machine,advantage,Graphics,3,100.0
The Fabulous Fear Machine,advantage,Gameplay,5,80.0
The Fabulous Fear Machine,advantage,Story,5,80.0
The Finals,advantage,Performance,4,100.0
The Finals,advantage,Gameplay,8,75.0
The First Berserker: Khazan,advantage,Characters,7,100.0
The First Berserker: Khazan,advantage,Performance,4,100.0
The First Berserker: Khazan,advantage,Graphics,13,84.62
The First Berserker: Khazan,advantage,Gameplay,67,77.61
The First Berserker: Khazan,advantage,Story,31,77.42
The First Berserker: Khazan,advantage,Difficulty,33,75.76
The First Berserker: Khazan,advantage,Level Design,18,72.22
The First Berserker: Khazan,advantage,Music & Sound,3,66.67
The First Berserker: Khazan,advantage,Replayability,3,66.67
The Forest,advantage,Difficulty,6,66.67
The Forest,advantage,Gameplay,8,62.5
The Forest,advantage,Story,5,60.0
The Forgotten City,advantage,Replayability,3,100.0
The Forgotten City,advantage,Characters,12,91.67
The Forgotten City,advantage,Story,52,84.62
The Forgotten City,advantage,Gameplay,19,84.21
The Forgotten City,advantage,Graphics,6,83.33
The Forgotten City,advantage,Performance,4,75.0
The Forgotten City,advantage,Difficulty,6,66.67
The Great Ace Attorney Chronicles,advantage,Difficulty,4,100.0
The Great Ace Attorney Chronicles,advantage,Replayability,8,87.5
The Great Ace Attorney Chronicles,advantage,Graphics,20,85.0
The Great Ace Attorney Chronicles,advantage,Characters,32,84.38
The Great Ace Attorney Chronicles,advantage,Story,36,83.33
The Great Ace Attorney Chronicles,advantage,Gameplay,21,76.19
The Holy Gosh Darn,advantage,Story,3,100.0
The House in Fata Morgana,advantage,Difficulty,4,100.0
The House in Fata Morgana,advantage,Graphics,9,88.89
The House in Fata Morgana,advantage,Story,6,83.33
The Hundred Line -Last Defense Academy-,advantage,Level Design,3,100.0
The Hundred Line -Last Defense Academy-,advantage,Gameplay,24,87.5
The Hundred Line -Last Defense Academy-,advantage,Story,31,80.65
The Hundred Line -Last Defense Academy-,advantage,Replayability,5,80.0
The Hundred Line -Last Defense Academy-,advantage,Characters,14,78.57
The Hundred Line -Last Defense Academy-,advantage,Graphics,22,77.27
The Hundred Line -Last Defense Academy-,advantage,Difficulty,7,71.43
The Hungry Lamb: Traveling in the Late Ming Dynasty,advantage,Story,7,71.43
The Hungry Lamb: Traveling in the Late Ming Dynasty,advantage,Graphics,7,71.43
The Journey Down Trilogy,advantage,Story,4,100.0
The Journey Down Trilogy,advantage,Characters,3,100.0
The Journey Down: Chapter Two,advantage,Story,5,100.0
The Journey Down: Chapter Two,advantage,Characters,4,100.0
The King is Watching,advantage,Gameplay,6,100.0
The King is Watching,advantage,Graphics,3,100.0
The King is Watching,advantage,Difficulty,3,100.0
The King of Fighters 2002 Unlimited Match,advantage,Gameplay,5,80.0
The King of Fighters XV,advantage,Level Design,3,100.0
The King of Fighters XV,advantage,Music & Sound,3,100.0
The King of Fighters XV,advantage,Graphics,17,94.12
The King of Fighters XV,advantage,Characters,18,88.89
The King of Fighters XV,advantage,Gameplay,32,84.38
The King of Fighters XV,advantage,Difficulty,8,75.0
The King of Fighters XV,advantage,Performance,4,75.0
The King of Fighters XV,advantage,Replayability,10,70.0
The Last Friend,advantage,Gameplay,7,100.0
The Last Friend,advantage,Difficulty,6,100.0
The Last Friend,advantage,Story,6,66.67
The Last Friend,advantage,Graphics,3,66.67
The Last Guardian,advantage,Graphics,5,100.0
The Last Guardian,advantage,Level Design,3,100.0
The Last Guardian,advantage,Characters,14,78.57
The Last Guardian,advantage,Difficulty,7,71.43
The Last Guardian,advantage,Story,28,64.29
The Last Spell,advantage,Graphics,3,100.0
The Last Spell,advantage,Music & Sound,4,75.0
The Last of Us Part I,advantage,Graphics,44,88.64
The Last of Us Part I,advantage,Music & Sound,7,85.71
The Last of Us Part I,advantage,Characters,10,80.0
The Last of Us Part I,advantage,Level Design,8,75.0
The Last of Us Part I,advantage,Gameplay,37,72.97
The Last of Us Part I,advantage,Story,40,67.5
The Last of Us Part I,disadvantage,Difficulty,18,33.33
The Last of Us Part I,disadvantage,Performance,29,24.14
The Last of Us Part I,disadvantage,Characters,10,20.0
The Last of Us Part II,advantage,Music & Sound,5,100.0
The Last of Us Part II,advantage,Characters,24,87.5
The Last of Us Part II,advantage,Story,82,81.71
The Last of Us Part II,advantage,Graphics,25,80.0
The Last of Us Part II,advantage,Level Design,9,77.78
The Last of Us Part II,advantage,Gameplay,58,77.59
The Last of Us Part II,advantage,Difficulty,17,76.47
The Last of Us Part II,advantage,Performance,10,70.0
The Last of Us Part II Remastered,advantage,Music & Sound,4,100.0
The Last of Us Part II Remastered,advantage,Graphics,21,95.24
The Last of Us Part II Remastered,advantage,Level Design,13,92.31
The Last of Us Part II Remastered,advantage,Performance,20,90.0
The Last of Us Part II Remastered,advantage,Replayability,29,86.21
The Last of Us Part II Remastered,advantage,Characters,6,83.33
The Last of Us Part II Remastered,advantage,Difficulty,11,81.82
The Last of Us Part II Remastered,advantage,Story,37,81.08
The Last of Us Part II Remastered,advantage,Gameplay,22,68.18
The Last of Us Remastered,advantage,Gameplay,7,100.0
The Last of Us Remastered,advantage,Story,10,100.0
The Last of Us Remastered,advantage,Graphics,11,100.0
The Last of Us Remastered,advantage,Characters,5,100.0
The Last of Us Remastered,advantage,Performance,5,100.0
The Last of Us Remastered,advantage,Replayability,6,100.0
The Legend of Heroes: Trails Beyond the Horizon,advantage,Graphics,7,85.71
The Legend of Heroes: Trails Beyond the Horizon,advantage,Characters,21,85.71
The Legend of Heroes: Trails Beyond the Horizon,advantage,Gameplay,33,81.82
The Legend of Heroes: Trails Beyond the Horizon,advantage,Story,36,80.56
The Legend of Heroes: Trails Beyond the Horizon,advantage,Replayability,4,75.0
The Legend of Heroes: Trails Through Daybreak,advantage,Difficulty,5,100.0
The Legend of Heroes: Trails Through Daybreak,advantage,Characters,26,96.15
The Legend of Heroes: Trails Through Daybreak,advantage,Story,29,93.1
The Legend of Heroes: Trails Through Daybreak,advantage,Gameplay,33,87.88
The Legend of Heroes: Trails Through Daybreak,advantage,Graphics,4,75.0
The Legend of Heroes: Trails from Zero,advantage,Difficulty,5,100.0
The Legend of Heroes: Trails from Zero,advantage,Characters,21,95.24
The Legend of Heroes: Trails from Zero,advantage,Story,35,85.71
The Legend of Heroes: Trails from Zero,advantage,Gameplay,19,84.21
The Legend of Heroes: Trails from Zero,advantage,Graphics,6,66.67
The Legend of Heroes: Trails from Zero,advantage,Music & Sound,6,66.67
The Legend of Heroes: Trails in the Sky,advantage,Characters,3,100.0
The Legend of Heroes: Trails in the Sky - Second Chapter,advantage,Story,3,100.0
The Legend of Heroes: Trails in the Sky the 3rd,advantage,Characters,4,75.0
The Legend of Heroes: Trails into Reverie,advantage,Level Design,3,100.0
The Legend of Heroes: Trails into Reverie,advantage,Replayability,5,80.0
The Legend of Heroes: Trails into Reverie,advantage,Characters,28,78.57
The Legend of Heroes: Trails into Reverie,advantage,Gameplay,20,75.0
The Legend of Heroes: Trails into Reverie,advantage,Music & Sound,4,75.0
The Legend of Heroes: Trails into Reverie,advantage,Story,30,73.33
The Legend of Heroes: Trails into Reverie,advantage,Graphics,3,66.67
The Legend of Heroes: Trails into Reverie,advantage,Performance,3,66.67
The Legend of Heroes: Trails into Reverie,disadvantage,Performance,3,33.33
The Legend of Heroes: Trails into Reverie,disadvantage,Difficulty,5,20.0
The Legend of Heroes: Trails of Cold Steel II,advantage,Difficulty,4,100.0
The Legend of Heroes: Trails of Cold Steel II,advantage,Characters,12,83.33
The Legend of Heroes: Trails of Cold Steel II,advantage,Story,24,83.33
The Legend of Heroes: Trails of Cold Steel II,advantage,Gameplay,18,66.67
The Legend of Heroes: Trails of Cold Steel II,advantage,Graphics,5,60.0
The Legend of Heroes: Trails of Cold Steel II,disadvantage,Graphics,5,20.0
The Legend of Heroes: Trails of Cold Steel III,advantage,Music & Sound,5,100.0
The Legend of Heroes: Trails of Cold Steel III,advantage,Performance,4,100.0
The Legend of Heroes: Trails of Cold Steel III,advantage,Characters,23,91.3
The Legend of Heroes: Trails of Cold Steel III,advantage,Graphics,10,90.0
The Legend of Heroes: Trails of Cold Steel III,advantage,Gameplay,25,80.0
The Legend of Heroes: Trails of Cold Steel III,advantage,Story,38,78.95
The Legend of Heroes: Trails of Cold Steel III,advantage,Difficulty,14,78.57
The Legend of Heroes: Trails of Cold Steel IV,advantage,Characters,29,75.86
The Legend of Heroes: Trails of Cold Steel IV,advantage,Difficulty,4,75.0
The Legend of Heroes: Trails of Cold Steel IV,advantage,Replayability,4,75.0
The Legend of Heroes: Trails of Cold Steel IV,advantage,Story,35,74.29
The Legend of Heroes: Trails of Cold Steel IV,advantage,Gameplay,15,73.33
The Legend of Heroes: Trails of Cold Steel IV,advantage,Graphics,3,66.67
The Legend of Heroes: Trails of Cold Steel IV,disadvantage,Graphics,3,33.33
The Legend of Heroes: Trails to Azure,advantage,Music & Sound,4,100.0
The Legend of Heroes: Trails to Azure,advantage,Gameplay,21,95.24
The Legend of Heroes: Trails to Azure,advantage,Characters,18,94.44
The Legend of Heroes: Trails to Azure,advantage,Story,23,91.3
The Legend of Heroes: Trails to Azure,advantage,Graphics,6,83.33
The Legend of Heroes: Trails to Azure,advantage,Difficulty,4,75.0
The Legend of Heroes: Trails to Azure,advantage,Replayability,3,66.67
The Legend of Heroes: Trials of Cold Steel - Decisive Edition,advantage,Gameplay,4,100.0
The Legend of Heroes: Trials of Cold Steel - Decisive Edition,advantage,Characters,4,100.0
The Legend of Heroes: Trials of Cold Steel - Decisive Edition,advantage,Story,6,83.33
The Legend of Tian Ding,advantage,Story,5,100.0
The Legend of Tian Ding,advantage,Difficulty,4,100.0
The Legend of Tian Ding,advantage,Characters,3,100.0
The Legend of Tian Ding,advantage,Gameplay,16,87.5
The Legend of Tian Ding,advantage,Graphics,9,77.78
The Legend of Zelda: A Link Between Worlds,advantage,Gameplay,12,100.0
The Legend of Zelda: A Link Between Worlds,advantage,Graphics,6,100.0
The Legend of Zelda: A Link Between Worlds,advantage,Characters,3,100.0
The Legend of Zelda: A Link Between Worlds,advantage,Level Design,3,100.0
The Legend of Zelda: A Link Between Worlds,advantage,Music & Sound,3,100.0
The Legend of Zelda: A Link Between Worlds,advantage,Difficulty,8,100.0
The Legend of Zelda: Breath of the Wild,advantage,Gameplay,29,100.0
The Legend of Zelda: Breath of the Wild,advantage,Story,7,100.0
The Legend of Zelda: Breath of the Wild,advantage,Graphics,6,100.0
The Legend of Zelda: Breath of the Wild,advantage,Level Design,6,100.0
The Legend of Zelda: Breath of the Wild,advantage,Performance,11,100.0
The Legend of Zelda: Breath of the Wild,advantage,Replayability,6,100.0
The Legend of Zelda: Breath of the Wild,advantage,Difficulty,5,80.0
The Legend of Zelda: Breath of the Wild - The Champions' Ballad,advantage,Gameplay,3,100.0
The Legend of Zelda: Breath of the Wild - The Champions' Ballad,advantage,Story,6,83.33
The Legend of Zelda: Breath of the Wild Nintendo Switch 2 Edition,advantage,Graphics,7,100.0
The Legend of Zelda: Breath of the Wild Nintendo Switch 2 Edition,advantage,Performance,7,100.0
The Legend of Zelda: Breath of the Wild Nintendo Switch 2 Edition,advantage,Replayability,4,100.0
The Legend of Zelda: Echoes of Wisdom,advantage,Story,5,100.0
The Legend of Zelda: Echoes of Wisdom,advantage,Graphics,8,100.0
The Legend of Zelda: Echoes of Wisdom,advantage,Characters,15,100.0
The Legend of Zelda: Echoes of Wisdom,advantage,Difficulty,6,100.0
The Legend of Zelda: Echoes of Wisdom,advantage,Music & Sound,5,100.0
The Legend of Zelda: Echoes of Wisdom,advantage,Performance,17,94.12
The Legend of Zelda: Echoes of Wisdom,advantage,Gameplay,53,90.57
The Legend of Zelda: Link's Awakening,advantage,Story,3,100.0
The Legend of Zelda: Link's Awakening,advantage,Replayability,4,100.0
The Legend of Zelda: Link's Awakening,advantage,Characters,4,100.0
The Legend of Zelda: Link's Awakening,advantage,Level Design,5,100.0
The Legend of Zelda: Link's Awakening,advantage,Music & Sound,7,100.0
The Legend of Zelda: Link's Awakening,advantage,Difficulty,7,100.0
The Legend of Zelda: Link's Awakening,advantage,Graphics,19,94.74
The Legend of Zelda: Link's Awakening,advantage,Gameplay,16,93.75
The Legend of Zelda: Link's Awakening,advantage,Performance,12,91.67
The Legend of Zelda: Majora's Mask 3D,advantage,Gameplay,8,100.0
The Legend of Zelda: Majora's Mask 3D,advantage,Story,8,100.0
The Legend of Zelda: Majora's Mask 3D,advantage,Graphics,4,100.0
The Legend of Zelda: Majora's Mask 3D,advantage,Characters,4,100.0
The Legend of Zelda: Majora's Mask 3D,advantage,Difficulty,3,100.0
The Legend of Zelda: Skyward Sword HD,advantage,Characters,7,85.71
The Legend of Zelda: Skyward Sword HD,advantage,Replayability,7,85.71
The Legend of Zelda: Skyward Sword HD,advantage,Gameplay,37,83.78
The Legend of Zelda: Skyward Sword HD,advantage,Graphics,12,83.33
The Legend of Zelda: Skyward Sword HD,advantage,Story,24,75.0
The Legend of Zelda: Skyward Sword HD,advantage,Difficulty,7,71.43
The Legend of Zelda: Skyward Sword HD,advantage,Performance,6,66.67
The Legend of Zelda: Tears of the Kingdom,advantage,Story,15,100.0
The Legend of Zelda: Tears of the Kingdom,advantage,Graphics,5,100.0
The Legend of Zelda: Tears of the Kingdom,advantage,Difficulty,12,100.0
The Legend of Zelda: Tears of the Kingdom,advantage,Music & Sound,4,100.0
The Legend of Zelda: Tears of the Kingdom,advantage,Performance,8,100.0
The Legend of Zelda: Tears of the Kingdom,advantage,Gameplay,33,96.97
The Legend of Zelda: Tears of the Kingdom,advantage,Level Design,14,92.86
The Legend of Zelda: Tears of the Kingdom,advantage,Replayability,3,66.67
The Legend of Zelda: Tears of the Kingdom Nintendo Switch 2 Edition,advantage,Performance,4,100.0
The Legend of Zelda: Twilight Princess HD,advantage,Story,6,100.0
The Legend of Zelda: Twilight Princess HD,advantage,Characters,3,100.0
The Legend of Zelda: Twilight Princess HD,advantage,Gameplay,11,81.82
The Legend of Zelda: Twilight Princess HD,advantage,Graphics,13,76.92
The Life and Suffering of Sir Brante,advantage,Difficulty,5,80.0
The Life and Suffering of Sir Brante,advantage,Gameplay,4,75.0
The Life and Suffering of Sir Brante,advantage,Characters,4,75.0
The Lion's Song: The Full Season,advantage,Characters,8,87.5
The Lion's Song: The Full Season,advantage,Gameplay,5,80.0
The Lion's Song: The Full Season,advantage,Graphics,5,80.0
The Lion's Song: The Full Season,advantage,Music & Sound,5,80.0
The Lion's Song: The Full Season,advantage,Story,13,76.92
The Lullaby of Life,advantage,Gameplay,3,100.0
The Lullaby of Life,advantage,Difficulty,3,100.0
The Lullaby of Life,advantage,Music & Sound,5,80.0
The Making of Karateka,advantage,Replayability,3,100.0
The Messenger,advantage,Story,16,100.0
The Messenger,advantage,Graphics,3,100.0
The Messenger,advantage,Characters,3,100.0
The Messenger,advantage,Level Design,12,100.0
The Messenger,advantage,Replayability,3,100.0
The Messenger,advantage,Music & Sound,10,100.0
The Messenger,advantage,Difficulty,22,95.45
The Messenger,advantage,Gameplay,35,94.29
The Metronomicon,advantage,Music & Sound,3,66.67
The Midnight Walk,advantage,Graphics,7,100.0
The Midnight Walk,advantage,Story,15,80.0
The Midnight Walk,advantage,Music & Sound,9,77.78
The Midnight Walk,advantage,Gameplay,13,69.23
The Murder of Sonic the Hedgehog,advantage,Graphics,5,60.0
The Nameless: Slay Dragon,advantage,Characters,3,100.0
The Nameless: Slay Dragon,advantage,Gameplay,4,75.0
The Nameless: Slay Dragon,advantage,Story,7,71.43
The Nioh Collection,advantage,Replayability,7,85.71
The Nioh Collection,advantage,Gameplay,6,83.33
The Nioh Collection,advantage,Difficulty,8,75.0
The Nioh Collection,advantage,Performance,4,75.0
The Outer Worlds,advantage,Level Design,3,100.0
The Outer Worlds,advantage,Replayability,8,87.5
The Outer Worlds,advantage,Characters,27,81.48
The Outer Worlds,advantage,Gameplay,33,72.73
The Outer Worlds,advantage,Story,51,68.63
The Outer Worlds,disadvantage,Performance,10,20.0
The Outer Worlds 2,advantage,Graphics,4,100.0
The Outer Worlds 2,advantage,Characters,25,92.0
The Outer Worlds 2,advantage,Performance,16,87.5
The Outer Worlds 2,advantage,Level Design,6,83.33
The Outer Worlds 2,advantage,Story,53,79.25
The Outer Worlds 2,advantage,Gameplay,40,77.5
The Outer Worlds 2,advantage,Replayability,13,69.23
The Outer Worlds 2,advantage,Music & Sound,3,66.67
The Outer Worlds: Spacer's Choice Edition,advantage,Gameplay,3,100.0
The Outer Worlds: Spacer's Choice Edition,advantage,Story,3,100.0
The Outer Worlds: Spacer's Choice Edition,advantage,Characters,3,66.67
The Outer Worlds: Spacer's Choice Edition,advantage,Replayability,3,66.67
The Perfect Pencil,advantage,Gameplay,7,71.43
The Planet Crafter,advantage,Gameplay,4,75.0
The Plucky Squire,advantage,Music & Sound,4,100.0
The Plucky Squire,advantage,Characters,14,92.86
The Plucky Squire,advantage,Graphics,21,90.48
The Plucky Squire,advantage,Story,34,88.24
The Plucky Squire,advantage,Gameplay,59,76.27
The Plucky Squire,advantage,Performance,8,75.0
The Plucky Squire,advantage,Difficulty,19,73.68
The Plucky Squire,advantage,Level Design,5,60.0
The Plucky Squire,disadvantage,Level Design,5,20.0
The Red Strings Club,advantage,Characters,3,100.0
The Red Strings Club,advantage,Graphics,4,75.0
The Red Strings Club,advantage,Story,26,69.23
The Riftbreaker,advantage,Graphics,4,75.0
The Riftbreaker,advantage,Gameplay,6,66.67
The Rise of the Golden Idol,advantage,Gameplay,9,100.0
The Rise of the Golden Idol,advantage,Story,8,100.0
The Rise of the Golden Idol,advantage,Graphics,3,100.0
The Rise of the Golden Idol,advantage,Difficulty,3,100.0
The Rogue Prince of Persia,advantage,Graphics,9,100.0
The Rogue Prince of Persia,advantage,Difficulty,12,83.33
The Rogue Prince of Persia,advantage,Gameplay,40,82.5
The Rogue Prince of Persia,advantage,Level Design,4,75.0
The Rogue Prince of Persia,advantage,Characters,4,75.0
The Rogue Prince of Persia,advantage,Story,11,72.73
The Rogue Prince of Persia,advantage,Music & Sound,8,62.5
The Roottrees Are Dead,advantage,Story,4,100.0
The Sexy Brutale,advantage,Difficulty,11,81.82
The Sexy Brutale,advantage,Music & Sound,10,80.0
The Sexy Brutale,advantage,Characters,4,75.0
The Sexy Brutale,advantage,Gameplay,12,66.67
The Sexy Brutale,advantage,Story,21,66.67
The Sims 4: Eco Lifestyle,advantage,Level Design,3,66.67
The Stanley Parable: Ultra Deluxe,advantage,Story,11,90.91
The Stanley Parable: Ultra Deluxe,advantage,Replayability,16,87.5
The Stanley Parable: Ultra Deluxe,advantage,Gameplay,5,80.0
The Swapper,advantage,Difficulty,9,100.0
The Swapper,advantage,Story,14,92.86
The Swapper,advantage,Graphics,8,87.5
The Swapper,advantage,Gameplay,7,85.71
The Swapper,advantage,Replayability,4,75.0
The Séance of Blake Manor,advantage,Story,6,83.33
The Séance of Blake Manor,advantage,Gameplay,4,75.0
The Séance of Blake Manor,advantage,Characters,3,66.67
The Séance of Blake Manor,advantage,Performance,3,66.67
The Talos Principle,advantage,Music & Sound,3,100.0
The Talos Principle,advantage,Level Design,4,100.0
The Talos Principle,advantage,Replayability,4,100.0
The Talos Principle,advantage,Story,15,93.33
The Talos Principle,advantage,Difficulty,8,87.5
The Talos Principle,advantage,Gameplay,7,85.71
The Talos Principle 2,advantage,Characters,5,100.0
The Talos Principle 2,advantage,Graphics,4,100.0
The Talos Principle 2,advantage,Music & Sound,3,100.0
The Talos Principle 2,advantage,Level Design,5,100.0
The Talos Principle 2,advantage,Performance,3,100.0
The Talos Principle 2,advantage,Story,29,96.55
The Talos Principle 2,advantage,Gameplay,11,90.91
The Talos Principle 2,advantage,Difficulty,11,90.91
The Talos Principle: Reawakened,advantage,Gameplay,4,100.0
The Talos Principle: Reawakened,advantage,Story,6,100.0
The Talos Principle: Reawakened,advantage,Graphics,13,100.0
The Talos Principle: Reawakened,advantage,Level Design,4,100.0
The Talos Principle: Reawakened,advantage,Difficulty,5,100.0
The Talos Principle: Reawakened,advantage,Replayability,5,100.0
The Vale: Shadow of the Crown,advantage,Story,3,100.0
The Vale: Shadow of the Crown,advantage,Music & Sound,8,87.5
The Vale: Shadow of the Crown,advantage,Gameplay,5,80.0
The Walking Dead: Saints & Sinners,advantage,Gameplay,8,100.0
The Walking Dead: Saints & Sinners,advantage,Story,7,85.71
The Walking Dead: Saints & Sinners,advantage,Performance,3,66.67
The Walking Dead: Season Two Episode 2 - A House Divided,advantage,Difficulty,4,100.0
The Walking Dead: Season Two Episode 2 - A House Divided,advantage,Characters,7,71.43
The Walking Dead: Season Two Episode 2 - A House Divided,advantage,Story,19,68.42
The Walking Dead: Season Two Episode 2 - A House Divided,advantage,Gameplay,3,66.67
The Walking Dead: Season Two Episode 3 - In Harm's Way,advantage,Difficulty,3,100.0
The Walking Dead: Season Two Episode 3 - In Harm's Way,advantage,Characters,9,88.89
The Walking Dead: Season Two Episode 3 - In Harm's Way,advantage,Story,8,62.5
The Walking Dead: The Telltale Definitive Series,advantage,Graphics,6,100.0
The Walking Dead: The Telltale Definitive Series,advantage,Performance,3,100.0
The Walking Dead: The Telltale Definitive Series,advantage,Difficulty,4,100.0
The Walking Dead: The Telltale Definitive Series,advantage,Replayability,4,100.0
The Walking Dead: The Telltale Definitive Series,advantage,Story,6,83.33
The Witcher 3: Wild Hunt,advantage,Level Design,7,100.0
The Witcher 3: Wild Hunt,advantage,Replayability,20,100.0
The Witcher 3: Wild Hunt,advantage,Music & Sound,5,100.0
The Witcher 3: Wild Hunt,advantage,Story,37,97.3
The Witcher 3: Wild Hunt,advantage,Characters,22,95.45
The Witcher 3: Wild Hunt,advantage,Gameplay,39,94.87
The Witcher 3: Wild Hunt,advantage,Graphics,11,90.91
The Witcher 3: Wild Hunt,advantage,Performance,17,82.35
The Witcher 3: Wild Hunt,advantage,Difficulty,9,77.78
The Witcher 3: Wild Hunt - Blood and Wine,advantage,Gameplay,8,100.0
The Witcher 3: Wild Hunt - Blood and Wine,advantage,Story,14,100.0
The Witcher 3: Wild Hunt - Blood and Wine,advantage,Characters,8,100.0
The Witcher 3: Wild Hunt - Blood and Wine,advantage,Level Design,5,100.0
The Witcher 3: Wild Hunt - Blood and Wine,advantage,Replayability,11,100.0
The Witcher 3: Wild Hunt - Complete Edition (Switch),advantage,Gameplay,3,100.0
The Witcher 3: Wild Hunt - Complete Edition (Switch),advantage,Graphics,15,100.0
The Witcher 3: Wild Hunt - Complete Edition (Switch),advantage,Performance,13,100.0
The Witcher 3: Wild Hunt - Complete Edition (Switch),advantage,Replayability,3,66.67
The Witcher 3: Wild Hunt - Hearts of Stone,advantage,Level Design,3,100.0
The Witcher 3: Wild Hunt - Hearts of Stone,advantage,Characters,15,100.0
The Witcher 3: Wild Hunt - Hearts of Stone,advantage,Replayability,14,100.0
The Witcher 3: Wild Hunt - Hearts of Stone,advantage,Story,26,96.15
The Witcher 3: Wild Hunt - Hearts of Stone,advantage,Gameplay,10,80.0
The Witcher 3: Wild Hunt - Hearts of Stone,advantage,Difficulty,3,66.67
The Witness,advantage,Replayability,3,100.0
The Witness,advantage,Difficulty,17,82.35
The Witness,advantage,Gameplay,15,73.33
The Witness,disadvantage,Level Design,4,25.0
The Wizards,advantage,Gameplay,6,66.67
The Wolf Among Us: Episode 1 - Faith,advantage,Story,4,75.0
The Wolf Among Us: Episode 3 - A Crooked Mile,advantage,Characters,9,100.0
The Wolf Among Us: Episode 3 - A Crooked Mile,advantage,Gameplay,4,75.0
The Wolf Among Us: Episode 3 - A Crooked Mile,advantage,Story,11,72.73
The Wolf Among Us: Episode 5 - Cry Wolf,advantage,Story,7,100.0
The Wolf Among Us: Episode 5 - Cry Wolf,advantage,Characters,4,100.0
The Wolf Among Us: Episode 5 - Cry Wolf,advantage,Replayability,3,100.0
The Wolf Among Us: Season One,advantage,Gameplay,3,100.0
The Wolf Among Us: Season One,advantage,Story,3,66.67
Theatrhythm Final Bar Line,advantage,Level Design,6,100.0
Theatrhythm Final Bar Line,advantage,Replayability,24,100.0
Theatrhythm Final Bar Line,advantage,Gameplay,20,95.0
Theatrhythm Final Bar Line,advantage,Difficulty,12,91.67
Theatrhythm Final Bar Line,advantage,Music & Sound,32,90.62
Theatrhythm Final Bar Line,advantage,Characters,9,88.89
Theatrhythm Final Bar Line,advantage,Graphics,4,75.0
Theatrhythm Final Fantasy: Curtain Call,advantage,Gameplay,6,100.0
Theatrhythm Final Fantasy: Curtain Call,advantage,Replayability,7,100.0
Theatrhythm Final Fantasy: Curtain Call,advantage,Music & Sound,15,93.33
Theatrhythm Final Fantasy: Curtain Call,advantage,Characters,5,80.0
Them's Fightin' Herds,advantage,Difficulty,4,75.0
Them's Fightin' Herds,advantage,Story,13,69.23
Them's Fightin' Herds,advantage,Gameplay,6,66.67
There Is No Game: Wrong Dimension,advantage,Story,3,100.0
Thimbleweed Park,advantage,Difficulty,8,87.5
Thimbleweed Park,advantage,Characters,21,85.71
Thimbleweed Park,advantage,Story,25,84.0
Thimbleweed Park,advantage,Gameplay,10,60.0
This Bed We Made,advantage,Graphics,3,100.0
This Bed We Made,advantage,Story,9,77.78
This War Of Mine: Final Cut,advantage,Gameplay,3,100.0
This War of Mine,advantage,Difficulty,12,83.33
This War of Mine,advantage,Graphics,6,83.33
This War of Mine,advantage,Story,4,75.0
This War of Mine,advantage,Gameplay,12,75.0
This Way Madness Lies,advantage,Gameplay,6,100.0
This Way Madness Lies,advantage,Story,4,100.0
Threshold,advantage,Graphics,4,75.0
Thronebreaker: The Witcher Tales,advantage,Graphics,4,100.0
Thronebreaker: The Witcher Tales,advantage,Characters,16,87.5
Thronebreaker: The Witcher Tales,advantage,Difficulty,15,86.67
Thronebreaker: The Witcher Tales,advantage,Gameplay,22,86.36
Thronebreaker: The Witcher Tales,advantage,Story,33,78.79
Thronefall,advantage,Gameplay,4,100.0
Thronefall,advantage,Difficulty,3,100.0
Thumper,advantage,Gameplay,6,100.0
Thumper,advantage,Graphics,8,100.0
Thumper,advantage,Difficulty,17,100.0
Thumper,advantage,Music & Sound,18,94.44
Thumper,advantage,Level Design,6,83.33
Timberborn,advantage,Gameplay,6,66.67
Timberborn,advantage,Replayability,3,66.67
Time Flies,advantage,Graphics,3,100.0
Time Flies,advantage,Level Design,4,100.0
Time Flies,advantage,Gameplay,8,75.0
Tiny Bookshop,advantage,Difficulty,4,100.0
Tiny Bookshop,advantage,Graphics,3,66.67
Tiny Bookshop,advantage,Gameplay,13,61.54
Tiny Terry's Turbo Trip,advantage,Story,5,80.0
Tiny Terry's Turbo Trip,advantage,Characters,5,80.0
Tiny Terry's Turbo Trip,advantage,Level Design,3,66.67
Tinykin,advantage,Story,4,100.0
Tinykin,advantage,Level Design,7,85.71
Tinykin,advantage,Gameplay,27,77.78
Tinykin,advantage,Graphics,8,75.0
Tinykin,advantage,Difficulty,3,66.67
Tinykin,advantage,Performance,3,66.67
Titanfall,advantage,Level Design,6,100.0
Titanfall,advantage,Gameplay,17,94.12
Titanfall,advantage,Performance,12,83.33
Titanfall,advantage,Story,5,60.0
Titanfall 2,advantage,Characters,3,100.0
Titanfall 2,advantage,Gameplay,29,96.55
Titanfall 2,advantage,Performance,21,95.24
Titanfall 2,advantage,Story,13,84.62
Titanfall 2,advantage,Difficulty,5,80.0
Titanfall 2,advantage,Replayability,7,71.43
Titanfall 2,advantage,Level Design,8,62.5
Titanium Court,advantage,Gameplay,3,100.0
Titanium Court,advantage,Story,3,100.0
To The Moon,advantage,Gameplay,4,100.0
To The Moon,advantage,Story,9,100.0
To The Moon,advantage,Difficulty,3,100.0
Toki Tori,advantage,Gameplay,3,100.0
Toki Tori,advantage,Level Design,5,100.0
Toki Tori,advantage,Difficulty,4,100.0
Toki Tori 2+,advantage,Difficulty,6,100.0
Toki Tori 2+,advantage,Gameplay,6,83.33
Toki Tori 2+,advantage,Level Design,3,66.67
Tokyo Mirage Sessions #FE,advantage,Gameplay,13,92.31
Tokyo Mirage Sessions #FE,advantage,Music & Sound,5,80.0
Tokyo Mirage Sessions #FE,advantage,Characters,10,70.0
Tokyo Mirage Sessions #FE,advantage,Performance,6,66.67
Tokyo Mirage Sessions #FE Encore,advantage,Difficulty,3,100.0
Tokyo Mirage Sessions #FE Encore,advantage,Replayability,10,100.0
Tokyo Mirage Sessions #FE Encore,advantage,Story,15,86.67
Tokyo Mirage Sessions #FE Encore,advantage,Music & Sound,12,83.33
Tokyo Mirage Sessions #FE Encore,advantage,Gameplay,12,75.0
Tokyo Mirage Sessions #FE Encore,advantage,Characters,10,60.0
Tom Clancy's The Division 2,advantage,Graphics,7,100.0
Tom Clancy's The Division 2,advantage,Difficulty,7,100.0
Tom Clancy's The Division 2,advantage,Music & Sound,3,100.0
Tom Clancy's The Division 2,advantage,Replayability,41,90.24
Tom Clancy's The Division 2,advantage,Characters,9,88.89
Tom Clancy's The Division 2,advantage,Gameplay,33,84.85
Tom Clancy's The Division 2,advantage,Level Design,6,83.33
Tom Clancy's The Division 2,advantage,Performance,9,77.78
Tom Clancy's The Division 2,advantage,Story,30,76.67
Tom Clancy's The Division 2: Battle for Brooklyn,advantage,Story,3,66.67
Tomb Raider,advantage,Gameplay,5,100.0
Tomb Raider,advantage,Difficulty,3,100.0
Tomb Raider,advantage,Replayability,4,100.0
Tomb Raider,advantage,Graphics,12,83.33
Tombwater,advantage,Gameplay,6,100.0
Tombwater,advantage,Level Design,3,100.0
Tony Hawk's Pro Skater 1 + 2,advantage,Graphics,21,100.0
Tony Hawk's Pro Skater 1 + 2,advantage,Characters,4,100.0
Tony Hawk's Pro Skater 1 + 2,advantage,Level Design,18,100.0
Tony Hawk's Pro Skater 1 + 2,advantage,Music & Sound,28,100.0
Tony Hawk's Pro Skater 1 + 2,advantage,Difficulty,13,100.0
Tony Hawk's Pro Skater 1 + 2,advantage,Gameplay,45,95.56
Tony Hawk's Pro Skater 1 + 2,advantage,Performance,9,88.89
Tony Hawk's Pro Skater 1 + 2,advantage,Replayability,12,83.33
Tony Hawk's Pro Skater 3 + 4,advantage,Graphics,23,91.3
Tony Hawk's Pro Skater 3 + 4,advantage,Replayability,26,88.46
Tony Hawk's Pro Skater 3 + 4,advantage,Music & Sound,34,88.24
Tony Hawk's Pro Skater 3 + 4,advantage,Gameplay,52,84.62
Tony Hawk's Pro Skater 3 + 4,advantage,Level Design,26,84.62
Tony Hawk's Pro Skater 3 + 4,advantage,Characters,4,75.0
Tony Hawk's Pro Skater 3 + 4,advantage,Difficulty,9,66.67
Tony Hawk's Pro Skater 3 + 4,advantage,Performance,9,66.67
Tony Hawk's Pro Skater 3 + 4,disadvantage,Characters,4,25.0
Toodee and Topdee,advantage,Characters,3,100.0
Toodee and Topdee,advantage,Difficulty,4,75.0
Toodee and Topdee,advantage,Story,3,66.67
Torchlight II,advantage,Story,4,100.0
Torchlight II,advantage,Replayability,5,100.0
Torment: Tides of Numenera,advantage,Level Design,3,100.0
Torment: Tides of Numenera,advantage,Replayability,9,88.89
Torment: Tides of Numenera,advantage,Characters,14,85.71
Torment: Tides of Numenera,advantage,Story,46,80.43
Torment: Tides of Numenera,advantage,Gameplay,23,78.26
Torn Away,advantage,Characters,4,100.0
Torn Away,advantage,Story,11,81.82
Torn Away,advantage,Gameplay,8,75.0
Torn Away,advantage,Difficulty,3,66.67
Torn Away,disadvantage,Difficulty,3,33.33
Total War: THREE KINGDOMS,advantage,Gameplay,9,100.0
Total War: THREE KINGDOMS,advantage,Story,3,100.0
Total War: THREE KINGDOMS,advantage,Characters,10,100.0
Total War: THREE KINGDOMS,advantage,Difficulty,6,83.33
Total War: THREE KINGDOMS,advantage,Graphics,3,66.67
Total War: WARHAMMER II - Curse of the Vampire Coast,advantage,Gameplay,3,100.0
Total War: Warhammer,advantage,Gameplay,10,100.0
Total War: Warhammer,advantage,Difficulty,3,66.67
Total War: Warhammer 3 Thrones of Decay,advantage,Replayability,3,100.0
Total War: Warhammer II,advantage,Level Design,6,100.0
Total War: Warhammer II,advantage,Difficulty,5,100.0
Total War: Warhammer II,advantage,Gameplay,7,85.71
Total War: Warhammer II,advantage,Story,6,83.33
Total War: Warhammer II,advantage,Replayability,6,83.33
Total War: Warhammer III,advantage,Difficulty,4,100.0
Total War: Warhammer III,advantage,Replayability,4,100.0
Total War: Warhammer III,advantage,Gameplay,24,91.67
Total War: Warhammer III,advantage,Story,10,80.0
Total War: Warhammer III,advantage,Performance,7,71.43
Total War: Warhammer III,advantage,Graphics,3,66.67
Total War: Warhammer III,advantage,Level Design,5,60.0
Total War: Warhammer III - Forge of the Chaos Dwarfs,advantage,Gameplay,4,100.0
TowerFall Ascension,advantage,Gameplay,5,80.0
TowerFall Ascension,advantage,Difficulty,7,71.43
TowerFall Ascension,advantage,Replayability,3,66.67
Trails in the Sky 1st Chapter,advantage,Characters,16,100.0
Trails in the Sky 1st Chapter,advantage,Graphics,17,100.0
Trails in the Sky 1st Chapter,advantage,Music & Sound,6,100.0
Trails in the Sky 1st Chapter,advantage,Difficulty,5,100.0
Trails in the Sky 1st Chapter,advantage,Gameplay,30,96.67
Trails in the Sky 1st Chapter,advantage,Story,28,96.43
Transistor,advantage,Graphics,8,100.0
Transistor,advantage,Replayability,4,100.0
Transistor,advantage,Level Design,4,100.0
Transistor,advantage,Music & Sound,17,94.12
Transistor,advantage,Gameplay,42,85.71
Transistor,advantage,Story,37,81.08
Transistor,advantage,Difficulty,5,80.0
Trials of Fire,advantage,Gameplay,4,100.0
Trials of Fire,advantage,Replayability,3,100.0
Triangle Strategy,advantage,Replayability,14,92.86
Triangle Strategy,advantage,Level Design,7,85.71
Triangle Strategy,advantage,Story,86,82.56
Triangle Strategy,advantage,Gameplay,56,82.14
Triangle Strategy,advantage,Music & Sound,5,80.0
Triangle Strategy,advantage,Difficulty,15,80.0
Triangle Strategy,advantage,Graphics,14,78.57
Triangle Strategy,advantage,Characters,28,78.57
Triangle Strategy,advantage,Performance,3,66.67
Trine 2: Complete Story,advantage,Gameplay,4,100.0
Trine 2: Complete Story,advantage,Story,8,100.0
Trine 2: Complete Story,advantage,Graphics,5,100.0
Trine 2: Complete Story,advantage,Replayability,3,100.0
Trine: Enchanted Edition,advantage,Level Design,4,100.0
Trine: Enchanted Edition,advantage,Music & Sound,4,100.0
Trine: Enchanted Edition,advantage,Graphics,4,75.0
Tsukihime -A piece of blue glass moon-,advantage,Story,12,100.0
Tsukihime -A piece of blue glass moon-,advantage,Graphics,13,100.0
Tsukihime -A piece of blue glass moon-,advantage,Characters,6,100.0
Tumblestone,advantage,Replayability,5,60.0
Tunic,advantage,Gameplay,38,92.11
Tunic,advantage,Difficulty,34,88.24
Tunic,advantage,Level Design,8,87.5
Tunic,advantage,Music & Sound,7,85.71
Tunic,advantage,Story,10,70.0
Tunic,advantage,Performance,3,66.67
Tunic,advantage,Graphics,11,63.64
Turbo Kid,advantage,Gameplay,3,66.67
Turbo Overkill,disadvantage,Story,3,33.33
Turbo Overkill,disadvantage,Graphics,4,25.0
Two Point Campus,advantage,Graphics,3,100.0
Two Point Campus,advantage,Characters,3,100.0
Two Point Campus,advantage,Level Design,8,87.5
Two Point Campus,advantage,Difficulty,14,85.71
Two Point Campus,advantage,Performance,6,83.33
Two Point Campus,advantage,Replayability,4,75.0
Two Point Campus,advantage,Gameplay,16,62.5
Two Point Campus: Space Academy,advantage,Level Design,3,100.0
Two Point Hospital,advantage,Level Design,4,100.0
Two Point Hospital,advantage,Graphics,5,80.0
Two Point Hospital,advantage,Performance,5,80.0
Two Point Hospital,advantage,Gameplay,29,79.31
Two Point Hospital,advantage,Difficulty,14,78.57
Two Point Hospital,advantage,Replayability,5,60.0
Two Point Museum,advantage,Replayability,3,100.0
Two Point Museum,advantage,Difficulty,22,86.36
Two Point Museum,advantage,Level Design,7,85.71
Two Point Museum,advantage,Gameplay,45,82.22
Two Point Museum,advantage,Graphics,5,80.0
Two Point Museum,advantage,Performance,5,80.0
Tyranny,advantage,Characters,5,100.0
Tyranny,advantage,Replayability,7,71.43
Tyranny,advantage,Story,20,60.0
UFO 50,advantage,Level Design,3,100.0
UNDER NIGHT IN-BIRTH Exe:Late[cl-r],advantage,Story,4,75.0
UNDER NIGHT IN-BIRTH Exe:Late[cl-r],advantage,Graphics,4,75.0
UNDER NIGHT IN-BIRTH Exe:Late[cl-r],advantage,Characters,10,70.0
UNDER NIGHT IN-BIRTH Exe:Late[cl-r],advantage,Difficulty,3,66.67
UNDER NIGHT IN-BIRTH Exe:Late[cl-r],advantage,Replayability,5,60.0
UNDER NIGHT IN-BIRTH II SYS:CELES,advantage,Replayability,4,100.0
UNDER NIGHT IN-BIRTH II SYS:CELES,advantage,Gameplay,12,91.67
UNDER NIGHT IN-BIRTH II SYS:CELES,advantage,Story,4,75.0
UNDER NIGHT IN-BIRTH II SYS:CELES,advantage,Graphics,4,75.0
UNDER NIGHT IN-BIRTH II SYS:CELES,advantage,Characters,7,71.43
UNDER NIGHT IN-BIRTH II SYS:CELES,advantage,Level Design,3,66.67
UNDER NIGHT IN-BIRTH II SYS:CELES,advantage,Difficulty,5,60.0
Ugly,advantage,Gameplay,5,100.0
Ugly,advantage,Story,6,83.33
Ugly,advantage,Level Design,6,83.33
Umurangi Generation,advantage,Gameplay,3,66.67
Umurangi Generation,advantage,Story,6,66.67
Umurangi Generation,disadvantage,Gameplay,3,33.33
UnMetal,advantage,Story,8,87.5
UnMetal,advantage,Difficulty,3,66.67
UnMetal,advantage,Gameplay,10,60.0
Unavowed,advantage,Characters,4,100.0
Unavowed,advantage,Story,8,87.5
Unavowed,advantage,Gameplay,3,66.67
Uncharted 4: A Thief's End,advantage,Level Design,6,100.0
Uncharted 4: A Thief's End,advantage,Performance,4,100.0
Uncharted 4: A Thief's End,advantage,Story,35,94.29
Uncharted 4: A Thief's End,advantage,Characters,17,94.12
Uncharted 4: A Thief's End,advantage,Graphics,16,87.5
Uncharted 4: A Thief's End,advantage,Gameplay,32,84.38
Uncharted 4: A Thief's End,advantage,Difficulty,6,83.33
Uncharted: Legacy of Thieves Collection,advantage,Level Design,3,100.0
Uncharted: Legacy of Thieves Collection,advantage,Replayability,9,100.0
Uncharted: Legacy of Thieves Collection,advantage,Music & Sound,9,88.89
Uncharted: Legacy of Thieves Collection,advantage,Story,9,88.89
Uncharted: Legacy of Thieves Collection,advantage,Performance,27,77.78
Uncharted: Legacy of Thieves Collection,advantage,Graphics,27,77.78
Uncharted: Legacy of Thieves Collection,advantage,Gameplay,12,75.0
Uncharted: Legacy of Thieves Collection,advantage,Characters,4,75.0
Uncharted: Legacy of Thieves Collection,advantage,Difficulty,8,62.5
Uncharted: The Lost Legacy,advantage,Difficulty,4,100.0
Uncharted: The Lost Legacy,advantage,Characters,32,96.88
Uncharted: The Lost Legacy,advantage,Gameplay,26,92.31
Uncharted: The Lost Legacy,advantage,Graphics,13,92.31
Uncharted: The Lost Legacy,advantage,Story,33,87.88
Uncharted: The Lost Legacy,advantage,Level Design,6,83.33
Uncharted: The Lost Legacy,advantage,Replayability,6,66.67
Uncharted: The Nathan Drake Collection,advantage,Gameplay,3,100.0
Uncharted: The Nathan Drake Collection,advantage,Graphics,7,85.71
Uncharted: The Nathan Drake Collection,advantage,Performance,7,85.71
Uncharted: The Nathan Drake Collection,advantage,Story,5,80.0
Uncharted: The Nathan Drake Collection,advantage,Characters,5,80.0
Under Defeat,advantage,Music & Sound,3,100.0
Under Defeat,advantage,Difficulty,3,100.0
Under the Island,advantage,Difficulty,8,75.0
Under the Island,advantage,Graphics,3,66.67
Under the Island,advantage,Gameplay,18,61.11
Under the Island,disadvantage,Graphics,3,33.33
Undernauts: Labyrinth of Yomi,advantage,Difficulty,3,100.0
Undernauts: Labyrinth of Yomi,advantage,Story,4,75.0
Undertale,advantage,Characters,11,100.0
Undertale,advantage,Difficulty,8,100.0
Undertale,advantage,Gameplay,19,89.47
Undertale,advantage,Story,19,89.47
Undertale,advantage,Music & Sound,8,87.5
Undusted: Letters from the Past,advantage,Gameplay,6,100.0
Undusted: Letters from the Past,advantage,Story,6,83.33
Unicorn Overlord,advantage,Characters,13,100.0
Unicorn Overlord,advantage,Replayability,4,100.0
Unicorn Overlord,advantage,Difficulty,6,100.0
Unicorn Overlord,advantage,Music & Sound,5,100.0
Unicorn Overlord,advantage,Story,28,92.86
Unicorn Overlord,advantage,Gameplay,41,90.24
Unicorn Overlord,advantage,Graphics,18,88.89
Unicorn Overlord,advantage,Level Design,6,83.33
Unpacking,advantage,Music & Sound,8,100.0
Unpacking,advantage,Characters,7,100.0
Unpacking,advantage,Difficulty,3,100.0
Unpacking,advantage,Gameplay,13,92.31
Unpacking,advantage,Story,22,90.91
Unpacking,advantage,Graphics,3,66.67
Unravel Two,advantage,Music & Sound,4,100.0
Unravel Two,advantage,Story,9,88.89
Unravel Two,advantage,Characters,9,88.89
Unravel Two,advantage,Difficulty,7,85.71
Unravel Two,advantage,Graphics,10,80.0
Unravel Two,advantage,Gameplay,28,75.0
Unravel Two,advantage,Level Design,11,72.73
Unravel Two,advantage,Replayability,3,66.67
Unsighted,advantage,Story,9,100.0
Unsighted,advantage,Gameplay,13,84.62
Unsighted,advantage,Characters,4,75.0
Unsighted,advantage,Difficulty,4,75.0
Unsouled,advantage,Difficulty,3,66.67
Until Then,advantage,Characters,5,100.0
Until Then,advantage,Graphics,12,91.67
Until Then,advantage,Story,24,79.17
Until Then,advantage,Gameplay,5,60.0
Until You Fall,advantage,Gameplay,7,100.0
Until You Fall,advantage,Music & Sound,4,100.0
Untitled Goose Game,advantage,Difficulty,4,100.0
Untitled Goose Game,advantage,Music & Sound,6,83.33
Untitled Goose Game,advantage,Replayability,4,75.0
Untitled Goose Game,advantage,Gameplay,7,71.43
Untitled Goose Game,advantage,Graphics,3,66.67
V Rising,advantage,Replayability,6,100.0
V Rising,advantage,Gameplay,40,77.5
V Rising,advantage,Level Design,3,66.67
V Rising,advantage,Difficulty,5,60.0
VA-11 Hall-A: Cyberpunk Bartender Action,advantage,Graphics,23,100.0
VA-11 Hall-A: Cyberpunk Bartender Action,advantage,Music & Sound,7,100.0
VA-11 Hall-A: Cyberpunk Bartender Action,advantage,Characters,23,91.3
VA-11 Hall-A: Cyberpunk Bartender Action,advantage,Story,21,71.43
VA-11 Hall-A: Cyberpunk Bartender Action,advantage,Gameplay,12,66.67
Valfaris,advantage,Gameplay,14,92.86
Valfaris,advantage,Music & Sound,9,88.89
Valfaris,advantage,Difficulty,16,81.25
Valfaris,advantage,Level Design,5,80.0
Valfaris: Mecha Therion,advantage,Gameplay,3,100.0
Valfaris: Mecha Therion,advantage,Music & Sound,4,100.0
Valfaris: Mecha Therion,advantage,Difficulty,4,75.0
Valheim,advantage,Difficulty,5,100.0
Valheim,advantage,Replayability,3,66.67
Valkyria Chronicles,advantage,Graphics,4,100.0
Valkyria Chronicles,advantage,Gameplay,10,90.0
Valkyria Chronicles,advantage,Story,8,87.5
Valkyria Chronicles,advantage,Difficulty,3,66.67
Valkyria Chronicles 4,advantage,Difficulty,7,100.0
Valkyria Chronicles 4,advantage,Replayability,4,100.0
Valkyria Chronicles 4,advantage,Characters,24,87.5
Valkyria Chronicles 4,advantage,Graphics,7,85.71
Valkyria Chronicles 4,advantage,Story,30,83.33
Valkyria Chronicles 4,advantage,Gameplay,33,78.79
Valkyria Chronicles Remastered,advantage,Difficulty,6,83.33
Valkyria Chronicles Remastered,advantage,Story,9,77.78
Valkyria Chronicles Remastered,advantage,Gameplay,12,75.0
Valkyria Chronicles Remastered,advantage,Characters,4,75.0
Valkyria Chronicles Remastered,advantage,Graphics,10,70.0
Valkyrie Profile: Lenneth,advantage,Difficulty,3,66.67
Valorant,advantage,Performance,14,85.71
Valorant,advantage,Gameplay,11,81.82
Vampire Crawlers: The Turbo Wildcard from Vampire Survivors,advantage,Graphics,3,100.0
Vampire Crawlers: The Turbo Wildcard from Vampire Survivors,advantage,Gameplay,18,83.33
Vampire Crawlers: The Turbo Wildcard from Vampire Survivors,advantage,Replayability,8,75.0
Vampire Crawlers: The Turbo Wildcard from Vampire Survivors,advantage,Difficulty,11,72.73
Vampire Crawlers: The Turbo Wildcard from Vampire Survivors,advantage,Music & Sound,3,66.67
Vampire Crawlers: The Turbo Wildcard from Vampire Survivors,advantage,Characters,3,66.67
Vampire Survivors,advantage,Gameplay,9,100.0
Vampire Survivors,advantage,Graphics,3,100.0
Vampire Survivors,advantage,Characters,5,100.0
Vampire Survivors,advantage,Difficulty,3,100.0
Vampire Survivors,advantage,Replayability,8,100.0
Vampire Survivors: Ode to Castlevania,advantage,Characters,6,100.0
Vampire Survivors: Ode to Castlevania,advantage,Replayability,5,100.0
Variable Barricade,advantage,Story,4,100.0
Variable Barricade,advantage,Characters,6,66.67
Velocity 2X,advantage,Graphics,5,100.0
Velocity 2X,advantage,Replayability,4,100.0
Velocity 2X,advantage,Difficulty,5,100.0
Velocity 2X,advantage,Music & Sound,6,100.0
Velocity 2X,advantage,Story,6,83.33
Velocity 2X,advantage,Gameplay,20,80.0
Velocity 2X,advantage,Level Design,8,75.0
Velocity 2X,advantage,Characters,3,66.67
Venba,advantage,Graphics,3,100.0
Venba,advantage,Music & Sound,8,87.5
Venba,advantage,Story,34,76.47
Venba,advantage,Characters,4,75.0
Venba,advantage,Difficulty,4,75.0
Venba,advantage,Gameplay,10,70.0
Vernal Edge,advantage,Story,3,100.0
Vernal Edge,advantage,Gameplay,5,80.0
Victoria 3,advantage,Gameplay,5,80.0
Victoria 3,advantage,Replayability,4,75.0
Videoverse,advantage,Story,7,85.71
Videoverse,advantage,Characters,3,66.67
Viewfinder,advantage,Characters,3,100.0
Viewfinder,advantage,Music & Sound,3,100.0
Viewfinder,advantage,Level Design,16,87.5
Viewfinder,advantage,Story,22,86.36
Viewfinder,advantage,Replayability,7,85.71
Viewfinder,advantage,Graphics,12,83.33
Viewfinder,advantage,Difficulty,9,77.78
Viewfinder,advantage,Gameplay,25,72.0
Viewfinder,advantage,Performance,6,66.67
Virtua Fighter 5 R.E.V.O. World Stage,advantage,Performance,3,100.0
Virtua Fighter 5 R.E.V.O. World Stage,advantage,Replayability,8,87.5
Voez,advantage,Replayability,5,100.0
Voez,advantage,Music & Sound,8,62.5
Void Bastards,advantage,Gameplay,16,75.0
Void Bastards,advantage,Difficulty,4,75.0
Void Bastards,advantage,Graphics,13,69.23
Void Bastards,advantage,Story,3,66.67
Void Bastards,advantage,Performance,10,60.0
Void Bastards,disadvantage,Replayability,3,33.33
WWE 2K23,advantage,Level Design,3,100.0
WWE 2K23,advantage,Graphics,10,90.0
WWE 2K23,advantage,Gameplay,20,90.0
WWE 2K23,advantage,Replayability,12,83.33
WWE 2K23,advantage,Difficulty,10,80.0
WWE 2K23,advantage,Performance,4,75.0
WWE 2K23,advantage,Characters,3,66.67
WWE 2K24,advantage,Story,8,100.0
WWE 2K24,advantage,Difficulty,3,100.0
WWE 2K24,advantage,Gameplay,26,96.15
WWE 2K24,advantage,Replayability,18,88.89
WWE 2K24,advantage,Graphics,17,88.24
WWE 2K24,advantage,Performance,7,85.71
WWE 2K24,advantage,Level Design,4,75.0
WWE 2K25,advantage,Graphics,15,80.0
WWE 2K25,advantage,Replayability,14,71.43
Walkabout Mini Golf,advantage,Gameplay,4,100.0
Walkabout Mini Golf,advantage,Difficulty,3,100.0
Wanderer,advantage,Graphics,3,66.67
Wandersong,advantage,Graphics,7,100.0
Wandersong,advantage,Story,15,86.67
Wandersong,advantage,Gameplay,10,80.0
Wandersong,advantage,Music & Sound,10,70.0
Wandersong,advantage,Difficulty,3,66.67
Wanderstop,advantage,Performance,3,100.0
Wanderstop,advantage,Difficulty,4,100.0
Wanderstop,advantage,Music & Sound,4,100.0
Wanderstop,advantage,Gameplay,23,73.91
Wanderstop,advantage,Story,29,72.41
Wanderstop,advantage,Characters,14,71.43
Wanderstop,advantage,Graphics,5,60.0
Wargroove,advantage,Replayability,23,91.3
Wargroove,advantage,Story,7,85.71
Wargroove,advantage,Difficulty,12,75.0
Wargroove,advantage,Gameplay,15,73.33
Wargroove,advantage,Level Design,7,71.43
Wargroove,advantage,Graphics,3,66.67
Wargroove,advantage,Characters,6,66.67
Wargroove 2,advantage,Difficulty,3,100.0
Wargroove 2,advantage,Gameplay,9,88.89
Wargroove 2,advantage,Story,7,85.71
Wargroove 2,advantage,Replayability,6,83.33
Wargroove 2,advantage,Level Design,3,66.67
Wargroove 2,advantage,Graphics,3,66.67
"Warhammer 40,000: Space Marine 2",advantage,Graphics,17,88.24
"Warhammer 40,000: Space Marine 2",advantage,Level Design,8,87.5
"Warhammer 40,000: Space Marine 2",advantage,Difficulty,17,82.35
"Warhammer 40,000: Space Marine 2",advantage,Performance,17,82.35
"Warhammer 40,000: Space Marine 2",advantage,Replayability,17,82.35
"Warhammer 40,000: Space Marine 2",advantage,Gameplay,64,81.25
"Warhammer 40,000: Space Marine 2",advantage,Characters,8,75.0
"Warhammer 40,000: Space Marine 2",advantage,Story,20,70.0
Warhammer: Vermintide 2,advantage,Difficulty,11,90.91
Warhammer: Vermintide 2,advantage,Characters,7,85.71
Warhammer: Vermintide 2,advantage,Level Design,9,77.78
Warhammer: Vermintide 2,advantage,Gameplay,16,75.0
Warhammer: Vermintide 2,advantage,Replayability,3,66.67
Warstride Challenges,advantage,Difficulty,4,75.0
Warstride Challenges,advantage,Performance,4,75.0
Wasteland 2,advantage,Difficulty,4,100.0
Wasteland 2,advantage,Gameplay,10,80.0
Wasteland 2,advantage,Characters,3,66.67
Wasteland 2,advantage,Level Design,3,66.67
Wasteland 2,advantage,Story,5,60.0
Wasteland 3,advantage,Graphics,5,100.0
Wasteland 3,advantage,Replayability,6,100.0
Wasteland 3,advantage,Difficulty,11,90.91
Wasteland 3,advantage,Story,32,90.62
Wasteland 3,advantage,Characters,21,90.48
Wasteland 3,advantage,Gameplay,43,88.37
Wasteland 3,advantage,Performance,23,86.96
Watch Dogs 2,advantage,Graphics,9,88.89
Watch Dogs 2,advantage,Characters,28,85.71
Watch Dogs 2,advantage,Replayability,11,81.82
Watch Dogs 2,advantage,Level Design,4,75.0
Watch Dogs 2,advantage,Performance,7,71.43
Watch Dogs 2,advantage,Story,26,69.23
Watch Dogs 2,advantage,Music & Sound,3,66.67
Watch Dogs 2,advantage,Gameplay,25,60.0
Wax Heads,advantage,Music & Sound,14,78.57
Wax Heads,advantage,Story,18,61.11
Wax Heads,advantage,Graphics,5,60.0
Wayward Strand,advantage,Story,22,81.82
Wayward Strand,advantage,Difficulty,4,75.0
Wayward Strand,advantage,Gameplay,7,71.43
Wayward Strand,advantage,Characters,12,66.67
We Love Katamari REROLL+ Royal Reverie,advantage,Gameplay,13,100.0
We Love Katamari REROLL+ Royal Reverie,advantage,Story,6,100.0
We Love Katamari REROLL+ Royal Reverie,advantage,Graphics,5,100.0
We Love Katamari REROLL+ Royal Reverie,advantage,Level Design,7,100.0
We Love Katamari REROLL+ Royal Reverie,advantage,Difficulty,5,100.0
We Love Katamari REROLL+ Royal Reverie,advantage,Replayability,13,100.0
We Love Katamari REROLL+ Royal Reverie,advantage,Music & Sound,6,83.33
Welcome to Elk,advantage,Story,5,60.0
West of Loathing,advantage,Difficulty,3,100.0
West of Loathing,advantage,Characters,3,100.0
West of Loathing,advantage,Replayability,3,100.0
West of Loathing,advantage,Story,14,85.71
West of Loathing,advantage,Graphics,6,83.33
West of Loathing,advantage,Gameplay,14,78.57
Westerado: Double Barreled,advantage,Gameplay,3,66.67
What Remains of Edith Finch,advantage,Graphics,5,100.0
What Remains of Edith Finch,advantage,Music & Sound,4,100.0
What Remains of Edith Finch,advantage,Level Design,5,100.0
What Remains of Edith Finch,advantage,Difficulty,6,100.0
What Remains of Edith Finch,advantage,Story,54,94.44
What Remains of Edith Finch,advantage,Gameplay,25,88.0
What Remains of Edith Finch,advantage,Characters,7,71.43
What the Golf?,advantage,Difficulty,4,100.0
What the Golf?,advantage,Level Design,9,88.89
What the Golf?,advantage,Gameplay,7,85.71
WildStar,advantage,Gameplay,7,100.0
WildStar,advantage,Replayability,11,90.91
WildStar,advantage,Level Design,4,75.0
WildStar,advantage,Characters,3,66.67
WildStar,advantage,Difficulty,5,60.0
Wildermyth,advantage,Characters,6,83.33
Wildermyth,advantage,Story,9,77.78
Wildermyth,advantage,Difficulty,4,75.0
Wildermyth,advantage,Gameplay,12,66.67
Wipeout: Omega Collection,advantage,Gameplay,7,100.0
Wipeout: Omega Collection,advantage,Graphics,8,100.0
Wipeout: Omega Collection,advantage,Music & Sound,9,100.0
Wipeout: Omega Collection,advantage,Difficulty,5,100.0
Wipeout: Omega Collection,advantage,Performance,3,100.0
Wipeout: Omega Collection,advantage,Replayability,5,80.0
Witch on the Holy Night,advantage,Story,6,100.0
Witch on the Holy Night,advantage,Graphics,4,100.0
Witch on the Holy Night,advantage,Characters,4,75.0
WitchSpring R,advantage,Difficulty,3,100.0
WitchSpring R,advantage,Gameplay,12,83.33
WitchSpring R,advantage,Story,11,81.82
WitchSpring R,advantage,Characters,4,75.0
Wizard of Legend 2,advantage,Graphics,3,100.0
Wizard of Legend 2,advantage,Gameplay,4,75.0
Wizard of Legend 2,advantage,Performance,3,66.67
Wo Long: Fallen Dynasty,advantage,Graphics,3,100.0
Wo Long: Fallen Dynasty,advantage,Level Design,19,78.95
Wo Long: Fallen Dynasty,advantage,Story,18,77.78
Wo Long: Fallen Dynasty,advantage,Gameplay,81,71.6
Wo Long: Fallen Dynasty,advantage,Difficulty,47,61.7
Wolfenstein 2: The New Colossus,advantage,Graphics,9,100.0
Wolfenstein 2: The New Colossus,advantage,Level Design,16,100.0
Wolfenstein 2: The New Colossus,advantage,Characters,31,96.77
Wolfenstein 2: The New Colossus,advantage,Story,69,94.2
Wolfenstein 2: The New Colossus,advantage,Gameplay,47,91.49
Wolfenstein 2: The New Colossus,advantage,Performance,32,90.62
Wolfenstein 2: The New Colossus,advantage,Music & Sound,7,85.71
Wolfenstein 2: The New Colossus,advantage,Difficulty,18,83.33
Wolfenstein: The New Order,advantage,Graphics,4,100.0
Wolfenstein: The New Order,advantage,Performance,16,100.0
Wolfenstein: The New Order,advantage,Music & Sound,3,100.0
Wolfenstein: The New Order,advantage,Characters,15,93.33
Wolfenstein: The New Order,advantage,Gameplay,23,86.96
Wolfenstein: The New Order,advantage,Story,31,83.87
Wolfenstein: The New Order,advantage,Replayability,6,83.33
Wolfenstein: The New Order,advantage,Level Design,5,80.0
Wolfenstein: The New Order,advantage,Difficulty,9,66.67
World End Syndrome,advantage,Graphics,16,81.25
World End Syndrome,advantage,Story,9,77.78
World End Syndrome,advantage,Characters,4,75.0
World of Goo,advantage,Gameplay,4,100.0
World of Goo 2,advantage,Level Design,3,100.0
World of Goo 2,advantage,Gameplay,8,75.0
World of Goo 2,advantage,Story,4,75.0
World of Goo 2,disadvantage,Story,4,25.0
World of Warcraft: Dragonflight,advantage,Gameplay,5,100.0
World of Warcraft: Dragonflight,advantage,Replayability,3,100.0
World of Warcraft: Legion,advantage,Gameplay,5,100.0
World of Warcraft: Legion,advantage,Story,9,100.0
World of Warcraft: Legion,advantage,Characters,4,100.0
World of Warcraft: Legion,advantage,Replayability,12,100.0
World of Warcraft: Legion,advantage,Level Design,5,80.0
World of Warcraft: Midnight,advantage,Gameplay,5,100.0
World of Warcraft: Midnight,advantage,Performance,4,100.0
World of Warcraft: Midnight,advantage,Story,9,88.89
World of Warcraft: The War Within,advantage,Gameplay,6,100.0
World of Warcraft: The War Within,advantage,Replayability,3,100.0
World of Warcraft: The War Within,advantage,Difficulty,3,100.0
World of Warcraft: The War Within,advantage,Story,10,90.0
World of Warcraft: The War Within,advantage,Music & Sound,3,66.67
World of Warcraft: Warlords of Draenor,advantage,Story,3,100.0
World of Warcraft: Warlords of Draenor,advantage,Replayability,6,83.33
Worldless,advantage,Graphics,8,62.5
Wunderling,advantage,Characters,4,100.0
Wunderling,advantage,Difficulty,3,100.0
Wunderling,advantage,Level Design,7,100.0
Wunderling,advantage,Story,5,80.0
Wunderling,advantage,Gameplay,4,75.0
Wylde Flowers,advantage,Story,3,66.67
XCOM 2,advantage,Level Design,6,100.0
XCOM 2,advantage,Difficulty,20,90.0
XCOM 2,advantage,Gameplay,25,80.0
XCOM 2,advantage,Story,12,75.0
XCOM 2,advantage,Performance,26,73.08
XCOM 2: War of the Chosen,advantage,Gameplay,7,100.0
XCOM 2: War of the Chosen,advantage,Level Design,3,100.0
XCOM 2: War of the Chosen,advantage,Replayability,9,100.0
XCOM 2: War of the Chosen,advantage,Performance,4,75.0
XCOM: Enemy Within,advantage,Gameplay,4,100.0
XCOM: Enemy Within,advantage,Difficulty,5,100.0
XCOM: Enemy Within,advantage,Replayability,5,80.0
Xanadu Next,advantage,Graphics,3,100.0
Xanadu Next,advantage,Difficulty,3,100.0
Xanadu Next,advantage,Gameplay,6,83.33
Xenoblade Chronicles 2,advantage,Music & Sound,11,81.82
Xenoblade Chronicles 2,advantage,Gameplay,23,78.26
Xenoblade Chronicles 2,advantage,Performance,8,75.0
Xenoblade Chronicles 2,advantage,Story,28,75.0
Xenoblade Chronicles 2,advantage,Replayability,7,71.43
Xenoblade Chronicles 2,advantage,Characters,14,71.43
Xenoblade Chronicles 2,advantage,Difficulty,8,62.5
Xenoblade Chronicles 2,advantage,Graphics,5,60.0
Xenoblade Chronicles 2: Torna - The Golden Country,advantage,Characters,4,100.0
Xenoblade Chronicles 2: Torna - The Golden Country,advantage,Level Design,3,100.0
Xenoblade Chronicles 2: Torna - The Golden Country,advantage,Gameplay,16,87.5
Xenoblade Chronicles 2: Torna - The Golden Country,advantage,Replayability,7,85.71
Xenoblade Chronicles 2: Torna - The Golden Country,advantage,Story,13,69.23
Xenoblade Chronicles 3,advantage,Graphics,3,100.0
Xenoblade Chronicles 3,advantage,Performance,7,100.0
Xenoblade Chronicles 3,advantage,Characters,33,100.0
Xenoblade Chronicles 3,advantage,Music & Sound,9,100.0
Xenoblade Chronicles 3,advantage,Story,56,92.86
Xenoblade Chronicles 3,advantage,Gameplay,53,90.57
Xenoblade Chronicles 3,advantage,Replayability,8,87.5
Xenoblade Chronicles 3,advantage,Difficulty,7,85.71
Xenoblade Chronicles 3,advantage,Level Design,6,83.33
Xenoblade Chronicles 3: Future Redeemed,advantage,Story,8,100.0
Xenoblade Chronicles 3: Future Redeemed,advantage,Gameplay,7,85.71
Xenoblade Chronicles 3D,advantage,Gameplay,10,100.0
Xenoblade Chronicles 3D,advantage,Story,5,100.0
Xenoblade Chronicles 3D,advantage,Graphics,8,87.5
Xenoblade Chronicles X,advantage,Level Design,3,100.0
Xenoblade Chronicles X,advantage,Performance,3,100.0
Xenoblade Chronicles X,advantage,Gameplay,19,84.21
Xenoblade Chronicles X,advantage,Replayability,11,81.82
Xenoblade Chronicles X,advantage,Difficulty,10,80.0
Xenoblade Chronicles X,advantage,Music & Sound,4,75.0
Xenoblade Chronicles X,advantage,Story,9,66.67
Xenoblade Chronicles X: Definitive Edition,advantage,Gameplay,37,100.0
Xenoblade Chronicles X: Definitive Edition,advantage,Level Design,4,100.0
Xenoblade Chronicles X: Definitive Edition,advantage,Characters,4,100.0
Xenoblade Chronicles X: Definitive Edition,advantage,Music & Sound,5,100.0
Xenoblade Chronicles X: Definitive Edition,advantage,Story,27,96.3
Xenoblade Chronicles X: Definitive Edition,advantage,Replayability,19,94.74
Xenoblade Chronicles X: Definitive Edition,advantage,Graphics,12,91.67
Xenoblade Chronicles X: Definitive Edition,advantage,Performance,9,88.89
Xenoblade Chronicles X: Definitive Edition,advantage,Difficulty,5,80.0
Xenoblade Chronicles: Definitive Edition,advantage,Story,31,100.0
Xenoblade Chronicles: Definitive Edition,advantage,Graphics,17,100.0
Xenoblade Chronicles: Definitive Edition,advantage,Characters,11,100.0
Xenoblade Chronicles: Definitive Edition,advantage,Music & Sound,8,100.0
Xenoblade Chronicles: Definitive Edition,advantage,Performance,8,100.0
Xenoblade Chronicles: Definitive Edition,advantage,Difficulty,5,100.0
Xenoblade Chronicles: Definitive Edition,advantage,Replayability,13,100.0
Xenoblade Chronicles: Definitive Edition,advantage,Gameplay,22,90.91
Yakuza 0,advantage,Level Design,7,100.0
Yakuza 0,advantage,Performance,4,100.0
Yakuza 0,advantage,Characters,24,100.0
Yakuza 0,advantage,Difficulty,13,100.0
Yakuza 0,advantage,Music & Sound,3,100.0
Yakuza 0,advantage,Gameplay,44,97.73
Yakuza 0,advantage,Story,55,92.73
Yakuza 0,advantage,Replayability,18,88.89
Yakuza 0,advantage,Graphics,6,66.67
Yakuza 0 Director's Cut,advantage,Gameplay,6,100.0
Yakuza 0 Director's Cut,advantage,Graphics,6,100.0
Yakuza 0 Director's Cut,advantage,Story,18,94.44
Yakuza 0 Director's Cut,advantage,Replayability,11,90.91
Yakuza 0 Director's Cut,advantage,Performance,7,85.71
Yakuza 0 Director's Cut,advantage,Difficulty,3,66.67
Yakuza 5 Remastered,advantage,Story,6,100.0
Yakuza 5 Remastered,advantage,Gameplay,5,80.0
Yakuza 6: The Song of Life,advantage,Difficulty,3,100.0
Yakuza 6: The Song of Life,advantage,Performance,3,100.0
Yakuza 6: The Song of Life,advantage,Characters,28,92.86
Yakuza 6: The Song of Life,advantage,Story,61,85.25
Yakuza 6: The Song of Life,advantage,Gameplay,27,81.48
Yakuza 6: The Song of Life,advantage,Replayability,16,81.25
Yakuza 6: The Song of Life,advantage,Graphics,8,75.0
Yakuza Kiwami,advantage,Graphics,13,84.62
Yakuza Kiwami,advantage,Characters,13,84.62
Yakuza Kiwami,advantage,Story,40,82.5
Yakuza Kiwami,advantage,Gameplay,29,79.31
Yakuza Kiwami,advantage,Difficulty,9,77.78
Yakuza Kiwami,advantage,Performance,10,70.0
Yakuza Kiwami,advantage,Replayability,12,66.67
Yakuza Kiwami 2,advantage,Story,39,94.87
Yakuza Kiwami 2,advantage,Gameplay,29,93.1
Yakuza Kiwami 2,advantage,Graphics,13,92.31
Yakuza Kiwami 2,advantage,Replayability,12,91.67
Yakuza Kiwami 2,advantage,Characters,13,84.62
Yakuza Kiwami 2,advantage,Difficulty,6,83.33
Yakuza Kiwami 2,advantage,Performance,8,75.0
Yakuza Remastered Collection,advantage,Gameplay,4,100.0
Yakuza Remastered Collection,advantage,Story,8,100.0
Yakuza Remastered Collection,advantage,Characters,4,100.0
Yakuza Remastered Collection,advantage,Replayability,3,100.0
Yakuza Remastered Collection,advantage,Graphics,7,85.71
Yakuza: Like a Dragon,advantage,Story,44,86.36
Yakuza: Like a Dragon,advantage,Gameplay,56,85.71
Yakuza: Like a Dragon,advantage,Difficulty,13,84.62
Yakuza: Like a Dragon,advantage,Characters,44,81.82
Yakuza: Like a Dragon,advantage,Replayability,6,66.67
Year Walk,advantage,Story,3,66.67
Yoku's Island Express,advantage,Difficulty,3,100.0
Yoku's Island Express,advantage,Characters,9,100.0
Yoku's Island Express,advantage,Story,7,85.71
Yoku's Island Express,advantage,Gameplay,30,80.0
Yoku's Island Express,advantage,Level Design,5,80.0
Yoku's Island Express,advantage,Graphics,6,66.67
Yooka-Laylee and the Impossible Lair,advantage,Story,3,100.0
Yooka-Laylee and the Impossible Lair,advantage,Graphics,4,100.0
Yooka-Laylee and the Impossible Lair,advantage,Level Design,17,94.12
Yooka-Laylee and the Impossible Lair,advantage,Gameplay,24,83.33
Yoshi and the Mysterious Book,advantage,Characters,3,100.0
Yoshi and the Mysterious Book,advantage,Difficulty,21,85.71
Yoshi and the Mysterious Book,advantage,Gameplay,51,78.43
Yoshi and the Mysterious Book,advantage,Level Design,21,66.67
Yoshi and the Mysterious Book,advantage,Replayability,6,66.67
Yoshi's Crafted World,advantage,Gameplay,31,83.87
Yoshi's Crafted World,advantage,Graphics,23,82.61
Yoshi's Crafted World,advantage,Level Design,28,78.57
Yoshi's Crafted World,advantage,Characters,4,75.0
Yoshi's Crafted World,advantage,Difficulty,23,73.91
Yoshi's Crafted World,advantage,Replayability,7,71.43
Yoshi's Crafted World,advantage,Music & Sound,6,66.67
Ys Memoire: The Oath in Felghana,advantage,Gameplay,25,80.0
Ys Memoire: The Oath in Felghana,advantage,Music & Sound,9,77.78
Ys Memoire: The Oath in Felghana,advantage,Characters,8,75.0
Ys Memoire: The Oath in Felghana,advantage,Story,14,71.43
Ys Memoire: The Oath in Felghana,advantage,Graphics,10,70.0
Ys Memoire: The Oath in Felghana,advantage,Level Design,3,66.67
Ys Memoire: The Oath in Felghana,advantage,Replayability,3,66.67
Ys Origin,advantage,Story,19,89.47
Ys Origin,advantage,Music & Sound,13,84.62
Ys Origin,advantage,Graphics,5,80.0
Ys Origin,advantage,Level Design,5,80.0
Ys Origin,advantage,Gameplay,26,69.23
Ys Origin,advantage,Characters,14,64.29
Ys Origin,advantage,Difficulty,14,64.29
Ys VIII: Lacrimosa of DANA,advantage,Replayability,5,100.0
Ys VIII: Lacrimosa of DANA,advantage,Difficulty,5,100.0
Ys VIII: Lacrimosa of DANA,advantage,Characters,18,94.44
Ys VIII: Lacrimosa of DANA,advantage,Gameplay,48,93.75
Ys VIII: Lacrimosa of DANA,advantage,Level Design,10,90.0
Ys VIII: Lacrimosa of DANA,advantage,Story,34,88.24
Ys VIII: Lacrimosa of DANA,advantage,Music & Sound,13,84.62
Ys VIII: Lacrimosa of DANA,advantage,Performance,14,78.57
Ys VIII: Lacrimosa of DANA,advantage,Graphics,8,62.5
Ys X: Proud Nordics,advantage,Difficulty,4,100.0
Ys X: Proud Nordics,advantage,Music & Sound,5,100.0
Ys X: Proud Nordics,advantage,Gameplay,22,90.91
Ys X: Proud Nordics,advantage,Characters,7,85.71
Ys X: Proud Nordics,advantage,Story,17,82.35
Ys X: Proud Nordics,advantage,Replayability,21,76.19
Ys X: Proud Nordics,advantage,Graphics,7,71.43
Ys X: Proud Nordics,advantage,Performance,7,71.43
Yumeutsutsu Re:Master,advantage,Graphics,3,100.0
Yumeutsutsu Re:Master,advantage,Story,3,66.67
Yumeutsutsu Re:Master,advantage,Characters,3,66.67
Yuppie Psycho,advantage,Story,6,100.0
ZERO PARADES: For Dead Spies,advantage,Characters,12,100.0
ZERO PARADES: For Dead Spies,advantage,Performance,3,100.0
ZERO PARADES: For Dead Spies,advantage,Story,30,83.33
ZERO PARADES: For Dead Spies,advantage,Gameplay,11,81.82
ZERO PARADES: For Dead Spies,advantage,Difficulty,4,75.0
Zen Pinball 2: Portal Pinball,advantage,Gameplay,3,66.67
Zenzizenzic,advantage,Gameplay,5,80.0
Zero Escape: The Nonary Games,advantage,Graphics,11,90.91
Zero Escape: The Nonary Games,advantage,Difficulty,4,75.0
Zero Escape: The Nonary Games,advantage,Story,10,70.0
Zero Escape: The Nonary Games,advantage,Replayability,3,66.67
Zero Escape: The Nonary Games,advantage,Characters,5,60.0
Zero Time Dilemma,advantage,Gameplay,4,100.0
Zero Time Dilemma,advantage,Difficulty,4,75.0
Zero Time Dilemma,advantage,Characters,11,72.73
Zero Time Dilemma,advantage,Story,35,65.71
Zero Time Dilemma,disadvantage,Difficulty,4,25.0
Zoe Begone!,advantage,Difficulty,3,100.0
Zoe Begone!,advantage,Gameplay,4,75.0
art of rally,advantage,Music & Sound,3,100.0
art of rally,advantage,Gameplay,4,75.0
art of rally,advantage,Difficulty,6,66.67
art of rally,advantage,Graphics,11,63.64
eFootball PES 2020,advantage,Graphics,6,66.67
inFamous: Second Son,advantage,Story,20,90.0
inFamous: Second Son,advantage,Gameplay,23,78.26
inFamous: Second Son,advantage,Difficulty,4,75.0
inFamous: Second Son,advantage,Characters,14,71.43
inFamous: Second Son,advantage,Music & Sound,3,66.67
inFamous: Second Son,advantage,Graphics,14,64.29
s.p.l.i.t,advantage,Replayability,3,100.0
s.p.l.i.t,advantage,Gameplay,3,66.67
Öoo,advantage,Gameplay,3,100.0
